Epoch	Duration				Loss Step Train			Loss Full Train			Loss Step Test			Loss Full Test
0		19.021832598999936		28.28958511352539		29.000338195495605		3.7046406356811525		7.409281271362305
1		18.900747750999926		35.552982330322266		30.076489144935607		2.3856370878219604		4.771274175643921
2		18.944272928999908		24.329004287719727		21.499622501678466		3.230616669464111		6.461233338928222
3		18.86953715499976		23.84810447692871		21.748227659111024		1.1554412200927735		2.310882440185547
4		19.01300961099969		23.389402389526367		20.76159558105469		1.4525931337356568		2.9051862674713136
5		18.98296725299997		19.50003433227539		17.291240663318636		1.308917033958435		2.61783406791687
6		18.967870320999737		19.736846923828125		17.188014196357727		1.4553815290451049		2.9107630580902097
7		18.761600053000166		18.207490921020508		15.87044646320343		1.3012829893112183		2.6025659786224367
8		18.909157556000082		30.388277053833008		25.86004171787262		1.0185909870147705		2.037181974029541
9		18.941912157000388		21.802579879760742		18.88937603767395		1.0198354175567628		2.0396708351135255
10		19.097902507999606		18.37944793701172		16.19620723175049		1.573719141960144		3.147438283920288
11		19.050294195000333		19.64923858642578		20.61066518684387		2.1369611619949342		4.2739223239898685
12		19.048010627000167		17.10209083557129		22.092826943473817		1.1229296701431275		2.245859340286255
13		19.01523833500005		5.068338394165039		6.4463895523834225		0.9032687131881714		1.8065374263763427
14		19.08884264900007		2.9343817234039307		3.4037080779266358		0.9827918899536133		1.9655837799072267
15		18.83477112599985		2.3916115760803223		2.75129802280426		0.8309675038337707		1.6619350076675414
16		18.947486721000132		2.192927360534668		2.541091926345825		1.1284885489463805		2.256977097892761
17		18.884359472000142		2.4795048236846924		2.732797814025879		0.7481589793205261		1.4963179586410522
18		18.85833264599978		2.5628745555877686		2.7747133611297605		0.6353045262813568		1.2706090525627136
19		18.906577507999828		2.1141788959503174		2.387509762878418		0.5966948792934418		1.1933897585868836
20		18.89870363099999		2.0110697746276855		2.300819429187775		0.6139616174221039		1.2279232348442077
21		18.899367233999783		2.6361031532287598		2.809031242790222		0.6420545148849487		1.2841090297698974
22		18.864108958000088		1.9972699880599976		2.2714780365371703		0.7123481490135193		1.4246962980270386
23		18.909743521999644		2.6311700344085693		2.79034369222641		0.9568163398742676		1.9136326797485352
24		18.95664558100043		2.015718698501587		2.248632719573975		0.4579815820455551		0.9159631640911102
25		18.96866544500017		1.9858622550964355		2.2482251173019407		0.7263515665531158		1.4527031331062317
26		18.871886114000063		2.2609140872955322		2.4640840639877317		0.5917098423957825		1.183419684791565
27		18.885362179999902		1.9938215017318726		2.208612111644745		0.5310396187305451		1.0620792374610901
28		18.947615853000116		1.759270429611206		2.0401233984947202		0.41585837016105653		0.8317167403221131
29		18.956648236000092		2.023904323577881		2.2670833430480957		0.4240099217653275		0.848019843530655
30		19.15317191999975		2.2937700748443604		2.4814290419578553		0.7123464113712311		1.4246928227424622
31		19.17665286900001		2.1145966053009033		2.2974535517311097		0.36818658611774446		0.7363731722354889
32		19.083231707000323		1.7378076314926147		2.017529982395172		0.4192356206178665		0.838471241235733
33		19.081335131999822		2.086420774459839		2.2488839490127566		1.0169833501338958		2.0339667002677917
34		19.07785775299999		1.744645595550537		1.998657043056488		0.3993258938074112		0.7986517876148224
35		19.203671918000055		1.9394733905792236		2.165582936296463		0.46458996155261995		0.9291799231052399
36		19.187024319000102		1.9715471267700195		2.168842723388672		0.34854575309753416		0.6970915061950683
37		19.179860132000158		1.7487112283706665		2.000967186527252		0.5301410655975342		1.0602821311950683
38		19.26071455500005		2.1690032482147217		2.3301858952617645		0.34179355125427247		0.6835871025085449
39		19.218454889999975		1.8642382621765137		2.0895422301864626		0.33303224382400515		0.6660644876480103
40		19.126278721999824		2.0666189193725586		2.246975064783096		0.31937333002090457		0.6387466600418091
41		19.154203355999925		1.6964021921157837		1.9368775766372681		0.33512863408327104		0.6702572681665421
42		19.017752499999915		1.706749677658081		1.9637700714969635		0.6777088375329972		1.3554176750659943
43		19.0827206390004		1.8158859014511108		2.0329871691036225		1.0969208038330078		2.1938416076660157
44		19.062537238000004		1.8651223182678223		2.098960198764801		0.3624731818199158		0.7249463636398316
45		18.93078307900032		1.9052106142044067		2.137119137420654		0.3266346242427826		0.6532692484855652
46		19.122683612999936		2.187068462371826		2.3117653291511537		0.3960175736665726		0.7920351473331452
47		19.178116486000363		1.6523507833480835		1.9015415606021882		0.27974968053102495		0.5594993610620499
48		19.206314794000264		1.7990385293960571		2.0561610461902617		0.7461004483222962		1.4922008966445923
49		19.05500518200006		1.9254660606384277		2.129562553958893		0.27379926233291624		0.5475985246658325
50		19.09724500600032		2.1370370388031006		2.3178395542907713		0.28021926418542864		0.5604385283708573
51		19.014995853000073		1.9030297994613647		2.1151145993900298		1.0897936452388763		2.1795872904777527
52		18.99521424800014		2.235595464706421		2.3780074882507325		0.277925021314621		0.555850042629242
53		19.01980794000019		1.533813238143921		1.799324427871704		0.266685612988472		0.533371225976944
54		19.107818939000026		2.5506200790405273		2.777226468915939		0.6456978028297424		1.2913956056594849
55		18.929701731000023		1.7807034254074097		2.006011680517197		0.414161212515831		0.828322425031662
56		19.198875226999917		2.1239826679229736		2.294842326812744		0.2577880697250366		0.5155761394500732
57		19.158871871999963		2.0112314224243164		2.200210808572769		0.3128983848810196		0.6257967697620392
58		18.96108330099969		1.7793316841125488		1.9730577893161774		0.3202199519395828		0.6404399038791656
59		19.14013570399993		1.9835559129714966		2.1697690075302125		0.2829210718870163		0.5658421437740326
60		19.021762888000012		1.7952533960342407		1.9955724778842927		0.403097193479538		0.806194386959076
61		19.344528202999754		1.8297518491744995		2.0386478808689117		0.7592909244060516		1.5185818488121032
62		19.201968660999682		1.7241575717926025		1.9630564008522033		0.30903108050823214		0.6180621610164643
63		19.236638388999836		1.9800288677215576		2.1753157261371614		0.2601441672563553		0.5202883345127106
64		18.944716105000225		2.0476670265197754		2.193914824705124		0.2638465742111206		0.5276931484222412
65		18.957674550999855		1.7040791511535645		1.9298653835010529		0.38644248135089876		0.7728849627017975
66		19.01295698800004		2.271146774291992		2.393263001832962		1.2620624232530593		2.5241248465061186
67		19.052368042000126		1.6478395462036133		1.894108569421768		0.4019030195951462		0.8038060391902924
68		19.016106236999804		1.8157035112380981		2.0339274040699005		0.22663427703380584		0.4532685540676117
69		19.214693147999697		2.8076908588409424		2.8386892106056214		0.8241071851730347		1.6482143703460694
70		19.185082607999902		1.60002601146698		1.846629787015915		0.7483103352785111		1.4966206705570222
71		19.14112481600023		1.9812031984329224		2.1570521871471406		0.3283288589000702		0.6566577178001404
72		19.004621121999662		1.8482964038848877		2.0411652182769777		0.2935787323474884		0.5871574646949768
73		18.9840617320001		2.117325782775879		2.2406180108165743		0.23908802523612976		0.47817605047225953
74		19.0329522359998		1.654966950416565		1.8716249979305268		0.22679837589263915		0.4535967517852783
75		18.983738727999935		1.8175132274627686		2.031359702062607		0.21506372228860854		0.4301274445772171
76		18.954470381000192		2.0210697650909424		2.1739385133361817		0.2376850986599922		0.4753701973199844
77		19.094139410000025		1.9977437257766724		2.1921197880649568		0.44360885937213895		0.8872177187442779
78		19.203209068999968		1.826699137687683		2.0146946895885467		0.25461142547130583		0.5092228509426117
79		19.063427289000174		1.6621038913726807		1.8932829426002502		1.4522569658279418		2.9045139316558837
80		18.967120359999626		2.0106093883514404		2.1771725959587096		0.3032686683177948		0.6065373366355896
81		18.988321152000026		1.943703055381775		2.136704610834122		0.21348094574213028		0.42696189148426056
82		19.07683933199951		1.7353547811508179		1.9470167236995697		0.4068742057800293		0.8137484115600586
83		19.124192670999946		1.6763324737548828		1.9036629075622558		1.3365814071178437		2.6731628142356874
84		19.247338465999746		2.0056543350219727		2.1785867574977873		0.24195858036279677		0.48391716072559354
85		19.2594766000002		2.1174368858337402		2.24875424826622		0.7003921659231186		1.4007843318462372
86		19.35615476699968		1.962172508239746		2.1396054322624205		0.2310697794675827		0.4621395589351654
87		19.087976652999714		1.9198185205459595		2.1006435666370393		0.22868524425029754		0.4573704885005951
88		19.281525382000837		2.148092031478882		2.273313601474762		1.043347287917137		2.086694575834274
89		19.304499994000253		1.6511354446411133		1.8892554065990448		0.27270037821531296		0.5454007564306259
90		19.490306921999945		1.8015190362930298		2.022564106826782		0.7625006071329117		1.5250012142658234
91		19.205497244999606		1.601098895072937		1.843878411216736		0.2047212807536125		0.409442561507225
92		19.25500614700013		1.64597749710083		1.8633516794681548		0.3890953890800476		0.7781907781600952
93		19.04312257299989		2.0611870288848877		2.213468747034073		0.19987402561903		0.39974805123806
94		19.270267272000638		1.554951786994934		1.802377115354538		0.2536052775144577		0.5072105550289154
95		18.985270770999705		2.385674238204956		2.436839864411354		0.20684199792146682		0.41368399584293364
96		19.37692350799989		1.5775221586227417		1.819211947956085		0.26578848768472674		0.5315769753694535
97		19.34527095500016		1.5940152406692505		1.8239849814367295		0.4932827361345291		0.9865654722690582
98		19.32507133299987		2.0660507678985596		2.2324245582675935		0.6831933145046234		1.3663866290092468
99		19.249156783000217		1.6839383840560913		1.9015476890468597		0.3470127105355263		0.6940254210710526
100		19.237341079000544		1.7759770154953003		1.9733255254840851		0.4634048187017441		0.9268096374034882
101		19.194106177999856		1.4840773344039917		1.743748802986145		0.39521310610771176		0.7904262122154235
102		19.096693787999357		1.6666843891143799		1.887692128763199		0.4047457418680191		0.8094914837360382
103		19.128373883999302		1.8390231132507324		2.032907011575699		0.27078483692407607		0.5415696738481521
104		19.16959011400013		1.7469006776809692		1.9598912214708328		0.19635767545700072		0.39271535091400145
105		19.129934540999784		1.8939017057418823		2.0865779220724106		0.5958240333318711		1.1916480666637421
106		19.283249508000154		1.8591852188110352		2.056346776752472		0.2518391892075539		0.5036783784151078
107		19.181066320000355		2.7433643341064453		2.7238857837295534		0.2217271688580513		0.4434543377161026
108		19.11167523200038		1.6483887434005737		1.8719320914173125		0.21121063027381898		0.42242126054763796
109		19.368370508000226		1.5249613523483276		1.7727343355751037		0.24366720017194748		0.48733440034389497
110		19.367549347000022		1.636383295059204		1.8710971761465072		0.1865257014632225		0.373051402926445
111		19.35208800699911		1.792641043663025		1.976429058971405		0.3899707126379013		0.7799414252758026
112		19.311634676000722		1.7537323236465454		1.963512781648636		0.456265820145607		0.912531640291214
113		19.14594617200055		2.0090017318725586		2.1770852552366255		0.3347704395413399		0.6695408790826798
114		19.311671767000007		1.6223647594451904		1.8625501133155822		0.5400560920715332		1.0801121841430663
115		19.236285732000397		1.805221676826477		2.0041683984375		0.2008461412191391		0.4016922824382782
116		19.214290487000653		1.6843082904815674		1.909742101020813		0.5704390635967255		1.140878127193451
117		19.154764312000225		1.604009985923767		1.8349675783300399		0.20722060642242432		0.41444121284484864
118		19.019762302000345		1.8518491983413696		2.042310000839233		0.18129635177850723		0.36259270355701445
119		19.129530039999736		1.7650649547576904		1.988853184518814		1.2367249411821366		2.473449882364273
120		19.001190121000036		1.626365303993225		1.8641624649143218		0.46218169977664947		0.9243633995532989
121		19.07228537300034		2.1097939014434814		2.2125763390254973		0.7292758209943772		1.4585516419887543
122		19.315642728000057		1.4669535160064697		1.7346639040994645		0.4373239714860916		0.8746479429721832
123		19.098877837000146		2.2895774841308594		2.4120811392879484		0.22746011732816696		0.4549202346563339
124		19.02790278700013		1.7060762643814087		1.914986083316803		0.9560286998748779		1.9120573997497559
125		19.089877728999454		1.6068626642227173		1.8323432583665848		0.176829051053524		0.353658102107048
126		19.239831844000037		1.4270741939544678		1.6941901186990738		0.2260986425280571		0.4521972850561142
127		19.221714525999232		1.9090137481689453		2.0994313364696504		0.18538112796545028		0.37076225593090056
128		19.299738022000383		1.9476956129074097		2.1486869560241697		0.3392685933113098		0.6785371866226196
129		19.208808241000042		1.711666226387024		1.947308586063385		0.8715939515113831		1.7431879030227662
130		19.242313505999846		1.5317249298095703		1.7761969709157943		1.651287927389145		3.30257585477829
131		19.44009435099997		1.8702733516693115		2.0516187638187406		0.2460130014538765		0.492026002907753
132		19.41953017599917		2.1141841411590576		2.248972561802864		0.21985453737974167		0.43970907475948334
133		19.20651372300017		1.6738941669464111		1.8889127664136887		0.1927892969250679		0.3855785938501358
134		19.309357524000006		1.7731127738952637		1.9813770534133912		0.9894398475408555		1.978879695081711
135		19.282131056000253		1.859977126121521		2.0728659526777267		0.17998952216506003		0.35997904433012007
136		19.305812382999648		1.72146475315094		1.9604217669200896		0.274255300116539		0.548510600233078
137		19.39625869699921		1.8437732458114624		2.027373870244026		0.2402998039960861		0.4805996079921722
138		19.202153276999525		1.65187668800354		1.8624252611637115		0.4295646488189697		0.8591292976379394
139		19.160990909999782		1.8237321376800537		2.0274203456163407		0.20330767204761505		0.4066153440952301
140		19.02356029099974		1.6501022577285767		1.879986726398468		0.5613666152477265		1.122733230495453
141		18.94266905600034		1.88905930519104		2.081951472582817		0.416732903110981		0.833465806221962
142		18.966301077000026		1.4238303899765015		1.6944369507837296		0.1849077360868454		0.3698154721736908
143		19.154469396999957		2.265279531478882		2.3743839671993254		0.2641601204514504		0.5283202409029008
144		19.182935429999816		1.8531817197799683		2.034555253973007		0.21630932259559632		0.43261864519119264
145		19.06790105499931		1.933267593383789		2.0955395605134965		0.4727680608868599		0.9455361217737198
146		19.035988754000755		1.9182770252227783		2.0949756829071045		0.30739839131832125		0.6147967826366425
147		18.984856303000015		1.687368392944336		1.9010589301061631		0.25053092492818835		0.5010618498563767
148		19.056180019999374		2.1112546920776367		2.1918319243717193		0.2117428884267807		0.4234857768535614
149		19.158514374000333		1.591376781463623		1.8285842690801621		0.18112016766667366		0.3622403353333473
150		19.196370063999893		1.6654390096664429		1.8626225471591948		0.1919445103943348		0.3838890207886696
151		19.13935178400061		1.715063452720642		1.918778243021965		0.7479446446299552		1.4958892892599105
152		19.092672578999554		1.8300246000289917		2.0270932130527495		0.2155221629858017		0.4310443259716034
153		19.08822319599949		1.6580296754837036		1.8811994944953918		0.21411309489011765		0.4282261897802353
154		19.25531762799983		2.214672803878784		2.3264559572172163		0.6593981788635254		1.3187963577270507
155		19.165028938000432		1.9037116765975952		2.068337863020897		0.344316873395443		0.688633746790886
156		19.044935423000425		1.5494979619979858		1.7932701362991332		0.1706377513408661		0.3412755026817322
157		19.112786325999878		1.8145251274108887		1.9950920523881912		0.16865581958293915		0.3373116391658783
158		19.28680338199956		2.1721444129943848		2.285450040073395		1.483701459479332		2.967402918958664
159		19.304777033999926		1.7238034009933472		1.9383298829984665		0.22907242778539658		0.45814485557079315
160		19.33941524599959		1.5484576225280762		1.8076908196353911		0.2547592844605446		0.5095185689210892
161		19.365112758999203		1.9057196378707886		2.095287664446831		0.29650907094478607		0.5930181418895721
162		19.248421603999304		1.8292874097824097		2.0135442179632186		0.288497426712513		0.576994853425026
163		19.235554773999866		1.5318185091018677		1.7834413950443269		0.38072259694337846		0.7614451938867569
164		19.389408653999453		1.9503393173217773		2.079008641529083		0.1706226327419281		0.3412452654838562
165		19.3655557459997		1.5738321542739868		1.7980345320653914		0.1984907847762108		0.3969815695524216
166		19.26004351999927		1.793596625328064		2.002419527645111		0.35270393627882		0.70540787255764
167		19.30890701499993		1.527022361755371		1.7794377540683746		0.18018094217181205		0.3603618843436241
168		19.219735597999716		1.8583266735076904		2.0525862616348265		0.8305750033378602		1.6611500066757203
169		19.17414684599953		1.969482421875		2.1152146162033083		1.0839493667840958		2.1678987335681916
170		19.180331246000605		1.7754026651382446		1.988748408474922		1.471670113182068		2.943340226364136
171		19.493099377999897		1.7997857332229614		2.0016228772497175		0.8232348779320717		1.6464697558641435
172		19.484057161999772		2.0417940616607666		2.176645536093712		0.23090455589294434		0.4618091117858887
173		19.388012086000344		1.7552380561828613		1.972805233812332		0.1863393400669098		0.3726786801338196
174		19.180380137999236		1.4345638751983643		1.7092424129867554		0.20705748174190522		0.41411496348381044
175		19.363756242999443		1.983044981956482		2.187835898447037		0.32002029300928114		0.6400405860185623
176		19.192013694000707		1.4653632640838623		1.7259289223909378		0.40557629743814466		0.8111525948762893
177		19.49609494499964		1.7926479578018188		1.9882723663043975		0.16069319375157357		0.32138638750314713
178		19.38131520800016		2.120929718017578		2.266664282999039		0.23226594378948212		0.46453188757896424
179		19.128108826999778		1.8220887184143066		2.01153037211895		0.25953483237028124		0.5190696647405625
180		19.13645549299963		1.624253749847412		1.8542599485969544		0.2766330126285553		0.5532660252571105
181		19.226093114000832		1.6877853870391846		1.9133526035404205		0.16106995602846147		0.32213991205692294
182		19.386494412000502		1.8553476333618164		2.037179792890549		0.15812978948950768		0.31625957897901535
183		19.34032611099974		1.6072012186050415		1.8508559742164612		0.36690893681049347		0.7338178736209869
184		19.44875566399969		1.9744588136672974		2.1611497976493834		0.4758831860780716		0.9517663721561432
185		19.462204206000024		1.7383874654769897		1.9741933237361908		0.1846974138915539		0.3693948277831078
186		19.231855858000017		1.6017707586288452		1.8430096888923646		0.16611017075181006		0.3322203415036201
187		19.20686922099958		1.803188443183899		2.0039761463403702		0.6177453942775726		1.2354907885551452
188		19.307252825000432		1.5239956378936768		1.7637775379133225		0.21658977110385894		0.43317954220771787
189		19.326460618000056		1.7752478122711182		1.975756102771759		1.4016331799268722		2.8032663598537444
190		19.25070566999966		1.884561538696289		2.079384514603615		0.21010925641059874		0.4202185128211975
191		19.24627795499964		1.5568351745605469		1.7802448730373384		0.6257350376486778		1.2514700752973555
192		19.21427365099953		1.6943460702896118		1.9073475046634674		0.1724094811797142		0.3448189623594284
193		19.34034716199949		1.7279928922653198		1.9183489522123336		0.19570743302106858		0.39141486604213716
194		19.347628656999404		1.6718379259109497		1.8958012308502197		0.5571591371536255		1.114318274307251
195		19.42478231899986		1.7334710359573364		1.9512258423805238		0.6432170357465744		1.2864340714931488
196		19.305264423999688		1.5373457670211792		1.7877899527978898		0.26416723331213		0.52833446662426
197		19.32082697000078		1.8578413724899292		2.0572762129211424		0.15395028503537178		0.30790057007074356
198		19.227150531000007		1.6981724500656128		1.9339325965595244		0.22136539297699928		0.44273078595399856
199		19.26928412699999		1.5645297765731812		1.8017253144836425		0.16737276244163513		0.33474552488327025
200		19.296308042999954		1.8003565073013306		1.9989749928855896		0.20163876031637193		0.40327752063274386
201		19.222015854000347		1.6085067987442017		1.8401940984106064		0.8244187999248505		1.648837599849701
202		19.151807725000253		1.8449616432189941		2.039670331516266		0.3838940230846405		0.767788046169281
203		19.3819532539992		1.9141154289245605		2.071449847931862		0.25278139586448667		0.5055627917289733
204		19.466063161999955		1.8984929323196411		2.113228113460541		0.233342238175869		0.466684476351738
205		19.45987901799981		1.9345306158065796		2.072593397035599		0.34488253480196		0.68976506960392
206		19.476557705999767		1.5252103805541992		1.767145331583023		0.211292855489254		0.422585710978508
207		19.490015375999974		1.7698692083358765		1.9767028878736497		0.1587109787285328		0.3174219574570656
208		19.343913341999723		2.0945396423339844		2.254706923184395		0.1667395049214363		0.3334790098428726
209		19.261388196999178		1.7303777933120728		1.937899057984352		0.17299332879781723		0.34598665759563446
210		19.456531576999623		1.9903194904327393		2.1595135843658446		2.891241136074066		5.782482272148132
211		19.40018470999985		2.5957934856414795		2.6462737971735		0.14951156132817267		0.29902312265634534
212		19.438216051999916		1.5627144575119019		1.8023580700540542		0.21413755496740342		0.42827510993480683
213		19.457432664999942		1.779792308807373		1.9745533859205247		0.16663204370737075		0.3332640874147415
214		19.34633442300037		1.720062017440796		1.9344248527812957		0.3814517247915268		0.7629034495830536
215		19.25181741399956		2.1205477714538574		2.277318588728905		0.19214885536432266		0.3842977107286453
216		19.363746023000203		1.4888501167297363		1.7225462987136841		0.2744485995054245		0.548897199010849
217		19.37391044299966		1.9027950763702393		2.083844177055359		0.2563922869324684		0.5127845738649368
218		19.343817042999945		1.5867763757705688		1.8306978860139846		0.1744613802731037		0.3489227605462074
219		19.349649163000322		2.01344633102417		2.1929216526126862		0.3432860544800758		0.6865721089601516
220		19.302530513999955		1.5430408716201782		1.7871221462202072		0.1886382024526596		0.3772764049053192
221		19.267302682000263		1.6266357898712158		1.8460605684375764		0.1706808095216751		0.3413616190433502
222		19.37807577300009		2.214672803878784		2.3313446457004545		0.21090521074533464		0.4218104214906693
223		19.34913749899988		1.645937442779541		1.8720194694709777		0.3080040558695793		0.6160081117391586
224		19.225870648999262		1.6144344806671143		1.8415266938447952		0.3836800587892532		0.7673601175785064
225		19.174945859999752		2.173922061920166		2.3126755952978133		0.40152983428239825		0.8030596685647965
226		19.21526420200007		1.611433506011963		1.8333427751779556		0.6417858339190483		1.2835716678380966
227		19.240064424000593		1.6628472805023193		1.899816855044365		0.14444227639436721		0.28888455278873443
228		19.295309553000152		1.785552740097046		1.9928033004570007		0.24818321191072465		0.4963664238214493
229		19.22140492700055		1.5204640626907349		1.7692755431604386		0.29903099209070205		0.5980619841814041
230		19.12004846599939		1.9238711595535278		2.118823643283844		0.16877027276158332		0.33754054552316665
231		19.09514798700002		1.547022819519043		1.775947822394371		0.20463899552822112		0.40927799105644225
232		19.10733468500075		1.895278811454773		2.07710741853714		0.1717638550698757		0.3435277101397514
233		19.21173832399927		1.9166982173919678		2.0845741409778595		0.14562190652489662		0.29124381304979324
234		19.287190283999735		1.5171488523483276		1.756915250325203		0.20864613179564476		0.4172922635912895
235		19.138077071000225		2.3637726306915283		2.4480130045938493		0.8533406651973724		1.7066813303947448
236		19.2742929799997		1.5147842168807983		1.7790405007076264		0.17059581468701362		0.34119162937402725
237		19.108386756999607		1.9592291116714478		2.099103838267326		0.2723463184595108		0.5446926369190216
238		19.335234004000085		1.6989673376083374		1.920517311925888		0.2625989917039871		0.5251979834079742
239		19.33326512900021		1.7796202898025513		1.969662154803276		0.6418920431494712		1.2837840862989425
240		19.576356395999937		1.7080005407333374		1.9148321937704087		0.22512821179628373		0.45025642359256746
241		19.19855263000045		1.8189446926116943		2.008503564295769		0.6554815666675567		1.3109631333351135
242		19.345440484999926		1.5634936094284058		1.7880370300149917		0.48961173852682116		0.9792234770536423
243		19.504109015000722		1.7353265285491943		1.928894385523796		0.2858239856123924		0.5716479712247848
244		19.697357255000497		1.9060425758361816		2.074227361030579		0.48973277192115783		0.9794655438423157
245		19.436770504999913		1.8644604682922363		2.04744296546936		0.14888100267648696		0.2977620053529739
246		19.160916794000514		1.5308022499084473		1.7669568180942536		0.4529984196543694		0.9059968393087388
247		19.144476360000226		1.6477234363555908		1.8615197247219086		0.15606143526434899		0.31212287052869797
248		19.129436346999682		1.63463294506073		1.8716615339183806		0.22344784741401671		0.44689569482803343
249		19.103052578000643		2.4860856533050537		2.543966021437645		0.8955731497406959		1.7911462994813918
250		19.087804088000667		1.8180168867111206		1.9982458665370941		0.4775296564936638		0.9550593129873276
251		19.142987152999922		1.6356483697891235		1.8643039654684066		0.2253470685005188		0.4506941370010376
252		19.047049521999725		1.7659204006195068		1.9771431347942352		0.2637001231789589		0.5274002463579178
253		19.19720357999995		1.6364036798477173		1.864440952553749		0.18991883836984635		0.3798376767396927
254		19.223747473999538		1.6482746601104736		1.8768851051616668		0.7175570338487625		1.435114067697525
255		19.3190270970008		1.5477288961410522		1.7771717118406296		0.15421739353537559		0.30843478707075117
256		19.05442307999965		1.698918342590332		1.9118120119667052		0.16175593419075013		0.32351186838150026
257		19.071487061999505		1.7811375856399536		1.9795016943788528		0.6763106871843338		1.3526213743686677
258		19.374741659000392		1.5883839130401611		1.8207136980342864		0.6096348237991333		1.2192696475982665
259		19.435728813999958		1.6495575904846191		1.8656537743616104		0.14036633182764052		0.28073266365528105
260		19.387638917000004		1.6282449960708618		1.8564309510278703		0.16066692537665367		0.32133385075330734
261		19.40663572700032		1.9631773233413696		2.1437496416187285		0.13883990789055825		0.2776798157811165
262		19.4582921049996		1.7566964626312256		1.964369714331627		0.15288247015476228		0.30576494030952456
263		19.40854982000019		1.951522946357727		2.107517504520416		0.5939506450533867		1.1879012901067734
264		19.419550354999956		1.537584662437439		1.7779199935674668		0.13811003573536873		0.27622007147073746
265		19.414673038999354		1.8521318435668945		2.0430095526504517		0.3837389666557312		0.7674779333114624
266		19.2961823859996		1.5713386535644531		1.7961105853271484		0.17000595935583115		0.3400119187116623
267		19.21884509099982		1.777449607849121		1.9793605616664887		1.8687891238689422		3.7375782477378845
268		19.1475836919999		1.930281639099121		2.121584780673981		0.26452939213514326		0.5290587842702865
269		19.103348421999726		1.541718602180481		1.7875868684864045		0.2894950921177864		0.5789901842355728
270		19.222590530999696		1.611396312713623		1.8339260156774522		0.33012861803770066		0.6602572360754013
271		19.251432619999832		1.7182139158248901		1.9306405797195434		0.3305252703309059		0.6610505406618118
272		19.401160162999986		1.3940019607543945		1.6597894762086869		0.44693913668394086		0.8938782733678817
273		19.331376242999795		1.545788049697876		1.7805806998729705		0.14068749049901963		0.28137498099803926
274		19.237110476000453		1.7303043603897095		1.947364446234703		0.6295250643253326		1.2590501286506652
275		19.39107682300073		1.8844554424285889		2.0548314332294466		0.1870658266067505		0.374131653213501
276		19.44393280500026		1.530711054801941		1.75031864695549		0.169806803804636		0.339613607609272
277		19.505601764999483		1.8903321027755737		2.0600197799587248		0.16800234862565994		0.3360046972513199
278		19.529259066999657		1.730817437171936		1.929836181921959		0.17857897093296052		0.35715794186592104
279		19.498672787000032		1.3422666788101196		1.6325514820623397		0.14006395409703254		0.2801279081940651
280		19.235171350999735		1.7393704652786255		1.9518989592409135		0.16379888381361962		0.32759776762723924
281		19.41100921099951		1.743408441543579		1.947617523703575		0.2131052355647087		0.4262104711294174
282		19.393505783000364		1.7468163967132568		1.9501595536661147		0.21245580835342406		0.4249116167068481
283		19.50563998600046		1.6921030282974243		1.8737463760232926		0.13390504873991013		0.26781009747982026
284		19.478403794999394		1.8926000595092773		2.0816226694917677		0.19172314441204072		0.38344628882408144
285		19.47428416999992		1.4179418087005615		1.6685446678304672		0.18689083975553514		0.3737816795110703
286		19.37215557900072		1.7245128154754639		1.9275018570947646		0.3427609228491783		0.6855218456983566
287		19.379547753000224		1.6058341264724731		1.842089433093071		0.3187083280801773		0.6374166561603546
288		19.48775459599983		1.629160761833191		1.8653338860082627		0.171531342202425		0.34306268440485
289		19.49361169199983		1.8223011493682861		2.030353947386742		0.1396605792224407		0.2793211584448814
290		19.427575599000193		1.4843813180923462		1.7266553297424316		0.2306341375350952		0.4612682750701904
291		19.280085777999375		1.5897618532180786		1.8111915690517426		0.2601057200670242		0.5202114401340484
292		19.2779984910012		1.798453450202942		1.9993277180814744		0.2075248349547386		0.4150496699094772
293		19.311654380999244		1.6580113172531128		1.8821934211826326		0.13441624783277512		0.26883249566555023
294		19.345542877999833		1.4399445056915283		1.683987430295944		0.1813691742300987		0.3627383484601974
295		19.20829088100072		1.6347987651824951		1.8435135634183883		1.268650517296791		2.537301034593582
296		19.121744399000818		1.852716088294983		2.0484439490556716		0.13575949856042863		0.27151899712085725
297		19.10752529199999		1.5775514841079712		1.8095761441898346		0.16371470693349838		0.32742941386699675
298		19.23864159200093		1.6531634330749512		1.8556541361284256		0.18320710938572884		0.3664142187714577
299		19.17510137699901		1.5934346914291382		1.8204393924188613		0.6772188269495965		1.354437653899193
300		18.971444458000406		1.7577428817749023		1.956894288778305		0.3320162227153778		0.6640324454307556
301		19.04052102100104		1.8937028646469116		2.0648801061677933		0.13957958201766013		0.27915916403532026
302		19.216113006999876		1.4955734014511108		1.7284521906757355		0.1453277959227562		0.2906555918455124
303		19.213729537999825		1.7824395895004272		1.9865341415071487		0.25681163176298144		0.5136232635259629
304		19.389337577000333		1.4888274669647217		1.766903022389412		0.14392507207393646		0.2878501441478729
305		19.301265879999846		1.6222530603408813		1.838096432209015		0.16015445901155473		0.32030891802310946
306		19.323813696000798		1.5182667970657349		1.7619217600297927		0.13349541212916374		0.2669908242583275
307		19.248937004000254		1.5771305561065674		1.797225644698143		0.1477049691915512		0.2954099383831024
308		19.43789002199992		1.6544570922851562		1.8625786586141586		0.22045872082710266		0.4409174416542053
309		19.367530196999724		1.7665117979049683		1.9992291939592362		0.21248671902418137		0.42497343804836274
310		19.292703724000603		1.8971292972564697		2.1087318389463423		0.23358568655252457		0.46717137310504914
311		19.25484184099878		1.5913593769073486		1.8112011670637131		0.13248092698454858		0.26496185396909716
312		19.6443795819996		1.4983057975769043		1.7527053396511079		0.44588964359760286		0.8917792871952057
313		19.609449666000728		1.7984215021133423		1.9944741373968125		0.5289870566129684		1.0579741132259368
314		19.454524923999998		1.7827776670455933		1.989332497944832		0.4259540538907051		0.8519081077814102
315		19.473199316998944		1.476963996887207		1.7344532099342347		0.5308978730797768		1.0617957461595535
316		19.462261792999925		1.7216874361038208		1.9337482298374176		0.1595980680167675		0.319196136033535
317		19.618951043999914		1.4159232378005981		1.6823771236419678		0.13121234797239303		0.26242469594478607
318		19.615742755999236		1.6491376161575317		1.8768712245607375		0.45313149907588957		0.9062629981517791
319		19.505036992000896		1.6550312042236328		1.885341740503311		0.14215020391345023		0.28430040782690047
320		19.495473932000095		1.5572799444198608		1.7986534401464462		0.16893073394298552		0.33786146788597105
321		19.51630293600101		1.5407224893569946		1.765046562347412		0.14692654806375505		0.2938530961275101
322		19.531782813000973		1.3984018564224243		1.6663788037919998		0.18932642420530318		0.37865284841060637
323		19.464044417998593		2.004056453704834		2.1663023371982573		0.13741068012714386		0.2748213602542877
324		19.65226432700001		1.607381820678711		1.8231846846866608		0.15827672513127328		0.31655345026254655
325		19.471938306000084		1.382634162902832		1.6547258517503738		0.2818386715531349		0.5636773431062698
326		19.417599560998497		1.7699052095413208		1.973540622048378		0.8788911539912224		1.7577823079824448
327		19.46006955499979		1.5447146892547607		1.7842544478321076		0.2931982892870903		0.5863965785741806
328		19.625826741999845		1.4345147609710693		1.7049111082792283		0.17198686736822127		0.34397373473644255
329		20.455942276001224		1.5793406963348389		1.8153457178783416		0.2712112190186977		0.5424224380373954
330		19.793037524999818		1.5513168573379517		1.7810607617616654		0.25431689535975455		0.5086337907195091
331		20.654598750999867		1.4415175914764404		1.7040312150764465		0.12840588901042937		0.25681177802085875
332		20.263960288999442		1.7316075563430786		1.9433052512550355		0.4969029114723206		0.9938058229446411
333		20.712955594999585		1.482451319694519		1.7184537408590317		0.12413714673519134		0.24827429347038268
334		20.352660807000575		1.6814407110214233		1.9019658977127074		0.2006759842157364		0.4013519684314728
335		20.621918478000225		1.4596145153045654		1.7265345279836655		0.24702017347812652		0.49404034695625304
336		20.39932571999998		1.6908764839172363		1.9208662754821777		0.16543089048862458		0.33086178097724916
337		20.194069243998456		1.4586864709854126		1.7130003059339522		0.19996168456077576		0.3999233691215515
338		20.74381928799994		1.7411044836044312		1.9625895058584213		0.2344810644030571		0.4689621288061142
339		20.164534911000374		1.7789849042892456		1.9782118256950378		0.12332185129523278		0.24664370259046556
340		20.528881487000035		1.7175261974334717		1.9213211591625214		0.13914322593808173		0.27828645187616347
341		20.374605854000038		1.5538967847824097		1.7720494604492187		0.1708364350438118		0.3416728700876236
342		20.50777002399991		1.5745906829833984		1.8145793111515045		0.6278089607477189		1.2556179214954377
343		20.653523658000267		1.692623496055603		1.9191342971372605		0.5049002709388732		1.0098005418777465
344		20.265411681999467		1.554736852645874		1.785821701450348		0.6035902198910713		1.2071804397821426
345		20.564694942999267		1.9457752704620361		2.081778788480759		0.13208865152597427		0.26417730305194853
346		20.226607469001465		1.6363465785980225		1.882528863954544		0.2922474052429199		0.5844948104858398
347		20.661145782998574		1.6885651350021362		1.9073233747339249		0.1720423814535141		0.3440847629070282
348		20.419991278000452		2.0024659633636475		2.1468994260406493		1.032452499985695		2.06490499997139
349		20.247873880000043		1.511225700378418		1.746933913755417		0.3590763413310051		0.7181526826620102
350		20.703510253000786		1.6142046451568604		1.8424616030550003		0.12715881072282792		0.25431762144565584
351		20.016342642999007		1.416957139968872		1.6932575248003006		0.360107014387846		0.720214028775692
352		20.516882868998437		1.5787098407745361		1.8026162098789216		0.15237381137609482		0.30474762275218964
353		20.32373154400011		2.1316215991973877		2.254433482747078		0.2075435602724552		0.4150871205449104
354		20.368458511000426		1.6385349035263062		1.8540883566474915		0.1784219665646553		0.3568439331293106
355		20.721339508998426		1.9265692234039307		2.104910987930298		0.16541203662753104		0.3308240732550621
356		20.0310043590016		1.493364930152893		1.7392810809707642		0.12557607297897339		0.25115214595794677
357		20.470272292001027		1.5335040092468262		1.7794941533660888		0.140751550167799		0.281503100335598
358		20.166733259000466		1.5983972549438477		1.8288985133600235		0.1977473834991455		0.395494766998291
359		20.396674850000636		2.1582205295562744		2.2524748803901673		0.12364557359814644		0.2472911471962929
360		20.820125584999914		1.401824951171875		1.6578024553442001		0.17254484107494356		0.3450896821498871
361		20.256679833000817		2.191255569458008		2.2956007123327256		0.1996508038878441		0.3993016077756882
362		20.622610950000308		1.5622845888137817		1.8129380377483368		0.13662193485498428		0.27324386970996856
363		20.16862676100027		1.5994163751602173		1.8307612463998795		0.34199932005405426		0.6839986401081085
364		20.477376962999188		1.5536935329437256		1.8055842857313156		0.24248754097819328		0.48497508195638656
365		20.470328025001436		1.8513767719268799		2.008494687485695		0.2525755096077919		0.5051510192155838
366		20.09877802899973		1.4685243368148804		1.728332313594818		0.18078487950563432		0.36156975901126864
367		20.63361801999963		1.51414155960083		1.7587608350801467		0.19751658681631087		0.39503317363262175
368		20.189566763001494		1.8261407613754272		2.0087638860845565		0.8238201306581497		1.6476402613162995
369		20.62273575099971		1.784237265586853		1.9783561623907089		0.9689698678731918		1.9379397357463837
370		20.519388865999645		1.6227262020111084		1.851909956855774		0.1409673263669014		0.2819346527338028
371		20.305354296999212		1.721713662147522		1.9233335501623154		0.25814638254642486		0.5162927650928497
372		20.70753871099987		1.6674518585205078		1.8779900803613663		0.17440992188453674		0.3488198437690735
373		20.013729164000324		1.68448007106781		1.8855680580329894		0.13475018416643142		0.26950036833286284
374		20.37657139300063		1.6986768245697021		1.9237906885051728		0.17887067343592644		0.3577413468718529
375		20.221449641001527		1.6690630912780762		1.8871945621824264		0.20163083882331848		0.40326167764663695
376		20.19326977899982		1.5772085189819336		1.8102498070049287		0.153108649122715		0.30621729824543
377		20.810972662000495		1.6387996673583984		1.8571796766805648		0.38958146328926085		0.7791629265785217
378		20.17859664399839		1.4196072816848755		1.68221573472023		0.179939525359869		0.359879050719738
379		20.536649796000347		1.6721335649490356		1.8880415005922317		0.1947727484047413		0.3895454968094826
380		20.120862534999105		1.5898690223693848		1.8130251940584183		0.317091286945343		0.634182573890686
381		20.332767053998396		1.486861228942871		1.7370031110310555		0.28232138237953186		0.5646427647590637
382		20.73921602399969		1.4869825839996338		1.7382400709533692		0.32293990074396134		0.6458798014879227
383		19.99873836000006		1.6236854791641235		1.8385621474027634		0.8093063478708267		1.6186126957416533
384		20.47769960000005		1.4981008768081665		1.75225342397213		0.383279045599699		0.766558091199398
385		20.193620404001194		1.4963688850402832		1.7503424709224702		0.35006377326250077		0.7001275465250015
386		20.42285840399927		1.566084384918213		1.7942388516712189		0.2275009734749794		0.4550019469499588
387		20.55160640699978		1.580732822418213		1.7951021360564232		0.1668814199924469		0.3337628399848938
388		20.17675799599965		1.6397898197174072		1.8778645089149475		0.14107540570497512		0.28215081140995024
389		20.561656867999773		1.542801856994629		1.7699338400173188		0.14720600996017455		0.2944120199203491
390		20.07207757499964		1.9582550525665283		2.128495427699089		0.2036643192768097		0.4073286385536194
391		20.608829970000443		1.543851375579834		1.7903910750484466		0.3323441066980362		0.6646882133960724
392		20.620364514999892		1.5249825716018677		1.7552255368185044		0.1423482450544834		0.2846964901089668
393		20.35143378900102		1.5484009981155396		1.7688842267894744		0.24609014949798583		0.49218029899597165
394		20.63032011499854		1.5093249082565308		1.7627378652858734		0.48438131630420683		0.9687626326084137
395		20.174251169000854		1.5937769412994385		1.8374473309659958		0.2366539166688919		0.4733078333377838
396		20.460008432000905		1.3795801401138306		1.6357152080392838		0.21565571520328522		0.43131143040657044
397		20.40295662799872		1.8086854219436646		1.98165208984375		0.14981265243291855		0.2996253048658371
398		20.30934082100066		1.3124191761016846		1.5845082712936402		0.18237432864308356		0.3647486572861671
399		20.2316511730005		1.562853217124939		1.8008003008127214		0.43822060470581053		0.8764412094116211
400		19.429004326999348		1.7843737602233887		1.9755256623315811		0.8126245334386826		1.6252490668773651
401		19.263453399000355		1.4463781118392944		1.701522790980339		0.19679891369342803		0.39359782738685606
402		19.27001389399993		1.532499074935913		1.770064797794819		0.20512429085969924		0.4102485817193985
403		19.454240033001042		1.4727052450180054		1.731646648030281		1.1285468923091888		2.2570937846183776
404		19.42324734199974		1.4959032535552979		1.7447716535520554		0.29375412262678147		0.5875082452535629
405		19.296800571999484		1.8494678735733032		2.047093406739235		0.15875609533190727		0.31751219066381453
406		19.609002324999892		1.3692960739135742		1.6553445191574097		0.14991887662410736		0.2998377532482147
407		19.628289913000117		1.3335087299346924		1.6200113946723937		0.566210285282135		1.13242057056427
408		19.54500713699963		1.8738046884536743		2.059903270316124		0.13000736223459244		0.2600147244691849
409		19.472114627998963		1.77080500125885		1.9533657827663422		0.37968612704873084		0.7593722540974617
410		19.47846896900046		1.5122374296188354		1.7399170013713836		0.5744828870534897		1.1489657741069794
411		19.44762364000053		1.6155126094818115		1.8502132102489472		0.14462205901145936		0.2892441180229187
412		19.64065798500087		1.5653585195541382		1.8169116796398164		0.3355325700879097		0.6710651401758194
413		19.385812731999977		1.6522703170776367		1.884446055340767		1.2577166141986846		2.5154332283973693
414		19.57970093900076		1.4403363466262817		1.6828826012277602		0.48766159542799		0.97532319085598
415		19.43409818299915		1.701253056526184		1.9056510874843597		0.12402999901175499		0.24805999802350998
416		19.458024568999463		1.6208090782165527		1.8394822234535217		0.1468303145289421		0.2936606290578842
417		19.41321568300009		1.8135249614715576		2.0239596033144		0.46535244746208193		0.9307048949241639
418		19.571133904000817		1.6777783632278442		1.8898572722387315		0.21343697261810302		0.42687394523620603
419		19.611311174001457		1.5056793689727783		1.7548015606212617		0.3590604269742966		0.7181208539485932
420		19.438343054000143		1.9328259229660034		2.1131561326265333		0.16324877759218215		0.3264975551843643
421		19.369790413999		1.472482442855835		1.7187623535966874		0.11955031952261924		0.23910063904523848
422		19.421541973000785		1.501367449760437		1.7420358108377456		0.11876425504088402		0.23752851008176804
423		19.43443642800048		1.8360836505889893		2.0298710305929184		0.1878760156095028		0.3757520312190056
424		19.440343054999175		1.4384163618087769		1.6845728133630753		0.1281803277373314		0.2563606554746628
425		19.71160093400067		1.4060403108596802		1.6717108951187134		0.11908213877677917		0.23816427755355835
426		19.564240486000926		1.7214500904083252		1.950139522356987		0.11772870439887047		0.23545740879774094
427		19.549033789000532		1.3385021686553955		1.6130220525550842		0.1506786624133587		0.3013573248267174
428		19.57201618200088		1.2814542055130005		1.5532975036168097		0.11532298613190652		0.23064597226381303
429		19.440654058998916		1.7166838645935059		1.9362169782686234		0.21980856094956397		0.43961712189912794
430		19.612982154998463		1.6078369617462158		1.8509479906797408		0.28216923365592955		0.5643384673118591
431		19.66005794800003		1.3787257671356201		1.6482621705722809		0.1217998663008213		0.2435997326016426
432		19.52934118400117		1.548946738243103		1.7926161832427978		0.6448755475759507		1.2897510951519013
433		19.571339312999044		1.3749332427978516		1.6358085863542557		0.11704699136614799		0.23409398273229598
434		19.52357582500008		1.7293164730072021		1.9401003123259544		0.1426168195784092		0.2852336391568184
435		19.496853429998737		1.5292267799377441		1.7785332312822342		0.5832492246806622		1.1664984493613244
436		19.546339507000084		1.5094634294509888		1.7410891756629945		0.13032532848119735		0.2606506569623947
437		19.44664062800075		1.4892224073410034		1.749134288816452		0.1402406638264656		0.2804813276529312
438		19.34965707899937		1.8676764965057373		2.023483401479721		0.12768794084191323		0.25537588168382647
439		19.319991614000173		1.4858182668685913		1.7300550371074677		0.41622400315999986		0.8324480063199997
440		19.28956739000023		1.3791834115982056		1.638771558046341		0.3322034132838249		0.6644068265676498
441		19.39607239200086		1.5227771997451782		1.7727819333219528		0.1874721230983734		0.3749442461967468
442		19.525105275000897		1.4334033727645874		1.6894743922519684		0.41222034145593645		0.8244406829118729
443		19.532137721000254		1.6021766662597656		1.8447743484711647		0.4136564957022667		0.8273129914045334
444		19.424253944000156		1.5270155668258667		1.7708236782073974		0.6869970846652984		1.3739941693305968
445		19.36304763299995		1.3769121170043945		1.6538572341418267		0.22967270106077195		0.4593454021215439
446		19.257311055998798		1.628913402557373		1.857660268998146		0.29370018941164017		0.5874003788232803
447		19.33176608499889		1.511342167854309		1.7481974621248246		0.11801964656710624		0.23603929313421249
448		19.51592521999919		1.4733819961547852		1.7297669774341584		0.21623965132832526		0.4324793026566505
449		19.571306834999632		1.609065294265747		1.8382350373840333		0.13644735518097878		0.27289471036195756
450		19.46770047999962		1.601546049118042		1.833933135251999		0.14014622704982757		0.28029245409965514
451		19.301690762000362		1.4640469551086426		1.7157269800758361		0.14701464169621467		0.29402928339242934
452		19.342265892000796		1.6441336870193481		1.881193547577858		0.26217961100339887		0.5243592220067977
453		19.414314335999734		1.6467666625976562		1.8734445478963853		0.16865722315907478		0.33731444631814955
454		19.41625216600005		1.3430984020233154		1.6266320891594888		0.13983693732619284		0.2796738746523857
455		19.304284882000502		1.7532882690429688		1.9640245102071763		0.20982147676348686		0.4196429535269737
456		19.38461547299994		1.3829874992370605		1.648839383354187		0.1326890474975109		0.2653780949950218
457		19.317917398000645		1.4986746311187744		1.7609000697255135		0.2621661101460457		0.5243322202920914
458		19.32231836400024		1.4998276233673096		1.7290412882471085		0.3017477313756943		0.6034954627513885
459		19.439894807999735		1.5513421297073364		1.7717139925479888		0.2157582529902458		0.4315165059804916
460		19.67920198399952		1.5938526391983032		1.8063721286153793		0.1684887195467949		0.3369774390935898
461		19.504307249000703		1.5572900772094727		1.7961723398756981		0.11394743122458457		0.22789486244916915
462		19.495022030001564		1.7361019849777222		1.9212998725652695		0.15978650082945825		0.3195730016589165
463		19.483853321000424		1.5649726390838623		1.8107184797811509		0.13192972819805146		0.2638594563961029
464		19.428705364000052		1.310377836227417		1.589192461731434		0.16867039417028426		0.3373407883405685
465		19.598228916000153		1.6655617952346802		1.8724309177303313		0.5672407007098198		1.1344814014196396
466		19.519241011001213		1.4804850816726685		1.728311533329487		0.41510827292203906		0.8302165458440781
467		19.42662130699864		1.3376045227050781		1.6101505687904358		0.3336976550459862		0.6673953100919724
468		19.287970930001393		1.8802064657211304		2.047341288933754		0.1171065363317728		0.2342130726635456
469		19.32254175900016		1.6496750116348267		1.8589199038887023		0.21714624308347702		0.43429248616695404
470		19.33250430299995		1.6587311029434204		1.8992874169492722		0.1171320791721344		0.2342641583442688
471		19.31373665400133		1.3416688442230225		1.6058731321907043		0.13988072234392165		0.2797614446878433
472		19.660803206999844		1.5113166570663452		1.747097413468361		0.1916399667263031		0.3832799334526062
473		19.52224165000007		1.3668701648712158		1.6397727519273757		0.14270564447641373		0.28541128895282747
474		19.56624899000053		1.538718581199646		1.772204739971161		0.21061059653162956		0.4212211930632591
475		19.47259674000088		1.6147032976150513		1.8433518628096581		0.2956370511889458		0.5912741023778916
476		19.51243188999979		1.5935138463974		1.8356442166137696		0.19964367366433144		0.3992873473286629
477		19.64435134999985		1.417121410369873		1.667832055439949		0.13874058463573455		0.2774811692714691
478		19.355621650000103		1.5120118856430054		1.7522739004254342		0.24500697570443153		0.49001395140886306
479		19.427823735000857		1.6080079078674316		1.8404589454960822		0.32652619384527204		0.6530523876905441
480		19.597020973000326		1.6125590801239014		1.8318873903799058		0.12757345495223998		0.25514690990447997
481		19.26127796900073		1.2669123411178589		1.5542295016503334		0.23688839803338052		0.47377679606676104
482		19.485780376000548		1.6563472747802734		1.8783854018878936		0.13187699563503266		0.2637539912700653
483		19.36038933099917		1.3313847780227661		1.6223299664783477		0.22207801353931428		0.44415602707862856
484		19.557358532998478		1.5890997648239136		1.8013457887363433		0.11810617691278458		0.23621235382556915
485		19.58848167799988		1.26027512550354		1.5628642517280578		0.9009053013682365		1.801810602736473
486		19.398881801000243		1.5497033596038818		1.810976981651783		0.24166716151833534		0.4833343230366707
487		19.219993289998456		1.6335896253585815		1.8519622182416915		0.4149573303341866		0.8299146606683732
488		19.266651764000926		1.715589165687561		1.9178043424510955		0.1831118171453476		0.3662236342906952
489		19.367337531000885		1.3852968215942383		1.6534460572385787		0.11712252737283707		0.23424505474567414
490		19.599534216000393		1.3951183557510376		1.6544405728816987		0.2005078332543373		0.4010156665086746
491		19.500567652999962		1.3477121591567993		1.6213173921585082		0.5976865812778472		1.1953731625556945
492		19.545897148000222		1.547446846961975		1.7791746179008483		0.2206182382464409		0.4412364764928818
493		19.3675887340014		1.6149005889892578		1.8556218911170959		0.20797251689434051		0.41594503378868103
494		19.52676401899953		2.0543136596679688		2.150948520870209		0.1701926848590374		0.3403853697180748
495		19.405940380000175		1.5198973417282104		1.7508526367998123		0.12892899854183196		0.2578579970836639
496		19.545098042999598		1.429122805595398		1.7055759288740158		0.16551719319820404		0.3310343863964081
497		19.571296125999652		1.6588820219039917		1.894731579785347		0.13728671059012412		0.27457342118024824
498		19.269375399999262		1.4063982963562012		1.6790270565891265		0.11963499681353569		0.23926999362707138
499		19.499492973998713		1.5867365598678589		1.8154602809929847		0.1262365938782692		0.2524731877565384
500		19.555429912999898		1.383531093597412		1.6527999770259858		0.11489617372155189		0.22979234744310378
501		19.579960146000303		1.5629417896270752		1.7989024035859107		0.3209057382822037		0.6418114765644074
502		19.58754255200074		1.3767434358596802		1.6447637531280517		0.2383162410736084		0.4766324821472168
503		19.56078766799874		1.4952220916748047		1.7292729681921006		0.13882035390138625		0.2776407078027725
504		19.25381171800109		1.6451102495193481		1.8530883012628556		0.15095247047543525		0.3019049409508705
505		19.493097028000193		1.3434453010559082		1.622705570693016		0.11945761252045631		0.23891522504091262
506		19.554471927998748		1.4010087251663208		1.6615383160614967		0.42150958247184755		0.8430191649436951
507		19.233931211001618		1.4442245960235596		1.7019956877088547		0.12421610856056213		0.24843221712112426
508		19.53680913000062		1.2417024374008179		1.5411893774175645		0.16858839007616044		0.3371767801523209
509		19.501509358000476		1.6654316186904907		1.8719231527161597		0.7856753047466278		1.5713506094932557
510		19.51953418999983		1.3877302408218384		1.6566563326931		0.13961252803206445		0.2792250560641289
511		19.290362122999795		1.4781113862991333		1.727371519203186		0.12134216549396515		0.2426843309879303
512		19.228784278000603		1.4627691507339478		1.7227294805049895		0.12421829271912575		0.2484365854382515
513		19.288136520999615		1.3729500770568848		1.6503445345449448		0.15561735090613366		0.3112347018122673
514		19.31755722300113		1.5873252153396606		1.8125350269317626		0.2046512991786003		0.4093025983572006
515		19.244681180000043		1.4359498023986816		1.696149031677246		0.14256308302283288		0.28512616604566576
516		19.52566646899868		1.4904184341430664		1.7325327869915963		1.272793500840664		2.545587001681328
517		19.318793549000475		1.4189040660858154		1.6794543023347854		0.32426897134780885		0.6485379426956177
518		19.502928021000116		1.3872379064559937		1.6554028978013993		0.19801384040117265		0.3960276808023453
519		19.561617137000212		1.8121798038482666		2.0223068447208403		0.2926738517999649		0.5853477035999298
520		19.534901975999674		1.3221827745437622		1.6013939523506164		0.22641002969145774		0.4528200593829155
521		19.342284419999487		1.5542988777160645		1.774945675382614		0.2452241193294525		0.490448238658905
522		19.332786045999455		1.361854910850525		1.6418988761377336		0.4114786347389221		0.8229572694778442
523		19.505156383000212		1.78377366065979		1.9604792275094987		0.19277753719091414		0.3855550743818283
524		19.434071297999253		1.2218393087387085		1.5121733296036721		0.11450055760741233		0.22900111521482466
525		19.455075412999577		1.2856874465942383		1.5684811412525177		0.5818895783782005		1.163779156756401
526		19.46889996900063		1.498200535774231		1.759014537396431		0.2870973722219467		0.5741947444438934
527		19.494694212999093		1.215455412864685		1.5024388329601288		0.15765941042900086		0.3153188208580017
528		19.43529082399982		1.5678677558898926		1.7914374158644677		0.11108948021531105		0.2221789604306221
529		19.444631947000744		1.1974457502365112		1.4958790948343277		0.1249873594880104		0.2499747189760208
530		19.645073519001016		1.453654170036316		1.6791766579771041		0.1437792032301426		0.2875584064602852
531		19.47789857600037		1.4911669492721558		1.7398116996693611		0.20579177441596985		0.4115835488319397
532		19.447486917000788		1.7092763185501099		1.9289554407548903		0.12181164662241936		0.24362329324483872
533		19.658660097000393		1.3037019968032837		1.5885081301188468		0.25665568014383316		0.5133113602876663
534		19.6396945409997		1.305922269821167		1.5886217909288407		0.10682398758530617		0.21364797517061235
535		19.44532603099833		1.5486887693405151		1.789617762773037		0.7784847007393837		1.5569694014787674
536		19.53644889700081		1.3363385200500488		1.6288291553974152		0.1598821671783924		0.3197643343567848
537		19.52109369400023		1.4156674146652222		1.6771634230804444		0.11055695359706878		0.22111390719413757
538		19.757678854000915		1.4557989835739136		1.7172980736017227		0.5333757631421089		1.0667515262842178
539		19.692999378999957		1.4102942943572998		1.6724796361494065		0.1904513239264488		0.3809026478528976
540		19.556988845000888		1.3721940517425537		1.6522871908426284		0.27258093960285185		0.5451618792057037
541		19.53159300400148		1.3951867818832397		1.6657502736473084		0.13649377465844154		0.27298754931688307
542		19.59810010399997		1.4592303037643433		1.7021409356689454		0.32047880465984346		0.6409576093196869
543		19.508293804999994		1.4438707828521729		1.7040025949430466		0.1812784634232521		0.3625569268465042
544		19.5355147650007		1.531251311302185		1.7892222129631044		0.11298070533871651		0.22596141067743303
545		19.708591610999065		1.2636083364486694		1.5644279992103576		0.19170589327812196		0.3834117865562439
546		19.49383714800024		1.3922419548034668		1.651793959774971		0.11370372843146324		0.2274074568629265
547		19.375215159998334		1.5212137699127197		1.761552215411663		0.5586291754603386		1.1172583509206773
548		19.398237046001668		1.5117651224136353		1.762705576171875		0.10536184031367302		0.21072368062734603
549		19.476999033999164		1.366615891456604		1.6358178618574142		0.14563518578410148		0.29127037156820296
550		19.36337633400035		1.2289626598358154		1.5303898313331603		0.17840591722130775		0.3568118344426155
551		19.435574725999686		1.667983889579773		1.8896853504276276		0.19965098569393158		0.39930197138786316
552		19.37681401300142		1.5027657747268677		1.7269857729172706		0.42138214704990384		0.8427642940998077
553		19.570748519001427		1.3140183687210083		1.584981731259823		0.5811174000918865		1.162234800183773
554		19.577505048000603		1.6010749340057373		1.820810906972885		0.11738327898979187		0.23476655797958373
555		19.54456304499945		1.330226182937622		1.6024536554598807		0.552702637064457		1.105405274128914
556		19.652542372001335		1.331205129623413		1.6348412855291368		0.1551177275657654		0.3102354551315308
557		19.740444821998608		1.3597841262817383		1.6364598867988587		0.22689793843626976		0.4537958768725395
558		19.454525350998665		1.6890772581100464		1.8712335963749887		0.5399198109209538		1.0798396218419075
559		19.41745193800125		1.2819740772247314		1.5612862053990364		0.4146318933844566		0.8292637867689132
560		19.506131842001196		1.4842619895935059		1.7372554164505005		0.3742336026608944		0.7484672053217888
561		19.729837675000454		1.4340747594833374		1.6795197974991798		0.21745614280700684		0.4349122856140137
562		19.530514328998834		1.419472575187683		1.6751975433540345		0.2598530643463135		0.519706128692627
563		19.571717253000315		1.3567602634429932		1.636985780673027		0.12700581371784211		0.25401162743568423
564		19.427100468999924		1.4886536598205566		1.7287119565820694		0.1227731338083744		0.2455462676167488
565		19.351881947000948		1.3182483911514282		1.6020569409918786		0.12024722806215286		0.24049445612430573
566		19.505793656000606		1.5021532773971558		1.7393941312003136		0.1288431825518608		0.2576863651037216
567		19.62339063699983		1.3345166444778442		1.6144260351109505		0.11558659653067589		0.23117319306135178
568		19.68573115899926		1.385667324066162		1.6568316420602798		0.9182518952727318		1.8365037905454635
569		19.535307506999743		1.4237793684005737		1.6773219492173195		0.13933698958158494		0.2786739791631699
570		19.385120614000698		1.433441400527954		1.684495695376396		0.23428194221258164		0.4685638844251633
571		19.337821910999992		1.2500275373458862		1.5375920569348336		0.9718566487550735		1.943713297510147
572		19.36266739600069		1.6193801164627075		1.843196959733963		0.7207751378893852		1.4415502757787704
573		19.407005123001		1.4029232263565063		1.6803225308465957		0.2449323119699955		0.489864623939991
574		19.546826689000227		1.4411870241165161		1.7102152987551689		0.19233752999305725		0.3846750599861145
575		19.312607903000753		1.3788270950317383		1.64003033721447		0.26698452830314634		0.5339690566062927
576		19.330276415001208		1.5489879846572876		1.7588287683606147		0.6682579277515411		1.3365158555030823
577		19.246145691000493		1.2446502447128296		1.5463266929912567		0.12228285700678826		0.24456571401357652
578		19.40501441900051		1.4059118032455444		1.6701837140178681		0.21034365904331206		0.42068731808662413
579		19.38253462100147		1.2482423782348633		1.539444954419136		0.33614322068691255		0.6722864413738251
580		19.58309855800144		1.402086853981018		1.6780291425132752		0.30416749823093414		0.6083349964618683
581		19.357359842999358		1.3877848386764526		1.665585488536358		0.10650765863656998		0.21301531727313996
582		19.3704868549994		1.1545836925506592		1.4730509806013108		0.7179713101863862		1.4359426203727723
583		19.347609771999487		1.2894388437271118		1.5759518809962272		0.1380858301281929		0.2761716602563858
584		19.33857017199989		1.3466978073120117		1.6158398942255974		0.14760437920689584		0.2952087584137917
585		19.503513695999573		1.4041035175323486		1.672518843612671		0.13023056700825691		0.26046113401651383
586		19.3955767919997		1.2385258674621582		1.5361820859265327		0.33237841736674306		0.6647568347334861
587		19.47940202999962		1.4161953926086426		1.6684887897062302		0.4004935515165329		0.8009871030330658
588		19.543490450001627		1.5482157468795776		1.7678817429947853		0.13827025688290595		0.2765405137658119
589		19.515811265000593		1.3079241514205933		1.5877685170412064		0.10802192004323005		0.2160438400864601
590		19.366659409999556		1.448150396347046		1.6989911313533783		0.19611197391748428		0.39222394783496856
591		19.592309670999384		1.3046460151672363		1.5757617479968071		0.11198628177046775		0.2239725635409355
592		19.505179468998904		1.4604977369308472		1.7172735301280022		0.27586943740844727		0.5517388748168945
593		19.554896129000554		1.3403562307357788		1.6284680190324783		0.4070381286263466		0.8140762572526932
594		19.602956402999553		1.5319026708602905		1.7770710889387131		0.13758068977594376		0.2751613795518875
595		19.536045222999746		1.4765290021896362		1.7267825152850151		0.10295025725960731		0.20590051451921462
596		19.39075952999883		1.4403696060180664		1.7014176335644722		0.2749863575935364		0.5499727151870728
597		19.665416240999548		1.4145138263702393		1.6650106443357469		0.16054796456098558		0.32109592912197116
598		19.708971003999977		1.367286205291748		1.650826951584816		0.356163335955143		0.712326671910286
599		19.76385659100015		1.1864309310913086		1.482279078681469		0.11906279262900353		0.23812558525800706
600		19.542461828999876		1.3979986906051636		1.6745577572345733		0.10553309050798416		0.21106618101596833
601		19.67453741800091		1.267582654953003		1.5567375850701333		0.11792988283038139		0.23585976566076278
602		19.696688731000904		1.279131531715393		1.5679242851948738		0.23265339825749398		0.46530679651498796
603		19.526179795000644		1.4605319499969482		1.7324487510943414		0.3688779686331749		0.7377559372663498
604		19.788226611000937		1.3248907327651978		1.61112167014122		0.6800001698493957		1.3600003396987914
605		19.72858398599965		1.4832202196121216		1.7383017603111266		0.1569437613129616		0.3138875226259232
606		19.590756715999305		1.534074068069458		1.7854204448509217		0.26859028403759		0.53718056807518
607		19.475596367001344		1.3049099445343018		1.5940480870079994		0.11206741324067115		0.2241348264813423
608		19.52075323600002		1.4629104137420654		1.7026761499595642		0.27937893889546395		0.5587578777909279
609		19.733977376999974		1.3558626174926758		1.6346409937810897		0.2522276551604271		0.5044553103208542
610		19.626776320001227		1.304322361946106		1.585864865205288		0.12745137090682984		0.2549027418136597
611		19.744064771999547		1.2662131786346436		1.5576085919809342		0.3054460384011269		0.6108920768022538
612		19.541431689998717		1.4708757400512695		1.7208646030974388		0.1945686900138855		0.389137380027771
613		19.608598011998765		1.134985089302063		1.4392056935501099		0.13308004816770552		0.26616009633541104
614		19.544649581999693		1.2748255729675293		1.5748975179719924		0.10631624205708504		0.21263248411417007
615		19.786207782999554		1.5976392030715942		1.8314135179257394		0.22132743379473685		0.4426548675894737
616		19.719505320999815		1.2741400003433228		1.5622742979836464		0.28287919685840607		0.5657583937168121
617		19.79784439099967		1.261966586112976		1.5404373954701425		0.10135034594237805		0.2027006918847561
618		19.463962627998626		1.5510796308517456		1.7593841969704629		0.11463784002065659		0.22927568004131318
619		19.56540780999967		1.187809705734253		1.4854156172156334		0.1168672618329525		0.233734523665905
620		19.328003102000366		1.3135567903518677		1.5930511514759065		0.20198916127681732		0.40397832255363464
621		19.571779762000006		1.2823303937911987		1.5521943943738938		0.15353516572117806		0.3070703314423561
622		19.621837314000004		1.3437771797180176		1.6066304807186127		0.17044602156281471		0.34089204312562943
623		19.73710427700098		1.4351377487182617		1.6914474830126762		0.10434092387259007		0.20868184774518014
624		19.738323776999096		1.219334602355957		1.5110296917963029		0.26851139796972273		0.5370227959394455
625		19.658175425998706		1.3776838779449463		1.6396434796857833		0.11107964587211609		0.22215929174423218
626		19.549540079000508		1.2757624387741089		1.567025253121853		0.10345416899323463		0.20690833798646927
627		19.582894596000187		1.3112454414367676		1.5948199059081078		0.239544835793972		0.479089671587944
628		19.63283989500087		1.4620267152786255		1.7009658757853507		0.3866802523136139		0.7733605046272278
629		19.69578832099978		1.2306731939315796		1.5265578282785415		0.22131971998214722		0.44263943996429445
630		19.44447198600028		1.2421883344650269		1.534614361436367		0.6459637619376183		1.2919275238752366
631		19.384366030999445		1.6623433828353882		1.870524909517765		0.10073447282612323		0.20146894565224646
632		19.68617805699978		1.2769917249679565		1.5585337845110894		0.2286594797372818		0.4573189594745636
633		19.676171310000427		1.405787467956543		1.667398171298504		0.10442200690507888		0.20884401381015777
634		19.686394644000757		1.3629977703094482		1.6303935428452492		0.157447662204504		0.314895324409008
635		19.58247302500058		1.2632243633270264		1.5523539492988587		0.11612490249574184		0.23224980499148368
636		19.625487556000735		1.2287132740020752		1.5226776926374435		0.12475422976613045		0.2495084595322609
637		19.461679512000046		1.4055354595184326		1.6643133948230744		0.10341436654031276		0.20682873308062552
638		19.455811728999834		1.46800696849823		1.7010614424133301		0.26078236747980116		0.5215647349596023
639		19.457447114000388		1.4377435445785522		1.7032951429986953		0.1748348959207535		0.349669791841507
640		19.57160084899988		1.2946172952651978		1.5742368421077728		0.16842181525230407		0.33684363050460814
641		19.565027548000216		1.2529088258743286		1.535253002538681		0.1954012281537056		0.3908024563074112
642		19.518435706000673		1.2711703777313232		1.552947211623192		0.10962358513474464		0.21924717026948928
643		19.442655491999176		1.3775571584701538		1.6650990043473244		0.21561009131073952		0.43122018262147904
644		19.525897264999003		1.126885175704956		1.446620131173134		0.11013780524134636		0.22027561048269273
645		19.492033653999897		1.3568729162216187		1.6291918219184875		0.10759793064594268		0.21519586129188537
646		19.528407413999957		1.507124662399292		1.733740040602684		0.17832340990900994		0.3566468198180199
647		19.43807698300043		1.3322393894195557		1.6109302839636803		0.31052382583618166		0.6210476516723633
648		19.560131315000035		1.4719555377960205		1.7233249863409996		0.10564491672515869		0.21128983345031738
649		19.495158596999318		1.3031085729599		1.5862508342981338		0.1294490008056164		0.2588980016112328
650		19.325417529000333		1.3244640827178955		1.6058816265106202		0.6080121654748917		1.2160243309497833
651		19.434994400000505		1.2493571043014526		1.5494919595336913		0.12270832511782646		0.24541665023565293
652		19.666320377999		1.4065150022506714		1.6662651269197464		0.25263818261623383		0.5052763652324677
653		19.54080781399898		1.2396612167358398		1.529287057158947		0.27698182199001314		0.5539636439800263
654		19.442196485999375		1.4467544555664062		1.7004262267279624		0.5859423521637916		1.1718847043275833
655		19.467910519000725		1.290202260017395		1.572884462661743		0.48914709070324897		0.9782941814064979
656		19.444311002000177		1.4128578901290894		1.680424292883873		0.13191001434922217		0.26382002869844434
657		19.380050185000073		1.2256590127944946		1.5082250964260102		0.13758726511597633		0.27517453023195265
658		19.65512482200029		1.3645334243774414		1.6402498820066451		0.14061198897957802		0.28122397795915605
659		19.571533457999976		1.504386067390442		1.7537731620812416		0.15745416398644446		0.3149083279728889
660		19.626627773999644		1.2606134414672852		1.5502987772130967		0.14459015136957168		0.28918030273914336
661		19.726660931999504		1.3415249586105347		1.615263407995701		0.1442700793147087		0.2885401586294174
662		19.33047286600049		1.1288179159164429		1.437236171107292		0.15642631337046622		0.31285262674093245
663		19.36766853500012		1.3795790672302246		1.6528175058841705		0.19297500324249267		0.38595000648498534
664		19.480553000001237		1.3746556043624878		1.6569820817351342		0.47994369133114817		0.9598873826622963
665		19.627747254000496		1.3739336729049683		1.6518779325294495		0.10081033611297607		0.20162067222595215
666		19.481786725998973		1.2584761381149292		1.5520137135839462		0.11657075121998788		0.23314150243997575
667		19.44329715599997		1.372413992881775		1.6477279637813569		0.18035111376643181		0.36070222753286363
668		19.38133170400033		1.219628095626831		1.5213947878313065		0.18915686200857162		0.37831372401714325
669		19.39980504200139		1.2595103979110718		1.551026458146572		0.1103557628273964		0.2207115256547928
670		19.50967035099893		1.3610508441925049		1.6507701521253586		0.11368635284900665		0.2273727056980133
671		19.547839622999163		1.2466596364974976		1.534388498175144		0.11749204488396645		0.2349840897679329
672		19.52702137399865		1.2206541299819946		1.517753151218891		0.11408468467593193		0.22816936935186385
673		19.63907522900081		1.4755682945251465		1.729199525859356		0.25339350951910017		0.5067870190382003
674		19.57186818199989		1.3624330759048462		1.6414192788887023		0.13197437746524812		0.26394875493049624
675		19.54298339700108		1.1640064716339111		1.470788702402115		0.13128479720950126		0.2625695944190025
676		19.819586898000125		1.1420198678970337		1.4565730081868171		0.11182193983197213		0.22364387966394425
677		19.47297810099917		1.303670883178711		1.5912662581825257		0.1294721177816391		0.2589442355632782
678		19.45028468900091		1.4315835237503052		1.7105850759148598		0.09824112083911896		0.1964822416782379
679		19.35112118500001		1.3250806331634521		1.6023226870179177		0.18828843938112258		0.37657687876224516
680		19.35656455500066		1.1246318817138672		1.4426540724015235		0.1269009654223919		0.2538019308447838
681		19.335836698001003		1.2233554124832153		1.5106793118476867		0.19559836077690124		0.3911967215538025
682		19.46927389600023		1.1911206245422363		1.4968039810943603		0.12801464987397193		0.25602929974794386
683		19.500610168001003		1.2273547649383545		1.5085528814721108		0.209894883030653		0.419789766061306
684		19.51748381300058		1.2720693349838257		1.5737864838719369		0.12026624888181686		0.24053249776363372
685		19.351023242001247		1.4307982921600342		1.6943962038302423		0.131346776252985		0.26269355250597
686		19.356104436999885		1.199662208557129		1.4933673638415337		0.20580605684518813		0.41161211369037626
687		19.429096976000437		1.3420294523239136		1.6158782823848725		0.17014119958877563		0.34028239917755126
688		19.460149369000646		1.2131304740905762		1.512606197555065		0.5758431776940822		1.1516863553881644
689		19.75173493299917		1.216748595237732		1.5153262127828597		0.38744795971512797		0.7748959194302559
690		19.6994478659999		1.340681552886963		1.620376895749569		0.14633463734984398		0.29266927469968795
691		19.702789156001018		1.329322338104248		1.610569915909767		0.10510705149769783		0.21021410299539567
692		19.64431817500008		1.323107123374939		1.5978854857444764		0.47817052426338197		0.9563410485267639
693		19.378507317000185		1.229589581489563		1.530251229994297		0.12971892220377923		0.25943784440755846
694		19.662230492000162		1.1832554340362549		1.4839658145046235		0.17674953621029854		0.3534990724205971
695		19.486979610999697		1.2995648384094238		1.5792907351326941		0.5274153324782849		1.0548306649565697
696		19.42499318299997		1.400001883506775		1.6604743395090102		0.11462983674108983		0.22925967348217965
697		19.349874384999566		1.1102238893508911		1.4253051023173333		0.15843718376159668		0.31687436752319337
698		19.489240725000855		1.2135412693023682		1.5087547337937355		0.21707354011535646		0.4341470802307129
699		19.470219245000408		1.1707651615142822		1.478805543897152		0.11519325027465821		0.23038650054931642
700		19.56406796400006		1.1635557413101196		1.485678635020256		0.6732842045903206		1.3465684091806411
701		19.721307884999987		1.2534327507019043		1.5392905941748618		0.38446039927005765		0.7689207985401153
702		19.75606260799941		1.4241894483566284		1.6969826919460296		0.23360837576389312		0.46721675152778624
703		19.668744779999543		1.2751030921936035		1.57241145206213		1.0953987410783768		2.1907974821567535
704		19.434828429000845		1.1383588314056396		1.4527335638594627		0.3099296150505543		0.6198592301011085
705		19.514404950001335		1.2055654525756836		1.4893513969278336		0.11124125373065472		0.22248250746130943
706		19.550135920002504		1.3195898532867432		1.5998367847490311		0.36222057411670683		0.7244411482334137
707		19.60675119500229		1.3174996376037598		1.5962134482574464		0.3811758237183094		0.7623516474366188
708		19.653381566000462		1.3646525144577026		1.6390256019568443		0.20140212744474412		0.40280425488948823
709		19.7245669240001		1.1568703651428223		1.4649148182082177		0.13106096895337105		0.2621219379067421
710		19.60506348600029		1.4063458442687988		1.6529421037244796		0.11643143861293792		0.23286287722587584
711		19.584105582998745		1.2386397123336792		1.529414731578827		0.19812529761791228		0.39625059523582457
712		19.561198679999507		1.2157669067382812		1.5127064022684098		0.1301307299077511		0.2602614598155022
713		19.70553371799906		1.1547126770019531		1.4650726521015167		0.13644245200753213		0.27288490401506427
714		19.70874294600071		1.1346229314804077		1.4479366103601456		0.1715673212826252		0.3431346425652504
715		19.583734250998532		1.2592250108718872		1.5417908229398727		0.10015291867852211		0.20030583735704421
716		19.435614770998654		1.2203787565231323		1.5071090758824348		0.26577052901387216		0.5315410580277443
717		19.479018660000293		1.3329311609268188		1.6123759862732887		0.4679895356118679		0.9359790712237358
718		19.684905169000558		1.228367567062378		1.5186701614332199		0.39339645918607713		0.7867929183721543
719		19.75230164900131		1.27419912815094		1.5632656722402574		0.09979958649277687		0.19959917298555374
720		19.720246739001595		1.124090552330017		1.4371817784810066		0.4323408004522324		0.8646816009044648
721		19.637186405001557		1.2324143648147583		1.5120482507395745		0.1274156658053398		0.2548313316106796
722		19.536049205999007		1.147651195526123		1.456565443122387		0.10526141555905343		0.21052283111810685
723		19.5579781109991		1.0997520685195923		1.4225091441488267		0.14052109073996544		0.2810421814799309
724		19.55570324400105		1.1494745016098022		1.4558739074826241		0.11155702958703041		0.22311405917406082
725		19.47278440000082		1.1360589265823364		1.4406964484381675		0.14760947116613388		0.29521894233226775
726		19.56225008000183		1.3886829614639282		1.6400106681442261		0.10828501485586166		0.21657002971172332
727		19.61954888800028		1.1766544580459595		1.4779077747154237		0.21415297383666038		0.42830594767332075
728		19.53930517000117		1.2424273490905762		1.534147389512062		0.17647007257938385		0.3529401451587677
729		19.622026616001676		1.251995325088501		1.553673104903698		0.09738790027499199		0.19477580054998397
730		19.558675756998127		1.1453262567520142		1.4591274111390113		0.11574073324501515		0.2314814664900303
731		19.718747734001226		1.329718828201294		1.604474254720211		0.15599334381818772		0.31198668763637544
732		19.73470490100226		1.2816545963287354		1.5775948882412911		0.09832834599614143		0.19665669199228286
733		19.450397609998618		1.1973659992218018		1.4926259036874772		0.13330249363183974		0.2666049872636795
734		19.61743589500111		1.193846344947815		1.504161750178337		0.1545280661702156		0.3090561323404312
735		19.710670697997557		1.1899582147598267		1.4875273478293418		0.18350833489894866		0.3670166697978973
736		19.475946900001873		1.1988449096679688		1.4954766335058212		0.14517747819423676		0.29035495638847353
737		19.758658725000714		1.134706735610962		1.4449236950826645		0.15003794649839403		0.30007589299678805
738		19.595132178001222		1.3760889768600464		1.6401096558356285		0.09431422065496445		0.1886284413099289
739		19.609529818997544		1.188008427619934		1.4960038531160356		0.8649014771223068		1.7298029542446136
740		19.621640738998394		1.204405665397644		1.5011471555280684		0.14186279830932616		0.2837255966186523
741		19.45358935799959		1.2720059156417847		1.5618847166728973		0.0977285353153944		0.1954570706307888
742		19.550279607999983		1.1379611492156982		1.445093356230259		0.5170245410084724		1.0340490820169448
743		19.784516347001045		1.3809806108474731		1.6383982996487618		0.33256898120045664		0.6651379624009133
744		19.824455129000853		1.1427890062332153		1.466725487086773		0.3406973585128784		0.6813947170257568
745		19.846438712000236		1.0865525007247925		1.4123685122585297		0.19138147582411766		0.3827629516482353
746		19.804903394997382		1.2787821292877197		1.5566229049229623		0.09918067583441734		0.19836135166883467
747		19.762050404002366		1.1017804145812988		1.420070550134182		0.10751512160301209		0.21503024320602418
748		19.77522883599886		1.1322646141052246		1.4512080839133263		0.5901351797938347		1.1802703595876693
749		19.763218092000898		1.231038212776184		1.5265899850940705		0.21744849704504013		0.43489699409008026
750		19.654644746002305		1.156506061553955		1.4572991818118095		0.11150609957575798		0.22301219915151596
751		19.639001653999003		1.3602662086486816		1.6468543111157417		0.19572337653040886		0.3914467530608177
752		19.61895583599835		1.1311779022216797		1.4400431891703607		0.0974900837033987		0.1949801674067974
753		19.609928722002223		1.1705502271652222		1.4816273902821542		0.10333742184937		0.20667484369874
754		19.56760469099754		1.1370679140090942		1.4380884594488144		0.1184899950504303		0.2369799901008606
755		19.59154646800016		1.0821176767349243		1.4103462149429322		0.0953997327774763		0.1907994655549526
756		19.629410687000927		1.3080265522003174		1.5789923057508468		0.16492271504998207		0.32984543009996414
757		19.610939809001138		1.1385867595672607		1.4565061848998069		0.14599498161673546		0.29198996323347093
758		19.546083862998785		1.2796040773391724		1.552168609392643		0.3573457526445389		0.7146915052890778
759		19.47164183700079		1.202444314956665		1.5007822009205818		0.09743485054075718		0.19486970108151436
760		19.322260330001882		1.128297209739685		1.43914028826952		0.09546263100206852		0.19092526200413704
761		19.391509331002453		1.2639435529708862		1.5507730213141442		0.11110539661645889		0.22221079323291779
762		19.57630955100103		1.2813061475753784		1.5773761231040955		0.31360619176626203		0.6272123835325241
763		19.81763850900097		1.0835328102111816		1.4040560346579551		0.1189248173892498		0.2378496347784996
764		19.622140138999384		1.1866893768310547		1.4788672239732743		0.2018089175283909		0.4036178350567818
765		19.576877250001417		1.2963452339172363		1.5794263945364952		0.09344292050898075		0.1868858410179615
766		19.502206963999924		1.1437973976135254		1.4520876424407958		0.5205029492378235		1.041005898475647
767		19.653288227000303		1.1421308517456055		1.4621264192962646		0.09699861532449722		0.19399723064899443
768		19.646691518999432		1.1768953800201416		1.4943152164936067		0.16551535834074022		0.33103071668148043
769		19.587345869000274		1.1870657205581665		1.4957290321660042		0.2821272101402283		0.5642544202804566
770		19.520162049000646		1.1908214092254639		1.4954912305617332		1.3138367686390877		2.6276735372781754
771		19.696678618998703		1.2667086124420166		1.5603316911077498		0.2637920186519623		0.5275840373039246
772		19.591344278996985		1.1922129392623901		1.4904673840093612		0.105871361297369		0.211742722594738
773		19.494403749999037		1.2969048023223877		1.5783121264386177		0.1618436636030674		0.3236873272061348
774		19.579863833998388		1.2007794380187988		1.504031754593849		0.14267637771368027		0.28535275542736055
775		19.561227404999954		1.1923779249191284		1.4947697172951697		0.27857632212638855		0.5571526442527771
776		19.721634146000724		1.1847212314605713		1.4928614112043381		0.11754316084384918		0.23508632168769836
777		19.546212549998017		1.2051329612731934		1.5025485267186165		0.10807389730811119		0.21614779461622238
778		19.502059566999378		1.087616205215454		1.4097113030624389		0.0990313828766346		0.1980627657532692
779		19.497054677998676		1.1143827438354492		1.4260998757004737		0.09342663746476174		0.18685327492952347
780		19.61297735900007		1.2347265481948853		1.5212607372641564		0.1791075621664524		0.3582151243329048
781		19.57351569000093		1.1408517360687256		1.4523619288539886		0.2021881936907768		0.4043763873815536
782		19.619267908998154		1.2313673496246338		1.5225572380042076		0.09685635273158551		0.19371270546317101
783		19.624876821002545		1.0783253908157349		1.3930035192990302		0.1020818171709776		0.2041636343419552
784		19.675293011998292		1.267472267150879		1.5612183044338226		0.09535302215218544		0.19070604430437088
785		19.570422636999865		1.120202660560608		1.4480319381546973		0.09519786940813064		0.1903957388162613
786		19.591457534002984		1.0992696285247803		1.416920534324646		0.14088843604326248		0.28177687208652497
787		19.66201234899927		1.296658992767334		1.5837452833080292		0.31446563960313795		0.6289312792062759
788		19.740927319999173		1.1478554010391235		1.4674251395821571		0.1153226538002491		0.2306453076004982
789		19.66944672200043		1.1975760459899902		1.500146713461876		0.11104793204069137		0.22209586408138274
790		19.627632695999637		1.216625690460205		1.5012401426029205		0.3117710484266281		0.6235420968532562
791		19.569927967000694		1.1659098863601685		1.4770945615530013		0.7429950303316116		1.4859900606632233
792		19.419700266997097		1.1036384105682373		1.4232369146299362		0.09261297417879105		0.1852259483575821
793		19.524290961002407		1.182207703590393		1.4981907987904548		0.20520495465993882		0.41040990931987764
794		19.65045341000223		1.183601975440979		1.4851102145409585		0.11076560886204243		0.22153121772408485
795		19.44043834799959		1.1648297309875488		1.4788506003808974		0.2866638022184372		0.5733276044368744
796		19.683516072000202		1.0867279767990112		1.407251810479164		0.17274948038458823		0.34549896076917647
797		19.449313887002063		1.115091323852539		1.4291781363415719		0.3384355633676052		0.6768711267352104
798		19.583847224999772		1.1929895877838135		1.488340811612606		0.0971224650979042		0.1942449301958084
799		19.548763200000394		1.009963035583496		1.3468618646621704		0.23328930146694182		0.46657860293388365
800		19.606953865000833		1.1358790397644043		1.438249653749466		0.12535976740717888		0.25071953481435777
801		19.647890143998666		1.1390572786331177		1.4532426865458488		0.3410356741130352		0.6820713482260704
802		19.559116396001627		1.0551851987838745		1.386641603014469		0.24607149314880372		0.49214298629760744
803		19.63252359300168		1.1711928844451904		1.4780234994912147		0.10133852021694183		0.20267704043388365
804		19.598374675999366		1.0656688213348389		1.3874911401176453		0.11345749806761742		0.22691499613523483
805		19.580177023999568		1.2662447690963745		1.5566466306090354		0.1205496824502945		0.241099364900589
806		19.69685395399938		1.1893136501312256		1.4858824915361404		0.11697559887170791		0.23395119774341583
807		19.707896805997734		1.117912769317627		1.4296879971241951		0.0998956338942051		0.1997912677884102
808		19.587823828002		1.1593365669250488		1.473580793042183		0.12254765397310256		0.24509530794620513
809		19.662236948999634		1.1096351146697998		1.4282937956881523		0.09493277462422847		0.18986554924845694
810		19.643294071000128		1.0753371715545654		1.399515663383007		0.10942641118764877		0.21885282237529755
811		19.566671005999524		1.165096640586853		1.4517987735891342		0.11304468559622764		0.22608937119245529
812		19.709388602001127		1.1176005601882935		1.4308657122564317		0.16810952328443526		0.3362190465688705
813		19.628370937		1.116339921951294		1.4429637466239928		0.187880359429121		0.375760718858242
814		19.772099424997577		1.2121667861938477		1.515780234167576		0.09400336452126502		0.18800672904253005
815		19.751804968000215		1.0809712409973145		1.4016902550840378		0.10180174689292908		0.20360349378585815
816		19.69595535500048		1.0933574438095093		1.4121012543320657		0.09699410516917706		0.19398821033835412
817		19.516932943999564		1.1441136598587036		1.4483394291424752		0.12554167494177818		0.25108334988355635
818		19.573003919998882		1.1762983798980713		1.4883604997563362		0.19837785428762436		0.3967557085752487
819		19.728945298000326		1.1245313882827759		1.4310345956850052		0.10467111486196518		0.20934222972393035
820		19.894975953997346		1.0925817489624023		1.4205784200024605		0.09448115195930004		0.18896230391860008
821		19.758426622000115		1.1279072761535645		1.4494850099658967		0.12651432358026504		0.2530286471605301
822		19.604761164999218		1.1018702983856201		1.4200143031668664		0.11841182679533958		0.23682365359067917
823		19.53679386300064		1.1234630346298218		1.4365389320731163		0.20214853192567825		0.4042970638513565
824		19.631453349000367		1.1609059572219849		1.4767377449011803		0.1443765952885151		0.2887531905770302
825		19.62583380200158		1.1254831552505493		1.4369424015140533		0.20521978945732117		0.41043957891464233
826		19.440523809000297		1.026289463043213		1.3654568119740487		0.34237362623214723		0.6847472524642945
827		19.663243374001468		1.1193408966064453		1.4374385662555695		0.2684741002202034		0.5369482004404068
828		19.60830893199818		1.1395142078399658		1.4497724284791946		0.1323885462641716		0.2647770925283432
829		19.682560172001104		1.055800199508667		1.387083002705574		0.10770475074946881		0.21540950149893762
830		19.4159747900012		1.197205662727356		1.4947232376194		0.14852384825348855		0.2970476965069771
831		19.555826943000284		1.0987526178359985		1.4109361155056954		0.15443897156119346		0.3088779431223869
832		19.642599576000066		1.1470345258712769		1.456081498990059		0.0952319505393505		0.190463901078701
833		19.58586788499815		1.1130561828613281		1.4277311226963998		0.09240821787118912		0.18481643574237824
834		19.81541650500003		1.171712040901184		1.4784934981465339		0.12357383610606193		0.24714767221212386
835		19.640129628998693		1.157045841217041		1.464190209169388		0.09055159324109555		0.1811031864821911
836		19.528531506002764		1.1451255083084106		1.4523041421175003		0.2834041088104248		0.5668082176208497
837		19.688482834997558		1.1052632331848145		1.4305229499030114		0.12490273480415344		0.24980546960830688
838		19.550815187998523		1.0509196519851685		1.3751946805095672		0.08993163975477218		0.17986327950954437
839		19.70359314899906		1.1939347982406616		1.4973604342007638		0.09377672081589698		0.18755344163179397
840		19.392280660002143		1.149244785308838		1.4678572859096528		0.18569208986759186		0.37138417973518373
841		19.582207185998413		1.1771072149276733		1.4872645398521422		0.21435145000815392		0.42870290001630784
842		19.360443994999514		1.1819226741790771		1.4872568734312057		0.16655283765792847		0.33310567531585694
843		19.489028947002225		1.0981495380401611		1.41846919059515		0.09558097671866417		0.19116195343732834
844		19.617681788000482		1.0197898149490356		1.3469263168644905		0.16355624358057977		0.32711248716115954
845		19.544340537999233		1.1505322456359863		1.4550225482559205		0.09047102806568146		0.1809420561313629
846		19.49020080199989		1.1576030254364014		1.4667571935725212		0.09597260290682316		0.19194520581364632
847		19.507104755997716		1.0758860111236572		1.3914583818507194		0.10257295031249523		0.20514590062499047
848		19.39451053999801		1.0963233709335327		1.4108505459976197		0.16810680438280107		0.33621360876560213
849		19.65736047199971		1.1075669527053833		1.4267849050426482		0.1011133944272995		0.202226788854599
850		19.699888728999213		1.2509490251541138		1.5448744353795052		0.11703347234129906		0.23406694468259812
851		19.719501201998355		1.0803521871566772		1.3968058289313317		0.3358898856282234		0.6717797712564468
852		19.701668701000017		1.03972327709198		1.3667826979207993		0.09348367099761963		0.18696734199523926
853		19.79205834700042		1.1847424507141113		1.4838712536215781		0.09365658918321133		0.18731317836642267
854		19.75750522800081		1.0941476821899414		1.4121592257118225		0.11371261718869209		0.22742523437738418
855		19.636041933998058		1.0600248575210571		1.379364474117756		0.1071106207370758		0.2142212414741516
856		19.531632550999348		1.145933985710144		1.4499763883066177		0.1892898218691349		0.3785796437382698
857		19.488333927001804		1.020797610282898		1.3536800910186768		0.14101242504119874		0.28202485008239747
858		19.438695075001306		1.2249741554260254		1.5179002410960198		0.17659300342202186		0.3531860068440437
859		19.42805397600023		1.1501293182373047		1.4552352502441406		0.11775093207359313		0.23550186414718627
860		19.43087637699864		1.248080849647522		1.5439472108721732		0.5481820453643799		1.0963640907287597
861		19.679641947001073		1.1569312810897827		1.4684137126541137		0.22359466019272806		0.4471893203854561
862		19.727807911000127		1.0438907146453857		1.3691407598090173		0.23138296368718148		0.46276592737436295
863		19.78664069500155		1.0926132202148438		1.413805598654747		0.41985878519415853		0.8397175703883171
864		19.89807892799945		1.1519120931625366		1.4624905414032936		0.1067296515583992		0.2134593031167984
865		19.77124761400046		1.0475164651870728		1.3797509599995612		0.2954041951060295		0.590808390212059
866		19.452868004002084		1.0001282691955566		1.3329434077596665		0.10202909643650054		0.2040581928730011
867		19.504257826003595		1.1512537002563477		1.458420334136486		0.09880619854927063		0.19761239709854125
868		19.806677477998164		1.0499343872070312		1.3725550926208496		0.15025668620467186		0.3005133724093437
869		19.611768892002146		1.073187232017517		1.401059046652317		0.13035537155866622		0.26071074311733244
870		19.530098062001343		1.0153188705444336		1.355633147239685		0.5302079976558686		1.0604159953117371
871		19.45860848099983		1.0847548246383667		1.4014388784241676		0.0880871609479189		0.1761743218958378
872		19.39207840800009		0.9938768744468689		1.3361881721997262		0.1530424155473709		0.3060848310947418
873		19.46884720700109		1.1441097259521484		1.451785346314907		0.1720912729859352		0.3441825459718704
874		19.513110636999045		1.0472077131271362		1.3707430861258507		0.23191248687505722		0.46382497375011444
875		19.547623050002585		1.0245325565338135		1.353160796046257		0.5425288167178631		1.0850576334357263
876		19.58425817999887		1.0212361812591553		1.3482954829072953		0.09239287484884262		0.18478574969768524
877		19.532670202999725		1.0043362379074097		1.3415538166832923		0.14414389477968215		0.2882877895593643
878		19.606753041000047		1.135888695716858		1.4397077303886414		0.13537146978974343		0.27074293957948686
879		19.627617772999656		1.0935747623443604		1.422904538140297		0.09755514006912708		0.19511028013825416
880		19.670568878002086		1.0237469673156738		1.357596918449402		0.09780219091176987		0.19560438182353973
881		19.606654319999507		1.0716208219528198		1.3958169074773787		0.11273139497637749		0.22546278995275498
882		19.528987738001888		1.0413544178009033		1.3733961226534843		0.16248929703235626		0.3249785940647125
883		19.416565330000594		0.9921086430549622		1.3314206533145905		0.11593358534574509		0.23186717069149018
884		19.410941236998042		1.0748075246810913		1.3978191698932647		0.11346755074858665		0.2269351014971733
885		19.34892043199943		1.1713794469833374		1.4657749142766		0.08871130209863186		0.17742260419726372
886		19.491260252998472		1.1439257860183716		1.4601180030059815		0.08813636776804924		0.17627273553609848
887		19.670022063000943		1.0391119718551636		1.367510868794918		0.24831034920215606		0.4966206984043121
888		19.555158752998977		1.0435749292373657		1.371533241403103		0.1124469763994217		0.2248939527988434
889		19.436606317998667		1.1278965473175049		1.4406470050978661		0.2839110605955124		0.5678221211910248
890		19.36036135500035		1.0396478176116943		1.3764423388814926		0.10476769944429398		0.20953539888858796
891		19.398785194000084		0.9924398064613342		1.3324835392045975		0.11254399745464325		0.2250879949092865
892		19.722734740000305		1.1938740015029907		1.4970029541468621		0.12360144812464714		0.24720289624929428
893		19.445271350999974		1.1017273664474487		1.4213234127569199		0.0916686266541481		0.1833372533082962
894		19.645806627002457		0.9932831525802612		1.332688258125782		0.26744282801151276		0.5348856560230255
895		19.680573431000084		1.0213454961776733		1.3577603097534179		0.08915304134488106		0.1783060826897621
896		19.53430160700009		1.101399540901184		1.4108820018553734		0.14082467706799506		0.2816493541359901
897		19.459016327000427		1.0189768075942993		1.3487756666254997		0.13931750259399414		0.2786350051879883
898		19.611632012998598		0.9812963604927063		1.3211162639379501		0.09222111777365208		0.18444223554730416
899		19.62464213899875		1.036455512046814		1.3615894890618325		0.2580607614517212		0.5161215229034424
900		19.60507929599771		1.0383185148239136		1.3699711272358894		0.09623502506613732		0.19247005013227464
901		19.51786208900012		1.0143096446990967		1.3473007722830772		0.10577017267942429		0.21154034535884858
902		19.693971832002717		1.0337773561477661		1.3744601546788215		0.0904424684047699		0.1808849368095398
903		19.73310639900228		0.9948338866233826		1.335520639770031		0.1434289374947548		0.2868578749895096
904		19.55484161200002		1.0792969465255737		1.4023933856153488		0.2552791975498199		0.5105583950996399
905		19.838476656997955		0.9796456098556519		1.320281769554615		0.3389371815621853		0.6778743631243705
906		19.609613548000198		1.0364744663238525		1.360371343832016		0.08783060925900936		0.17566121851801872
907		19.7138740219998		1.0637385845184326		1.3845845235967635		0.12026150480508804		0.2405230096101761
908		19.715845244001684		0.9894533157348633		1.3265309614229202		0.11630782777071		0.23261565554142
909		19.50183289299821		1.0661582946777344		1.3902191646003723		0.13160371168255805		0.2632074233651161
910		19.689176284002315		1.0849326848983765		1.4177514388108254		0.1018568233191967		0.2037136466383934
911		19.495198185002664		0.9891273975372314		1.3265334651994705		0.22524140612483023		0.45048281224966047
912		19.520886014001007		1.016533374786377		1.3458730571246147		0.08865875717103482		0.17731751434206963
913		19.454023205998965		1.026007056236267		1.3626019421124458		0.11962123345136642		0.23924246690273285
914		19.53342247600085		0.9795130491256714		1.3149031095075607		0.1111328520566225		0.222265704113245
915		19.5464240049987		1.0670557022094727		1.3949692024755478		0.2424234994530678		0.4848469989061356
916		19.605784395000228		0.9601770043373108		1.3022998644089698		0.09521649685502052		0.19043299371004105
917		19.55745715300145		1.0495688915252686		1.3737070839691161		0.09196925458610059		0.18393850917220117
918		19.551339370998903		1.0588566064834595		1.3770106480813027		0.10273960592746735		0.2054792118549347
919		19.50225988799866		1.0655275583267212		1.3927262741971016		0.09174688338637352		0.18349376677274704
920		19.413098417000583		0.9468210935592651		1.2851419496273995		0.20595359659790993		0.41190719319581987
921		19.302724713998032		1.0028048753738403		1.3407257862138748		0.09000438044667244		0.1800087608933449
922		19.351117654001428		0.9938144087791443		1.3291424248075485		0.34885722745656966		0.6977144549131393
923		19.492414199998166		1.0048043727874756		1.3335320977306366		0.08573141253590584		0.17146282507181168
924		19.545468806998542		1.0157074928283691		1.355587000296116		0.10699396855831146		0.21398793711662292
925		19.375811424000858		0.9383298754692078		1.2775192507600783		0.09544835910499096		0.1908967182099819
926		19.509718964000058		1.0771514177322388		1.395299014108181		0.15569559716582299		0.31139119433164597
927		19.39007734400002		1.0428907871246338		1.3669052242970468		0.0908812111645937		0.1817624223291874
928		19.348211622000235		0.9934901595115662		1.3340175475907325		0.3515276107847691		0.7030552215695381
929		19.415572143003374		1.0722006559371948		1.3912661900115013		0.09795078142881393		0.19590156285762786
930		19.38843769700179		1.005906581878662		1.3396788590574265		0.1412105663716793		0.2824211327433586
931		19.54944253299982		1.0542972087860107		1.379231715800762		0.44819432485103605		0.8963886497020721
932		19.491122367999196		0.9817948937416077		1.3188299296665191		0.09902925392985344		0.19805850785970688
933		19.583516279999458		0.9927902221679688		1.329944549934864		0.22588592665195464		0.4517718533039093
934		19.629808065998077		0.9894954562187195		1.319344575200081		0.12868079172372818		0.25736158344745635
935		19.729740374001267		0.9969304203987122		1.336359228811264		0.27145329271554947		0.5429065854310989
936		19.65749105299983		1.0085406303405762		1.3500377042198182		0.1322900681078434		0.2645801362156868
937		19.63824508399921		1.0091599225997925		1.3384673520731927		0.08523708743453026		0.17047417486906052
938		19.613956651999615		1.0117716789245605		1.3472529311561585		0.4925253033876419		0.9850506067752838
939		19.650699214998895		1.0210000276565552		1.3630586624288559		0.6501209865212441		1.3002419730424881
940		19.638428223999654		1.0088948011398315		1.3384770031118394		0.09133545442223549		0.18267090884447099
941		19.58410763500069		1.0518455505371094		1.3692616471767425		0.12344772396683693		0.24689544793367385
942		19.541444452999713		0.9917322993278503		1.3222526351952553		0.10204910474717617		0.20409820949435234
943		19.543367392998334		0.9613807797431946		1.2988414935183525		0.16091217401623725		0.3218243480324745
944		19.37834034900152		1.0162681341171265		1.349755677573681		0.08833917121887207		0.17667834243774413
945		19.458409905000735		0.9453088641166687		1.2827794716668128		0.12496424840688705		0.2499284968137741
946		19.511729254001693		0.9585975408554077		1.2998829290628433		0.16916716467142104		0.3383343293428421
947		19.539554121001856		0.9912588000297546		1.330146291577816		0.10999336995482445		0.2199867399096489
948		19.614290928002447		0.9703420996665955		1.3010653733730315		0.08538477251827717		0.17076954503655434
949		19.611290150001878		0.9805736541748047		1.3217340905737878		0.08446656510531902		0.16893313021063805
950		19.58853548800107		1.060508131980896		1.38110230809927		0.11038095404207707		0.22076190808415413
951		19.6449022170018		1.005829095840454		1.3385170730757714		0.08405305277705193		0.16810610555410385
952		19.610590841002704		1.0164849758148193		1.3554140375876427		0.09900579015314578		0.19801158030629157
953		19.70133357799932		0.9506120681762695		1.2975605219340325		0.09274509246051311		0.18549018492102623
954		19.713389242999256		0.9941338896751404		1.336645747077465		0.09155641513168812		0.18311283026337624
955		19.557323475000885		0.9930329322814941		1.3220777840995788		0.10420404411256314		0.20840808822512627
956		19.474600051999005		0.9286812543869019		1.2753201402163505		0.6703268641233444		1.3406537282466888
957		19.481986244001746		1.0376262664794922		1.3548980604028702		0.258174188888073		0.516348377776146
958		19.60968990299807		0.9577620029449463		1.3012848256707192		0.23651708763837814		0.4730341752767563
959		19.763807360999635		0.9536812901496887		1.2935691481113434		0.21881377562880516		0.4376275512576103
960		19.769135529997584		0.9829761981964111		1.3189044099617004		0.08515744153261184		0.1703148830652237
961		19.70352814600119		0.9570481777191162		1.2985695794343948		0.4083836213231087		0.8167672426462174
962		19.60240352600158		0.9999428391456604		1.3366362992596625		0.3573257011294365		0.714651402258873
963		19.462743643998692		1.0238628387451172		1.347329318768978		0.08673590212464333		0.17347180424928665
964		19.464773248997517		0.917242169380188		1.2693840059542656		0.11525552556812763		0.23051105113625525
965		19.53569300900199		1.00518000125885		1.3464268362641334		0.13693103231191636		0.2738620646238327
966		19.6711150480005		0.982054591178894		1.3249690380501746		0.08477338553965091		0.16954677107930183
967		19.518896813999163		1.0208286046981812		1.3521250698423386		0.2625784513950348		0.5251569027900695
968		19.373105135000515		1.0165599584579468		1.3476374252200127		0.10161017732918262		0.20322035465836524
969		19.317722511998		0.9314305782318115		1.2747247329115867		0.09504482163786888		0.19008964327573777
970		19.427491975999146		0.9738070964813232		1.3248264250683786		0.08438183200657368		0.16876366401314735
971		19.60068327999761		0.9179685115814209		1.2716626436686516		0.12199348638057708		0.24398697276115416
972		19.518793917999574		1.0003215074539185		1.3356029950833321		0.16800869117975234		0.3360173823595047
973		19.685860102999868		1.0059747695922852		1.338524109237194		0.08733197453320027		0.17466394906640054
974		19.60654108900053		0.9356616735458374		1.2706758791589736		0.08321047420799732		0.16642094841599464
975		19.641955825998593		0.9203425645828247		1.2683068017029762		0.1035132626503706		0.2070265253007412
976		19.483769724000013		0.9386972188949585		1.2784076329731942		0.08674916693866253		0.17349833387732505
977		19.661724726000102		0.9573709964752197		1.2960137031793595		0.5160874125063419		1.0321748250126839
978		19.683740878001117		1.005146861076355		1.3439884209179878		0.11539253768324852		0.23078507536649703
979		19.527586421001615		1.02411687374115		1.3568067367267609		0.0958688104569912		0.1917376209139824
980		19.422701859999506		0.9601377248764038		1.3042991178059578		0.11237964410185813		0.22475928820371627
981		19.359245403000386		0.9495289325714111		1.299599238576889		0.0891202690243721		0.1782405380487442
982		19.66472565100048		0.9681305289268494		1.3093697787189484		0.1994240420937538		0.3988480841875076
983		19.604360072997224		0.9398399591445923		1.2796618000459672		0.08327320349812507		0.16654640699625015
984		19.553263336998498		0.949317216873169		1.2891686224722863		0.200647318816185		0.40129463763237
985		19.52687129200058		0.9947366118431091		1.3276928836679458		0.10200145497322083		0.20400290994644166
986		19.4828791559994		0.9590303897857666		1.2996165276789666		0.15509382520914078		0.31018765041828156
987		19.367006872002094		0.993725597858429		1.3350981481933595		0.08374509295225144		0.16749018590450288
988		19.352161442999204		0.9262992143630981		1.2790762300729752		0.08491276168525219		0.16982552337050438
989		19.414657489000092		0.9708473682403564		1.3151664388275146		0.0991678986042738		0.1983357972085476
990		19.496077317999152		0.9189407825469971		1.2669359661364554		0.12296504049897194		0.2459300809979439
991		19.42191166200064		0.9585217237472534		1.293633871600628		0.08577687615454196		0.17155375230908393
992		19.59136869699796		0.9704683423042297		1.2991810013890266		0.10227555562853813		0.20455111125707626
993		19.409547334998933		0.9380251169204712		1.2788535119128228		0.1442699306309223		0.2885398612618446
994		19.37633691800147		0.9512141346931458		1.296892750301361		0.08371274319291115		0.1674254863858223
995		19.460813536999922		0.9010685086250305		1.2585073609685897		0.08843726988136769		0.17687453976273537
996		19.5442663549984		1.0560215711593628		1.376522189230919		0.2433990060210228		0.4867980120420456
997		19.497554492001655		0.9563496112823486		1.2961359612607957		0.1268147188782692		0.2536294377565384
998		19.548469452001882		0.9475712180137634		1.2858039317202568		0.08782316955626011		0.17564633911252023
999		19.36290573700171		0.9539247155189514		1.2985568873476983		0.28299930104017257		0.5659986020803451
1000		19.51993809399937		0.9228785037994385		1.2674338287615776		0.11318538064360618		0.22637076128721237
1001		19.55324698199911		0.936837375164032		1.2797619582486153		0.1323725675404072		0.2647451350808144
1002		19.343988840999373		0.9780848026275635		1.3147782262539864		0.08468073256909847		0.16936146513819694
1003		19.41656596499888		0.9166832566261292		1.2680949289369583		0.09022949459552765		0.1804589891910553
1004		19.359068222998758		1.009170651435852		1.3532290950322152		0.08578516209721565		0.1715703241944313
1005		19.374187773999438		0.9292833209037781		1.2771645192694665		0.1390286744594574		0.2780573489189148
1006		19.257136406002246		0.9363160729408264		1.2821538721060752		0.08356445827782154		0.16712891655564308
1007		19.349785276001057		0.9222346544265747		1.2706448716235161		0.10092634852528572		0.20185269705057143
1008		19.449654459996964		0.9216742515563965		1.2679990836119652		0.16417776433229447		0.32835552866458895
1009		19.401127791999897		0.9354889392852783		1.2800716535186767		0.0968242571502924		0.1936485143005848
1010		19.382616522998433		0.9876497983932495		1.337122507519722		0.17321313973665237		0.34642627947330473
1011		19.317801695000526		0.9068397283554077		1.2608668259906768		0.10403952625691891		0.20807905251383782
1012		19.24686787799874		0.9418782591819763		1.2885522114038468		0.12350141274333		0.24700282548666
1013		19.399982759001432		0.9845701456069946		1.3149178932309151		0.08317407606244087		0.16634815212488174
1014		19.49033382199923		0.9407608509063721		1.2766668184804917		0.20277526970505713		0.40555053941011426
1015		19.481728088001546		0.905236542224884		1.2509149414801597		0.12080512033700944		0.24161024067401887
1016		19.415255300002173		0.9502183198928833		1.2911748423957825		0.08320884970128536		0.16641769940257073
1017		19.348776270999224		0.9248470664024353		1.2703433108901978		0.08595087476372719		0.17190174952745438
1018		19.418364719997044		0.9220159649848938		1.2702377418899535		0.08201916490197182		0.16403832980394364
1019		19.38662280599965		0.974683403968811		1.3126838701677321		0.09673853948712349		0.19347707897424699
1020		19.505137685999216		0.9469215869903564		1.2851565359020234		0.08832407987713814		0.17664815975427628
1021		19.474966066998604		0.8867062926292419		1.2397039786171913		0.3019309037923813		0.6038618075847626
1022		19.352834725999855		0.9510839581489563		1.2918181784510612		0.12281374762654304		0.24562749525308608
1023		19.299677897000947		0.9528887867927551		1.3042267956781388		0.1293592271089554		0.2587184542179108
1024		19.4797091060027		0.9149373769760132		1.2658857837033273		0.09137619027495385		0.1827523805499077
1025		19.47532470099759		0.8726868033409119		1.2349109162044525		0.08542225680053234		0.17084451360106467
1026		19.459877336001227		0.9073124527931213		1.2617362041568756		0.1007125838816166		0.2014251677632332
1027		19.42731156300215		0.9073067903518677		1.2566037194681168		0.1741196573793888		0.3482393147587776
1028		19.543055269001343		0.9231466054916382		1.2708907931900024		0.34560934706926344		0.6912186941385269
1029		19.406853396998486		0.893299400806427		1.2450479899191857		0.08634485219717025		0.1726897043943405
1030		19.45179112400001		0.889272928237915		1.2374508930301666		0.08170322055518627		0.16340644111037253
1031		19.662500843998714		0.948099672794342		1.2891207487750054		0.17735126392245293		0.35470252784490586
1032		19.458079430001817		0.9215947389602661		1.26763753166914		0.08302809562683106		0.1660561912536621
1033		19.29752405900217		0.8999128937721252		1.2425646562170982		0.08031679385900498		0.16063358771800995
1034		19.478081412999018		0.9034509658813477		1.2456768979859352		0.11477107899785041		0.22954215799570082
1035		19.548103973000252		0.9080658555030823		1.2594406980133057		0.08164469305872918		0.16328938611745836
1036		19.746040646998154		0.8974127173423767		1.2511138591074944		0.09016530837714672		0.18033061675429343
1037		19.70457529900159		0.9653305411338806		1.3048015290427208		0.2502881662070751		0.5005763324141502
1038		19.65615602899925		0.9236977696418762		1.2721404374837875		0.16210792844891547		0.32421585689783095
1039		19.543072119999124		0.916145920753479		1.2686272439980506		0.08860021838247777		0.17720043676495553
1040		19.771313612000085		0.9256413578987122		1.2760881409430505		0.3804490830898285		0.760898166179657
1041		19.676084080998407		0.8864294290542603		1.2378036778521537		0.08282165902256966		0.16564331804513932
1042		19.754307998002332		0.8931422233581543		1.2411234935259818		0.2656217355668545		0.531243471133709
1043		19.512983940003323		0.9557754397392273		1.3047961920833588		0.09854240328669547		0.19708480657339095
1044		19.68018495800061		0.9094081521034241		1.2513353983020783		0.08900450453162194		0.17800900906324388
1045		19.716803600000276		0.9198155999183655		1.2644156255841255		0.19958933282494545		0.3991786656498909
1046		19.335758831999556		0.8841304183006287		1.2412535251069068		0.09688637211918831		0.19377274423837662
1047		19.41179007000028		0.9042381644248962		1.2537952708554267		0.08019115703999996		0.16038231407999992
1048		19.394349569000042		0.8683936595916748		1.215201538963318		0.2366970291554928		0.4733940583109856
1049		19.565276265999273		0.9338857531547546		1.286884630832672		0.20785389901697635		0.4157077980339527
1050		19.45150154199655		0.8864827752113342		1.241450376741886		0.09869852576553821		0.19739705153107642
1051		19.509312463000242		0.8856885433197021		1.2404083849525451		0.08491703484654427		0.16983406969308854
1052		19.40923147599824		0.894878089427948		1.2520938835430144		0.09152871691286564		0.18305743382573128
1053		19.55885942399982		0.8692929744720459		1.230072367720604		0.09368897342085838		0.18737794684171677
1054		19.59708779599896		0.9260991811752319		1.269915630326271		0.08596374188959599		0.17192748377919198
1055		19.716477321999264		0.9106217622756958		1.2615665019488336		0.1650328534066677		0.3300657068133354
1056		19.71307384800093		0.8953930139541626		1.2458954229044914		0.21630814603567122		0.43261629207134245
1057		19.67755687099998		0.8862030506134033		1.2419285887408256		0.07937034426033497		0.15874068852066994
1058		19.661119912001595		0.8996265530586243		1.256210369310379		0.19255662885904312		0.38511325771808624
1059		19.581816502999573		0.8702695369720459		1.2290896254992485		0.11726637598276138		0.23453275196552276
1060		19.625256205999904		0.9298768639564514		1.2771370203661918		0.09002889024317265		0.1800577804863453
1061		19.65756427100132		0.8893508911132812		1.2432380770230294		0.09102980506122112		0.18205961012244223
1062		19.712414589001128		0.8806576132774353		1.2343409045672418		0.0975617036819458		0.1951234073638916
1063		19.740069457999198		0.9099810123443604		1.2564299199533462		0.07962710139155388		0.15925420278310776
1064		19.66741298800116		0.8934391736984253		1.2490232192611694		0.08818819374144077		0.17637638748288154
1065		19.681090635000146		0.8788226246833801		1.2366080979514122		0.07887296779453755		0.1577459355890751
1066		19.60169444499843		0.9010504484176636		1.255125270898342		0.08945678285360337		0.17891356570720673
1067		19.66518544599967		0.9019886255264282		1.2472703940725327		0.11103682804107666		0.22207365608215332
1068		19.54594621999786		0.8764360547065735		1.2260252192735672		0.08296601445972919		0.16593202891945838
1069		19.537628266996762		0.882628858089447		1.235465674123764		0.11127435041666031		0.22254870083332062
1070		19.48922519199914		0.887313187122345		1.2357496403813362		0.07919819249510765		0.1583963849902153
1071		19.52111866999985		0.8786392211914062		1.2280667118692399		0.14399215849041938		0.28798431698083876
1072		19.615198122999573		0.8734514713287354		1.2285755394363402		0.10498675426840783		0.20997350853681565
1073		19.559885337002925		0.8833372592926025		1.2350943318462373		0.08233989830911159		0.16467979661822318
1074		19.598869531000673		0.9054878950119019		1.26144998200655		0.08767935319542886		0.1753587063908577
1075		19.54475893899871		0.8511559367179871		1.2070455185961724		0.11829604670405387		0.23659209340810775
1076		19.62724705599976		0.9086492657661438		1.2564058087086678		0.09785724189877511		0.19571448379755021
1077		19.595821866001643		0.8513363599777222		1.2111120848631858		0.14846824836432934		0.2969364967286587
1078		19.75559946700014		0.8691469430923462		1.227838485455513		0.08125685797333718		0.16251371594667435
1079		19.557807206998405		0.8789536356925964		1.2318438003897667		0.11116423677802086		0.2223284735560417
1080		19.51568557599967		0.9057605862617493		1.2622120328569413		0.1268917589843273		0.2537835179686546
1081		19.6245886550023		0.8738532066345215		1.22971942322731		0.09993090925812721		0.19986181851625442
1082		19.688794525001867		0.8728322982788086		1.2254247602725028		0.10506436859667301		0.21012873719334602
1083		19.59962194000036		0.8522418737411499		1.2151553866052627		0.2299068313896656		0.4598136627793312
1084		19.565616249001323		0.8859491944313049		1.2349450574016572		0.10139766889810563		0.20279533779621126
1085		19.52735076799945		0.8858487010002136		1.2351039584946633		0.09259044909477233		0.18518089818954467
1086		19.501730779000354		0.8702377080917358		1.2234379444515706		0.08268196346461773		0.16536392692923546
1087		19.729100245000154		0.8856444358825684		1.236835619852543		0.08004653013646602		0.16009306027293205
1088		19.603285061999486		0.9102016687393188		1.2633337437868117		0.08418412563204765		0.1683682512640953
1089		19.677778706001845		0.8898366689682007		1.2385194102621078		0.11264164912700653		0.22528329825401305
1090		19.584048685002927		0.891555905342102		1.2409837231445313		0.0874207057416439		0.1748414114832878
1091		19.72095813100168		0.8531959056854248		1.2075735147547721		0.0913195257127285		0.182639051425457
1092		19.50794598900029		0.8667654395103455		1.2210416073799133		0.08080730022788048		0.16161460045576095
1093		19.502132382000127		0.8745500445365906		1.225549857776165		0.09311778925061226		0.18623557850122452
1094		19.642258161999052		0.8871724009513855		1.2440046337676047		0.09143280488252639		0.18286560976505278
1095		19.787872090000747		0.8513862490653992		1.2067481128883362		0.07972413426339627		0.15944826852679253
1096		19.83624367700031		0.8677526116371155		1.2225097202777861		0.07762603542804718		0.15525207085609435
1097		19.574803769002756		0.8947004675865173		1.249985810213089		0.1964917003750801		0.3929834007501602
1098		19.532465405001858		0.854358434677124		1.21233724953413		0.07824722839891911		0.15649445679783822
1099		19.659171448998677		0.8904343247413635		1.243534833753109		0.09522110517919063		0.19044221035838127
1100		19.613906639999186		0.8697431087493896		1.221200108935833		0.0775873537003994		0.1551747074007988
1101		19.45183701299902		0.8554223775863647		1.2104267091822625		0.09773871214091778		0.19547742428183557
1102		19.67011160200127		0.8779593706130981		1.2327098239374161		0.0956687978386879		0.1913375956773758
1103		19.713117002997024		0.8468153476715088		1.203318946225643		0.09943665371835232		0.19887330743670464
1104		19.584724002001167		0.8424049019813538		1.1960560451674462		0.08964545510709286		0.17929091021418572
1105		19.611694515002455		0.8451020121574402		1.2042005622529983		0.08263024626672268		0.16526049253344535
1106		19.569582398999046		0.8716121912002563		1.2294487888526917		0.07865148803591729		0.15730297607183458
1107		19.71612210600142		0.8571911454200745		1.2085376031947135		0.07802458597719669		0.15604917195439338
1108		19.746901851001894		0.8820396661758423		1.2337410486412048		0.0804195829242468		0.1608391658484936
1109		19.817457794000802		0.8940446376800537		1.2447005171346663		0.21749175451397895		0.4349835090279579
1110		19.814204157999484		0.8666999936103821		1.2188514139008522		0.1566783772110939		0.3133567544221878
1111		19.71207595300075		0.8736920356750488		1.228596716929674		0.12100715415477753		0.24201430830955506
1112		19.78102717799993		0.8547894358634949		1.2075614217448234		0.08746213289797306		0.1749242657959461
1113		19.50501481199899		0.8225744366645813		1.1818060743689538		0.11616605502068997		0.23233211004137994
1114		19.80263182499766		0.866571307182312		1.2200499215722085		0.12539635286331177		0.25079270572662354
1115		19.858613946998958		0.8880388140678406		1.2423957705783844		0.07920598866939545		0.1584119773387909
1116		19.729584147000423		0.8267608284950256		1.1859918093538284		0.15679215059876442		0.31358430119752884
1117		19.626834329999838		0.8775132298469543		1.2298865763020514		0.08351265078485012		0.16702530156970025
1118		19.519834401999105		0.8364276885986328		1.196536378493309		0.13174492804408072		0.26348985608816144
1119		19.439916154999082		0.8486797213554382		1.2037299102711678		0.13669621167182922		0.27339242334365843
1120		19.532901055001275		0.843143105506897		1.2004770484161378		0.08215626294910908		0.16431252589821815
1121		19.832238195998798		0.8720694184303284		1.2235161487054824		0.0770035887926817		0.1540071775853634
1122		19.583870152997406		0.8689054250717163		1.2254950195121765		0.09096846097409725		0.1819369219481945
1123		19.508134537998558		0.849104106426239		1.2029289791798592		0.14716129935979844		0.2943225987195969
1124		19.467705528997612		0.8716144561767578		1.222007655427456		0.07650355318784714		0.15300710637569429
1125		19.474714105999738		0.856368899345398		1.209169218416214		0.07915773868262768		0.15831547736525536
1126		19.63878907400067		0.8546924591064453		1.2096078610348702		0.10247343262135983		0.20494686524271966
1127		19.8419400160019		0.8329030871391296		1.1975034886860847		0.07650523986518383		0.15301047973036766
1128		19.682453540001006		0.8497759699821472		1.2079627041125298		0.0774992919921875		0.154998583984375
1129		19.38904824400015		0.841666042804718		1.197391605324745		0.11166137016713619		0.22332274033427238
1130		19.345015820999834		0.8551537394523621		1.213836437690258		0.08657045005559921		0.17314090011119843
1131		19.31354297500002		0.8570595383644104		1.213323650920391		0.08586587999165059		0.17173175998330117
1132		19.42536205700162		0.867398202419281		1.2200674301099776		0.11866417412161827		0.23732834824323654
1133		19.563136783002847		0.8585602045059204		1.2104020717716217		0.07968633902072907		0.15937267804145813
1134		19.53878479999912		0.8409745693206787		1.1968685034012794		0.08384944991767407		0.16769889983534814
1135		19.343546079002408		0.8351454734802246		1.1920140680813789		0.21107508690953256		0.4221501738190651
1136		19.547512319000816		0.8612934350967407		1.220606191868782		0.10069341541528702		0.20138683083057404
1137		19.358902398998907		0.8350692987442017		1.1961328361988068		0.08689262431561946		0.17378524863123893
1138		19.525368730999617		0.8746587038040161		1.2260339789509773		0.1402301775097847		0.2804603550195694
1139		19.561969025002327		0.836567223072052		1.1932257236123085		0.08259475058913231		0.16518950117826461
1140		19.38096061900069		0.8361045718193054		1.1917432984232903		0.09459129866063595		0.1891825973212719
1141		19.42302354899948		0.8507473468780518		1.210085970146656		0.08296180771887303		0.16592361543774606
1142		19.719608904997585		0.8533344268798828		1.2133979446697236		0.11978050882220269		0.23956101764440538
1143		19.61263951199726		0.8377785682678223		1.1922164878559112		0.07713887774944306		0.15427775549888612
1144		19.697045000997605		0.8255296945571899		1.185325042219162		0.1372822780609131		0.2745645561218262
1145		19.83710150099796		0.846527099609375		1.2022118781542779		0.07839659792482853		0.15679319584965706
1146		19.78360759499992		0.8647366166114807		1.215027232222557		0.09517339038848877		0.19034678077697753
1147		19.605406263999612		0.8288490176200867		1.1936841279029846		0.07736593516469002		0.15473187032938004
1148		19.489877266001713		0.8394905924797058		1.201609589278698		0.07780256874263286		0.15560513748526572
1149		19.76734137099993		0.8485020995140076		1.2043181376218797		0.12176940416097641		0.24353880832195282
1150		19.539447325001674		0.85202956199646		1.2061933527779578		0.07807154715061188		0.15614309430122375
1151		19.451337913000316		0.8053819537162781		1.169168530294895		0.18851957763135432		0.37703915526270865
1152		19.411654527000792		0.8233752250671387		1.1873351611328125		0.07624607433080673		0.15249214866161345
1153		19.386087700000644		0.851555347442627		1.2048939056444168		0.07693192647099495		0.1538638529419899
1154		19.357617624998966		0.810538649559021		1.1734391823005677		0.13815808755755424		0.2763161751151085
1155		19.300941531000717		0.8370262980461121		1.1906963776528836		0.07967060720026493		0.15934121440052987
1156		19.398419286000717		0.8345187306404114		1.1931695143055916		0.07710036691427231		0.15420073382854463
1157		19.41830867799945		0.8379763960838318		1.194306927547455		0.09216629773974419		0.18433259547948838
1158		19.488360671002738		0.8462765216827393		1.20601323045969		0.07988733788132668		0.15977467576265336
1159		19.4082638889995		0.8147554993629456		1.178531969988346		0.0917385915517807		0.1834771831035614
1160		19.314750347999507		0.8051265478134155		1.1679485250401498		0.07601096251904964		0.15202192503809928
1161		19.366838182999345		0.836354672908783		1.193020237658024		0.07552655287384986		0.15105310574769973
1162		19.55350755499967		0.8251622319221497		1.1805145546889304		0.07653813395500184		0.15307626791000367
1163		19.68780440699993		0.8202982544898987		1.1805533622908593		0.11111207640767097		0.22222415281534194
1164		19.501085358999262		0.826911211013794		1.1851495001554488		0.09858713800311089		0.19717427600622178
1165		19.50183349800136		0.8302856087684631		1.1932601560211182		0.07579879089593887		0.15159758179187774
1166		19.436742164998577		0.8207981586456299		1.1731181396889687		0.09766315189898014		0.1953263037979603
1167		19.45442368899967		0.8180383443832397		1.177867157087326		0.09677230623662472		0.19354461247324944
1168		19.565306767999573		0.8429376482963562		1.2016835573911666		0.07535365387499332		0.15070730774998664
1169		19.563236436999432		0.8049252033233643		1.1625894581079483		0.08670028012692928		0.17340056025385855
1170		19.520279951000703		0.8356032371520996		1.1919356440639497		0.08201411919593811		0.16402823839187622
1171		19.561149761000706		0.811657726764679		1.1749822120547295		0.07716938898563384		0.1543387779712677
1172		19.620175742002175		0.819749653339386		1.1781640074825286		0.07635572367608547		0.15271144735217093
1173		19.67986517299869		0.8134869337081909		1.1746611164212226		0.07509494335353374		0.15018988670706748
1174		19.682314025001688		0.819844126701355		1.1852429828381539		0.0764511444658041		0.1529022889316082
1175		19.556217294000817		0.8302987217903137		1.188316539580822		0.0757169899225235		0.151433979845047
1176		19.60164457800056		0.8154006600379944		1.1772758175027371		0.07838327616453171		0.15676655232906342
1177		19.522798455000157		0.8084020614624023		1.1696527774405479		0.07945467468500138		0.15890934937000276
1178		19.651510908999626		0.7978390455245972		1.1661393428254128		0.07515089565813542		0.15030179131627083
1179		19.395415917999344		0.8346436619758606		1.1926113649177552		0.07519620933234691		0.15039241866469383
1180		19.425421568001184		0.8160803914070129		1.1769339332580566		0.07974145462214947		0.15948290924429895
1181		19.441042898000887		0.8364214897155762		1.1942248938608169		0.08892316927313805		0.1778463385462761
1182		19.531655114002206		0.830050528049469		1.1840960927057267		0.08926578277647496		0.1785315655529499
1183		19.362847382002656		0.8138431906700134		1.1692163113594056		0.07636262145340443		0.15272524290680886
1184		19.328225889999885		0.8318566679954529		1.1911092475390435		0.07754391753673553		0.15508783507347107
1185		19.33710572400014		0.818019688129425		1.1759651592254639		0.07569501397311687		0.15139002794623374
1186		19.403467310999986		0.8065833449363708		1.167168565504551		0.07951281152367592		0.15902562304735185
1187		19.413638337999146		0.8093357682228088		1.167580940847397		0.08407887957990169		0.16815775915980338
1188		19.506499076000182		0.8299450278282166		1.1863085237550735		0.08207115185260773		0.16414230370521546
1189		19.667400432997965		0.8224241137504578		1.1783000340867043		0.11300603711009026		0.22601207422018052
1190		19.368050537999807		0.8191781640052795		1.1801944773054123		0.08509501224756241		0.17019002449512483
1191		19.615459268999984		0.8184949159622192		1.1808428885674476		0.0855531334578991		0.1711062669157982
1192		19.383064694000495		0.8296686410903931		1.1899725144934654		0.07593107079863548		0.15186214159727096
1193		19.40042095299941		0.7997775673866272		1.1593832509601116		0.1014818344771862		0.2029636689543724
1194		19.378319315997942		0.8170890212059021		1.175119350979328		0.07485516408085822		0.14971032816171645
1195		19.339392893998593		0.8141824007034302		1.1748078794693946		0.07693011940717698		0.15386023881435396
1196		19.394130443000904		0.8035717010498047		1.1667926661992074		0.10176282225251197		0.20352564450502394
1197		19.478486847001477		0.8069930076599121		1.1689144007122516		0.07495779529213906		0.1499155905842781
1198		19.46913188599865		0.8156431913375854		1.1766567507648469		0.08362064855396747		0.16724129710793495
1199		19.52301826999974		0.812716007232666		1.1746638112092018		0.07748372697532177		0.15496745395064354
1200		19.670290596000996		0.8204637169837952		1.1802963087058067		0.08304482541680336		0.16608965083360672
1201		19.689176127998508		0.8248132467269897		1.1843193797159195		0.07445656997859477		0.14891313995718955
1202		19.505193879002036		0.7880032658576965		1.1518032663214206		0.11511940904855728		0.23023881809711455
1203		19.55715030799911		0.8206920027732849		1.1833241244447232		0.09947894836664199		0.19895789673328398
1204		19.648624386001757		0.8071579337120056		1.1656567638015747		0.18626754803657533		0.37253509607315066
1205		19.5826912420016		0.8118616938591003		1.1696588135242463		0.09892939687371254		0.19785879374742507
1206		19.68496872200194		0.7990906834602356		1.1620044270920753		0.13260608503520488		0.26521217007040976
1207		19.68649105499935		0.7997521162033081		1.162774669624567		0.07417780480384827		0.14835560960769653
1208		19.529013571001997		0.8028361797332764		1.1602304300796986		0.07797653858661652		0.15595307717323303
1209		19.606485042000713		0.7995540499687195		1.1636498478519917		0.08350344759821891		0.16700689519643783
1210		19.575420933000714		0.8099164366722107		1.1758394334411622		0.11840735558271408		0.23681471116542815
1211		19.405180196998117		0.789875864982605		1.1541751301026344		0.07439711297154426		0.14879422594308853
1212		19.296211324999604		0.8003037571907043		1.1597701141285897		0.07473122451007366		0.14946244902014733
1213		19.448991864999698		0.8127607107162476		1.1706286142897606		0.08977652733027935		0.1795530546605587
1214		19.31017770700055		0.7850856781005859		1.147124469938278		0.07478272369205952		0.14956544738411903
1215		19.402882522001164		0.8036030530929565		1.1679229117178918		0.15175580500364302		0.30351161000728605
1216		19.73387610300051		0.808712899684906		1.1712137319540978		0.07492101310193539		0.14984202620387077
1217		19.4466068010006		0.788480818271637		1.1541899991512299		0.0745107244938612		0.1490214489877224
1218		19.455307762000302		0.8016197681427002		1.161537756037712		0.07606667304337025		0.1521333460867405
1219		19.413725544000044		0.8244674205780029		1.1807052039670944		0.07597268572151661		0.15194537144303322
1220		19.510863452000194		0.8157829642295837		1.1760168198227883		0.07608789514303207		0.15217579028606415
1221		19.773620129999472		0.7998896837234497		1.1582207129693032		0.10609558491706848		0.21219116983413697
1222		19.604573798002093		0.787861168384552		1.1513707159090043		0.09304878696501255		0.1860975739300251
1223		19.492652501998236		0.7991880774497986		1.157563194038868		0.08208171628415585		0.1641634325683117
1224		19.5167161390018		0.8143213987350464		1.1717586863541603		0.0760136439204216		0.1520272878408432
1225		19.573268656000437		0.8056391477584839		1.1667811087727546		0.08850658448934555		0.1770131689786911
1226		19.340289314000984		0.802367627620697		1.1623408290863038		0.08686311712265014		0.1737262342453003
1227		19.528942132998054		0.8037365674972534		1.167391140372753		0.09288466446697712		0.18576932893395423
1228		19.495355141996697		0.7958534955978394		1.1555165194368362		0.0740416894108057		0.1480833788216114
1229		19.43098991900115		0.797461986541748		1.1554513178753854		0.07353796591162681		0.14707593182325363
1230		19.50283270900036		0.8035628795623779		1.160519477843046		0.08964189687371255		0.1792837937474251
1231		19.417676763998315		0.8003167510032654		1.160041502764225		0.0736489005625248		0.1472978011250496
1232		19.50405220000175		0.7963626980781555		1.1637775326013564		0.07613413216471672		0.15226826432943344
1233		19.650207612001395		0.800223171710968		1.1570893295180797		0.07355106096863746		0.14710212193727493
1234		19.58788719000222		0.7893311381340027		1.1518513802576065		0.07452789141833782		0.14905578283667564
1235		19.567761384001642		0.7967377305030823		1.1567539323616027		0.0739456740140915		0.147891348028183
1236		19.482872690001386		0.8090932369232178		1.1636290908908844		0.07686273468434811		0.15372546936869622
1237		19.41940932199941		0.8098375797271729		1.168339640352726		0.08082504006326198		0.16165008012652396
1238		19.56844880599965		0.7853401899337769		1.1502945774567128		0.07338118845224381		0.14676237690448762
1239		19.45958520899876		0.7991226315498352		1.1572709611606598		0.07381489734053612		0.14762979468107224
1240		19.6741156829994		0.8084429502487183		1.1628798199772834		0.07427542157769203		0.14855084315538405
1241		19.629710283999884		0.8005084991455078		1.1576140109038353		0.07654893210828305		0.1530978642165661
1242		19.7105453639997		0.7967544198036194		1.1572080832362175		0.08053587851226329		0.16107175702452659
1243		19.676160181999876		0.7933710217475891		1.1494968088245392		0.07312262585759163		0.14624525171518327
1244		19.74200468900017		0.7862626910209656		1.1450381566166878		0.08558913300931453		0.17117826601862907
1245		19.668547295997996		0.7876937389373779		1.1495164040064811		0.08051019894182682		0.16102039788365363
1246		19.641461126997456		0.7916995286941528		1.1520590090072156		0.0733468698322773		0.1466937396645546
1247		19.613261083999532		0.789743185043335		1.150015305854082		0.07490780129432678		0.14981560258865356
1248		19.512483766000514		0.8026027679443359		1.166824946038723		0.07884839658737183		0.15769679317474367
1249		19.414391952999722		0.7993956208229065		1.1553305109751224		0.078921803560853		0.157843607121706
1250		19.612084500997298		0.804817259311676		1.1637042240357398		0.07715699577629566		0.15431399155259132
1251		19.652518077000423		0.7916359305381775		1.1532745259177686		0.0860949626237154		0.1721899252474308
1252		19.877809351997712		0.7859981060028076		1.1495704435515404		0.0735956557482481		0.1471913114964962
1253		19.92591168400031		0.7950531244277954		1.1560867134714126		0.07301878760755062		0.14603757521510125
1254		19.887629655000637		0.7869263887405396		1.1492695112872124		0.07313389681875705		0.1462677936375141
1255		19.71765480600152		0.7902031540870667		1.1481736036527157		0.07284226436018944		0.14568452872037888
1256		19.472515015997487		0.7974206805229187		1.1526895838344098		0.07538238835036755		0.1507647767007351
1257		19.53358581900102		0.7903224229812622		1.1478702078616618		0.07534388474822044		0.1506877694964409
1258		19.617117750000034		0.7984742522239685		1.158582556618452		0.07621244324445725		0.1524248864889145
1259		19.536208703997545		0.7884930968284607		1.1448973242259026		0.07291017701923848		0.14582035403847696
1260		19.501773667001544		0.7788603901863098		1.1420632466435432		0.0744535527586937		0.1489071055173874
1261		19.431205668002804		0.7885111570358276		1.153603537170887		0.07563205303251744		0.15126410606503488
1262		19.434083742999064		0.7845126390457153		1.1502316253769398		0.0741759681880474		0.1483519363760948
1263		19.61688615499952		0.7745155096054077		1.1358344506072997		0.0733461883187294		0.1466923766374588
1264		19.6554278170006		0.7887898087501526		1.1493418611896038		0.07335002897679806		0.1467000579535961
1265		19.63199004699709		0.7830923199653625		1.1450851960611343		0.07496737861037255		0.1499347572207451
1266		19.658673191999696		0.7821277976036072		1.1465567027115822		0.07384199405908584		0.14768398811817168
1267		19.51393334200111		0.7870205044746399		1.145591433827877		0.07364329437315464		0.1472865887463093
1268		19.48041690199898		0.7865695953369141		1.143179761250019		0.07274953480958939		0.14549906961917877
1269		19.51856366299762		0.7834054231643677		1.1423375126349926		0.07309656377136707		0.14619312754273414
1270		19.42341486100122		0.7802476286888123		1.141145336920023		0.109296134313941		0.218592268627882
1271		19.418971391001833		0.7870762348175049		1.1447855981719495		0.07586050592660903		0.15172101185321807
1272		19.442103426998074		0.783846914768219		1.1441863570761681		0.07399832488298416		0.14799664976596832
1273		19.44883919899803		0.7753897309303284		1.1381658538520336		0.07395439515411854		0.1479087903082371
1274		19.42493432899937		0.7865016460418701		1.1461401060593128		0.07314314019083977		0.14628628038167954
1275		19.432508104997396		0.7779777646064758		1.1397450836849212		0.07576790497303008		0.15153580994606017
1276		19.35273170900109		0.778203547000885		1.1389869311082363		0.07373981836736203		0.14747963673472406
1277		19.40565781999976		0.7860928773880005		1.1479575520598888		0.07251649930477143		0.14503299860954286
1278		19.3509760550005		0.7820895314216614		1.1428719964909553		0.07444931781589985		0.1488986356317997
1279		19.303966384999512		0.7859900593757629		1.1446668463373184		0.07287285059988499		0.14574570119976998
1280		19.251115027000196		0.7813123464584351		1.1419236144161224		0.07307848582267762		0.14615697164535524
1281		19.420844546999433		0.7854992747306824		1.1466633855724335		0.09275522654056549		0.18551045308113098
1282		19.41233806300079		0.7798422574996948		1.1444170301318168		0.0727719441562891		0.1455438883125782
1283		19.382162415000494		0.7840864062309265		1.1489478077828885		0.07235934656858445		0.1447186931371689
1284		19.33254738499818		0.7747353911399841		1.1337527441895008		0.07268049554526806		0.14536099109053613
1285		19.37675803499951		0.7768414616584778		1.1364684995388985		0.07527796927690505		0.1505559385538101
1286		19.351803516001382		0.7770152688026428		1.1396316460847855		0.07590559692978859		0.15181119385957717
1287		19.39072335899982		0.7734028100967407		1.1339673148226739		0.07942865053415299		0.15885730106830598
1288		19.437231380998128		0.7814357876777649		1.1402329033362866		0.07251184330582619		0.14502368661165238
1289		19.454821625997283		0.785776674747467		1.1403752326929568		0.08539816001057625		0.1707963200211525
1290		19.523268949997146		0.778762936592102		1.14097858797431		0.07553747091889382		0.15107494183778764
1291		19.389954185000533		0.7785018682479858		1.143873710256815		0.07303125609010458		0.14606251218020916
1292		19.409928122000565		0.7789657115936279		1.1377615484380723		0.07204242161512375		0.1440848432302475
1293		19.572490883998398		0.7825676202774048		1.1385541151130198		0.08997465460896492		0.17994930921792984
1294		19.66790974700052		0.7774978876113892		1.1383502604341507		0.07491782260239124		0.14983564520478249
1295		19.62639197200042		0.7788711786270142		1.1354313869965076		0.09948768395781517		0.19897536791563034
1296		19.755872041001567		0.7745664119720459		1.130117613568306		0.07219814572334289		0.14439629144668578
1297		19.475534937999328		0.77752286195755		1.136321752282381		0.07217269149124622		0.14434538298249244
1298		19.448465887002385		0.7751033902168274		1.1314595199263096		0.07214105412960052		0.14428210825920104
1299		19.53850129700004		0.7718454003334045		1.1341455035924912		0.07225532700419426		0.14451065400838853
1300		19.72702096199646		0.7821929454803467		1.1442611321115495		0.07352732041180134		0.14705464082360267
1301		19.853434489999927		0.7761631608009338		1.13292716665864		0.07243478507995606		0.14486957015991211
1302		19.494082874000014		0.7716070413589478		1.1291511037755013		0.08019874970912934		0.16039749941825868
1303		19.532994514000166		0.7769229412078857		1.1382882262074947		0.07225890241563321		0.14451780483126642
1304		19.715452868000284		0.7863797545433044		1.143860149228573		0.07214245429933071		0.14428490859866142
1305		19.75526959600029		0.7764793038368225		1.1308536350095273		0.07838457211256027		0.15676914422512053
1306		19.836668298001314		0.7702044248580933		1.1316518416547776		0.07308567396700383		0.14617134793400766
1307		19.7546366960014		0.7760712504386902		1.130446458618641		0.07209680818021297		0.14419361636042594
1308		19.668575807998423		0.7791192531585693		1.1357665174114704		0.07213355968594551		0.14426711937189102
1309		19.40454489900003		0.7700739502906799		1.1304733807265759		0.07200322332382202		0.14400644664764403
1310		19.302202691000275		0.7778000831604004		1.1349026018440724		0.07195975249707699		0.14391950499415399
1311		19.393061926999508		0.7732768058776855		1.1325373680245876		0.07884296561479569		0.15768593122959138
1312		19.631891207998706		0.7716317772865295		1.1268024663734435		0.07954058051705361		0.15908116103410722
1313		19.67806911599837		0.7743427157402039		1.1346331534099579		0.07197508098483085		0.1439501619696617
1314		19.43963832299778		0.7747001647949219		1.1295207272434236		0.07233824078291655		0.1446764815658331
1315		19.62024196600032		0.7743896842002869		1.1361501082670689		0.07373230072259902		0.14746460144519805
1316		19.45986294999966		0.7719003558158875		1.1300880268478393		0.07266395935714245		0.1453279187142849
1317		19.795517657003074		0.7796283960342407		1.1353138932776452		0.07352721688598395		0.1470544337719679
1318		19.67762552000204		0.7684226632118225		1.12845503074646		0.07528981349766255		0.1505796269953251
1319		19.571597469999688		0.7689911723136902		1.1279069113183022		0.07276326803565025		0.1455265360713005
1320		19.3898256829998		0.7672796845436096		1.128401589936018		0.0725184312403202		0.1450368624806404
1321		19.454594969000027		0.7762416005134583		1.133960888081789		0.07178631223589182		0.14357262447178365
1322		19.468228945999726		0.7678114771842957		1.1259778235542774		0.07191216492652894		0.14382432985305788
1323		19.479087345000153		0.7668455839157104		1.1238133520019054		0.07173690698444843		0.14347381396889686
1324		19.35963392099802		0.772443413734436		1.1263648010003566		0.0717371340841055		0.143474268168211
1325		19.335210183999152		0.7797690629959106		1.1340886029314994		0.07161132626533508		0.14322265253067015
1326		19.428601737999998		0.7741946578025818		1.1316254645228385		0.0716837048470974		0.1433674096941948
1327		19.38681924499906		0.774399995803833		1.130299802119732		0.08319439928531647		0.16638879857063293
1328		19.54324264100069		0.7716058492660522		1.1298982518959046		0.07752126311063766		0.15504252622127532
1329		19.694896211000014		0.7705574631690979		1.1284425777041913		0.07176033023893834		0.14352066047787668
1330		19.455324389000452		0.7753356099128723		1.1330733828926087		0.07267151527404785		0.1453430305480957
1331		19.374289053997927		0.7681843042373657		1.126351338942051		0.08297570586800575		0.1659514117360115
1332		19.416219566999644		0.7660266757011414		1.1255054134082794		0.07216748331487179		0.14433496662974357
1333		19.42294265700184		0.7675600647926331		1.124698667590618		0.07164325560480356		0.14328651120960711
1334		19.35087849699994		0.7743158340454102		1.1285076432669163		0.07167923004180193		0.14335846008360387
1335		19.331198405001487		0.7717136740684509		1.1264526844298839		0.07163007075339556		0.14326014150679112
1336		19.391023235999455		0.7691708207130432		1.1249205701625347		0.07243076881468297		0.14486153762936593
1337		19.49713918999987		0.7726161479949951		1.1306251128005982		0.07775022803246975		0.1555004560649395
1338		19.354473899998993		0.7662798762321472		1.1226116468524934		0.07145784339904786		0.14291568679809571
1339		19.415889271000196		0.7735567092895508		1.1277436005175114		0.07143362368792296		0.1428672473758459
1340		19.450941885999782		0.7674911022186279		1.1231128020477295		0.07145396512150765		0.1429079302430153
1341		19.39624267600084		0.7684922218322754		1.124052130792141		0.0761209567040205		0.152241913408041
1342		19.4727415510024		0.7702795267105103		1.1259811735355854		0.0749355213522911		0.1498710427045822
1343		19.48109511000075		0.7706738114356995		1.1264205846369266		0.07208536228835583		0.14417072457671165
1344		19.34786670000176		0.7710844278335571		1.1258687379050254		0.07267635621130467		0.14535271242260933
1345		19.57877261199974		0.7750662565231323		1.1310901963722706		0.07341648326814175		0.1468329665362835
1346		19.664855981001892		0.762992262840271		1.12028275736928		0.07126594520360231		0.14253189040720463
1347		19.749535209997703		0.770337700843811		1.1289876669371128		0.07151481814086437		0.14302963628172874
1348		19.697815160001483		0.7644742131233215		1.1188724027562142		0.0713287442445755		0.142657488489151
1349		19.413107902000775		0.7676444053649902		1.1212709541738033		0.07131604764163495		0.1426320952832699
1350		19.355349751000176		0.7685163617134094		1.1221264568793774		0.07727741357088089		0.15455482714176177
1351		19.276277529002982		0.766106367111206		1.1208014232194423		0.07151335362493992		0.14302670724987984
1352		19.394973951999418		0.7737827301025391		1.1299676775383949		0.07251815204620361		0.14503630409240723
1353		19.423276965000696		0.7674432396888733		1.1227220226895809		0.0713490843206644		0.1426981686413288
1354		19.405520266001986		0.7668474316596985		1.1248527495002747		0.07164360920637847		0.14328721841275693
1355		19.40479383099955		0.7726609706878662		1.127250282845497		0.07186934192478657		0.14373868384957314
1356		19.36934977299825		0.765852153301239		1.1226689341795444		0.07239533367455006		0.14479066734910012
1357		19.325340554998547		0.7720476388931274		1.1292335601484775		0.07199656709730626		0.14399313419461252
1358		19.406804491998628		0.767822802066803		1.1207484459364414		0.07349330069720746		0.1469866013944149
1359		19.400392387000466		0.76417076587677		1.120996251951456		0.07123753851950168		0.14247507703900336
1360		19.45715479899809		0.7723177671432495		1.1275765084767342		0.07286851480305195		0.1457370296061039
1361		19.397247185002925		0.7671482563018799		1.1204020546007156		0.0720999179393053		0.1441998358786106
1362		19.472235170000204		0.7700635194778442		1.1230390795981884		0.07639386515021324		0.15278773030042647
1363		19.332200991997524		0.7647595405578613		1.120900808649063		0.07181721225380898		0.14363442450761796
1364		19.535577398000896		0.7640607357025146		1.119729787054062		0.07126090548336506		0.1425218109667301
1365		19.617889814999216		0.7661116719245911		1.1221075095415116		0.0712411760032177		0.1424823520064354
1366		19.663791325998318		0.7670523524284363		1.1210915856683255		0.07144510855674743		0.14289021711349487
1367		19.52580320499692		0.764904797077179		1.118709748456478		0.07128050159215928		0.14256100318431855
1368		19.647627037997154		0.7661409378051758		1.1204070174467564		0.07112283596545457		0.14224567193090915
1369		19.66317306000201		0.7631068825721741		1.1193573861896993		0.07159093336164951		0.14318186672329902
1370		19.46545689299819		0.7671352028846741		1.1226428554213046		0.07529718462675809		0.15059436925351619
1371		19.601990406998084		0.7638710141181946		1.118255281136036		0.07139900099039077		0.14279800198078155
1372		19.568483222003124		0.7645165920257568		1.1204390832650661		0.0735883552312851		0.1471767104625702
1373		19.5988625760001		0.7676548957824707		1.1207700082743168		0.07117626447528601		0.14235252895057202
1374		19.478800159999082		0.7645158171653748		1.1176194887912274		0.07111356040537357		0.14222712081074715
1375		19.39147028500156		0.7680320739746094		1.1236782598948478		0.07145314677953721		0.14290629355907442
1376		19.419830322000053		0.7645502090454102		1.1188021311950684		0.07118627599030733		0.14237255198061466
1377		19.488167118997808		0.7659069895744324		1.1162575110185147		0.07102896366715432		0.14205792733430864
1378		19.50406176099932		0.768914520740509		1.1214319974577427		0.0709933449447155		0.141986689889431
1379		19.65778684199904		0.7658664584159851		1.1193907582247258		0.07112448217868805		0.1422489643573761
1380		19.549633335002		0.7657339572906494		1.1214783485031128		0.07129939191937447		0.14259878383874894
1381		19.673993006999808		0.7638903856277466		1.1169336393415927		0.07105828273445368		0.14211656546890736
1382		19.564495593000174		0.7642813324928284		1.1184983338677883		0.07140219924747944		0.14280439849495888
1383		19.612668695001048		0.7651777267456055		1.1199933777976037		0.07117410642653704		0.14234821285307409
1384		19.661893647997204		0.7598142027854919		1.115731704735756		0.0719067414790392		0.1438134829580784
1385		19.790365258002566		0.7646550536155701		1.1165422624731063		0.07128351335525512		0.14256702671051025
1386		19.643833242000255		0.7667312026023865		1.1192752553975582		0.07135324170440435		0.1427064834088087
1387		19.71172054300041		0.7638296484947205		1.114953908854723		0.08442663588523865		0.1688532717704773
1388		19.602488696000364		0.7638877034187317		1.1214741750216484		0.07094341688752175		0.1418868337750435
1389		19.82427318400005		0.7676928043365479		1.1174491521394252		0.07099662453234196		0.1419932490646839
1390		19.884182515001157		0.7639778852462769		1.1159783023703098		0.07111927837878465		0.1422385567575693
1391		19.68811559400274		0.7638281583786011		1.1165348604297638		0.07138547323644161		0.14277094647288321
1392		19.47462794400053		0.7625737190246582		1.118288816473484		0.07091456771939993		0.14182913543879985
1393		19.44415570199999		0.7658774852752686		1.118549297463894		0.0708806518048048		0.1417613036096096
1394		19.39845529899685		0.76199871301651		1.1163834149432181		0.07093662548810244		0.14187325097620487
1395		19.465628287998697		0.7668856978416443		1.1203726419079303		0.0708964549511671		0.1417929099023342
1396		19.528284687999985		0.7651814818382263		1.117049452534914		0.0709082196906209		0.1418164393812418
1397		19.594470514999557		0.7641099691390991		1.117184506702423		0.07098128392845392		0.14196256785690783
1398		19.420629104999534		0.7659152746200562		1.116553574078083		0.07088661871105432		0.14177323742210865
1399		19.39285079599722		0.7662850618362427		1.117356392827034		0.07086993012875319		0.14173986025750637
1400		19.29068996699789		0.7653838992118835		1.1187275845766067		0.07091761543154716		0.14183523086309432
1401		19.43665777899878		0.7653653025627136		1.1180198861896993		0.07085219050198793		0.14170438100397587
1402		19.4929533909999		0.7672273516654968		1.1195525393259524		0.07856161215007305		0.1571232243001461
1403		19.62330335200022		0.764070451259613		1.1157400950157643		0.0720952533185482		0.1441905066370964
1404		19.635101020001457		0.7639095187187195		1.1141258753561973		0.07086356707215309		0.14172713414430618
1405		19.570842795001226		0.7639449238777161		1.118119994367361		0.07106890444755554		0.14213780889511107
1406		19.55120909299876		0.7662037014961243		1.1204055356013776		0.07121758676469327		0.14243517352938653
1407		19.444924444000208		0.7668975591659546		1.1188283643496038		0.07094768227487802		0.14189536454975604
1408		19.592592574001173		0.7653350830078125		1.114486182743311		0.07083701521009207		0.14167403042018414
1409		19.573222293998697		0.7645609378814697		1.1158871772634984		0.07091150602996349		0.14182301205992698
1410		19.718117943000834		0.7668764591217041		1.1149318822801113		0.0709063156619668		0.1418126313239336
1411		19.419800433999626		0.7615625858306885		1.1129513347160815		0.0708945128172636		0.1417890256345272
1412		19.395343167001556		0.7672922611236572		1.1177769629120826		0.0716977892190218		0.1433955784380436
1413		19.52138453900261		0.7615280151367188		1.1127710734581948		0.07087525165081024		0.14175050330162048
1414		19.770008458999655		0.7632626295089722		1.1163309796595573		0.07097239981293678		0.14194479962587356
1415		19.860707189000095		0.7608722448348999		1.114048012818098		0.07086291479319334		0.1417258295863867
1416		19.896086564000143		0.7650579214096069		1.1169838682079316		0.07128245937675237		0.14256491875350474
1417		19.606578686998546		0.7647978663444519		1.114538044435978		0.07083124696016312		0.14166249392032623
1418		19.494803025998408		0.7645292282104492		1.1166895214176178		0.070780169865489		0.141560339730978
1419		19.58281202299986		0.7634891867637634		1.1145744768476487		0.07080562646389008		0.14161125292778015
1420		19.60374696100189		0.7655282616615295		1.1165816842234135		0.07077662940472365		0.1415532588094473
1421		19.771065585999168		0.7607088088989258		1.114029389064312		0.07077730528116226		0.14155461056232452
1422		19.770797894998395		0.7662799954414368		1.113390121638775		0.07092926908433438		0.14185853816866875
1423		19.533270684001764		0.7663071751594543		1.1144903479480743		0.07076146203428507		0.14152292406857014
1424		19.336364349997893		0.7647622227668762		1.116181445748806		0.07077849648445844		0.14155699296891688
1425		19.346482691002166		0.7641795873641968		1.1142237375509738		0.07109197779297828		0.14218395558595656
1426		19.497086930001387		0.7628985047340393		1.1159111054623128		0.07074410918951035		0.1414882183790207
1427		19.529699293001613		0.7621423006057739		1.1147488013470173		0.07079701333642006		0.14159402667284013
1428		19.69218483199802		0.7641339898109436		1.1126686013281346		0.07083908038288354		0.14167816076576709
1429		19.543863400998816		0.7658661007881165		1.1125206170225144		0.07089635217785835		0.1417927043557167
1430		19.498270052998123		0.7637604475021362		1.1152385192847252		0.07073250823765993		0.14146501647531987
1431		19.404276880999532		0.7652861475944519		1.1145158603799343		0.0707635370671749		0.1415270741343498
1432		19.757633859000634		0.763238787651062		1.111780453993082		0.07116741495430469		0.14233482990860938
1433		19.57266822499878		0.7627531290054321		1.1146350223994255		0.07070099069476128		0.14140198138952256
1434		19.776259194997692		0.7614169120788574		1.1149255470740795		0.07078983049988746		0.14157966099977493
1435		19.627867051000067		0.764154851436615		1.1134609041643142		0.07072036541700363		0.14144073083400727
1436		19.650060508000024		0.7649710178375244		1.114239414870739		0.07072953770160675		0.1414590754032135
1437		19.649504442997568		0.7628160715103149		1.1139382281720638		0.07120353145301342		0.14240706290602684
1438		19.65775927499999		0.7638303637504578		1.114091367163658		0.07139452202916145		0.1427890440583229
1439		19.649010228000407		0.7619808912277222		1.1126454191315174		0.0708070547029376		0.1416141094058752
1440		19.71735444299702		0.7653350830078125		1.1136642656576634		0.0707475262761116		0.1414950525522232
1441		19.683619013998396		0.7640752792358398		1.1145792047190666		0.07069056091308594		0.14138112182617188
1442		19.64700392799932		0.7665164470672607		1.1156747574436665		0.07070574619472027		0.14141149238944054
1443		19.617056982999202		0.7628100514411926		1.1146674031805992		0.07075988855361938		0.14151977710723876
1444		19.701262398997642		0.7657967805862427		1.1152001045656204		0.0707014058932662		0.1414028117865324
1445		19.52269956500095		0.7639190554618835		1.1152289343321324		0.07073602422177791		0.14147204844355582
1446		19.770792495000933		0.7639924883842468		1.1139029381883145		0.07070655965209008		0.14141311930418016
1447		19.77301223500035		0.7640790939331055		1.1146584592068196		0.07073754348158837		0.14147508696317673
1448		19.625586736001424		0.7635336518287659		1.1147601226735115		0.0707064268887043		0.1414128537774086
1449		19.771426882001833		0.7687963843345642		1.1139593203890323		0.07070913211107253		0.14141826422214507
1450		19.397233600997424		0.7658095955848694		1.113779515761137		0.07072582054585218		0.14145164109170436
1451		19.376679637000052		0.7629455327987671		1.113160906176567		0.07066588908433914		0.14133177816867828
1452		19.3448880069991		0.7658761739730835		1.1137942354786396		0.07067863826900721		0.14135727653801441
1453		19.393131232001906		0.7668721079826355		1.1143444930171966		0.07071081012934446		0.14142162025868893
1454		19.44531361800182		0.7630928754806519		1.1149626735389233		0.07069259012937545		0.1413851802587509
1455		19.452195907000714		0.764462947845459		1.1141391682076454		0.07070291282981635		0.1414058256596327
1456		19.64849792899986		0.7625793814659119		1.1122557353579998		0.07071828049570322		0.14143656099140645
1457		19.54138693799905		0.7652338147163391		1.1165942826688289		0.07066496537923812		0.14132993075847625
1458		19.36396867700023		0.7616505026817322		1.1122263565921784		0.07066771460473538		0.14133542920947076
1459		19.372433632997854		0.7670244574546814		1.1139742849731444		0.07078690706491471		0.14157381412982942
1460		19.300189087000035		0.7624936699867249		1.1119351393806933		0.07068605224043131		0.14137210448086263
1461		19.368965110999852		0.7632033228874207		1.113911037737131		0.07067306327074765		0.1413461265414953
1462		19.381057721002435		0.7620947957038879		1.1121646464872361		0.07067984548062087		0.14135969096124174
1463		19.426683485002286		0.7654581665992737		1.1147737418520451		0.07068952995836734		0.1413790599167347
1464		19.333648302002985		0.7636321187019348		1.1110005573821067		0.07067999100536108		0.14135998201072217
1465		19.514702652999404		0.7644127011299133		1.1137863253498077		0.07067355474382639		0.14134710948765278
1466		19.598942501001147		0.7657404541969299		1.1130301823079587		0.07067825548946857		0.14135651097893714
1467		19.53904746400076		0.7619491815567017		1.1130549697589873		0.07068502677232028		0.14137005354464055
1468		19.742181656001776		0.7635824084281921		1.1132805186474324		0.07068513574153185		0.1413702714830637
1469		19.499284626999724		0.7668321132659912		1.114953763948679		0.07067004382014275		0.1413400876402855
1470		19.524681241997314		0.7631270885467529		1.1150541697227956		0.07067972618341446		0.14135945236682892
1471		19.39568053200128		0.763462245464325		1.1122898933172225		0.07066518828570843		0.14133037657141687
1472		19.304868325001735		0.7609861493110657		1.1128142530560494		0.07065987380892039		0.14131974761784077
1473		19.37211639200177		0.7693542838096619		1.1164797386205196		0.07066247510761023		0.14132495021522046
1474		19.61750476999805		0.7616464495658875		1.112556145707369		0.07066408085525036		0.14132816171050072
1475		19.603615333999187		0.7652732729911804		1.1144506995773316		0.07066632727384567		0.14133265454769134
1476		19.58970570299789		0.7620120048522949		1.1131543996155262		0.07066620033830404		0.14133240067660807
1477		19.4750236439977		0.7646169066429138		1.1141912942874432		0.07066761383712292		0.14133522767424583
1478		19.371320048001508		0.765521228313446		1.1147267850279807		0.07066734417080879		0.14133468834161758
1479		19.42981507999866		0.7644241452217102		1.1136729578399658		0.07066642979383468		0.14133285958766936
1480		19.612959081001463		0.7608362436294556		1.1130045704412461		0.07065974792540074		0.14131949585080147
1481		19.73674716899768		0.7642744183540344		1.1156879710686207		0.07066154398918152		0.14132308797836304
1482		19.64302654200219		0.7650673389434814		1.1129170042133332		0.07066207593679429		0.14132415187358857
1483		19.61307769099949		0.7657662034034729		1.1130478968822957		0.07066101798713208		0.14132203597426415
1484		19.46515954700226		0.7674854397773743		1.1157296827721597		0.07066001269221306		0.14132002538442612
1485		19.433475860001636		0.7649861574172974		1.1120433975434303		0.07065902237892151		0.14131804475784301
1486		19.726975044002756		0.7631903886795044		1.1134285743045806		0.07066750016212463		0.14133500032424925
1487		19.840135340000415		0.760504961013794		1.1110209496045114		0.0706624311387539		0.1413248622775078
1488		19.799313984000037		0.7631999254226685		1.112788186160326		0.07066058720946312		0.14132117441892625
1489		19.814333425998484		0.7665832042694092		1.1165655638039111		0.07065868486016989		0.14131736972033979
1490		19.676832612		0.7612878084182739		1.1136472844934464		0.07065802513062953		0.14131605026125907
1491		19.59045282399893		0.7654973268508911		1.1131617339777946		0.07066111425310373		0.14132222850620746
1492		19.793987306002236		0.7684410214424133		1.1179423250687122		0.07066055990308523		0.14132111980617046
1493		19.767918386998645		0.7678085565567017		1.1149683501946925		0.07065948661267757		0.14131897322535514
1494		19.590550506		0.7632516026496887		1.114429987152815		0.07065953560173512		0.14131907120347023
1495		19.5224521300006		0.7597046494483948		1.1111173476076126		0.07066018659323454		0.1413203731864691
1496		19.57964467599959		0.766871988773346		1.113027359187603		0.07066029660701752		0.14132059321403503
1497		19.77108116599993		0.7670226097106934		1.1142331583809852		0.07066010720580816		0.14132021441161632
1498		19.832232790999115		0.7643460631370544		1.1167019660067559		0.07066018459647894		0.14132036919295787
1499		19.819924008999806		0.7653050422668457		1.1148822419786453		0.07066026726216078		0.14132053452432156