Epoch	Duration				Loss Step Train			Loss Full Train			Loss Step Test			Loss Full Test
0		10.997799597971607		18.567913055419922		19.57540917701721		6.222184199142456		12.444368398284912
1		9.825370220991317		19.91043472290039		20.87446979560852		7.3818179138183595		14.763635827636719
2		9.703072270029224		19.288137435913086		19.816344802093507		1.7520172840118409		3.5040345680236817
3		9.708151080005337		16.60993766784668		16.998330595779418		5.777106698799133		11.554213397598266
4		9.676246400980745		16.821455001831055		17.778567491340638		4.445476531028747		8.890953062057495
5		9.687111906998325		19.054309844970703		19.196206871795653		1.1014757600784302		2.2029515201568604
6		9.679658968991134		14.74874210357666		15.565867453861237		14.74522553539276		29.49045107078552
7		9.716207068995573		18.417253494262695		19.088394854545594		12.849354536056518		25.698709072113036
8		9.7053697599913		12.34241008758545		12.47648679151535		2.005259805870056		4.010519611740112
9		9.725109084043652		8.55223274230957		8.54661236486435		2.741214221763611		5.482428443527222
10		9.750880148028955		9.736311912536621		10.235581941270828		5.312289665603638		10.624579331207276
11		9.724558504007291		11.9306001663208		12.32141236858368		1.4102583486557008		2.8205166973114015
12		9.718109756009653		13.500155448913574		13.936104346942901		2.5200503078460694		5.040100615692139
13		9.728992688993458		12.474117279052734		12.865571675920487		1.2789462976455688		2.5578925952911375
14		9.750436318980064		10.401073455810547		10.505816279697418		1.1309815483093262		2.2619630966186524
15		9.720633766963147		8.788689613342285		9.01369937543869		1.5570968866348267		3.1141937732696534
16		9.726028504024725		15.28084659576416		15.432374390888214		1.1421739135742188		2.2843478271484376
17		9.81502121197991		13.096465110778809		13.004237358093262		1.019838694381714		2.039677388763428
18		9.736317930975929		9.829225540161133		9.786553297519683		1.1176609857559203		2.2353219715118406
19		9.819953778991476		8.743123054504395		8.958924594783783		1.0223174074172974		2.0446348148345947
20		9.836069442972075		9.121932983398438		9.178138834762573		1.0167207466125487		2.0334414932250975
21		9.739722189027816		11.19214153289795		10.739423894309997		1.483090104675293		2.966180209350586
22		9.715934331004974		14.644526481628418		14.440463171005248		1.8979503366470336		3.795900673294067
23		9.702544105995912		11.496337890625		11.10826659898758		1.07228968334198		2.14457936668396
24		9.715217465010937		11.990363121032715		12.170380946350098		1.0045554056167603		2.0091108112335205
25		9.693582025996875		9.592804908752441		9.932572078704833		1.0530190370559693		2.1060380741119387
26		9.728092978009954		10.245596885681152		12.614191379928588		1.2397275094985962		2.4794550189971925
27		9.74414575099945		48.45288848876953		68.66003907051086		1.2191893669128417		2.4383787338256835
28		9.71168413903797		60.45048141479492		77.81688137989045		1.0265870735168456		2.0531741470336913
29		9.756650270021055		67.77127838134766		89.89795832138061		0.9634332572937012		1.9268665145874024
30		9.806618934031576		54.16151809692383		71.96447272033691		1.0604162424087524		2.120832484817505
31		9.802821315010078		44.7280387878418		59.39195838699341		1.0160561071395875		2.032112214279175
32		9.86322995799128		38.60382080078125		52.87056619338989		0.9202455897331238		1.8404911794662475
33		9.778566434979439		39.117191314697266		54.775226658058166		0.9522980262756348		1.9045960525512695
34		9.935061042022426		36.64090347290039		49.63944265604019		0.9594004422187805		1.918800884437561
35		9.84687185997609		28.312820434570312		40.334174886703494		0.9516759679794311		1.9033519359588622
36		9.812188979005441		20.928293228149414		29.821964002704622		0.913795103931427		1.827590207862854
37		9.780212169047445		12.280753135681152		19.173874228954315		0.8681517789840698		1.7363035579681396
38		9.854043567029294		7.089332580566406		11.013072328186036		1.361658466053009		2.723316932106018
39		9.848724561044946		2.296109199523926		3.236212512111664		0.849517850112915		1.69903570022583
40		9.848677542991936		1.9072868824005127		2.559666691493988		0.7862493354797363		1.5724986709594726
41		9.864794332999736		2.1299664974212646		2.7566256336212156		0.7112618810653687		1.4225237621307374
42		9.889850513020065		1.6038049459457397		2.140777348136902		0.7398425535202027		1.4796851070404053
43		9.879964359977748		1.6369651556015015		2.1524383935928344		0.6782260344982147		1.3564520689964294
44		9.911845511000138		1.5068520307540894		2.0250419028282165		0.7266145129680633		1.4532290259361267
45		9.893529425025918		1.792159914970398		2.3393818294525146		0.6418844151496887		1.2837688302993775
46		9.899628423037939		1.5112076997756958		2.0066973944664		0.5891821412086486		1.1783642824172973
47		9.925859606999438		1.5333902835845947		2.0250244637966155		0.8823670511245727		1.7647341022491454
48		9.887475570023526		1.4142359495162964		1.8913339411258698		0.7602683558464051		1.5205367116928101
49		9.830099334008992		1.644971489906311		2.1433254475593566		0.5445521017074585		1.089104203414917
50		9.83404857199639		1.4119648933410645		1.8790348828315735		0.7857372237205505		1.571474447441101
51		9.860045262961648		1.5208320617675781		2.0050214581012726		1.108061210823059		2.216122421646118
52		9.860483716998715		1.9598242044448853		2.481204726934433		0.5835311446666718		1.1670622893333435
53		9.840814416995272		1.309794545173645		1.7505803608417512		0.47847781324386596		0.9569556264877319
54		9.896242329035886		1.2799321413040161		1.725320666217804		0.47131789255142215		0.9426357851028443
55		9.808906571997795		1.3593899011611938		1.7917791483402252		0.8948661624908447		1.7897323249816894
56		9.793475206010044		1.6533570289611816		2.105728031730652		0.5327167833805084		1.0654335667610169
57		9.821374163031578		1.4030163288116455		1.8423760682106018		0.43015114555358885		0.8603022911071777
58		9.816013150964864		1.221443772315979		1.6447031797885894		0.4476950415849686		0.8953900831699372
59		9.820203365990892		1.2361072301864624		1.6592231237411499		0.5079946094989777		1.0159892189979554
60		9.843511220999062		1.3013198375701904		1.724196697998047		0.40707350721359253		0.8141470144271851
61		9.921865235024597		1.223395586013794		1.645200510787964		0.3990388295650482		0.7980776591300964
62		9.818158613983542		1.1798193454742432		1.5932845511436462		0.4107207694292068		0.8214415388584136
63		9.834880624024663		1.2010929584503174		1.6190229480743408		0.41641448969841005		0.8328289793968201
64		9.960311966016889		1.2192867994308472		1.63128921585083		0.40803681824207305		0.8160736364841461
65		9.839198998000938		1.310391902923584		1.7439139554977416		0.41724733436107636		0.8344946687221527
66		9.874046017997898		1.1540690660476685		1.5632337089300155		0.37736930816173553		0.7547386163234711
67		9.780868492031004		1.535200595855713		1.969584799718857		0.37544814751148226		0.7508962950229645
68		9.792576503008604		1.236994743347168		1.6436078784942627		0.3708294232368469		0.7416588464736938
69		9.801511117024347		1.1632314920425415		1.5750198056221008		0.3699492265701294		0.7398984531402588
70		9.781148904992733		1.2453455924987793		1.6577993577480317		0.34760770175457		0.69521540350914
71		9.827545578009449		1.1359723806381226		1.537716513967514		0.5148967979907989		1.0297935959815978
72		9.911302505992353		1.268718957901001		1.6779840911388397		0.37558526735305786		0.7511705347061157
73		9.80032336601289		1.1651676893234253		1.567303153681755		0.43767452664375306		0.8753490532875061
74		9.849684901011642		1.1572695970535278		1.5490237944126128		0.3974497332811356		0.7948994665622712
75		9.86644235899439		1.2139899730682373		1.6149984049797057		0.34632342200279237		0.6926468440055847
76		9.821884823963046		1.1260777711868286		1.5220130411863326		0.3358025805711746		0.6716051611423492
77		9.822302685992327		1.1523975133895874		1.553391990184784		0.3176493148326874		0.6352986296653748
78		9.872006808000151		1.2034039497375488		1.6137295803546905		0.3933454908132553		0.7866909816265106
79		9.949231892009266		1.1119377613067627		1.5107953386068345		0.37786274890899657		0.7557254978179931
80		9.910390522039961		1.3934942483901978		1.7856449759483337		0.6737604149103165		1.347520829820633
81		9.933202371001244		1.2106553316116333		1.6064224761486054		0.3787295496225357		0.7574590992450714
82		9.83308551099617		1.2639567852020264		1.662027300977707		0.3434739289522171		0.6869478579044342
83		9.985593266959768		1.2334471940994263		1.6194252492904664		0.34441202483177186		0.6888240496635437
84		9.87207361398032		1.3923653364181519		1.7821226164102555		0.3160448604106903		0.6320897208213806
85		9.833456109976396		1.1745426654815674		1.5723149413585662		0.5448598363637924		1.0897196727275849
86		9.907013007963542		1.1710429191589355		1.5582277076244355		0.3879345814228058		0.7758691628456116
87		9.784303630993236		1.2311174869537354		1.6224781765699388		0.30519913311004637		0.6103982662200927
88		9.817763256956823		1.078136682510376		1.4752165513753892		0.6637562502622605		1.327512500524521
89		9.898286115028895		1.217836856842041		1.6031217557191848		0.28895321199893953		0.5779064239978791
90		9.950528055022005		1.197455883026123		1.5995032805681229		0.3143290439128876		0.6286580878257751
91		9.870101192034781		1.0736439228057861		1.4656977850675583		0.6180122271776199		1.2360244543552399
92		9.852986303973012		1.0347119569778442		1.4266160260677339		0.30060223813056947		0.6012044762611389
93		9.828147792024538		1.3541914224624634		1.7480587547779083		0.4819604250669479		0.9639208501338958
94		9.899976722022984		1.1920242309570312		1.5813560928344728		0.6551707898378372		1.3103415796756743
95		9.838280131982174		1.0992989540100098		1.497744005227089		0.31442494940757754		0.6288498988151551
96		9.920632590947207		1.0749685764312744		1.467482159280777		0.35186050992012025		0.7037210198402405
97		9.97980621602619		1.4198230504989624		1.7864985392808914		0.28475505640506743		0.5695101128101349
98		9.903587797016371		1.071852207183838		1.464577205324173		0.31665678386688234		0.6333135677337647
99		9.911251304962207		1.067520260810852		1.4573382552146912		0.3138979801893234		0.6277959603786468
100		9.950986369978637		1.0070364475250244		1.4002460730075836		0.2678020737171173		0.5356041474342346
101		9.854683227022178		1.10988450050354		1.501260774564743		0.2815119090795517		0.5630238181591034
102		9.85203383199405		1.1780859231948853		1.5654349013328552		0.25746138571500776		0.5149227714300155
103		9.862415345967747		1.1121635437011719		1.502955196070671		0.2960062982320786		0.5920125964641572
104		9.907623360981233		1.0448065996170044		1.4374515927791596		0.30940107593536376		0.6188021518707275
105		9.927731499017682		1.054339051246643		1.4429172135353088		0.434185161280632		0.868370322561264
106		9.864714359981008		1.139859914779663		1.523263844871521		0.5499381006240844		1.0998762012481689
107		9.867938679002691		1.1643120050430298		1.554287115430832		0.3319042864084244		0.6638085728168488
108		9.892647633969318		1.1864213943481445		1.5748190342187882		0.26747080602645873		0.5349416120529175
109		9.930955370014999		1.0384421348571777		1.4323010007381438		0.3593302132368088		0.7186604264736176
110		9.813358406012412		1.0498186349868774		1.4362739473581314		0.4317868942260742		0.8635737884521484
111		9.81215545500163		1.095146894454956		1.4764665729761124		0.2905503973960876		0.5811007947921752
112		9.818637699005194		1.125341534614563		1.5144854047060012		0.4786615546703339		0.9573231093406678
113		9.900733428017702		1.2342257499694824		1.6151282804250717		0.2576316156864166		0.5152632313728333
114		9.89123428799212		1.0142724514007568		1.4088779748678208		0.27845446379184724		0.5569089275836945
115		9.884330569999292		1.2927688360214233		1.6728179748296739		0.24348583180904387		0.48697166361808775
116		9.832615840015933		1.1444703340530396		1.5322723450422286		0.2530043774485588		0.5060087548971176
117		9.83563453599345		1.0885275602340698		1.4773682173728944		0.2562274420142174		0.5124548840284348
118		9.836110623960849		1.0129151344299316		1.4016583166122436		0.26627962937355043		0.5325592587471009
119		9.82971387897851		1.0527580976486206		1.4370772573947908		0.24378911315202714		0.4875782263040543
120		9.910571149957832		1.0746896266937256		1.4641962353944777		0.4381113123178482		0.8762226246356964
121		9.880054551991634		1.0191818475723267		1.401669899535179		0.2339576681137085		0.467915336227417
122		9.875791306025349		1.022402286529541		1.4148491406679153		0.24747798249721528		0.49495596499443056
123		9.888906772015616		1.0191633701324463		1.408555338716507		0.9950470395088196		1.9900940790176391
124		9.918116540007759		1.1255524158477783		1.510962024617195		0.23730437531471252		0.47460875062942504
125		9.84343419095967		1.1646499633789062		1.5456003680467605		0.254295097219944		0.508590194439888
126		9.843980706995353		0.9902151823043823		1.3806071969270706		0.2808708788514137		0.5617417577028274
127		9.834856151021086		1.0437679290771484		1.428533419775963		0.3235251521110535		0.647050304222107
128		9.829466119990684		1.103339433670044		1.4826766292572022		0.25278653926849365		0.5055730785369873
129		9.828335671976674		1.1628848314285278		1.5497113879442215		0.25389196655750274		0.5077839331150055
130		9.845403523009736		1.1095863580703735		1.494247415280342		0.23792567187547684		0.47585134375095367
131		9.822063535044435		1.0413661003112793		1.4238847014904021		0.22436958808898927		0.44873917617797854
132		9.836974463018123		1.019861102104187		1.407838087105751		0.23102606092691422		0.46205212185382843
133		9.878171229967847		1.0497342348098755		1.4412578200817108		0.2237888870716095		0.447577774143219
134		9.892088822030928		1.1800991296768188		1.5571984148025513		0.2804246246099472		0.5608492492198944
135		9.931410574004985		0.988451361656189		1.375277235174179		0.22434365335702897		0.44868730671405793
136		9.917075254023075		1.0558778047561646		1.443770948958397		0.2469263932943344		0.4938527865886688
137		9.91537301603239		1.0968056917190552		1.481389913535118		0.24264484053850174		0.4852896810770035
138		9.905838080041576		1.0567340850830078		1.446008410716057		0.23129198958873748		0.46258397917747496
139		9.896625327004585		1.0190355777740479		1.4025935494422912		0.2178629220366478		0.4357258440732956
140		9.951057358004618		1.1419546604156494		1.5116627173662185		0.4772365191459656		0.9544730382919312
141		9.937903259997256		1.198441505432129		1.574142121219635		0.2296624650478363		0.4593249300956726
142		9.838092589052394		1.0204342603683472		1.403142407345772		0.2196083516716957		0.4392167033433914
143		9.874485688982531		1.0142841339111328		1.4008647553682327		0.47079057857990264		0.9415811571598053
144		9.83109729498392		0.9861918687820435		1.376225741648674		0.555324794793129		1.110649589586258
145		9.875262689020019		1.0385619401931763		1.426670360016823		0.24896018332242967		0.49792036664485934
146		9.921813344000839		1.0547908544540405		1.4356701174259185		0.45451462554931643		0.9090292510986329
147		9.838467731024139		0.9403806328773499		1.3277412930369377		0.20664516625404358		0.41329033250808717
148		9.909672085021157		1.0212717056274414		1.4046226655960083		0.3892140277147293		0.7784280554294586
149		9.838117862003855		1.0431779623031616		1.4261990713357926		0.2911253117799759		0.5822506235599518
150		9.893357672030106		1.0640963315963745		1.4483545194625855		0.21819251830577852		0.43638503661155703
151		9.921421539969742		0.9957142472267151		1.3802620963335037		0.20588912930488587		0.41177825860977174
152		9.836766636988614		1.0664646625518799		1.456008944249153		0.20713081568479538		0.41426163136959077
153		9.876656565989833		1.0860167741775513		1.4657417136192321		0.23490361669063567		0.46980723338127134
154		9.8856060130056		1.0456562042236328		1.4309938009858132		0.24431873975992202		0.48863747951984404
155		9.883088685048278		1.2161346673965454		1.5900965123176574		0.2221402095913887		0.4442804191827774
156		9.78735635895282		0.9329617023468018		1.3209368396997452		0.21468954111337663		0.42937908222675325
157		9.916111700993497		1.0400325059890747		1.426175803411007		0.22028835384845732		0.44057670769691465
158		9.866216609021649		0.965197741985321		1.3533282461166383		0.2054478507041931		0.4108957014083862
159		9.881010584009346		1.0056432485580444		1.3900683861851693		0.23321151498556136		0.4664230299711227
160		9.953764730016701		1.0339950323104858		1.417275898230076		0.20831817408800124		0.4166363481760025
161		9.920070332998876		0.956238865852356		1.3420469855427741		0.3709655037403107		0.7419310074806214
162		9.95897368597798		1.1152557134628296		1.487519831418991		0.21082085893154145		0.4216417178630829
163		9.987818734021857		0.9641037583351135		1.3486232647895813		0.23289818544387816		0.46579637088775633
164		10.025614081998356		1.02019464969635		1.4050557896018028		0.3214717788696289		0.6429435577392578
165		9.986265486048069		1.0484867095947266		1.4315902812957764		0.34287805387973785		0.6857561077594757
166		9.874042537005153		0.9602445363998413		1.3507990522623061		0.2751593067407608		0.5503186134815216
167		9.864173145964742		0.961381196975708		1.3504208491683005		0.2524095479249954		0.5048190958499909
168		9.855081340007018		0.955146074295044		1.3410800593018533		0.2054562740921974		0.4109125481843948
169		9.87175352597842		1.1040250062942505		1.4817814746022224		0.19896371024847032		0.39792742049694063
170		9.920297549979296		0.9479991793632507		1.335143075466156		0.196314524102211		0.392629048204422
171		9.938103818974923		1.4096100330352783		1.7871163910150527		0.19716904153823853		0.39433808307647705
172		9.890993078995962		1.1904304027557373		1.5330552497386933		0.2501781070113182		0.5003562140226364
173		9.909629066998605		1.099105715751648		1.468751354789734		0.19426286128759385		0.3885257225751877
174		9.838889174978249		1.071274757385254		1.4519474173903466		0.3369062742471695		0.673812548494339
175		9.87086600397015		0.9700706601142883		1.355278026151657		0.509049336528778		1.018098673057556
176		9.881019608990755		1.1577613353729248		1.5371443234205246		0.2229721062541008		0.4459442125082016
177		9.931636008026544		1.0215094089508057		1.4041607308864594		0.3542095610141754		0.7084191220283508
178		9.876631597988307		1.0036847591400146		1.385436684679985		0.23044735068082808		0.46089470136165617
179		9.898167424020357		0.9949433207511902		1.3814293564200402		0.22114994043111802		0.44229988086223604
180		9.83689736702945		0.9962103366851807		1.3798016268730164		0.22089906034469606		0.4417981206893921
181		9.82193280395586		1.0174708366394043		1.4075442977786063		0.23800307484865188		0.47600614969730376
182		9.87025158997858		1.0391981601715088		1.4277604964613915		0.37898204436302185		0.7579640887260437
183		9.846154302998912		1.2250659465789795		1.602059028351307		0.3847748206615448		0.7695496413230896
184		9.823785519052763		0.9905666708946228		1.3686157816529274		0.47089203927516937		0.9417840785503387
185		9.838368641969282		1.0449817180633545		1.4258579213619231		0.3089955585002899		0.6179911170005798
186		9.849262158037163		1.0121687650680542		1.3979105489730834		0.1959495773792267		0.3918991547584534
187		9.92714275198523		0.9198102355003357		1.3052844440340996		0.1914890392780304		0.3829780785560608
188		9.867178826010786		1.2722865343093872		1.6498144186496735		0.2755859288096428		0.5511718576192856
189		9.973533593001775		1.0970860719680786		1.4743168259382249		0.20085403815507888		0.40170807631015776
190		9.809318156039808		1.0221121311187744		1.3978790447592735		0.2499400101184845		0.499880020236969
191		9.817503620986827		0.9777737259864807		1.3623769345760346		0.3957946949958801		0.7915893899917602
192		9.873979936994147		1.0497840642929077		1.4263395144462585		0.18796436394453048		0.37592872788906095
193		9.827029115986079		0.9534482955932617		1.3374130519866942		0.5884338795185089		1.1768677590370178
194		9.933714226004668		0.962343156337738		1.3452950500249863		0.32841380288600924		0.6568276057720185
195		9.808270142995752		1.0211883783340454		1.4077626994132995		0.5186845323085785		1.037369064617157
196		9.835053285001777		1.0919499397277832		1.4724706212639809		0.25997900049686434		0.5199580009937287
197		9.899445370014291		0.9742581844329834		1.3626592203021048		0.19942646943330763		0.39885293886661527
198		9.933499592996668		1.0368783473968506		1.4278912232398986		0.20252235394716261		0.40504470789432523
199		9.965306675003376		1.0630137920379639		1.454766883957386		0.188342254281044		0.376684508562088
200		9.938936243008357		1.053377628326416		1.4401065689682961		0.2067379891514778		0.4134759783029556
201		9.926524965965655		0.9555116891860962		1.3447556441307067		0.4054806212067604		0.8109612424135209
202		9.947799713001586		1.1343374252319336		1.5165440847992897		0.21621133764982223		0.43242267529964445
203		9.901187183975708		1.0240343809127808		1.4009910782933235		0.45651968030929563		0.9130393606185913
204		9.89328097004909		1.0344399213790894		1.4187976833343505		0.23518642687797547		0.47037285375595095
205		9.923661726003047		0.9780516624450684		1.3600789535164832		0.20928917214870452		0.41857834429740903
206		9.925988414965104		0.9991597533226013		1.379239121413231		0.18439823900461197		0.36879647800922394
207		9.839257647981867		0.8882834911346436		1.267852613246441		0.182831149327755		0.36566229865551
208		9.85551939002471		1.0432463884353638		1.4287069309473037		0.37708706176280976		0.7541741235256195
209		9.919355963997077		1.0818835496902466		1.4586126190423965		0.9731974975585937		1.9463949951171875
210		9.932581025001127		1.0807225704193115		1.464510369348526		0.31186874725818636		0.6237374945163727
211		9.854806324990932		0.9511796832084656		1.3378941207647324		0.6395129359006881		1.2790258718013763
212		9.875611310999375		1.1016346216201782		1.470236311507225		0.1952311002612114		0.3904622005224228
213		9.873044920968823		1.1209229230880737		1.4968698095560073		0.21661910578012467		0.43323821156024933
214		9.876145926013123		0.9928801655769348		1.3773841893434524		0.20404604338407517		0.40809208676815034
215		9.867732457991224		0.9486921429634094		1.3287199714899063		0.255543047773838		0.511086095547676
216		10.005604178993963		0.9938693046569824		1.388895711195469		0.24874056590795518		0.49748113181591036
217		9.882267249980941		0.9923230409622192		1.372946462059021		0.1842090605378151		0.3684181210756302
218		9.864386417029891		1.0288867950439453		1.4110195198655129		0.1815928596019745		0.363185719203949
219		9.859081336006057		0.998769998550415		1.372144114613533		0.29490845792293546		0.5898169158458709
220		9.975383505981881		0.9866622090339661		1.3723272717952728		0.2880396457672119		0.5760792915344238
221		9.909108376014046		1.05869722366333		1.4387467886805534		0.27359885601997375		0.5471977120399475
222		9.854384977021255		0.9729971289634705		1.3603447335362435		0.30255761699676514		0.6051152339935303
223		9.818914412986487		0.8857319355010986		1.2687511739373207		0.4663540581583977		0.9327081163167954
224		9.81342219398357		1.0390129089355469		1.4246774486303329		0.18290387165546418		0.36580774331092836
225		9.808334801986348		0.9806772470474243		1.3622168573260307		0.22314824422597884		0.4462964884519577
226		9.826116874988656		0.9491162896156311		1.3386427320480347		0.2067596459388733		0.4135192918777466
227		9.856856740021612		1.107925534248352		1.4906336593866347		0.2632195291042328		0.5264390582084656
228		9.879186784033664		1.0537264347076416		1.4322922827482223		0.18749697555303574		0.3749939511060715
229		9.83264328900259		0.9213994741439819		1.3075639254927636		0.2519580922365189		0.5039161844730378
230		9.873115548980422		0.931657612323761		1.3212027540683746		0.3127458662390709		0.6254917324781418
231		9.93608067301102		1.0330021381378174		1.410948744392395		0.5682618361592293		1.1365236723184586
232		9.866677544021513		1.0634946823120117		1.4443278793692589		0.19386008689403533		0.38772017378807067
233		9.88999126397539		0.9271796345710754		1.3099599659323693		0.16974764081239702		0.33949528162479403
234		9.933698669017758		0.9304479956626892		1.3149430141448974		0.17267905554771423		0.34535811109542847
235		9.855814894021023		1.0172905921936035		1.3974897530198098		1.3629344999790192		2.7258689999580383
236		9.874582316959277		1.0710664987564087		1.447550804066658		0.18231852205991744		0.3646370441198349
237		9.893338955997024		0.9769611358642578		1.3630295902729035		0.3003188215136528		0.6006376430273056
238		10.000491446990054		0.9473374485969543		1.3330698395490646		0.26720756397247314		0.5344151279449463
239		10.026464396971278		0.9780641198158264		1.3595400209903716		0.28637278364896773		0.5727455672979355
240		9.89271052397089		0.9934870600700378		1.3697285989403725		0.20456124413013457		0.40912248826026915
241		9.874854288995266		1.005508542060852		1.3872937446832656		0.17243660271167754		0.3448732054233551
242		9.853403397020884		0.8939189314842224		1.277543741440773		0.7810960403203965		1.562192080640793
243		9.931278933945578		1.1072509288787842		1.4804379189372063		0.2584462611794472		0.5168925223588944
244		9.876939517969731		0.9573577642440796		1.343639727783203		0.21505747191905975		0.4301149438381195
245		9.91400543099735		1.0935754776000977		1.4841538243293761		0.17014262456893922		0.34028524913787844
246		9.885445825988427		0.9543167948722839		1.3314374348044395		0.3432360754609108		0.6864721509218216
247		9.85047314001713		1.105497121810913		1.4909700522303582		0.18051185697317124		0.3610237139463425
248		9.845949478971306		0.9590621590614319		1.350994772851467		0.19734934284687042		0.39469868569374084
249		9.825280851975549		0.9959077835083008		1.3808810033917427		0.7481064669847488		1.4962129339694976
250		9.900114690011833		0.9622704982757568		1.347573405432701		0.2324619940638542		0.4649239881277084
251		9.827860882040113		1.0201314687728882		1.4062786764740944		0.18072958158254623		0.36145916316509247
252		9.893654980987776		0.9913864135742188		1.3698364661455154		0.1694432170033455		0.338886434006691
253		9.89130804198794		0.8934326767921448		1.2789440249204636		0.22820565284490585		0.4564113056898117
254		9.809752271976322		0.9694772958755493		1.3559475430130958		0.2243400424003601		0.4486800848007202
255		9.853561619995162		0.9607260227203369		1.3449443350553512		0.48434146164655684		0.9686829232931137
256		9.855301724979654		1.0823901891708374		1.4579821115136147		0.2181238951921463		0.4362477903842926
257		9.96396237501176		0.9671819806098938		1.356011289024353		0.16839807423353195		0.3367961484670639
258		9.94089582999004		0.9668828845024109		1.3483703156352043		0.22900102318525314		0.4580020463705063
259		9.886808321985882		1.1221190690994263		1.504833636534214		0.22490870835781096		0.4498174167156219
260		9.892314475029707		1.0148149728775024		1.3893500016450882		0.1707579533934593		0.3415159067869186
261		9.909806174051482		0.925660252571106		1.316555702495575		0.17257052105665208		0.34514104211330415
262		9.883817018009722		0.9973106980323792		1.3838362650632858		0.21166835408210755		0.4233367081642151
263		9.861736787017435		1.0937247276306152		1.4924204525351525		0.17080897994041444		0.3416179598808289
264		9.87747839099029		0.994720458984375		1.3764590453863144		0.27352235424518584		0.5470447084903717
265		9.82466340798419		1.1425496339797974		1.5198811060786248		0.17248366873264312		0.34496733746528624
266		9.84375859098509		0.9299913644790649		1.316905742096901		0.35694070620536805		0.7138814124107361
267		9.893706574977841		1.0865620374679565		1.464362824511528		0.19688339847326278		0.39376679694652555
268		9.814721943985205		1.010840654373169		1.400158198106289		0.27986786612272263		0.5597357322454453
269		9.88733921898529		0.9595731496810913		1.3420871509552001		0.17644062950611114		0.3528812590122223
270		9.906916597043164		0.9577658772468567		1.3445867678284644		0.43454221781492236		0.8690844356298447
271		9.866626474016812		1.006282925605774		1.3945713931918144		0.1633424700856209		0.3266849401712418
272		9.805409196007531		0.8992359042167664		1.2812729207634925		0.20540470637083053		0.41080941274166105
273		9.847703329985961		0.9329897165298462		1.3170795718312263		0.24420637130737305		0.4884127426147461
274		9.831434255989734		0.8948435187339783		1.2782262429833413		0.17354373770952225		0.3470874754190445
275		9.817919050983619		0.9576171636581421		1.3431637333035469		0.258252499294281		0.516504998588562
276		9.910801405028906		1.043084740638733		1.422043746483326		0.172280304479599		0.344560608959198
277		9.826918187027331		0.899903416633606		1.2809161653876304		0.6020392063856125		1.204078412771225
278		9.858563543995842		1.0188671350479126		1.4063721961140632		0.1670259394645691		0.3340518789291382
279		9.829347491031513		0.9975783824920654		1.3819070835828782		0.2008782122731209		0.4017564245462418
280		9.918439603992738		0.9463452696800232		1.3312348143935204		0.1837654292345047		0.3675308584690094
281		9.91142962599406		1.100679636001587		1.4735604348897935		0.2324779941678047		0.4649559883356094
282		9.942205199971795		0.8973175287246704		1.2786056809425355		0.17632632199525833		0.35265264399051666
283		9.84822888096096		0.8983947038650513		1.2816219303011893		0.2571514654636383		0.5143029309272766
284		9.787985743023455		1.039139986038208		1.4263224352002144		0.24386503981351854		0.48773007962703707
285		9.874405434995424		0.9916019439697266		1.372233266735077		0.17058639718294144		0.3411727943658829
286		9.828287856013048		0.936369776725769		1.3199891598820686		0.35032641978263857		0.7006528395652771
287		9.936458458018024		1.0414745807647705		1.4284221198558806		0.16713060624599457		0.33426121249198915
288		9.941577179008164		1.0085346698760986		1.3919998284101487		0.16036968014240266		0.3207393602848053
289		9.926610641006846		0.9487537741661072		1.3305077020525933		0.16852241125106812		0.33704482250213624
290		9.966337442048825		0.9299087524414062		1.3168340442061424		0.36021593906879423		0.7204318781375885
291		9.903893837996293		1.1183172464370728		1.4971350306510924		0.16217413823604584		0.3243482764720917
292		9.995955020014662		0.9149423837661743		1.299748039162159		0.17535163645744323		0.35070327291488645
293		9.959818147006445		0.9647783041000366		1.3515421709418296		0.6007021327018738		1.2014042654037476
294		9.89822713896865		1.0439696311950684		1.4279670471549033		0.21637328106164933		0.43274656212329865
295		10.022421085042879		0.9340002536773682		1.320446526670456		0.22380296368598937		0.44760592737197874
296		9.900483276986051		0.9072937965393066		1.296060454070568		0.22578922386169434		0.4515784477233887
297		9.915290947014		0.9835370779037476		1.3693983969688415		0.19038178337812423		0.38076356675624845
298		9.829060431977268		1.0191516876220703		1.395438704264164		0.16323273712396622		0.32646547424793243
299		9.941849173977971		0.987166702747345		1.3685972900032997		0.16918319464921952		0.33836638929843904
300		9.902734673989471		1.023370385169983		1.4094356485009194		0.16515046228170394		0.33030092456340787
301		9.886734955012798		1.0429171323776245		1.4201798644423484		0.20228701697587967		0.40457403395175934
302		9.843303531000856		0.9458079934120178		1.3354170652627946		0.1795637825369835		0.359127565073967
303		9.820411326014437		0.9114598631858826		1.2963385281085968		0.1861071219921112		0.3722142439842224
304		9.863568756962195		1.046580195426941		1.424880948793888		0.1869015130162239		0.3738030260324478
305		9.900505014986265		0.8868163824081421		1.273164333498478		0.1630598405122757		0.3261196810245514
306		9.910903069016058		1.101633906364441		1.4827126789093017		0.5169342093110084		1.0338684186220168
307		10.002376929973252		1.0723267793655396		1.4497240206837654		0.1771439829349518		0.3542879658699036
308		9.855014933040366		0.9357275366783142		1.323676073229313		0.21102741309404374		0.4220548261880875
309		9.924836736987345		0.9199939370155334		1.307656023645401		0.19742925736904143		0.39485851473808287
310		9.891839274961967		1.0050681829452515		1.38893859988451		0.3740323449611664		0.7480646899223328
311		9.95079569000518		1.0964945554733276		1.468512434375286		0.15774287602305412		0.31548575204610824
312		9.951502548996359		0.9879285097122192		1.3682658729434014		0.19308209116458894		0.3861641823291779
313		9.951418081996962		1.0898535251617432		1.4614036928772927		0.2033370193362236		0.4066740386724472
314		9.840786067012232		1.0580860376358032		1.4444205094456672		0.271394276869297		0.542788553738594
315		9.883342063985765		0.9724133610725403		1.3585932341217994		0.15497565058469773		0.30995130116939545
316		9.881025008973666		0.967089056968689		1.3507782517433167		0.18166608010530472		0.36333216021060943
317		9.893046808021609		1.0270313024520874		1.4049279037117959		0.16071472483873367		0.32142944967746734
318		9.876343156967778		0.9185134768486023		1.298002843940258		0.2956652117848396		0.5913304235696792
319		9.923535590991378		0.9658809304237366		1.352744285595417		0.24329516384601593		0.48659032769203187
320		9.9537425529561		0.9010255336761475		1.2982683684825898		0.15393852136731148		0.30787704273462296
321		9.936456569994334		0.9298893213272095		1.3101324027061463		1.1676769781827927		2.3353539563655854
322		9.930734655994456		1.0455350875854492		1.4210260087728501		0.16064484235048293		0.32128968470096586
323		9.914500598970335		0.9876721501350403		1.3647942718148232		0.16062649462223053		0.32125298924446105
324		9.899666396027897		1.051971435546875		1.4014967147469521		0.32646976709365844		0.6529395341873169
325		9.9107641329756		1.0074726343154907		1.3905634891986847		0.4612600193858147		0.9225200387716294
326		9.84471031196881		1.0844769477844238		1.451705786883831		0.17561143333911897		0.35122286667823793
327		9.895375693042297		0.9363276362419128		1.3228292885541917		0.1550639804124832		0.3101279608249664
328		9.822295225982089		0.936325192451477		1.3202645782113076		0.15787989944815636		0.3157597988963127
329		9.843382972991094		0.8952807188034058		1.279608227789402		0.1833736098766327		0.3667472197532654
330		9.837663814018015		1.0173697471618652		1.392145474755764		0.16380469847917556		0.3276093969583511
331		9.866134891984984		1.0429385900497437		1.423353876554966		0.2009947318673134		0.4019894637346268
332		9.880217604048084		0.9380106329917908		1.3278754013895988		0.18369385999441146		0.3673877199888229
333		9.854929074004758		0.9115327000617981		1.298733640897274		0.15606141929626466		0.3121228385925293
334		9.857738219026942		1.0073046684265137		1.3874574985861778		0.16192410955429076		0.3238482191085815
335		9.889642290014308		0.9409263730049133		1.3266152335047723		0.24103105055093765		0.4820621011018753
336		9.893512727983762		0.9967309236526489		1.377920173382759		0.16334427453279496		0.3266885490655899
337		9.860888993018307		0.9511967301368713		1.3404452927350998		0.15850245418548584		0.31700490837097167
338		9.838581193995196		1.150834083557129		1.525823124706745		0.15751862524747848		0.31503725049495696
339		9.89725721301511		0.9199941158294678		1.298372935795784		0.15541287995576858		0.31082575991153716
340		9.834071425022557		0.9165698885917664		1.3049974759101868		0.15834424933195115		0.3166884986639023
341		9.896570645971224		0.9519422650337219		1.3331250298023223		0.16754435024261474		0.3350887004852295
342		9.889579270966351		0.9391417503356934		1.3226415972352028		0.3027332042694092		0.6054664085388184
343		9.940474269038532		0.9504079818725586		1.327364525425434		0.23937703988552095		0.4787540797710419
344		9.887058074004017		1.0383342504501343		1.4200414049386978		0.20887393190860748		0.41774786381721496
345		9.833834674966056		1.026965856552124		1.4098892958283424		0.15405945120453834		0.3081189024090767
346		9.876602092001121		0.9611958861351013		1.3500986442327498		0.17953940086364747		0.35907880172729495
347		9.94099647901021		0.8778939247131348		1.2678782422423363		0.24945523494482041		0.49891046988964083
348		9.952427187003195		0.9326987266540527		1.3172195893883705		0.3277754190325737		0.6555508380651474
349		9.839461558964103		0.9650942087173462		1.3566853910565377		0.18770405472517013		0.37540810945034025
350		9.903650359949097		1.2648645639419556		1.6366419371962548		0.17040469955205917		0.34080939910411834
351		9.85369747999357		1.0045346021652222		1.38777992477417		0.209724416077137		0.419448832154274
352		10.014392306969967		0.9776691198348999		1.3629006139874458		0.15182179036140442		0.30364358072280884
353		9.886016847041901		0.9438530802726746		1.3271898405671119		0.15123946552276613		0.30247893104553225
354		9.879207674006466		0.8959587812423706		1.278269491970539		0.15376301410198212		0.30752602820396424
355		9.927712242002599		0.9047561287879944		1.2926431167840957		0.16085627931952476		0.3217125586390495
356		9.87658260203898		0.959997832775116		1.3415373178243637		0.3907048591375351		0.7814097182750702
357		9.933512915973552		0.9689003825187683		1.3530877103805543		0.15105751959085464		0.3021150391817093
358		9.841752375999931		0.9996616244316101		1.3819105962872504		0.14954520719647407		0.29909041439294815
359		9.832269007980358		0.9305198192596436		1.3135884294509887		0.15489832270741463		0.30979664541482926
360		9.844279303972144		0.917252242565155		1.2993642876386642		0.1727444970548153		0.3454889941096306
361		9.858442373981234		0.9838775992393494		1.3657056542634964		0.1644519742012024		0.3289039484024048
362		9.979180880996864		0.8819733262062073		1.2659619720697404		0.4998941773295403		0.9997883546590806
363		9.99610908899922		1.1666405200958252		1.5417486707091332		0.16829232474565506		0.3365846494913101
364		9.989540675014723		0.9838243722915649		1.361315720665455		0.1610774453997612		0.3221548907995224
365		9.963209229987115		0.9221600294113159		1.3048174535393715		0.7491136589407921		1.4982273178815841
366		9.871217736974359		0.9590813517570496		1.3368449054121971		0.5160528609991074		1.0321057219982148
367		9.869489178992808		0.9491724371910095		1.3342651849031448		0.255519564640522		0.511039129281044
368		9.992638127994724		0.9604933261871338		1.3427005423784255		0.1762566070795059		0.3525132141590118
369		9.98662937397603		0.9281607270240784		1.3153746953487395		0.15077941137552262		0.30155882275104523
370		9.965429948992096		1.0401932001113892		1.4199930144906043		0.1498862785220146		0.2997725570440292
371		9.910241002973635		0.8690676689147949		1.2538909922480583		0.2792445981860161		0.5584891963720322
372		9.935720584995579		0.9472694993019104		1.3368080394268036		0.21895312262773514		0.4379062452554703
373		9.917199694958981		0.9771531224250793		1.357196935415268		0.2760630021452904		0.5521260042905808
374		9.821952514001168		0.9058915972709656		1.2899432672142983		0.14791730252504348		0.29583460505008696
375		9.855555165966507		0.9785915613174438		1.3569235456347466		0.1630449264526367		0.3260898529052734
376		9.874047370045446		1.0677621364593506		1.4434550662279129		0.2722980366230011		0.5445960732460022
377		9.852288854017388		1.0359623432159424		1.4054263629794121		0.19734303815364837		0.39468607630729674
378		9.974997822020669		0.9584505558013916		1.3359276711702346		0.2257199332356453		0.4514398664712906
379		9.883304852992296		0.8920552730560303		1.2788474692463876		0.15450470640659333		0.30900941281318667
380		10.003002299985383		0.900507390499115		1.2817716250061988		0.16055098407268525		0.3211019681453705
381		9.87960100901546		0.9382222294807434		1.3214667451143265		0.1702421146273613		0.3404842292547226
382		9.946418015984818		0.9256676435470581		1.3076044048666955		0.15280477238297463		0.30560954476594926
383		10.008480048039928		1.0092904567718506		1.3949344306945801		0.15310763885378836		0.3062152777075767
384		9.850791715027299		0.9366224408149719		1.3282679881811141		0.25059787608385087		0.5011957521677017
385		9.904718297009822		1.0442531108856201		1.4294477908730507		0.14867920941710472		0.29735841883420944
386		9.852125909004826		0.9525708556175232		1.3383168446063995		0.15816250914931299		0.31632501829862597
387		9.892648871056736		1.000758409500122		1.3874966799259185		0.2386385537266731		0.4772771074533462
388		9.915752207976766		1.015815258026123		1.4019734388351441		0.16437959183454515		0.3287591836690903
389		9.980444977991283		0.9340527057647705		1.3238713371038437		0.21562880955934524		0.4312576191186905
390		9.932753121946007		0.9104998111724854		1.2903968143105506		0.1448956472992897		0.2897912945985794
391		9.968016442027874		0.9589534997940063		1.337691343164444		0.16176090676784516		0.3235218135356903
392		9.899294343020301		0.9780063033103943		1.3581092049360275		0.18147280687093734		0.3629456137418747
393		9.91101176297525		0.9397287964820862		1.3225798804402351		0.1468982502400875		0.293796500480175
394		10.059625693014823		1.0588116645812988		1.4415462444901466		0.2780114387631416		0.5560228775262832
395		9.933971731981728		0.942778468132019		1.3251597779750823		0.18747783281803132		0.37495566563606264
396		9.887965173984412		0.9519367218017578		1.3347247205138206		0.14947182776927948		0.29894365553855895
397		9.888155881024431		0.9731160998344421		1.3537658375024795		0.17912775354385377		0.35825550708770754
398		9.835984616016503		0.8899340629577637		1.2759790776848794		0.4267053862094879		0.8534107724189758
399		9.881803338997997		0.930965781211853		1.314089469742775		0.1880519863963127		0.3761039727926254
400		9.824204676027875		0.9465520977973938		1.3383133405447005		0.15658218485713005		0.3131643697142601
401		9.864268698031083		0.9246485233306885		1.3162338090062142		0.20831726162433625		0.4166345232486725
402		9.849864804011304		0.9704338908195496		1.3582180230617522		0.1519993161022663		0.3039986322045326
403		9.898128786007874		0.932129979133606		1.3202016460418702		0.39708342282772063		0.7941668456554413
404		9.911745377990883		0.9870677590370178		1.3737658147215843		0.2694492527604103		0.5388985055208206
405		9.860199260001536		1.0825655460357666		1.4596144816875458		0.5854111161112785		1.170822232222557
406		9.9102086359635		0.9706419706344604		1.3611610090374946		0.24956607295274735		0.4991321459054947
407		9.972109513008036		0.9155798554420471		1.297867410349846		0.15074405896663665		0.3014881179332733
408		9.898708951019216		0.86612468957901		1.2542575433015823		0.14221867266893387		0.28443734533786774
409		9.865747025993187		1.0026119947433472		1.3792321346640586		0.14945174924135207		0.29890349848270414
410		9.881284676026553		0.8604890704154968		1.2472309954166412		0.14336672710180282		0.28673345420360563
411		9.834124286018778		0.9578621983528137		1.3381333795785904		0.2409285370349884		0.4818570740699768
412		9.869306684995536		1.0167632102966309		1.408510324406624		0.1420488669872284		0.2840977339744568
413		10.014231452019885		0.948777973651886		1.330595919406414		0.26770421813726425		0.5354084362745285
414		9.931595764996018		0.9693479537963867		1.363247094666958		0.14364481987953187		0.28728963975906374
415		10.063250181963667		0.9797585010528564		1.3631338225960732		0.16631039978265763		0.33262079956531526
416		10.02819357602857		1.0783694982528687		1.459858129799366		0.30629110963344575		0.6125822192668915
417		10.021377080993261		0.9265908002853394		1.309333425307274		0.17494326829910278		0.34988653659820557
418		10.008938675979152		0.8959233164787292		1.2749649792194366		0.2057500024199486		0.4115000048398972
419		9.92009854101343		0.9558355212211609		1.3408171457409859		0.16238641461730002		0.32477282923460005
420		9.903027269989252		1.0341366529464722		1.4128198761343955		0.5257533290624619		1.0515066581249237
421		9.934776721987873		0.9356449842453003		1.3197848680257798		0.17912855441570283		0.35825710883140566
422		9.897839002020191		0.9205319285392761		1.3031226038336754		0.4541572453379631		0.9083144906759262
423		9.880958983034361		0.9284206628799438		1.3117900421500206		0.1517113810658455		0.303422762131691
424		9.887367450981401		0.968551754951477		1.346534234392643		0.47745577647686005		0.9549115529537201
425		9.952383340976667		0.9754067063331604		1.3563812572479248		0.1403215736269951		0.2806431472539902
426		9.926228019001428		0.8684576153755188		1.2559213012099266		0.3651551412940025		0.730310282588005
427		9.856484756979626		1.043505311012268		1.431876063477993		0.34280664451122284		0.6856132890224457
428		9.844312538974918		0.8805342316627502		1.2615944491386413		0.22177784583568572		0.44355569167137143
429		9.908734734985046		1.0284721851348877		1.4076670920968055		0.2105940501332283		0.4211881002664566
430		9.850389555969741		1.0243488550186157		1.4049163627505303		0.7720664164066314		1.5441328328132629
431		9.934929951967206		0.9504207968711853		1.3400889516234398		0.3139732873320579		0.6279465746641159
432		9.885996427037753		0.8575266599655151		1.2427591446757316		0.14402123281359672		0.28804246562719343
433		9.904470455017872		0.8873202800750732		1.2737428253293037		0.18168720717430115		0.3633744143486023
434		9.946867554041091		0.9108359217643738		1.2976024829149246		0.15513989210128784		0.3102797842025757
435		9.901651680993382		0.9952479004859924		1.3786017524361611		0.13904864738583564		0.2780972947716713
436		9.946354847983457		0.9288309216499329		1.3067407743334771		0.1874819335103035		0.374963867020607
437		9.823511823953595		0.9073529839515686		1.2827472477197648		0.4402364116668701		0.8804728233337402
438		9.927546327002347		0.9234532713890076		1.304255066204071		0.15029334265589714		0.3005866853117943
439		9.891438681050204		0.9173924326896667		1.3003522443771363		0.1504902531027794		0.3009805062055588
440		9.919672161980998		0.9676459431648254		1.3465393164753914		0.16653237079381944		0.3330647415876389
441		9.855066175980028		0.8532077074050903		1.241779929125309		0.14389992386698722		0.28779984773397443
442		9.881665274966508		0.981894314289093		1.3652699400663375		0.17962638523578645		0.3592527704715729
443		9.866384849010501		0.8469656109809875		1.2328718972206116		0.24118211702108383		0.48236423404216766
444		9.902519034047145		0.9326077699661255		1.3086480935811997		0.2730709877848625		0.546141975569725
445		9.97292639798252		1.0124479532241821		1.3994560918807983		0.2831997335791588		0.5663994671583176
446		9.893362155999057		0.9356697797775269		1.3174669624447823		0.1756214641690254		0.3512429283380508
447		9.903059055970516		0.9526435136795044		1.3348105011820792		0.19452747830152511		0.38905495660305023
448		9.877483371994458		0.9165903329849243		1.298976201748848		0.15209689494371414		0.3041937898874283
449		9.873589968017768		0.9398044943809509		1.3207364600658418		0.16363836734294893		0.32727673468589785
450		9.84850355895469		0.9625424742698669		1.344672442650795		0.1829163423538208		0.3658326847076416
451		9.851339298998937		0.9040157794952393		1.2921470085501672		0.14297947919368745		0.2859589583873749
452		9.97973084897967		0.9432604312896729		1.3263481493234635		0.5188799417257309		1.0377598834514619
453		9.931162307970226		0.9212467670440674		1.317948922455311		0.1581863193154335		0.316372638630867
454		9.941705456993077		0.8882962465286255		1.2734283044934274		0.2811440040230751		0.5622880080461502
455		9.898451412969735		0.8725156784057617		1.2624045139312745		0.5624707060456275		1.124941412091255
456		9.845664556953125		1.0136854648590088		1.389893213057518		0.14010775747299195		0.2802155149459839
457		9.906730091024656		0.9265346527099609		1.31858455940485		0.16387992353439332		0.32775984706878664
458		9.911126724968199		0.9306725263595581		1.310807717370987		0.16492852762937546		0.3298570552587509
459		9.977278846956324		1.019476056098938		1.3984896961569786		0.18385230152606963		0.36770460305213926
460		9.917736102011986		0.9218242764472961		1.3028407302498817		0.14869477672576906		0.2973895534515381
461		9.894018205988687		0.9846609830856323		1.3632077879190445		0.3753188090085983		0.7506376180171966
462		9.90796430798946		0.9596509337425232		1.344512226498127		0.16880112661123275		0.3376022532224655
463		9.863790922041517		0.9455702900886536		1.333432050216198		0.15521993057727815		0.3104398611545563
464		9.847118694975507		0.9181904196739197		1.2981272200226783		0.15613515568375588		0.31227031136751177
465		9.89788318896899		0.8700029253959656		1.2543029541015625		0.1562625551879406		0.3125251103758812
466		9.88752150000073		0.9257012605667114		1.3052630576133728		0.6171961478590965		1.234392295718193
467		9.867647192033473		0.8993815183639526		1.2886490709424019		0.141899088793993		0.283798177587986
468		9.9291354950401		0.9333690404891968		1.315390969467163		0.15229937615990638		0.30459875231981276
469		9.894044985994697		0.9004902839660645		1.2866723895072938		0.13426926137804984		0.2685385227560997
470		9.980115898011718		0.8825811147689819		1.268335326886177		0.14421621754169464		0.2884324350833893
471		10.005254647985566		0.8906483054161072		1.2687603878736495		0.1707221475481987		0.3414442950963974
472		9.892677360970993		1.0460535287857056		1.4179482274651527		0.14431220968961717		0.28862441937923433
473		9.953513193002436		0.9571112990379333		1.3436824971199035		0.2403880862355232		0.4807761724710464
474		9.987574661965482		0.9122519493103027		1.294296857392788		0.16271346071958542		0.32542692143917085
475		9.979372664005496		0.8886471390724182		1.2709572865247727		0.13349954627156257		0.26699909254312515
476		9.894573268014938		0.9541642069816589		1.3313793596744536		0.49461421976089476		0.9892284395217895
477		9.99639790202491		0.9880884289741516		1.366767981660366		0.14155740078091622		0.28311480156183244
478		9.942316495988052		0.8741921782493591		1.2607804581165314		0.14625818427801132		0.29251636855602264
479		9.903030406974722		0.9141017198562622		1.2920953552365304		0.13474685588479043		0.26949371176958087
480		9.951113633986097		0.9198155999183655		1.306338853263855		0.1507957461476326		0.3015914922952652
481		9.887033862993121		0.8732166886329651		1.2606377027034759		0.3462050148963928		0.6924100297927857
482		9.989070586976595		1.0230876207351685		1.4111462302803994		0.1514289936840534		0.3028579873681068
483		9.920439733017702		0.8986780047416687		1.2851046273112297		0.1981781478524208		0.3963562957048416
484		9.966935993987136		1.0036427974700928		1.3806360266804696		0.14972806177139283		0.29945612354278567
485		9.930860331980512		0.910459041595459		1.2939647253632545		0.19087559608221055		0.3817511921644211
486		9.914982546993997		0.9286457896232605		1.3069458102464675		0.17699882248640061		0.35399764497280123
487		9.950133981008548		0.8966554403305054		1.2813360919475556		0.13710684287548064		0.2742136857509613
488		9.882627996965311		0.9078637361526489		1.290129413163662		0.16419489856958389		0.32838979713916777
489		10.001637005014345		0.8765705823898315		1.262503026676178		0.21008739182949066		0.4201747836589813
490		10.009479590982664		0.8949312567710876		1.2812417207360267		0.23948957887887956		0.4789791577577591
491		9.911348678986542		0.9829585552215576		1.364808506691456		0.2527260665535927		0.5054521331071854
492		9.93536296201637		0.8838435411453247		1.2638790243506433		0.16256678140163422		0.32513356280326844
493		9.914828395994846		1.006312608718872		1.3825246046066284		0.13958690996170045		0.2791738199234009
494		9.971417253022082		0.9445423483848572		1.3224505041956902		0.1319828329026699		0.2639656658053398
495		9.967306873993948		0.8931190371513367		1.272389711213112		0.4473663895368576		0.8947327790737152
496		9.92796271800762		0.9930463433265686		1.3809633879303933		0.18655348749756814		0.3731069749951363
497		9.881962297018617		0.9288032054901123		1.3170016139030456		0.13187668395638466		0.2637533679127693
498		10.000692173023708		0.8812159895896912		1.26186567466259		0.1707544560432434		0.3415089120864868
499		9.929682828020304		0.9011572003364563		1.2790059720635414		0.13468232390880586		0.2693646478176117
500		9.919277597975451		0.9024350643157959		1.2883141101002693		0.3650537741303444		0.7301075482606888
501		9.848149626981467		0.9667903780937195		1.3421171493649482		0.4029079118728638		0.8058158237457276
502		9.897535037016496		0.9308174848556519		1.322022044622898		0.2610153324604034		0.5220306649208069
503		9.908379397005774		0.9400148987770081		1.3257616843223572		0.16745342330932617		0.33490684661865233
504		9.96994794200873		0.9287874698638916		1.3106202077388764		0.1684225338935852		0.3368450677871704
505		9.9743071020348		0.9076564908027649		1.2925708914399148		0.13648383053541183		0.27296766107082365
506		10.003344054042827		0.8865128755569458		1.2661978849768638		0.18244731389284133		0.36489462778568266
507		9.920210539945401		0.9785593748092651		1.362453645658493		0.14749719208478929		0.29499438416957857
508		9.8667398240068		0.9569075703620911		1.3374348611056806		0.13988958542346955		0.2797791708469391
509		9.911497258988675		0.919877290725708		1.298329464519024		0.33229144666194915		0.6645828933238983
510		9.97574873501435		0.9611913561820984		1.347885345852375		0.5105521540641784		1.0211043081283568
511		9.94023914099671		0.9670403003692627		1.3534525777220725		0.14069203422069548		0.28138406844139097
512		9.949222513998393		0.9244202971458435		1.3129775079369546		0.1306875653207302		0.2613751306414604
513		9.930515990999993		0.880588948726654		1.264863167977333		0.16915652974843978		0.33831305949687956
514		9.99401034496259		0.9760631322860718		1.3617372876524925		0.21977461842298507		0.43954923684597014
515		9.963245437014848		0.9371635317802429		1.316897433745861		0.28817663264274596		0.5763532652854919
516		9.877187759033404		0.903136134147644		1.2895670131325723		0.15936744725108146		0.3187348945021629
517		9.892393859976437		0.9584816098213196		1.333479288804531		0.35543945372104646		0.7108789074420929
518		9.927421293046791		0.9112991690635681		1.2937188706636429		0.17749814294576646		0.3549962858915329
519		9.974434674018994		0.902935802936554		1.2911669156074523		0.1636058969974518		0.3272117939949036
520		9.87883211299777		0.9330306649208069		1.3160313920617104		0.15470226084589958		0.30940452169179916
521		9.968536168977153		0.9470884799957275		1.337303011262417		0.13739559574127197		0.27479119148254394
522		9.953825292002875		0.892786979675293		1.276040357196331		0.15488194210529327		0.30976388421058654
523		9.899518683028873		0.8616174459457397		1.2426024741768837		0.1363935219049454		0.2727870438098908
524		9.928924776962958		0.9712786078453064		1.3571401682257653		0.15433506101369857		0.30867012202739713
525		9.867132515995763		0.8833432197570801		1.2703719144105912		0.2911265284657478		0.5822530569314956
526		10.019256399013102		0.9669105410575867		1.3479310340046882		0.31120166704654695		0.6224033340930939
527		9.94241941900691		0.9032601118087769		1.2915651974797249		0.19413824648857117		0.38827649297714234
528		9.982572107983287		0.8431912064552307		1.2304433170080185		0.13212056307792663		0.26424112615585327
529		9.981594326964114		0.9086449146270752		1.2985898925304413		0.3020965754151344		0.6041931508302688
530		9.888075532973744		0.9350109100341797		1.3180187692046166		0.2745434294700623		0.5490868589401245
531		9.855176844983362		0.9294646978378296		1.3171971549868584		0.13768761010766029		0.27537522021532057
532		9.956903319980484		0.9464215636253357		1.3330493032455444		0.2821163722276688		0.5642327444553376
533		9.93810026004212		0.8887664079666138		1.278393440937996		0.24312741041183472		0.48625482082366944
534		9.879645947017707		0.8969707489013672		1.2876900061249732		0.13271771425008774		0.2654354285001755
535		9.937561460013967		0.9209897518157959		1.3195845294475554		0.3892404420614243		0.7784808841228485
536		9.914404960989486		0.9130925536155701		1.3003936253905297		0.13610237043499945		0.2722047408699989
537		9.901881521043833		0.8712880611419678		1.2525274944782256		0.14894543628692627		0.29789087257385255
538		9.917352461023256		0.9208235144615173		1.3048727994322777		0.1370641874909401		0.2741283749818802
539		9.902336044993717		0.88807612657547		1.2749154316425324		0.19216196182966233		0.38432392365932466
540		9.946306824975181		0.9044376611709595		1.2899922696948052		0.17979561868906022		0.35959123737812043
541		9.906850243976805		0.8472177386283875		1.2334033878207207		0.41574482072591784		0.8314896414518357
542		9.969251512957271		0.8777527809143066		1.2672896720409392		0.17050811169147492		0.34101622338294985
543		9.937170775025152		0.9971494674682617		1.3807680554986		0.1339254427611828		0.2678508855223656
544		9.87245384301059		0.8714584708213806		1.2515771510839462		0.12927329862117767		0.25854659724235535
545		9.939937330025714		0.8566827178001404		1.2440072683334351		0.18432345019578933		0.36864690039157866
546		9.965397600026336		0.8706762194633484		1.2583192919135093		0.14989401153326035		0.2997880230665207
547		10.029946909984574		0.9428403973579407		1.3213880719780922		0.37941603227853776		0.7588320645570755
548		9.975837532023434		0.8893135786056519		1.2735776641130447		0.12964434438943864		0.2592886887788773
549		9.882363236974925		0.9038853049278259		1.2885769889354706		0.1300422052204609		0.2600844104409218
550		9.881915698002558		0.8818766474723816		1.265622127711773		0.3569460974574089		0.7138921949148178
551		10.023277985979803		1.0123623609542847		1.3957723585128785		0.16207275984287262		0.32414551968574523
552		10.029705711000133		0.8935285806655884		1.272573055934906		0.14725454782247543		0.29450909564495087
553		9.926345243002288		0.8572096228599548		1.2420959830641747		0.14267820526361466		0.2853564105272293
554		9.976658389961813		0.9034410119056702		1.2922678931951523		0.13678052057027817		0.27356104114055635
555		9.861385920026805		0.9089600443840027		1.3071909907758237		0.12686930386424064		0.2537386077284813
556		9.953957980964333		0.8925023078918457		1.2733426913261414		0.14632264707088471		0.29264529414176943
557		9.953897106985096		0.9060924649238586		1.2884431906700133		0.14652225641608238		0.29304451283216476
558		9.97472519800067		0.878142237663269		1.2708769349336624		0.21582467781305312		0.43164935562610623
559		9.960819693980739		1.0668892860412598		1.4487036131858826		0.13420319147109985		0.2684063829421997
560		9.935638046008535		0.8349023461341858		1.2163566342830658		0.14786154389977454		0.2957230877995491
561		10.020018253009766		0.8849047422409058		1.2697063448548318		0.12970175455212593		0.25940350910425186
562		9.907552409044001		0.9925808310508728		1.3767346747517586		0.13001194658875465		0.2600238931775093
563		9.899737144995015		0.8673268556594849		1.2494421651124954		0.13419341687560082		0.26838683375120165
564		9.911822941037826		0.8831137418746948		1.266885158777237		0.1463136346280575		0.292627269256115
565		9.994746798009146		0.869903028011322		1.2619333636045456		0.1277474830329418		0.2554949660658836
566		9.87813919101609		0.9447795748710632		1.3295389089107514		0.537016908788681		1.074033817577362
567		9.937555607000832		0.9396555423736572		1.3177987573981285		0.1275402335166931		0.2550804670333862
568		9.90929891698761		0.9083843231201172		1.294174407362938		0.16207080296278		0.32414160592556
569		9.884513835015241		0.9036697745323181		1.2848268080592156		0.456311559176445		0.91262311835289
570		9.892813150014263		0.8744922876358032		1.2642494807481766		0.2985164405822754		0.5970328811645508
571		10.02333459397778		0.9074562191963196		1.2872219483733178		0.18561783109903335		0.3712356621980667
572		10.040103178005666		0.903260350227356		1.2876199882864952		0.1322910758495331		0.2645821516990662
573		9.90434709499823		0.8800237774848938		1.2655900847434998		0.1332499544620514		0.2664999089241028
574		9.970521029958036		0.9524091482162476		1.3335901103496552		0.16375380036830903		0.32750760073661805
575		9.960615403018892		0.9443352222442627		1.331739521586895		0.13383605224490167		0.26767210448980333
576		9.956732957041822		0.8458879590034485		1.229089072084427		0.132421188557148		0.264842377114296
577		9.975046000035945		0.858336329460144		1.243305355632305		0.15570070106983186		0.3114014021396637
578		10.023389482987113		0.8711387515068054		1.2534490616440772		0.13722115173339844		0.2744423034667969
579		9.977610469970386		0.906335711479187		1.288690832066536		0.6850561812400818		1.3701123624801637
580		10.018579657014925		0.9519517421722412		1.3301756401658058		0.1379858147084713		0.2759716294169426
581		10.060731714009307		0.8876070380210876		1.2735078355789184		0.141077071416378		0.282154142832756
582		9.964161276991945		0.8523650169372559		1.2362706892728805		0.13212556394934655		0.2642511278986931
583		10.059433358954266		0.8557409048080444		1.2434199839115143		0.139859161901474		0.279718323802948
584		9.996958050003741		0.8706259727478027		1.2525797490239143		0.13587675771713256		0.2717535154342651
585		9.974749185959809		0.9166841506958008		1.3031295913934708		0.22967271826267244		0.4593454365253449
586		9.928872100019362		0.8740509748458862		1.2589700075626373		0.12537353691458702		0.25074707382917405
587		9.95194790896494		0.9219671487808228		1.2974164875388146		0.23260582448244094		0.4652116489648819
588		9.960163120005745		0.9477900266647339		1.3235916125535965		0.12423652874827384		0.2484730574965477
589		9.970666175009683		0.8296144604682922		1.2124087943077086		0.20108181548118592		0.40216363096237184
590		9.928410039981827		1.0300971269607544		1.4079201926589011		0.3476130704879761		0.6952261409759521
591		9.985942789004184		0.9854896068572998		1.3587294657826423		0.25354384125471113		0.5070876825094223
592		10.026406116958242		0.8808066248893738		1.2645311798095704		0.16969721808433533		0.33939443616867065
593		9.9765847499948		0.9227024912834167		1.3097151422858238		0.12920228212475776		0.2584045642495155
594		9.936802843993064		0.8922163844108582		1.2711857647776603		0.15436370802521707		0.30872741605043413
595		9.994317473028786		0.8839588761329651		1.2685886594295501		0.2227153267621994		0.4454306535243988
596		9.913752164982725		0.9019713401794434		1.2880341455101967		0.12993371877670287		0.25986743755340574
597		9.917357400991023		0.9201120138168335		1.3035958243846892		0.12892556802630425		0.2578511360526085
598		9.89768085500691		0.8531433343887329		1.240542981183529		0.15321338641047477		0.30642677282094954
599		9.892455604975112		0.9264975190162659		1.318220224070549		0.1328896791279316		0.2657793582558632
600		9.923994186974596		0.9080250859260559		1.2889009789586068		0.15890431547164918		0.31780863094329836
601		9.952345275029074		0.9268624782562256		1.3104689676404		0.13448927333354949		0.26897854666709897
602		9.915338829974644		0.8675944209098816		1.2455386521816254		0.13258952714204789		0.26517905428409577
603		9.918301512021571		0.8605132699012756		1.2493203431487083		0.13327477606534957		0.26654955213069914
604		9.900844834977761		0.9952160120010376		1.3691141618967055		0.14868199353218078		0.29736398706436157
605		9.915473386005033		0.9364510774612427		1.310740749680996		0.12644166821837424		0.2528833364367485
606		9.963231400004588		0.8917481899261475		1.2831617260932922		0.1310968946516514		0.2621937893033028
607		9.979326059983578		0.8829923868179321		1.2723569121479987		0.15450193441510202		0.30900386883020403
608		9.998024417029228		0.9080840349197388		1.2894161212921142		0.25200172128677367		0.5040034425735473
609		9.979343519022223		0.8689980506896973		1.2576287217855453		0.21251757802963256		0.4250351560592651
610		9.989527779980563		0.8855335712432861		1.2660917971849441		0.12486307755112648		0.24972615510225296
611		10.009650979016442		0.8669790625572205		1.2486816846966744		0.22600397399663924		0.4520079479932785
612		9.857041766983457		0.875278115272522		1.2677426375985146		0.16555201766490937		0.33110403532981875
613		9.958512742014136		0.9268962740898132		1.3149440420746803		0.1286677060365677		0.2573354120731354
614		10.017983136989642		0.8781922459602356		1.2601584882378578		0.15769530185461045		0.3153906037092209
615		9.992430882004555		0.8813667893409729		1.2684402623176574		0.1531643442630768		0.3063286885261536
616		9.895510820031632		0.9098443984985352		1.298553633260727		0.4461434941768646		0.8922869883537292
617		9.893686082039494		0.9146929383277893		1.3030411266088486		0.1577302658200264		0.3154605316400528
618		9.920428178971633		0.8659281134605408		1.2458836555838584		0.17304345659017561		0.34608691318035123
619		9.916926559002604		0.9368212819099426		1.3368325815200806		0.16156198970079422		0.32312397940158843
620		9.919422644015867		0.8788660168647766		1.2617165833353996		0.13253502579927445		0.2650700515985489
621		9.96612025500508		0.9192291498184204		1.3028528730392457		0.13849681198596955		0.2769936239719391
622		10.00557637901511		0.8882707953453064		1.2750185103178024		0.19800199365615845		0.3960039873123169
623		9.952972391969524		0.8650981187820435		1.251319307589531		0.2816312146544456		0.5632624293088913
624		9.910286087018903		0.8650222420692444		1.2559231865167617		0.12499119978547096		0.24998239957094193
625		9.935454046993982		0.9045932292938232		1.2867834932923317		0.5601088079929352		1.1202176159858703
626		9.919978307036217		0.8723689913749695		1.254339710354805		0.1370159305691719		0.2740318611383438
627		9.995442747953348		0.8744850158691406		1.2530155914068222		0.1334048125267029		0.2668096250534058
628		9.9143005660153		0.8845695853233337		1.273441581749916		0.17662414484620095		0.3532482896924019
629		10.000623820000328		0.8846948146820068		1.2698914493322373		0.12948673914074899		0.25897347828149797
630		9.857740214036312		0.8476272225379944		1.241600273644924		0.16292656478285789		0.32585312956571577
631		9.865671907027718		0.885326623916626		1.273537981235981		0.13712055123448372		0.27424110246896743
632		9.985583902976941		0.8436128497123718		1.2222290253281594		0.182540992718935		0.36508198543787
633		9.952896617993247		0.8905695080757141		1.2780856138110162		0.2758444202542305		0.551688840508461
634		10.00898705801228		0.8355910778045654		1.2188916063427926		0.1221947561442852		0.2443895122885704
635		9.924764238996431		0.8709245920181274		1.2572641053080558		0.12300764033794404		0.24601528067588807
636		9.958790170028806		0.8685140609741211		1.2547012979984284		0.3437214732170105		0.687442946434021
637		9.917841126036365		1.0235527753829956		1.4007125100016593		0.12311521098017693		0.24623042196035386
638		9.935208262002561		0.9000920653343201		1.283259355390072		0.18659846670627595		0.3731969334125519
639		10.01841218501795		0.853919506072998		1.2423340618550778		0.1275392237007618		0.2550784474015236
640		9.887411707022693		0.8409966826438904		1.2225149545550347		0.1940363823533058		0.3880727647066116
641		10.012261331954505		0.8912132382392883		1.2631872195601463		0.14781752481460572		0.29563504962921144
642		9.986738684994634		0.8937112092971802		1.2732883215665818		0.12252923420667648		0.24505846841335296
643		10.006184789002873		0.8766876459121704		1.2608112080991267		0.13456630625724791		0.26913261251449583
644		10.017598274978809		0.8412840366363525		1.2228509584903717		0.1254410672068596		0.2508821344137192
645		9.971244853979442		0.8446252942085266		1.2269436368644238		0.12054727511405945		0.2410945502281189
646		9.984929492988158		0.8557855486869812		1.2385760959744454		0.1449420172214508		0.2898840344429016
647		10.060472373967059		0.8837549686431885		1.269759316790104		0.41151056280136106		0.8230211256027221
648		10.0325856860145		0.8978285193443298		1.2784813075125216		0.12476952780485154		0.24953905560970308
649		9.896379587997217		0.8855075836181641		1.2718935717701911		0.30496185775995255		0.6099237155199051
650		9.9959675159771		0.8930265307426453		1.279336268734932		0.41820632674694064		0.8364126534938813
651		9.936066768015735		0.9706231951713562		1.349572950863838		0.23114335323572158		0.46228670647144315
652		9.873242372996174		0.9044647216796875		1.288470770776272		0.24221600028276444		0.4844320005655289
653		9.912140537053347		0.8777812123298645		1.2589012828826904		0.14422397215366364		0.2884479443073273
654		9.893715476966463		0.8921691179275513		1.2716773832798005		0.1933086033463478		0.3866172066926956
655		9.93894891202217		0.8723346590995789		1.254241038441658		0.12502395487427712		0.25004790974855423
656		9.946513389993925		0.8403174877166748		1.2206475630402565		0.1302037173271179		0.2604074346542358
657		9.984623600030318		0.893580436706543		1.2665037927031517		0.12795614401102065		0.2559122880220413
658		10.022936847992241		0.899445652961731		1.2845601450800896		0.13988014634251594		0.2797602926850319
659		9.969914894958492		0.8866129517555237		1.2713453000307082		0.12503365555405616		0.2500673111081123
660		10.055477262008935		0.8975121974945068		1.2799534576714038		0.32433613991737364		0.6486722798347473
661		9.951952301955316		0.8304404020309448		1.2186564770281314		0.12181682372689247		0.24363364745378494
662		9.906623366987333		0.8853541612625122		1.2723294593453407		0.20339354445934296		0.4067870889186859
663		9.98045460600406		0.905396044254303		1.294697045171261		0.14581877736449242		0.29163755472898484
664		9.955612595018465		0.8356747031211853		1.2203903662264346		0.23526429286003112		0.47052858572006223
665		10.000190696970094		0.8728300333023071		1.2524074409723283		0.14677777905464173		0.29355555810928347
666		10.001417563995346		0.8580830097198486		1.2424327612876893		0.12126079494953156		0.2425215898990631
667		9.882134058047086		0.8777236342430115		1.2604915323853492		0.13474594706296922		0.26949189412593844
668		9.912906369019765		0.8507860898971558		1.2327777009606362		0.18026463733315468		0.36052927466630935
669		9.939085107005667		0.8488903045654297		1.2358712640166283		0.14388322446346283		0.28776644892692566
670		9.911973776004743		0.9438762664794922		1.3262890278995036		0.1281825108528137		0.2563650217056274
671		10.025456028000917		0.8610572814941406		1.2458779668211937		0.3482424001574516		0.6964848003149032
672		9.936925268964842		0.8679253458976746		1.253145753955841		0.14367770118117332		0.28735540236234663
673		9.912350759026594		0.8649532794952393		1.253493544948101		0.12055857355594635		0.2411171471118927
674		9.87637267698301		0.8553462624549866		1.233713055664301		0.20408612201213835		0.4081722440242767
675		9.900558398978319		0.8961747884750366		1.2889535532236098		0.17275546268224717		0.34551092536449435
676		9.909165791992564		0.8588404059410095		1.2478600643217563		0.14004015056490898		0.28008030112981797
677		9.893230074027088		0.8486767411231995		1.2377731806755066		0.12555691182613374		0.2511138236522675
678		9.931524989020545		0.8520063161849976		1.2432905955672264		0.12962532731294632		0.25925065462589264
679		9.934359037026297		0.9049786925315857		1.2888172798514366		0.4186890039563179		0.8373780079126358
680		9.981508172000758		0.844573974609375		1.2306803744316102		0.12304382068514824		0.24608764137029648
681		75.45233466301579		0.8626576662063599		1.2500833707511425		0.12705952817201616		0.2541190563440323
682		9.926219018001575		0.8295497894287109		1.2131278274655342		0.12373579968214035		0.2474715993642807
683		9.923070218006615		0.8750203847885132		1.2554098528146744		0.14360197203159333		0.28720394406318667
684		9.891986081027426		0.9087575674057007		1.2967957882881165		0.12073247027397156		0.24146494054794312
685		10.041441025969107		0.854130744934082		1.2406133111715316		0.13179890343546868		0.26359780687093737
686		10.00322757998947		0.9135575890541077		1.29335251532197		0.42061194595098494		0.8412238919019699
687		10.078322971996386		0.8551579713821411		1.2301300324678421		0.16302773541212082		0.32605547082424163
688		9.932595407008193		0.8469797372817993		1.2269121548891067		0.15908471299409865		0.3181694259881973
689		9.984070172999054		0.8598249554634094		1.246383427119255		0.17468137620687485		0.3493627524137497
690		9.97449102299288		0.8779569268226624		1.2615227694392204		0.1275187536716461		0.2550375073432922
691		9.941936482966412		0.854154646396637		1.240949512255192		0.12129355381727219		0.24258710763454439
692		10.05759030597983		0.9043703079223633		1.288425259399414		0.23774323779344558		0.47548647558689117
693		9.966766643046867		0.8189935088157654		1.2062173950076103		0.1352593811392784		0.2705187622785568
694		10.005877387011424		0.8694924712181091		1.2484274402320386		0.12657601422667503		0.25315202845335005
695		9.952695098996628		0.8437345623970032		1.2287517725586892		0.15746067776679992		0.31492135553359984
696		9.996709708997514		0.9018057584762573		1.2880650358200074		0.12182398421764373		0.24364796843528747
697		9.946412804012652		0.838046669960022		1.2239856638789177		0.12181801242232322		0.24363602484464644
698		9.934570009994786		0.8416332602500916		1.2267766655623913		0.12350929100513458		0.24701858201026916
699		9.9848577179946		0.8433425426483154		1.2263170016884803		0.12485947746634483		0.24971895493268967
700		10.066381266980898		0.8428149223327637		1.2325338527560235		0.2181739995121956		0.4363479990243912
701		10.03517023200402		0.9472633600234985		1.3226744248628617		0.12034193046689033		0.24068386093378066
702		9.990641765005421		0.8534280061721802		1.2349458132386208		0.1493152394592762		0.2986304789185524
703		10.049803651985712		0.8823435306549072		1.261519303303957		0.12068130799531937		0.24136261599063874
704		10.031040613015648		0.818388044834137		1.2031627888381482		0.12528623832464217		0.25057247664928434
705		10.00365635304479		0.8504744172096252		1.2354373504400253		0.1257158650815487		0.2514317301630974
706		9.996570546005387		0.8795450925827026		1.2658034794330597		0.3159972268819809		0.6319944537639618
707		9.985123736027163		0.8580693006515503		1.2461306468546391		0.19223461812138556		0.38446923624277113
708		10.025475100032054		0.8516926765441895		1.2329114406704902		0.12114390332102776		0.24228780664205551
709		9.93072486500023		0.8477320075035095		1.2298055745661258		0.11792099465727807		0.23584198931455613
710		9.950589365966152		0.8827905058860779		1.2721257324159145		0.17218105695843697		0.34436211391687394
711		9.99320190999424		0.8712512254714966		1.2577232008099557		0.3658233925104141		0.7316467850208282
712		9.992747724987566		0.8738985061645508		1.2604843258559704		0.12964547809958457		0.25929095619916914
713		9.962456604000181		0.899996280670166		1.282842768228054		0.12089860001802444		0.24179720003604888
714		9.927808612002991		0.8461135625839233		1.2332508331775665		0.1181905401468277		0.2363810802936554
715		10.014064793998841		0.8255496025085449		1.2116608280658723		0.1646742896080017		0.3293485792160034
716		9.996033941977657		0.8701344728469849		1.2560581348776818		0.2168873884320259		0.4337747768640518
717		9.94821374595631		0.866536021232605		1.2553510645747186		0.14738936663866042		0.29477873327732085
718		10.027812761021778		0.85043865442276		1.2353111211121082		0.24022941229343414		0.4804588245868683
719		10.043422343966085		0.8478175401687622		1.2245156056046487		0.1178612227678299		0.2357224455356598
720		10.023722501005977		0.8398526310920715		1.223275250929594		0.12165978265404702		0.24331956530809404
721		10.07059375999961		0.8020097017288208		1.1793870073914527		0.6564107113957405		1.312821422791481
722		10.082370246993378		0.9941935539245605		1.3767955188930034		0.1485129185259342		0.2970258370518684
723		10.047397000016645		0.8527545928955078		1.234007408308983		0.12817555326223373		0.25635110652446746
724		9.97817415301688		0.8959765434265137		1.269063982951641		0.11898081686496735		0.2379616337299347
725		9.885183296981268		0.8274984955787659		1.2132003583610058		0.12487326853871346		0.24974653707742692
726		9.92353174102027		0.9000688195228577		1.2853438903450967		0.13056285617351532		0.26112571234703064
727		10.022968641016632		0.8666601181030273		1.2462051711440085		0.16563899021148681		0.33127798042297363
728		10.043476595950779		0.8463884592056274		1.2302910644888878		0.12148609839081764		0.24297219678163529
729		10.00659916899167		0.8428672552108765		1.2264927705526352		0.2758771111011505		0.551754222202301
730		9.99985383998137		0.8594176769256592		1.2383307056248187		0.11905884860157967		0.23811769720315934
731		9.990274149051402		0.8735642433166504		1.259683631837368		0.12598633596897124		0.2519726719379425
732		9.912485160981305		0.8267109990119934		1.210080591416359		0.13358297747969627		0.26716595495939255
733		9.970358296006452		0.8706385493278503		1.2479556047856808		0.1244819992184639		0.2489639984369278
734		9.89147440897068		0.8674609065055847		1.2537322543919087		0.14294476219415664		0.2858895243883133
735		10.003220686980058		0.895752489566803		1.2815424043655395		0.13738998298048974		0.2747799659609795
736		10.023281172965653		0.8281828165054321		1.2084347574710845		0.13402870433926584		0.2680574086785317
737		10.027090760006104		0.869616687297821		1.2469489630639554		0.3401308417320251		0.6802616834640502
738		10.017300621024333		0.8675925731658936		1.2572022193074226		0.1179194039940834		0.2358388079881668
739		10.002779514994472		0.8345307111740112		1.2093274689495563		0.11844976840019227		0.23689953680038453
740		10.010880245012231		0.8374685049057007		1.2174211969435216		0.14380327025055886		0.2876065405011177
741		9.975732975988649		0.8572069406509399		1.2354353976011276		0.1288108700811863		0.2576217401623726
742		9.972045305010397		0.8522565364837646		1.238311919361353		0.1290803179860115		0.258160635972023
743		10.004604205023497		0.8519962430000305		1.2359932087182999		0.1538482347726822		0.3076964695453644
744		9.978058105974924		0.8580787777900696		1.239591386270523		0.13462710511088372		0.26925421022176743
745		9.887565096025355		0.8537192344665527		1.2374494177818298		0.1404266770005226		0.2808533540010452
746		9.985607351001818		0.8648611903190613		1.2511739493250846		0.11784556163549423		0.23569112327098846
747		9.941759606008418		0.8108497858047485		1.1909385164737702		0.14436907150149345		0.2887381430029869
748		9.982460541010369		0.8398812413215637		1.2268286832273005		0.15979025896191598		0.31958051792383196
749		9.977011834969744		0.8514488935470581		1.2318850422739982		0.12068891161680222		0.24137782323360443
750		9.980079681961797		0.8051478266716003		1.1891949954092502		0.12962525218725204		0.2592505043745041
751		9.990383876021951		0.8251263499259949		1.2038180504202842		0.11650345959663391		0.23300691919326783
752		9.96605821599951		0.8714841604232788		1.258759473222494		0.12344099425077439		0.24688198850154877
753		10.01339304697467		0.8310086727142334		1.2180197594881057		0.2810639529466629		0.5621279058933258
754		9.994771121011581		0.8301664590835571		1.2125758610606194		0.12472637776732445		0.2494527555346489
755		9.968471842992585		0.807431697845459		1.1875092395842075		0.12870730575323105		0.2574146115064621
756		9.98400846903678		0.8431193828582764		1.2286168510615825		0.12924346859455108		0.25848693718910215
757		9.906422922038473		0.9815797805786133		1.3706485821068286		0.12380695420503617		0.24761390841007233
758		9.892059936013538		0.8344516158103943		1.2220331169605254		0.11743354989290238		0.23486709978580475
759		9.926350991008803		0.8164408206939697		1.195967006021738		0.11982134072780609		0.23964268145561218
760		9.943706711987033		0.8459666967391968		1.227341154706478		0.14474605633616447		0.28949211267232894
761		9.955883455986623		0.8517976403236389		1.2429260446250439		0.13696927606463433		0.27393855212926865
762		10.003147626994178		0.8754011392593384		1.2606200619280339		0.11585231705904007		0.23170463411808015
763		9.99968298402382		0.8246864080429077		1.2116728409230708		0.11897117867469788		0.23794235734939576
764		9.961197447963059		0.8201075792312622		1.1958339374482632		0.11779266032576562		0.23558532065153123
765		10.001722737972159		0.8078113198280334		1.1946052335381507		0.13794458056688308		0.27588916113376616
766		10.037922414019704		0.9590076804161072		1.3343747978270053		0.15702502219676973		0.31405004439353945
767		10.065025985008106		0.824486494064331		1.2125535761117936		0.12696525181531906		0.2539305036306381
768		9.9235302869929		0.8710485100746155		1.2547676023483276		0.12211601209640503		0.24423202419281007
769		10.058792166004423		0.8252531886100769		1.2053500701785087		0.13574701029062272		0.27149402058124544
770		9.979072351998184		0.8587210774421692		1.243855929374695		0.13574949668049813		0.27149899336099625
771		10.01852786296513		0.829139232635498		1.2152149515748023		0.12978383088111878		0.25956766176223756
772		10.047475301020313		0.8645492792129517		1.2456297753870487		0.11719681651592255		0.2343936330318451
773		10.014118890976533		0.8435729146003723		1.2333363082528115		0.12384805822968482		0.24769611645936965
774		9.974768582964316		0.8463442325592041		1.2305950050115586		0.14705805440545083		0.29411610881090167
775		10.00073680904461		0.8283743858337402		1.2117526042342186		0.12090651355981827		0.24181302711963654
776		9.952373314008582		0.845798909664154		1.2341577727854252		0.2198597729563713		0.4397195459127426
777		9.990965664968826		0.8217290639877319		1.2071614795088768		0.12336665506958962		0.24673331013917923
778		9.985600975051057		0.9023659229278564		1.2866470829963683		0.12105292271375656		0.24210584542751312
779		9.95062906498788		0.8185925483703613		1.2030855028569698		0.11453259614706039		0.22906519229412078
780		9.955158147960901		0.8345617055892944		1.2160227386057376		0.25653150666952135		0.5130630133390427
781		10.080446121981367		0.8357423543930054		1.2201159018695353		0.1167336754143238		0.2334673508286476
782		10.044241668016184		0.8170188069343567		1.2121610595166683		0.11727800570726395		0.2345560114145279
783		9.933932507003192		0.8165953159332275		1.2010057428777219		0.1729988533258438		0.3459977066516876
784		9.987579938024282		0.8503305315971375		1.2356483417212962		0.11556482864618302		0.23112965729236604
785		9.969668454956263		0.8449207544326782		1.2276654031038283		0.11969697182178497		0.23939394364356995
786		10.01771402603481		0.8201999664306641		1.2079742446005344		0.1251976893901825		0.250395378780365
787		9.869822713022586		0.8394147157669067		1.227026171952486		0.1172485499560833		0.2344970999121666
788		9.907562433974817		0.8659698963165283		1.2512763982355595		0.11593552364706994		0.23187104729413988
789		9.906073523976374		0.7894176840782166		1.1687147499918937		0.13259940279722213		0.26519880559444425
790		9.93551858398132		0.8545257449150085		1.2420419866859913		0.11815677152276038		0.23631354304552077
791		10.001669744029641		0.8606913089752197		1.2397384278416634		0.11443640620112419		0.22887281240224838
792		10.057732016954105		0.799153208732605		1.1931967134296895		0.15230922807455063		0.30461845614910127
793		9.976847929006908		0.875265896320343		1.2517733394145965		0.16404464038610458		0.32808928077220917
794		9.938199015974533		0.8398461937904358		1.2235599708616733		0.11376853434443474		0.22753706868886947
795		9.962347903987393		0.8604831695556641		1.238007630455494		0.11672925199866295		0.2334585039973259
796		9.90084013500018		0.8181698322296143		1.1986790617465972		0.11957012695074082		0.23914025390148164
797		9.931776086974423		0.8253089785575867		1.2136493369638919		0.2988150588750839		0.5976301177501678
798		10.000581804022659		0.8716253638267517		1.2548967636048793		0.13625401925444602		0.27250803850889205
799		9.90579136699671		0.8094950318336487		1.197870734846592		0.1139203960955143		0.2278407921910286
800		10.009159836976323		0.827451229095459		1.2123301675617695		0.1929209529042244		0.3858419058084488
801		9.995273782988079		0.8008819818496704		1.1830764905691147		0.18682907035946847		0.37365814071893694
802		10.05892765399767		0.8285825252532959		1.210387234389782		0.11531363497376441		0.23062726994752883
803		10.017474282998592		0.8279287815093994		1.2066498404800892		0.11727273081541062		0.23454546163082124
804		10.002499689988326		0.8297629952430725		1.2187910791933536		0.11421899163722991		0.22843798327445983
805		10.010402854997665		0.8600447177886963		1.2506643457293511		0.3382383297085762		0.6764766594171524
806		9.998824842041358		0.8540600538253784		1.255028684592247		0.1703835761010647		0.3407671522021294
807		10.087701710988767		0.8157494068145752		1.197298085808754		0.11236241329312324		0.22472482658624648
808		10.14994084200589		0.8240116834640503		1.2031833009958268		0.1363438067674637		0.2726876135349274
809		10.052313185005914		0.8325445055961609		1.2192467334866524		0.40717940590381624		0.8143588118076325
810		9.967806544038467		0.8597763180732727		1.2456077440023423		0.13198630829453467		0.26397261658906934
811		10.09190503100399		0.8391710519790649		1.2215054084658623		0.11565982060432434		0.23131964120864867
812		9.977749209967442		0.8360410928726196		1.2188604730010033		0.11779150266051293		0.23558300532102586
813		9.958153615007177		0.799100935459137		1.1828976448059083		0.11701889948248863		0.23403779896497726
814		9.90233307494782		0.8080354332923889		1.1897863131940365		0.11258153280615807		0.22516306561231614
815		9.91107396397274		0.8364462852478027		1.223924565732479		0.11564690284729004		0.23129380569458008
816		9.987807739002164		0.8366939425468445		1.2310368810117245		0.11201170699596405		0.2240234139919281
817		9.899013109970838		0.8353339433670044		1.2109387750506402		0.11705685319304467		0.23411370638608933
818		9.839917431992944		0.8116409182548523		1.1986633168578147		0.167774801582098		0.335549603164196
819		9.887364787980914		0.854187548160553		1.2361555979430676		0.1894661992788315		0.378932398557663
820		9.89659598399885		0.8678085803985596		1.2477932609915734		0.12039750589132309		0.24079501178264617
821		9.918426571995951		0.8074232935905457		1.185290509390831		0.12061179527640342		0.24122359055280684
822		9.95047230104683		0.795464813709259		1.1802617475569248		0.11224929675459862		0.22449859350919724
823		9.89158979797503		0.8782460689544678		1.2591100200593472		0.11501841781139374		0.23003683562278748
824		9.903550103015732		0.8100319504737854		1.191548554390669		0.16103896314501762		0.32207792629003523
825		9.894195717992261		0.8187158107757568		1.1996445830523967		0.17127929008603096		0.3425585801720619
826		9.899578190001193		0.8335366249084473		1.2236182088434697		0.1149664537370205		0.229932907474041
827		9.90816365298815		0.8097482919692993		1.1946105693936349		0.11367209756970406		0.22734419513940812
828		9.896791428036522		0.8008768558502197		1.1870477841556073		0.11194039965867997		0.22388079931735994
829		9.896808911988046		0.8366930484771729		1.2258064994156361		0.11205603300333022		0.22411206600666045
830		9.937349796004128		0.8061966300010681		1.1906882815301418		0.13417911312580108		0.26835822625160216
831		9.876434615987819		0.8183847069740295		1.201529899930954		0.11542409592866898		0.23084819185733796
832		9.943150945007801		0.8339242935180664		1.2157507939875125		0.11348642869591713		0.22697285739183426
833		9.967459227016661		0.8049409985542297		1.1874643566727638		0.12278471250534058		0.24556942501068116
834		9.849537896981928		0.7991624474525452		1.1815539796888828		0.1723064185500145		0.344612837100029
835		9.962366862979252		0.8296629786491394		1.2174449602007866		0.1307579928278923		0.2615159856557846
836		9.926488482975401		0.8245671391487122		1.2103917063117027		0.13464735600948333		0.26929471201896665
837		9.915980336023495		0.8631836771965027		1.2547866561830043		0.12029653823375702		0.24059307646751404
838		10.014513269008603		0.8141773343086243		1.1930212652683259		0.1671853643298149		0.3343707286596298
839		9.9220125869615		0.8049947619438171		1.189107393693924		0.12977497035264968		0.25954994070529935
840		9.868373337027151		0.7954177260398865		1.1784888187646865		0.11502741535902024		0.23005483071804048
841		9.893269906984642		0.8009271025657654		1.1858732386291027		0.11747793766856193		0.23495587533712387
842		9.930159920011647		0.8013888001441956		1.1847903964817523		0.11163729454874992		0.22327458909749984
843		9.956470586010255		0.8938211798667908		1.2722744420111178		0.13025360386967658		0.26050720773935315
844		9.922368059982546		0.7860546112060547		1.1731218986690044		0.12634159828424454		0.2526831965684891
845		10.017278097977396		0.822531521320343		1.2055848281264305		0.3242849746108055		0.648569949221611
846		9.949831531965174		0.8022066950798035		1.187703915899992		0.14958235484957694		0.2991647096991539
847		9.945350554015022		0.8316860198974609		1.2193724287688732		0.11271995876431465		0.2254399175286293
848		9.896214708976913		0.8034260272979736		1.184965136694908		0.14265428685545922		0.28530857371091844
849		9.885443478997331		0.7918434739112854		1.166687587529421		0.11295123082399368		0.22590246164798736
850		9.956085193960462		0.8136187791824341		1.1962312810719014		0.14680636145472525		0.2936127229094505
851		9.919417549972422		0.83893883228302		1.2238390746414662		0.12337693874835969		0.24675387749671937
852		9.987413235008717		0.8484551310539246		1.2265118662297725		0.1164833645939827		0.2329667291879654
853		9.945486554002855		0.819668710231781		1.2027362879276275		0.11024843264222145		0.2204968652844429
854		9.929737145022955		0.8023163676261902		1.1807465483486652		0.11794493266344071		0.23588986532688141
855		9.969818048994057		0.8108060956001282		1.194311227720976		0.11066995714306832		0.22133991428613664
856		9.926941460988019		0.8119027614593506		1.1849517170250417		0.3548624489963055		0.709724897992611
857		9.975323545979336		0.8107647895812988		1.1858543485939503		0.11464716374874115		0.2292943274974823
858		9.94558404298732		0.8332792520523071		1.2108545271933078		0.14721337642669677		0.29442675285339354
859		9.868294657964725		0.8814148306846619		1.2557008353173733		0.11485490521192551		0.22970981042385102
860		9.908498600008897		0.8409780859947205		1.2246801924884319		0.11508013508915901		0.23016027017831803
861		9.991915074991994		0.8090416789054871		1.1869411593675614		0.11528646107316017		0.23057292214632033
862		9.962126589030959		0.830852210521698		1.2070747241735458		0.14325059673786164		0.2865011934757233
863		9.965380551991984		0.8037874102592468		1.190203096216917		0.11145715652108193		0.22291431304216386
864		10.006298763037194		0.824249804019928		1.2151971316933632		0.10988998029828072		0.21977996059656144
865		9.977907412976492		0.7965468764305115		1.1725416793942451		0.11501467280387878		0.23002934560775756
866		10.015071049972903		0.8291919827461243		1.2092700009584427		0.115342023062706		0.230684046125412
867		10.04673887102399		0.8074785470962524		1.1926686288654804		0.16381331897974014		0.32762663795948027
868		10.0218310750206		0.8360252976417542		1.227211115247011		0.11790305334925652		0.23580610669851304
869		9.923833391978405		0.834677517414093		1.219494713485241		0.13231882363557815		0.2646376472711563
870		10.00199173996225		0.8201941251754761		1.210700461804867		0.1204013615489006		0.2408027230978012
871		9.957806329999585		0.8390489816665649		1.219286171621084		0.11421923480033874		0.22843846960067749
872		9.935905824007932		0.7995539903640747		1.1796144601523877		0.10947762784957886		0.21895525569915772
873		9.926325132953934		0.8184224367141724		1.202694054955244		0.14166122044324875		0.2833224408864975
874		9.9607235090225		0.8176777362823486		1.2048991378068923		0.1374363676071167		0.2748727352142334
875		9.927187405002769		0.8226925730705261		1.210508917093277		0.1160934530198574		0.2321869060397148
876		9.963813501002733		0.8120719790458679		1.1953923987627029		0.11386304019093514		0.22772608038187028
877		9.94571974297287		0.8323227167129517		1.2158814298510552		0.11171365430355072		0.22342730860710144
878		9.943585242028348		0.806044340133667		1.1883783366620542		0.1224797270655632		0.2449594541311264
879		9.9037018980016		0.847591757774353		1.223988688892126		0.2101517324924469		0.4203034649848938
880		9.941403308010194		0.8198183178901672		1.2011670677006245		0.11292001587748528		0.22584003175497055
881		9.916034701978788		0.8302837610244751		1.2134006626784801		0.1169383921444416		0.2338767842888832
882		9.938539480965119		0.8132361769676208		1.1993705276429654		0.1881947464942932		0.3763894929885864
883		10.03373384103179		0.7982499599456787		1.1852995674550533		0.13247038167119027		0.26494076334238054
884		9.940558422007598		0.8394775390625		1.2266115972220897		0.4358458618164063		0.8716917236328126
885		9.968425030994695		0.8351942896842957		1.2203258125007153		0.11182775698900223		0.22365551397800446
886		9.907071941008326		0.7831361293792725		1.159108208477497		0.12148219721913338		0.24296439443826676
887		9.923117641010322		0.8003525733947754		1.178056769156456		0.11247558425664901		0.22495116851329802
888		10.001523404032923		0.8366178274154663		1.2251660915434361		0.10932481945753098		0.21864963891506195
889		9.950575344031677		0.8091627955436707		1.190245326000452		0.19919075258970262		0.39838150517940524
890		9.922424380027223		0.8638347387313843		1.2497030177533626		0.13226431400179864		0.2645286280035973
891		9.912099804962054		0.8170137405395508		1.1989649845838546		0.16510854936242103		0.33021709872484206
892		9.95627665502252		0.7922755479812622		1.1707139691650867		0.1101829715669155		0.220365943133831
893		9.972273348015733		0.8282429575920105		1.2160275231301785		0.128070580804348		0.256141161608696
894		10.017783231975045		0.8468261361122131		1.2336112901985645		0.1155381349503994		0.2310762699007988
895		9.939752495032735		0.847130537033081		1.2258402041196823		0.13357187931537629		0.26714375863075257
896		9.900733963993844		0.8020349144935608		1.184967067337036		0.13495054742693902		0.26990109485387803
897		9.914042595017236		0.7916902899742126		1.1697241273641585		0.11171463465690613		0.22342926931381227
898		9.905798681022134		0.7888302803039551		1.169952719372511		0.10883725768923759		0.21767451537847518
899		9.924361324054189		0.8059497475624084		1.1917384954690933		0.11119067138433457		0.22238134276866914
900		9.975236464000773		0.8117555379867554		1.1900159488618374		0.11287969670295715		0.2257593934059143
901		9.971426120959222		0.7769227027893066		1.1609582002282142		0.11043789204359054		0.2208757840871811
902		9.908050132042263		0.7866514921188354		1.1704426233232021		0.1138179184794426		0.2276358369588852
903		9.955352148972452		0.7995038628578186		1.1781592536449432		0.11149945515990257		0.22299891031980515
904		9.93168100999901		0.834601640701294		1.2167202638208867		0.1098218247294426		0.2196436494588852
905		9.939430404978339		0.8269786834716797		1.20865436655879		0.11534226046204567		0.23068452092409134
906		9.897447930998169		0.818527340888977		1.2017862418591976		0.18943817182779313		0.37887634365558626
907		9.959559715993237		0.8342023491859436		1.2175811841070652		0.12341469652056694		0.24682939304113388
908		9.912176346988417		0.7948962450027466		1.1780713819980622		0.11106867642402649		0.22213735284805297
909		9.900838354951702		0.8022977113723755		1.186729925620556		0.23889047682285308		0.47778095364570616
910		9.97217228700174		0.7934818863868713		1.1723304771780967		0.11194462456703186		0.22388924913406372
911		9.954766362032387		0.7996518015861511		1.1798970208466053		0.11610670281648636		0.2322134056329727
912		9.939663094002753		0.8173601627349854		1.2047462990880013		0.16468440836668014		0.32936881673336027
913		9.979341548983939		0.8029870986938477		1.1814671964764596		0.10860110265612602		0.21720220531225204
914		9.969192168035079		0.7893701195716858		1.1718254393219947		0.11922650695443153		0.23845301390886306
915		9.954273341980297		0.7924150228500366		1.172901812070608		0.11644109631180763		0.23288219262361526
916		9.926545712980442		0.7964928150177002		1.1817157594501972		0.1199438891351223		0.2398877782702446
917		9.971858225995675		0.7874494194984436		1.1748558663606643		0.13760393152832984		0.2752078630566597
918		9.952635297959205		0.7883133292198181		1.173270247977972		0.10822617287039757		0.21645234574079514
919		9.931177847029176		0.7798566222190857		1.162982549726963		0.11525597900748252		0.23051195801496505
920		9.965916718996596		0.7897355556488037		1.1687388889849186		0.17655853695869445		0.3531170739173889
921		9.89892837300431		0.833225667476654		1.2174677862763406		0.1535153025984764		0.3070306051969528
922		9.970778220973443		0.7848902344703674		1.1692011516153813		0.14039269198179244		0.2807853839635849
923		9.899796151963528		0.7931557297706604		1.1764460458278656		0.14010535474419594		0.2802107094883919
924		9.951847156975418		0.7917848229408264		1.166867182391882		0.11113556306958199		0.22227112613916397
925		9.940251899999566		0.8027362823486328		1.1807247462928294		0.11226854265928268		0.22453708531856537
926		9.921166869986337		0.7812134027481079		1.165474303227663		0.16403253840208054		0.3280650768041611
927		9.978292697982397		0.7955360412597656		1.180697071248293		0.13344899989366532		0.26689799978733064
928		9.953012176032644		0.8163425326347351		1.1936862464666367		0.10852192719578743		0.21704385439157486
929		9.877632464980707		0.7843016982078552		1.1618135144531727		0.11084010538458824		0.2216802107691765
930		9.992292563023511		0.802236020565033		1.1841968338012696		0.12730481002926827		0.25460962005853655
931		9.95382975100074		0.8036607503890991		1.1808372348606586		0.11780763604044914		0.23561527208089827
932		10.006739214004483		0.8005303144454956		1.182874026787281		0.14933020526170732		0.29866041052341463
933		9.92510031699203		0.7898283004760742		1.1737697169661523		0.13078613055944444		0.26157226111888887
934		10.022755089041311		0.7901800870895386		1.177445082885027		0.21985213809609414		0.43970427619218827
935		10.013681782002095		0.7960801720619202		1.1812634207785129		0.11535235112905502		0.23070470225811004
936		10.010122973006219		0.8016990423202515		1.1805463911175729		0.12193684772253037		0.24387369544506074
937		9.992827746958937		0.7964226603507996		1.1790985473752023		0.11043291512727738		0.22086583025455475
938		9.931927539990284		0.8094821572303772		1.1933004008471966		0.23674214581251143		0.47348429162502287
939		9.953196562011726		0.8025110363960266		1.1894797938764095		0.1150572202384472		0.2301144404768944
940		10.007723435002845		0.7920354604721069		1.1812902805864811		0.11126575983762742		0.22253151967525484
941		9.969947261968628		0.8042523264884949		1.1883418089747428		0.11419532378911972		0.22839064757823943
942		10.022331333020702		0.8206086754798889		1.205540738236904		0.13806819435358048		0.27613638870716095
943		9.891467569046654		0.7825661897659302		1.16430711004138		0.11102846592664718		0.22205693185329436
944		9.893422082997859		0.7797641754150391		1.1584366241931916		0.11670798164606094		0.2334159632921219
945		9.902291122009046		0.829436719417572		1.2107627893924713		0.12502734827995302		0.25005469655990603
946		9.921949423034675		0.7952036261558533		1.1809984584271909		0.12432539467215538		0.24865078934431076
947		9.872690388001502		0.7922670841217041		1.177995142495632		0.13087189564704896		0.2617437912940979
948		9.951358771009836		0.7855863571166992		1.1675222026348113		0.11331188797354698		0.22662377594709396
949		9.925484443025198		0.7768746614456177		1.1530051304996014		0.10675585629343987		0.21351171258687973
950		9.956853726005647		0.7792888283729553		1.1613167635023594		0.24687695216536523		0.49375390433073046
951		9.930830925004557		0.8624003529548645		1.242222741818428		0.11735251130461692		0.23470502260923384
952		9.972137015021872		0.7802943587303162		1.1587737265110016		0.10851289253234864		0.21702578506469727
953		9.953071455005556		0.8006238341331482		1.1821351069271564		0.10685034062266349		0.21370068124532698
954		9.981686195009388		0.7955449819564819		1.184244617921114		0.10698888874053955		0.2139777774810791
955		9.968421225028578		0.7927272915840149		1.1664669217586516		0.11176876012682915		0.2235375202536583
956		9.930086233012844		0.7878842353820801		1.1659691683411597		0.2173663330733776		0.4347326661467552
957		9.97173551301239		0.8109710216522217		1.196069343560934		0.17483977100849152		0.34967954201698304
958		9.924244241032284		0.828154981136322		1.2093392811894417		0.1106668064236641		0.2213336128473282
959		9.916042427008506		0.7902570962905884		1.1770956840872764		0.10804958614706993		0.21609917229413986
960		9.919414094998501		0.7928555011749268		1.1751329005777835		0.125039133054018		0.250078266108036
961		9.984601358999498		0.8057548403739929		1.1861882747590542		0.16323214694857596		0.3264642938971519
962		9.99812407803256		0.8137857913970947		1.19823401222229		0.11113986946940423		0.22227973893880845
963		9.985107259999495		0.793826699256897		1.1745068707168103		0.11361264025568962		0.22722528051137925
964		9.911164906981867		0.8107834458351135		1.192123458737135		0.15576179006695748		0.31152358013391496
965		9.973081321048085		0.8169675469398499		1.1974128138124942		0.10634176419973373		0.21268352839946747
966		9.97459814499598		0.7742918729782104		1.1550878154277802		0.1112381799697876		0.2224763599395752
967		9.928557882958557		0.7717397809028625		1.1495655907690525		0.11185410174131394		0.22370820348262788
968		10.009634774003644		0.7898424863815308		1.1772859319150448		0.10696344681978226		0.21392689363956452
969		9.978890522033907		0.7810255885124207		1.1612964375555515		0.10639495404958725		0.2127899080991745
970		9.940529986983165		0.8077116012573242		1.193633206540346		0.11163356115818024		0.22326712231636048
971		9.971934212022461		0.7945277094841003		1.1798509429633617		0.10979701508283615		0.2195940301656723
972		10.012568356993143		0.7916585206985474		1.172747409582138		0.10899454573392868		0.21798909146785736
973		9.936210276035126		0.7788655757904053		1.1655355109512806		0.1161159952044487		0.2322319904088974
974		9.863642412004992		0.8039875030517578		1.192026272034645		0.14477503691315652		0.28955007382631304
975		9.96829714498017		0.7898196578025818		1.1738039027571678		0.23060334405303		0.46120668810606
976		9.990228693000972		0.8054599165916443		1.189927336937189		0.1061288285434246		0.2122576570868492
977		9.971675709006377		0.7807218432426453		1.1601434042871		0.10823185784220696		0.21646371568441392
978		10.046089428011328		0.7949345707893372		1.1757305468797683		0.15408305782675744		0.30816611565351487
979		9.94524684298085		0.7860258221626282		1.1688024016082288		0.39585424933433533		0.7917084986686707
980		9.95347083202796		0.8223563432693481		1.2021116508245469		0.1087505486369133		0.2175010972738266
981		9.947046371991746		0.7844955921173096		1.1637142854869367		0.11653985204100609		0.23307970408201217
982		9.98190330399666		0.7763686776161194		1.1590386370301247		0.11047880132198334		0.2209576026439667
983		9.901004662970081		0.8133876919746399		1.200066780167818		0.11082937243580818		0.22165874487161635
984		10.014168536989018		0.7908257246017456		1.176114730936289		0.10955254620909691		0.21910509241819381
985		9.978659162006807		0.7760434746742249		1.1526799811601638		0.13091379747390747		0.26182759494781493
986		9.950504904030822		0.7840392589569092		1.1688159569323062		0.10615790089964866		0.21231580179929732
987		9.93705214804504		0.782901406288147		1.1686975431919098		0.10661878160834312		0.21323756321668624
988		9.932967486034613		0.7809122800827026		1.1602757099032401		0.13515861051678657		0.27031722103357314
989		9.903761826979462		0.7830498218536377		1.1681484380662441		0.10558696784973144		0.21117393569946288
990		10.003962604969274		0.7790045738220215		1.1547210620701314		0.10554505667090416		0.21109011334180833
991		9.943209361983463		0.788670539855957		1.1688865920245648		0.12725169577598572		0.25450339155197144
992		9.887022004986648		0.7785442471504211		1.1647933881521224		0.17326827759742736		0.3465365551948547
993		9.963395350030623		0.7858895659446716		1.1654275746524334		0.11030874760746956		0.22061749521493912
994		9.91059723298531		0.7851572632789612		1.1670271957993508		0.1390570057094097		0.2781140114188194
995		9.92759717599256		0.8037279844284058		1.1879334549188614		0.10809525125026703		0.21619050250053407
996		9.983205666008871		0.79336017370224		1.1804762025475501		0.10931760030388832		0.21863520060777664
997		9.910734474018682		0.7866567969322205		1.1679324999451637		0.22960559719204904		0.4592111943840981
998		9.909698833012953		0.7708085179328918		1.1477931138277053		0.18493202722668647		0.36986405445337295
999		9.9399745669798		0.7898179888725281		1.1699844462037086		0.11836930735111237		0.23673861470222474
1000		9.863746281014755		0.7941235303878784		1.1772391613185407		0.10806392630934715		0.2161278526186943
1001		9.961143777996767		0.7750072479248047		1.1597995657980442		0.10979639913439751		0.21959279826879502
1002		9.97775353997713		0.7801996469497681		1.1602270113110542		0.1064008733689785		0.212801746737957
1003		9.936769969004672		0.7955024838447571		1.170402955585718		0.10691351168751717		0.21382702337503434
1004		9.952666680968832		0.797644853591919		1.1805793965518474		0.10496545459628105		0.2099309091925621
1005		9.958678683033213		0.7772549390792847		1.1607308596074581		0.11192899307012558		0.22385798614025115
1006		10.01809048699215		0.7840585708618164		1.1656507515907288		0.11206697331666947		0.22413394663333894
1007		9.941850350995082		0.7867964506149292		1.166664861738682		0.10630288408994674		0.2126057681798935
1008		9.974966577021405		0.7761200070381165		1.1572341609597205		0.10934158136248588		0.21868316272497176
1009		9.9504917539889		0.7792299389839172		1.159590664434433		0.10548172674775123		0.21096345349550247
1010		9.968545115960296		0.7908921241760254		1.1711807237029075		0.11331281859278679		0.22662563718557358
1011		9.90300405403832		0.7922145128250122		1.1726814768016338		0.11047454662919044		0.22094909325838089
1012		9.842346214980353		0.7927312254905701		1.1676162823975087		0.10545436642169953		0.21090873284339906
1013		9.961738104990218		0.7811354398727417		1.159528263270855		0.10943805401921272		0.21887610803842544
1014		9.90219979599351		0.791914165019989		1.1742031252384186		0.12756446453928946		0.2551289290785789
1015		9.963761333958246		0.7944280505180359		1.182666103196144		0.10686641194820404		0.21373282389640808
1016		9.95172711100895		0.7739602327346802		1.1536706436038018		0.1066837095439434		0.2133674190878868
1017		9.961611100996379		0.7806324362754822		1.1631342543840408		0.10439837767481804		0.20879675534963607
1018		9.955620881984942		0.7819251418113708		1.161303308928013		0.10500730234384537		0.21001460468769073
1019		9.911158717994113		0.771095335483551		1.1509000252187251		0.10580221498012543		0.21160442996025086
1020		10.000678725948092		0.7871139645576477		1.1694636070728301		0.10511911119222642		0.21023822238445283
1021		9.977704584016465		0.7790955305099487		1.1605717868685723		0.10495163895487786		0.20990327790975571
1022		9.963546264974866		0.7883054614067078		1.1659747708678245		0.11675372903943061		0.23350745807886122
1023		9.979236827988643		0.7824207544326782		1.1633213566958904		0.10758336805105209		0.21516673610210418
1024		9.875301328022033		0.7811759114265442		1.1593157837152481		0.10875692022442818		0.21751384044885635
1025		9.89244973496534		0.7754620909690857		1.1564615110397338		0.10697161610722541		0.21394323221445083
1026		9.91885779297445		0.7938834428787231		1.1749518991827965		0.10806747215390206		0.2161349443078041
1027		9.963853876979556		0.7787531018257141		1.1656003123939038		0.13850429728031158		0.27700859456062316
1028		9.945152521017008		0.7702065110206604		1.1472857021927834		0.10661822607517242		0.21323645215034484
1029		9.967077733017504		0.7693656086921692		1.1437822319507598		0.14478165780901908		0.28956331561803816
1030		9.938879741996061		0.7757927775382996		1.1546357952654362		0.12165756466984749		0.24331512933969499
1031		9.866271599021275		0.7917518615722656		1.168361687964201		0.10538359597921372		0.21076719195842744
1032		9.912566630984657		0.7841641306877136		1.161107064116001		0.22235829514861108		0.44471659029722216
1033		10.014619474997744		0.7907053232192993		1.173548370450735		0.10471195302605629		0.20942390605211259
1034		9.893576316011604		0.7747796177864075		1.151728988111019		0.10540179905295372		0.21080359810590743
1035		9.872374764992855		0.7779818773269653		1.1628818241953849		0.10970020262598991		0.21940040525197982
1036		9.926660989993252		0.7796422243118286		1.1526681505918503		0.11403680889606475		0.2280736177921295
1037		9.899050887033809		0.7801195383071899		1.1615567727148532		0.10484332530498505		0.2096866506099701
1038		9.900446335028391		0.7747848033905029		1.154586670845747		0.10371712605953216		0.20743425211906433
1039		9.95933934400091		0.7717867493629456		1.1502865075945854		0.10411368455886841		0.20822736911773682
1040		9.959123987006024		0.7695273160934448		1.150394695287943		0.11642130345106125		0.2328426069021225
1041		9.916062881005928		0.7929521799087524		1.1811628475427627		0.10742664616703987		0.21485329233407974
1042		9.943063392012846		0.7826212644577026		1.167733979833126		0.10588045294880867		0.21176090589761734
1043		9.896746487997007		0.7817509770393372		1.1675449775457383		0.10339102174639701		0.20678204349279403
1044		9.937702680006623		0.7764331102371216		1.15616655485034		0.18732870078086852		0.37465740156173705
1045		9.889908073993865		0.7723619937896729		1.155693371796608		0.12327341132164002		0.24654682264328004
1046		9.943119292962365		0.7772527933120728		1.1563029969274998		0.11469725987315178		0.22939451974630357
1047		9.993277740955818		0.7792084813117981		1.1583004825115204		0.10361517802476883		0.20723035604953766
1048		9.909834199002944		0.7849302291870117		1.1639372044563294		0.10357846058011055		0.2071569211602211
1049		9.969204875989817		0.7784813046455383		1.1621821125924587		0.10528089119195938		0.21056178238391876
1050		9.914796967990696		0.7730124592781067		1.1512915306210518		0.1110584802031517		0.2221169604063034
1051		9.91725141403731		0.7852915525436401		1.1618533112347127		0.10691684290766716		0.21383368581533432
1052		9.939953365013935		0.785358726978302		1.1657138089001178		0.10547236377000808		0.21094472754001617
1053		9.990588719956577		0.7760984897613525		1.155766686886549		0.13099397935271262		0.26198795870542524
1054		9.939768471987918		0.7687124609947205		1.1487011057674885		0.1104203261911869		0.2208406523823738
1055		9.992075006011873		0.7706062197685242		1.1454787564635276		0.10770492025017739		0.21540984050035478
1056		9.902672056981828		0.7744196057319641		1.1568758505880832		0.10552166451811791		0.21104332903623582
1057		9.941774861013982		0.8015332818031311		1.1847146640062332		0.29499143399000166		0.5899828679800033
1058		9.963101790985093		0.782036542892456		1.163420547157526		0.10912034353017808		0.21824068706035615
1059		9.96119704702869		0.7732092142105103		1.153547742384672		0.13483216611146928		0.26966433222293856
1060		9.949501709023025		0.7778986692428589		1.1631183825075626		0.1405709280848503		0.2811418561697006
1061		9.892276564030908		0.7760592103004456		1.1583733704924584		0.10366408959031105		0.2073281791806221
1062		9.933677245979197		0.7714419960975647		1.1457307272732258		0.10350711749792099		0.20701423499584198
1063		9.929507663007826		0.7888740301132202		1.1631285543441772		0.14937837731838227		0.29875675463676454
1064		9.934903423010837		0.7686834335327148		1.1408891282379627		0.1464151841700077		0.2928303683400154
1065		9.939883847022429		0.7957060933113098		1.17723176638484		0.10359829023480416		0.20719658046960832
1066		9.976222514000256		0.7777296304702759		1.155969164186716		0.10548265028595924		0.21096530057191848
1067		9.90709514298942		0.7724169492721558		1.145995414441824		0.13954354704022406		0.27908709408044813
1068		9.909443941025529		0.7812290787696838		1.1532908874511718		0.1211793194770813		0.2423586389541626
1069		9.924751644022763		0.7735496163368225		1.1578117947041988		0.1029789593219757		0.2059579186439514
1070		9.935446635005064		0.7685697078704834		1.1472057965397835		0.12396293699145317		0.24792587398290633
1071		9.97467567701824		0.7705119848251343		1.1537591361522674		0.11240544266700744		0.2248108853340149
1072		9.972204981022514		0.7932834029197693		1.1692647128164768		0.1031968574821949		0.2063937149643898
1073		9.96434299997054		0.7730602622032166		1.1522460299909114		0.10770729210972786		0.21541458421945572
1074		9.879008501011413		0.7754266262054443		1.1563610136568547		0.12294939864873886		0.2458987972974777
1075		9.917670226015616		0.7631339430809021		1.1416211886286736		0.10469464874863625		0.2093892974972725
1076		9.939370536012575		0.7667599320411682		1.150277371287346		0.1664409068465233		0.3328818136930466
1077		9.946190024958923		0.7798315286636353		1.1638272740900517		0.10445630584955215		0.2089126116991043
1078		9.967476761026774		0.7738586068153381		1.1542682113349438		0.10357409670054912		0.20714819340109825
1079		10.029795016045682		0.7769583463668823		1.1572730605065822		0.10537686308920384		0.21075372617840768
1080		9.970109575020615		0.7765475511550903		1.1551640845477582		0.10313240728378296		0.20626481456756593
1081		9.873106262006331		0.7700428366661072		1.1429627290189266		0.10881090152859688		0.21762180305719375
1082		9.900156420015264		0.7755215167999268		1.1537980687320233		0.1028099668264389		0.2056199336528778
1083		9.858968832995743		0.777213990688324		1.1551295064568519		0.10488923173546791		0.20977846347093582
1084		9.920313828974031		0.7723444104194641		1.1505830228149891		0.10326592984199524		0.2065318596839905
1085		9.924718598020263		0.7735857963562012		1.1513254405081272		0.10950980439186096		0.21901960878372193
1086		9.907263480999973		0.7690240740776062		1.1462004266917705		0.10421837061047554		0.20843674122095107
1087		9.893351235019509		0.7822710275650024		1.1642635626196862		0.10527241876721383		0.21054483753442765
1088		9.992690282000694		0.7651844024658203		1.1451275333344937		0.10449324494600296		0.2089864898920059
1089		9.9591235750122		0.7710250616073608		1.1454052002608777		0.10291575601100922		0.20583151202201844
1090		9.975799570966046		0.7731568813323975		1.1508528045237065		0.10364834006428719		0.20729668012857438
1091		9.858096887008287		0.778285026550293		1.159093278324604		0.10288276903629302		0.20576553807258605
1092		9.942549043043982		0.774314284324646		1.1577792867422103		0.1059417487680912		0.2118834975361824
1093		9.963808850967325		0.7656452655792236		1.144124988245964		0.10717990399003029		0.21435980798006057
1094		9.898737021023408		0.7612830400466919		1.1349104858696462		0.11284554186463357		0.22569108372926713
1095		9.97860391397262		0.7702742218971252		1.1487274135291576		0.10300604515075684		0.20601209030151368
1096		9.889693328004796		0.7675430178642273		1.1467855334043502		0.10317155019640922		0.20634310039281845
1097		9.907773618993815		0.7709543108940125		1.1507598865270614		0.11805097435116768		0.23610194870233536
1098		9.960480980982538		0.7753735780715942		1.1563970685243607		0.13674860488176346		0.2734972097635269
1099		9.940965490997769		0.7824211120605469		1.161154525065422		0.13531181055903435		0.2706236211180687
1100		9.891738456964958		0.7756473422050476		1.1545293222248554		0.15427498665452002		0.30854997330904005
1101		9.973898558993824		0.7713043093681335		1.1543480108320714		0.10773284097909927		0.21546568195819854
1102		9.899340583011508		0.7673097848892212		1.1423813114345074		0.10263145569562912		0.20526291139125824
1103		10.01478110498283		0.758597731590271		1.1326534815549851		0.102621279078722		0.205242558157444
1104		9.97183459502412		0.772289514541626		1.1582176508367061		0.10240820891559124		0.20481641783118248
1105		9.949237408989575		0.7772253155708313		1.1577895587801934		0.1025784810423851		0.2051569620847702
1106		9.892015850986354		0.7622873187065125		1.1386451127827169		0.10336347215175629		0.20672694430351257
1107		9.93416723399423		0.7731215357780457		1.1535292600512506		0.104127637809515		0.20825527561903
1108		9.923168712004554		0.7666650414466858		1.1468912020087243		0.10260841859579087		0.20521683719158174
1109		9.914677362015937		0.763183057308197		1.1393661434412004		0.10484929440021515		0.2096985888004303
1110		9.896227820019703		0.7733427286148071		1.1558322823882103		0.10174268962740898		0.20348537925481797
1111		9.88893271802226		0.7663114070892334		1.147169554746151		0.11470530453324318		0.22941060906648636
1112		9.912103154987562		0.7665902376174927		1.1434554536879062		0.10184743289351464		0.20369486578702928
1113		9.949343645013869		0.7583500742912292		1.136567544555664		0.11225637056827545		0.2245127411365509
1114		9.990373156033456		0.7592229843139648		1.1342648120701313		0.10816373551189899		0.21632747102379798
1115		9.99694634199841		0.7642040252685547		1.1366993410587312		0.145018666434288		0.290037332868576
1116		9.947840442007873		0.7793359756469727		1.1589649207770825		0.10413552637696266		0.20827105275392532
1117		10.028208410949446		0.7661979794502258		1.1423622083961964		0.14495750989913941		0.28991501979827883
1118		9.975935817987192		0.7918644547462463		1.174365160048008		0.1060531360924244		0.2121062721848488
1119		9.951386175991502		0.7652786374092102		1.1408555425882339		0.10309206471443176		0.20618412942886352
1120		9.979795464954805		0.7606244683265686		1.140282659715414		0.10595006057918072		0.21190012115836143
1121		9.930861677974463		0.7611303925514221		1.1412115604639053		0.10251602872610092		0.20503205745220185
1122		9.928144205012359		0.7622208595275879		1.1366213412344455		0.10192673276662827		0.20385346553325653
1123		9.907553200959228		0.7647616267204285		1.1429164745926856		0.12393575530648232		0.24787151061296464
1124		9.990584985993337		0.7671403884887695		1.149041027057171		0.10431532421112061		0.20863064842224122
1125		9.967192757991143		0.7612501382827759		1.13888762627244		0.10150373537242413		0.20300747074484826
1126		9.927320788963698		0.7726619839668274		1.151731122279167		0.10237374790906906		0.20474749581813811
1127		9.887476021016482		0.7695502042770386		1.1394266588747501		0.10228606385588646		0.2045721277117729
1128		9.973586000036448		0.7618588805198669		1.1370998152136802		0.15005390825867654		0.3001078165173531
1129		9.900953237025533		0.7614203691482544		1.1406665294229985		0.10176298436522484		0.20352596873044967
1130		9.958819563034922		0.7803065180778503		1.1671075347304345		0.10417833367586136		0.20835666735172273
1131		9.913850531040225		0.7644026875495911		1.14686354932189		0.1027447661280632		0.2054895322561264
1132		9.959561296971515		0.7608886361122131		1.1402274451732635		0.10176387665271759		0.20352775330543518
1133		9.931390820012894		0.7595122456550598		1.1365543004214764		0.10242940211296081		0.20485880422592162
1134		9.861467217968311		0.7652337551116943		1.1464475541591643		0.14592417418956757		0.29184834837913515
1135		9.936749456974212		0.7670938968658447		1.1495301318705082		0.10925751326680183		0.21851502653360366
1136		9.948275475995615		0.763700008392334		1.140081963276863		0.10168202508687973		0.20336405017375947
1137		10.00573426001938		0.7628058195114136		1.1387023370444775		0.11108083929419517		0.22216167858839034
1138		9.99827802699292		0.7599485516548157		1.1379061865925788		0.11044802458286285		0.2208960491657257
1139		10.020596027025022		0.7669657468795776		1.1458356028199197		0.10474649131596088		0.20949298263192176
1140		9.991879957960919		0.7672929167747498		1.1444557625770568		0.10319629840254783		0.20639259680509567
1141		9.924181619018782		0.7747195959091187		1.1551045326292515		0.17401418485045433		0.34802836970090867
1142		9.97641649201978		0.7766776084899902		1.15836366918087		0.10179042285084725		0.2035808457016945
1143		9.984865696984343		0.7633780241012573		1.134245277106762		0.10197156191468239		0.20394312382936478
1144		9.989424888975918		0.7667694687843323		1.1399169804930687		0.10223510709404945		0.2044702141880989
1145		9.981481130991597		0.7613731622695923		1.1353250961720944		0.10893230992555618		0.21786461985111236
1146		10.040945390006527		0.7734706401824951		1.1527464388132096		0.10170479373931884		0.2034095874786377
1147		9.980070299003273		0.760741651058197		1.1371442990064622		0.10501825309693813		0.21003650619387626
1148		9.945522850030102		0.7627114057540894		1.1431897042512893		0.10340704782009125		0.2068140956401825
1149		9.90127405198291		0.7706231474876404		1.147918856370449		0.10127515732347965		0.2025503146469593
1150		10.012752628012095		0.7663765549659729		1.1407816927015781		0.10652598027586938		0.21305196055173875
1151		9.94609802897321		0.7685373425483704		1.1477142207562923		0.11404030736684799		0.22808061473369598
1152		10.05350919405464		0.7776162624359131		1.151428738731146		0.11197547490596771		0.22395094981193542
1153		9.909416433016304		0.7649335265159607		1.139580745768547		0.10117716702222825		0.2023543340444565
1154		9.925029010977596		0.764108419418335		1.141456245970726		0.101186729362607		0.202373458725214
1155		9.93656366999494		0.7571728229522705		1.129890218490362		0.10675657336115837		0.21351314672231675
1156		9.929061661998276		0.7620871067047119		1.1386801863789557		0.10132729056477546		0.20265458112955093
1157		9.8955087820068		0.7673789858818054		1.1450717193424702		0.11116754745841026		0.22233509491682052
1158		9.945194755971897		0.766614556312561		1.1442735442221166		0.10177521586418152		0.20355043172836304
1159		9.956630052009132		0.7676390409469604		1.144266438615322		0.10544257571101188		0.21088515142202377
1160		9.98494022997329		0.7540191411972046		1.132014674717188		0.1027978347748518		0.2055956695497036
1161		10.04245066898875		0.7584293484687805		1.134360692280531		0.10550943719744682		0.21101887439489364
1162		9.939483352005482		0.7617315649986267		1.1371000788807868		0.10127034323215485		0.2025406864643097
1163		9.898686616972554		0.7580713629722595		1.130074565911293		0.10214584619700909		0.20429169239401818
1164		9.910263495985419		0.7672510743141174		1.1452705335497857		0.10304397605657578		0.20608795211315156
1165		9.880789099028334		0.7690110802650452		1.147307257974148		0.10476739049553871		0.20953478099107742
1166		9.963531575049274		0.7639341354370117		1.1377312155008317		0.1007390490412712		0.2014780980825424
1167		9.994087560044136		0.7610495090484619		1.1338991316914557		0.10117800541520118		0.20235601083040236
1168		9.961066285031848		0.7662818431854248		1.1423904436945915		0.10799757218956947		0.21599514437913894
1169		10.002703575999476		0.7611725926399231		1.136382183688879		0.1439789678990841		0.2879579357981682
1170		9.928198861016426		0.7624338865280151		1.1384145252168179		0.10535859451889992		0.21071718903779985
1171		9.913270474004094		0.7656328678131104		1.1418058101594448		0.10268062138557434		0.20536124277114867
1172		9.945367372012697		0.7664764523506165		1.1433577894330025		0.1074193679690361		0.2148387359380722
1173		9.939973842992913		0.7574948668479919		1.1295726203739642		0.10079969529509544		0.20159939059019089
1174		9.960982906050049		0.7678793668746948		1.1452232888042926		0.1300437597632408		0.2600875195264816
1175		10.003624043019954		0.7679181694984436		1.1385838482022286		0.12062316806912422		0.24124633613824845
1176		9.964177961985115		0.7623080611228943		1.135285231333971		0.10579679315090179		0.21159358630180358
1177		9.939975128974766		0.7599857449531555		1.135252945357561		0.10100302081108094		0.20200604162216187
1178		9.867632445995696		0.7548797726631165		1.1284310881257058		0.10170877390503884		0.20341754781007768
1179		9.976015496999025		0.7538058161735535		1.1346317668020725		0.10149015797376633		0.20298031594753266
1180		9.932613106968347		0.7629766464233398		1.1328168175041675		0.10431192137598991		0.20862384275197982
1181		9.918572349008173		0.7722349166870117		1.1438519710958004		0.11800100244879723		0.23600200489759446
1182		9.91299970401451		0.7581502199172974		1.1339611533343792		0.10089664477705955		0.2017932895541191
1183		9.908473671006504		0.760593831539154		1.133688452374935		0.11609522035717965		0.2321904407143593
1184		9.976200053992216		0.7630345821380615		1.1436137097239494		0.10058107724189758		0.20116215448379515
1185		9.972856400010642		0.7563338875770569		1.1290246726572513		0.10151725561022759		0.20303451122045518
1186		9.969939827977214		0.7646368741989136		1.1379132290899754		0.10156161014437676		0.20312322028875351
1187		9.926641788973939		0.7589544653892517		1.1330633234798908		0.10051873102188111		0.20103746204376222
1188		9.922270422975998		0.7589018940925598		1.1327999585807322		0.1507196585059166		0.3014393170118332
1189		9.994114177010488		0.7632830739021301		1.1390297982156277		0.10455918720662594		0.20911837441325187
1190		9.910931228951085		0.7636581659317017		1.1428573001265525		0.10106130957901478		0.20212261915802957
1191		9.99005354498513		0.7583433389663696		1.1370655776381493		0.1009304947733879		0.2018609895467758
1192		9.927622720017098		0.7567628026008606		1.1359715634346008		0.10082766229212284		0.20165532458424568
1193		9.895565824001096		0.7535392642021179		1.1300744531989098		0.10199093755185604		0.20398187510371207
1194		9.921980632003397		0.7585830688476562		1.1319070866703986		0.10062742009758949		0.20125484019517897
1195		9.9076181310229		0.7569743990898132		1.1311904063761233		0.10210357456505299		0.20420714913010599
1196		9.941015298012644		0.7588263750076294		1.1273458217978478		0.11686605517268181		0.23373211034536362
1197		9.952525908011012		0.7626385688781738		1.138667355942726		0.10229883342385292		0.20459766684770583
1198		9.944972591008991		0.7598844766616821		1.1377139961004257		0.10325536655783653		0.20651073311567306
1199		9.91502421401674		0.7613189816474915		1.1382443631947041		0.10103534643054009		0.20207069286108018
1200		10.0158554049558		0.7540731430053711		1.1267264066696168		0.10027919208407401		0.20055838416814803
1201		9.932326999027282		0.760101318359375		1.1331216968238353		0.10773066604733467		0.21546133209466933
1202		10.008631617994979		0.7540908455848694		1.13158388068676		0.10087528635263443		0.20175057270526886
1203		10.00148482102668		0.7690062522888184		1.1407738550305366		0.10044768247902393		0.20089536495804786
1204		9.878852866007946		0.7605656981468201		1.1360622364878654		0.11193557173013687		0.22387114346027373
1205		9.951151871006005		0.7553922533988953		1.1282770594418048		0.10279927208125592		0.20559854416251183
1206		9.991662465967238		0.7637449502944946		1.132456074988842		0.11150529732704162		0.22301059465408324
1207		9.988182275963482		0.7615707516670227		1.135326819419861		0.10042597572505474		0.20085195145010948
1208		10.029781138990074		0.7661294937133789		1.1435338340461254		0.10037348374724388		0.20074696749448775
1209		10.015810197975952		0.7548300623893738		1.1313205834329128		0.1003206271827221		0.2006412543654442
1210		9.946065699972678		0.757753849029541		1.1332210135042668		0.10025238101184368		0.20050476202368736
1211		10.032024119980633		0.7576070427894592		1.1279789697527884		0.10324671300649643		0.20649342601299286
1212		9.939143972995225		0.7595760226249695		1.1317543960392475		0.12090517278909683		0.24181034557819367
1213		10.038462617027108		0.7545143961906433		1.1287419744074345		0.10032914975583554		0.20065829951167108
1214		9.990499686973635		0.7591977119445801		1.1312720019578935		0.1009505136191845		0.201901027238369
1215		9.917678951984271		0.7586683630943298		1.1267047420382499		0.1434922708272934		0.2869845416545868
1216		9.989362387976144		0.76422119140625		1.1389965416610242		0.1009624990016222		0.2019249980032444
1217		9.9687742459937		0.7556084394454956		1.1267176347911358		0.10028110663294793		0.20056221326589585
1218		9.942742216982879		0.7580553293228149		1.131495246386528		0.10378236874938011		0.20756473749876023
1219		10.011083516990766		0.7558638453483582		1.129497668170929		0.10482278560698033		0.20964557121396066
1220		9.972473182016984		0.7573869228363037		1.12955156981349		0.10010335932970046		0.20020671865940093
1221		10.024451548990328		0.7514681220054626		1.1286299876332282		0.09989368497729302		0.19978736995458604
1222		9.986700771027245		0.7585462927818298		1.135478312855959		0.1000985166400671		0.2001970332801342
1223		9.95743340201443		0.7609826326370239		1.13278530113101		0.10073672584295273		0.20147345168590547
1224		9.925416981976014		0.7606863975524902		1.132645043796301		0.12700010229945183		0.25400020459890366
1225		9.986374224012252		0.7585330605506897		1.1352623563587665		0.10089644031524658		0.20179288063049317
1226		9.983064330008347		0.7558201551437378		1.123335141223669		0.10027336784005166		0.2005467356801033
1227		9.981089995999355		0.7551002502441406		1.1301295817494392		0.12061094585061073		0.24122189170122146
1228		9.953485139005352		0.7544865012168884		1.1303110107243062		0.10546487946212292		0.21092975892424584
1229		10.016807172971312		0.7595015168190002		1.1352332298874854		0.10085440249443055		0.2017088049888611
1230		9.96448868495645		0.7592473030090332		1.1329034079670905		0.10087528600096703		0.20175057200193405
1231		9.904092495969962		0.7600411176681519		1.1321351554989816		0.1002494338274002		0.2004988676548004
1232		9.911619303980842		0.7520968914031982		1.1243564627885818		0.10015767612159251		0.20031535224318503
1233		9.933284159982577		0.761618971824646		1.1331307681560516		0.11269160669445992		0.22538321338891984
1234		9.885633167985361		0.7525773048400879		1.1301464588165284		0.10043115286231041		0.20086230572462083
1235		9.937914709036704		0.7563689351081848		1.1278535774648188		0.10017954729795456		0.20035909459590912
1236		9.916794076038059		0.760345458984375		1.1325254561603069		0.1004289182662964		0.2008578365325928
1237		9.908647419011686		0.7528921961784363		1.1241328203320504		0.10012975915074349		0.20025951830148697
1238		9.925311638973653		0.7560486793518066		1.1262127783119678		0.10012765691876412		0.20025531383752823
1239		9.965660999994725		0.758177638053894		1.128163862067461		0.10035163256525993		0.20070326513051986
1240		9.954729012970347		0.759071946144104		1.131288527017832		0.11559836505651475		0.2311967301130295
1241		9.893930752004962		0.7577543258666992		1.1314806749105453		0.10005856961607933		0.20011713923215865
1242		9.901326882012654		0.7597978711128235		1.1265785934984685		0.10126442050337792		0.20252884100675583
1243		9.896931141032837		0.7571133971214294		1.1303697859287263		0.10442944526672364		0.20885889053344728
1244		9.95359617396025		0.7594086527824402		1.1340255200445652		0.1326741390645504		0.2653482781291008
1245		9.949092273018323		0.755517303943634		1.133048139822483		0.10121002369225025		0.2024200473845005
1246		10.052788828033954		0.7535781860351562		1.126055585026741		0.1004367688536644		0.2008735377073288
1247		9.969017366005573		0.7562053203582764		1.1312611545920372		0.10110693530142308		0.20221387060284615
1248		9.91817285696743		0.7551392912864685		1.1328872852027416		0.09995165165662766		0.19990330331325531
1249		9.88791873503942		0.7579123973846436		1.130993846166134		0.09992343685626984		0.19984687371253967
1250		9.879467446997296		0.7570542097091675		1.1279380278944968		0.10000175656676293		0.20000351313352585
1251		9.952708240016364		0.7580761909484863		1.1290189455389976		0.09995633896291256		0.19991267792582512
1252		9.89350074599497		0.7532651424407959		1.1245962173879147		0.09997426836192608		0.19994853672385215
1253		9.870811715023592		0.7575421333312988		1.1315312086224556		0.10250500613152981		0.20501001226305962
1254		9.96156223199796		0.7553704380989075		1.1270572188556194		0.0998863642245531		0.1997727284491062
1255		9.932778566959314		0.7590382099151611		1.1274385250329972		0.10102904661595821		0.20205809323191642
1256		9.9366690129973		0.756790041923523		1.1256977154910563		0.10002373937666416		0.20004747875332832
1257		9.924034361960366		0.7602301836013794		1.1325743639230728		0.10044627720713616		0.2008925544142723
1258		10.026304574974347		0.7551723718643188		1.1281627684235573		0.09995901636779309		0.19991803273558617
1259		9.96616588300094		0.7530295848846436		1.127182709300518		0.0996907276570797		0.1993814553141594
1260		9.94208454299951		0.7515410780906677		1.1245160673141479		0.1002262138068676		0.2004524276137352
1261		9.968920923012774		0.7519539594650269		1.128349687576294		0.10137319852113724		0.20274639704227448
1262		9.85504127299646		0.756618857383728		1.1258969253540039		0.11808113584518433		0.23616227169036866
1263		10.000933711999096		0.7629457116127014		1.1386126058280468		0.09974901044368743		0.19949802088737487
1264		9.984347685996909		0.7519145011901855		1.1266355824649334		0.10001131188869476		0.20002262377738952
1265		9.876074771978892		0.7503786087036133		1.1229420226871967		0.0997487298130989		0.1994974596261978
1266		9.95097209897358		0.7551068663597107		1.1267460426032543		0.09987794398069381		0.19975588796138763
1267		9.976233931956813		0.7560697793960571		1.1228351170659066		0.10022096280753613		0.20044192561507226
1268		9.993335023988038		0.7612072825431824		1.1305347116708755		0.09957549951374531		0.19915099902749062
1269		9.976822012977209		0.7519114017486572		1.123643894082308		0.09959668675363063		0.19919337350726127
1270		9.934376604040153		0.7517295479774475		1.124610922908783		0.10177854788601398		0.20355709577202796
1271		9.895531768968794		0.7557416558265686		1.1273950171291829		0.09981596455574035		0.1996319291114807
1272		9.942123327986337		0.756415069103241		1.1308134216666221		0.10096499679088593		0.20192999358177185
1273		9.944130785006564		0.7599053978919983		1.127185925090313		0.12422026572823525		0.2484405314564705
1274		9.876303973956965		0.7544010281562805		1.1207712525486946		0.10039330378770828		0.20078660757541655
1275		9.9311522449716		0.7549253702163696		1.1278090746939182		0.099586422508955		0.19917284501791
1276		9.913401463010814		0.754001796245575		1.1234413072168827		0.09968475902974605		0.1993695180594921
1277		9.91179798799567		0.7563014030456543		1.1286249203503131		0.09986393723487853		0.19972787446975707
1278		9.92314204905415		0.755068838596344		1.1252333537697792		0.10450488671958447		0.20900977343916893
1279		9.922999161994085		0.7558275461196899		1.1261700004041195		0.09949759503006936		0.19899519006013872
1280		9.935174342943355		0.7524084448814392		1.124274658179283		0.09978081232905388		0.19956162465810776
1281		9.985367797955405		0.7548357844352722		1.1241675537228584		0.11309639534950257		0.22619279069900514
1282		10.000906547007617		0.7515791058540344		1.1242041523993016		0.09986206533908844		0.19972413067817688
1283		9.921199976000935		0.7556352615356445		1.1236569246888162		0.09967302920520306		0.19934605841040612
1284		10.040257464977913		0.7564275860786438		1.124882887560129		0.09968102405667305		0.1993620481133461
1285		9.93599790200824		0.756376326084137		1.1217687152922153		0.10232379184067249		0.20464758368134497
1286		9.994582723011263		0.7576727867126465		1.1246296212673188		0.09935759356617928		0.19871518713235856
1287		9.89943182800198		0.7596946358680725		1.1274203762888908		0.10396356162428856		0.20792712324857712
1288		9.968014839978423		0.7529723644256592		1.125292550432682		0.09959745119512081		0.19919490239024162
1289		9.950714129954576		0.7513781189918518		1.122236039251089		0.11925513740181923		0.23851027480363846
1290		9.94252119702287		0.7551129460334778		1.1221101541519165		0.09949139268100261		0.19898278536200523
1291		9.915437707968522		0.7533612251281738		1.1260182286024094		0.09958481885194778		0.19916963770389556
1292		10.030393293011002		0.7512577772140503		1.1229358034908772		0.10058255396187306		0.20116510792374612
1293		9.942925880022813		0.7492676377296448		1.1205189776837825		0.09949959557652474		0.19899919115304948
1294		9.964279509964399		0.7610546350479126		1.1301988946020602		0.10020710530877114		0.20041421061754228
1295		9.981365370971616		0.7525134086608887		1.1231866396784782		0.09990622992813587		0.19981245985627175
1296		9.978070032957476		0.7546608448028564		1.1230837713301183		0.09933889971971512		0.19867779943943023
1297		9.964792439946905		0.7528956532478333		1.1252037115097047		0.09998618239462376		0.19997236478924751
1298		9.965987218020018		0.7551361918449402		1.1243333571612835		0.10094848420917987		0.20189696841835975
1299		9.97193006699672		0.7553264498710632		1.120436809337139		0.09977973965704441		0.19955947931408882
1300		9.978936911968049		0.7577925324440002		1.1285363128483294		0.09984216430187225		0.1996843286037445
1301		9.95855392102385		0.7539939880371094		1.1278822374403477		0.09950241700410843		0.19900483400821686
1302		9.953807414975017		0.7517752647399902		1.1232995138168336		0.09930893030762672		0.19861786061525344
1303		9.981181043025572		0.7545291781425476		1.1228796479344367		0.10002083710730075		0.2000416742146015
1304		9.925724121974781		0.7541106939315796		1.1229993372797966		0.10552848566174507		0.21105697132349013
1305		9.883861811948009		0.7538715600967407		1.1243395555853843		0.0995254845380783		0.1990509690761566
1306		9.914707277959678		0.7563704252243042		1.1216229656517505		0.09953461230397224		0.1990692246079445
1307		9.916293353016954		0.757921576499939		1.1253059160232544		0.10102878472805023		0.20205756945610046
1308		9.890524330025073		0.754135012626648		1.1240983215749263		0.09967254229187965		0.1993450845837593
1309		9.95072808698751		0.754316508769989		1.124351288998127		0.09935543302297592		0.19871086604595184
1310		9.975950880965684		0.75565505027771		1.1232703797638417		0.0994886219739914		0.1989772439479828
1311		9.908497233991511		0.7553817629814148		1.1247405260682106		0.0993245090007782		0.1986490180015564
1312		9.959523510013241		0.7562650442123413		1.1272862871348859		0.10170867614150048		0.20341735228300095
1313		9.993309924029745		0.7491763234138489		1.1205690759360791		0.10160805004239082		0.20321610008478164
1314		9.978854947024956		0.7586286664009094		1.1238856576323508		0.09944728950858116		0.19889457901716232
1315		9.877789343008772		0.7536439299583435		1.123527125966549		0.09934992446303367		0.19869984892606735
1316		9.95063601603033		0.7555781602859497		1.121573636364937		0.10158555577397346		0.20317111154794693
1317		9.960460628033616		0.7544971108436584		1.1220408701181412		0.09936177033782005		0.1987235406756401
1318		9.877125826023985		0.7500888705253601		1.117766280412674		0.09976313083171845		0.1995262616634369
1319		9.960431080020498		0.7530174255371094		1.1246421293973923		0.09939168464243411		0.19878336928486823
1320		9.953517252986785		0.7570448517799377		1.1224452357530594		0.09986005080342293		0.19972010160684586
1321		9.962302751024254		0.7530578970909119		1.1228926598966122		0.09921883238554001		0.19843766477108002
1322		9.98645312100416		0.7544580101966858		1.121380255293846		0.09938274877667427		0.19876549755334855
1323		9.962734914035536		0.7555513381958008		1.1239756532490253		0.09930750956535339		0.19861501913070678
1324		9.929418891959358		0.7526577115058899		1.1221044926047326		0.09920253812372684		0.19840507624745368
1325		9.896749250998255		0.7554978132247925		1.1228744639635087		0.10632260567843914		0.21264521135687828
1326		9.918602729972918		0.7538331151008606		1.1232365733444691		0.09948020574450493		0.19896041148900986
1327		10.026962764037307		0.7523127198219299		1.1241203365325927		0.09945991967916488		0.19891983935832977
1328		9.949325077002868		0.7492460012435913		1.1184045754909515		0.09938249063491822		0.19876498126983644
1329		9.923431982984766		0.7549297213554382		1.1222912879407405		0.09925253015756608		0.19850506031513215
1330		9.948777200945187		0.7534565329551697		1.1213593432307243		0.10031760452687741		0.20063520905375481
1331		9.898606312985066		0.753494918346405		1.123966162520647		0.09941323455870152		0.19882646911740304
1332		9.911238980013877		0.7520540952682495		1.120820204591751		0.09924459708929062		0.19848919417858124
1333		9.894341284991242		0.7520204186439514		1.1223909146368503		0.09947253206670284		0.19894506413340568
1334		9.919501808006316		0.7522324323654175		1.123786034476757		0.0994951927959919		0.1989903855919838
1335		9.941855693992693		0.7573728561401367		1.1225820724666118		0.09912470641732216		0.1982494128346443
1336		9.919233612949029		0.748869776725769		1.1210910191178323		0.09933162332773209		0.19866324665546417
1337		9.937806022993755		0.7508769631385803		1.121857316339016		0.0994537816286087		0.1989075632572174
1338		9.951060393010266		0.7537291049957275		1.1219272635638713		0.10124309832155705		0.2024861966431141
1339		9.971115717024077		0.7533608078956604		1.1228059199333191		0.0993277026295662		0.1986554052591324
1340		9.946405625029001		0.7538666129112244		1.1219465372741222		0.09937840847969055		0.1987568169593811
1341		9.906806892016903		0.7515907287597656		1.1205802327811718		0.09941771351993084		0.19883542703986168
1342		9.974941859021783		0.75222247838974		1.1189007560193538		0.09936399666666984		0.19872799333333968
1343		9.903878259006888		0.7555648684501648		1.1254677681326866		0.09933958896696568		0.19867917793393136
1344		9.939755572995637		0.748920738697052		1.1196357899844647		0.10028959183096886		0.20057918366193772
1345		9.935957249021158		0.7556835412979126		1.1223679779589175		0.09914592489600181		0.19829184979200362
1346		9.917418233002536		0.754655122756958		1.1223037958979607		0.1077545575261116		0.2155091150522232
1347		9.909983635996468		0.7565627694129944		1.123345512455702		0.09922757758498192		0.19845515516996384
1348		9.918861939979251		0.7521187663078308		1.1184257152497767		0.09932855403721333		0.19865710807442666
1349		9.880681011010893		0.7520635724067688		1.1215667376279832		0.0992075158715248		0.1984150317430496
1350		9.898040753032546		0.7521339058876038		1.1227838929653167		0.09939808909893036		0.19879617819786072
1351		9.909985359001439		0.7550543546676636		1.1221370522379874		0.10049146773219109		0.20098293546438217
1352		9.887018523993902		0.7528037428855896		1.1185516001701354		0.09919198688864708		0.19838397377729416
1353		9.876955467974767		0.7539262771606445		1.1211739338636397		0.0992680134832859		0.1985360269665718
1354		9.939371460000984		0.7532724142074585		1.1206504877269268		0.09915668913125991		0.19831337826251982
1355		9.90330934501253		0.7536013722419739		1.1232604757726192		0.09955657971203327		0.19911315942406654
1356		9.941416527028196		0.7557002902030945		1.120293063390255		0.09928375605642796		0.19856751211285592
1357		10.03116366098402		0.7547024488449097		1.1243158070802688		0.09928936533331871		0.19857873066663742
1358		9.94816761900438		0.7518143653869629		1.123304047560692		0.09925695542097092		0.19851391084194184
1359		9.962646686006337		0.7520939111709595		1.1192284966409207		0.09922313157618046		0.1984462631523609
1360		9.93967774300836		0.7560089230537415		1.1230469858944416		0.09926020908355714		0.19852041816711427
1361		9.93133766099345		0.7555987238883972		1.124197605639696		0.09922203157246112		0.19844406314492224
1362		9.94271914800629		0.7519376277923584		1.1202815455436708		0.0992200236350298		0.1984400472700596
1363		9.892768432036974		0.7553784251213074		1.1223576003551483		0.09924715575575828		0.19849431151151656
1364		10.025442847982049		0.7542102932929993		1.120594871366024		0.09920496669709683		0.19840993339419366
1365		9.920730045007076		0.7473204135894775		1.1195369588375093		0.09914112872183323		0.19828225744366645
1366		10.031631601974368		0.7556386590003967		1.122330359262228		0.09932461100816727		0.19864922201633453
1367		9.935129115008749		0.7539308667182922		1.118447299605608		0.0991929918050766		0.1983859836101532
1368		9.911192449973896		0.7520625591278076		1.1210914770185947		0.09930863574147225		0.1986172714829445
1369		10.009336802992038		0.7535078525543213		1.1178836597681046		0.0994946501493454		0.1989893002986908
1370		9.908914592000656		0.752284824848175		1.1198127179265023		0.11120346757769585		0.2224069351553917
1371		9.950170979951508		0.7553398609161377		1.1204499353647233		0.09919837196469307		0.19839674392938614
1372		9.96563651500037		0.7543402314186096		1.1201578138113022		0.09917062867581844		0.19834125735163688
1373		9.946451406984124		0.7529588937759399		1.1193543935894965		0.09920090843439103		0.19840181686878205
1374		10.01386458898196		0.7527698874473572		1.1213683046519756		0.09922293643951416		0.19844587287902832
1375		9.970995699986815		0.7552768588066101		1.122562937194109		0.0992467556744814		0.1984935113489628
1376		10.008091695024632		0.7555086016654968		1.1215490649938584		0.0997670266866684		0.1995340533733368
1377		10.028050158987753		0.7490145564079285		1.123740548580885		0.09915756272375584		0.19831512544751168
1378		9.909138180955779		0.7536623477935791		1.1169318495929241		0.09914870536625385		0.1982974107325077
1379		9.926802697009407		0.753538191318512		1.1181849929749965		0.09945767874717712		0.19891535749435424
1380		9.920905420964118		0.7527216076850891		1.1200539053916931		0.09937694582343101		0.19875389164686202
1381		10.02578322100453		0.7496271729469299		1.1186340255439282		0.09917990717887878		0.19835981435775757
1382		9.968220926995855		0.7538412809371948		1.1224285572052002		0.09927043511867523		0.19854087023735045
1383		9.886129028978758		0.7516395449638367		1.1196857288122177		0.09975495179593563		0.19950990359187126
1384		9.886919746000785		0.7525680661201477		1.122113227570057		0.09913167285919189		0.19826334571838378
1385		9.942055481020361		0.7535316944122314		1.118463904207945		0.09916899190843105		0.1983379838168621
1386		9.967066737008281		0.7547804713249207		1.1204430336833		0.0990846659064293		0.1981693318128586
1387		9.947378979995847		0.7516965866088867		1.1237259590387345		0.09917564389705658		0.19835128779411315
1388		9.880125990952365		0.7509276866912842		1.1209733902812005		0.09914507842957973		0.19829015685915946
1389		9.949264349997975		0.7531287670135498		1.1182928208768368		0.09919801895022393		0.19839603790044785
1390		9.919444837025367		0.753046452999115		1.120938612318039		0.0992700402110815		0.198540080422163
1391		9.894706547958776		0.7543317079544067		1.1202357739150524		0.09914087762832642		0.19828175525665284
1392		9.913753101951443		0.7515326738357544		1.1172671558976173		0.09917008450627326		0.19834016901254653
1393		9.903715854976326		0.7546067237854004		1.1221142642199993		0.09912985482215882		0.19825970964431763
1394		9.97140636696713		0.7561514973640442		1.121964524167776		0.09926656278967858		0.19853312557935715
1395		9.910688942996785		0.7503071427345276		1.1175186661362648		0.09914863552153111		0.19829727104306222
1396		9.91975340503268		0.7560802102088928		1.1210243713259698		0.09917110585868359		0.19834221171736718
1397		9.895990131015424		0.7500244975090027		1.1190992192626		0.09919059740006923		0.19838119480013847
1398		10.046418536978308		0.7542691230773926		1.120831331783533		0.09919617133140564		0.19839234266281128
1399		9.936866478004958		0.7527670860290527		1.1192130012869834		0.09929565068483352		0.19859130136966704
1400		9.967654455977026		0.7518510818481445		1.119246718853712		0.09910201201736928		0.19820402403473855
1401		9.88427767396206		0.7518283724784851		1.1223316139996051		0.09904334745407105		0.1980866949081421
1402		9.953953313990496		0.7509676814079285		1.1182124510526656		0.09910910295844078		0.19821820591688155
1403		9.895652559003793		0.7582245469093323		1.1222807348549366		0.09908632889091969		0.19817265778183937
1404		9.91285747801885		0.754997730255127		1.1207110350430012		0.09911779815852642		0.19823559631705284
1405		9.954723116999958		0.7528311610221863		1.1211277935504913		0.0991045995503664		0.1982091991007328
1406		9.886805451009423		0.7541658878326416		1.1191232832074165		0.09907538724839687		0.19815077449679375
1407		9.901541152969003		0.753412127494812		1.1208278433442116		0.09908857735991478		0.19817715471982955
1408		9.912227549997624		0.7502980828285217		1.1183317018389702		0.09911573484241963		0.19823146968483926
1409		9.897942857001908		0.7535749077796936		1.121876937586069		0.09913422078490257		0.19826844156980514
1410		9.868862891977187		0.7524120211601257		1.1186428696095942		0.09910890932679177		0.19821781865358354
1411		9.891519077005796		0.750791072845459		1.1202440922260284		0.09904090303480625		0.1980818060696125
1412		9.952659117989242		0.7552050352096558		1.1218479005634785		0.0991171452075243		0.1982342904150486
1413		9.907220569963101		0.7529680728912354		1.1200453175902367		0.09903391059935093		0.19806782119870187
1414		9.969447257986758		0.7540699243545532		1.1207444094538688		0.09909449001550674		0.19818898003101348
1415		9.978794260998257		0.7515672445297241		1.1194360976874829		0.09907910991907119		0.19815821983814239
1416		9.913717815012205		0.7534657120704651		1.1220973730504513		0.09907363902330399		0.19814727804660798
1417		9.948800746991765		0.7544655799865723		1.1210036324203014		0.09912769752144814		0.19825539504289627
1418		9.97488108597463		0.7512937784194946		1.1165372223734855		0.09926866753399372		0.19853733506798743
1419		9.91652129101567		0.7511126399040222		1.1176161442518233		0.09910514035224914		0.19821028070449828
1420		9.89972054498503		0.7552164196968079		1.1240023244976998		0.09910255027115344		0.1982051005423069
1421		9.895769627008121		0.7531214356422424		1.1208192171216012		0.09904535242319107		0.19809070484638214
1422		9.90065267198952		0.7502098679542542		1.1178921613812447		0.09905371390581132		0.19810742781162263
1423		9.876626605982892		0.7511773109436035		1.119241843789816		0.09906204917430877		0.19812409834861755
1424		9.886694348009769		0.7521193623542786		1.118130579596758		0.09919335738122463		0.19838671476244926
1425		9.872476538992487		0.7511743307113647		1.117782498049736		0.0990974382609129		0.1981948765218258
1426		9.85506458999589		0.7518369555473328		1.1201258559763432		0.09912822831869125		0.1982564566373825
1427		9.89569144701818		0.7556225061416626		1.12022443074584		0.09924756742417812		0.19849513484835624
1428		9.913402042002417		0.7529858350753784		1.1192428441464901		0.09905879928171635		0.1981175985634327
1429		9.957379908009898		0.7523850202560425		1.1200409568727017		0.09907952928543091		0.19815905857086183
1430		9.932887896022294		0.753326416015625		1.1219527188181877		0.09908005271553993		0.19816010543107987
1431		9.925696382008027		0.7530888915061951		1.1188560939252377		0.09904199112057686		0.19808398224115373
1432		9.995498033007607		0.7520074248313904		1.1197546406447887		0.09907938440442085		0.1981587688088417
1433		9.910037005960476		0.7505232691764832		1.1171544282734394		0.09906596996486187		0.19813193992972375
1434		9.906082718051039		0.7520188093185425		1.119439834678173		0.09905291291773319		0.19810582583546638
1435		9.904595896950923		0.7531180381774902		1.1200560212194919		0.09910186032056809		0.19820372064113617
1436		10.002390334033407		0.7540385127067566		1.1171074369847775		0.09941137863993645		0.1988227572798729
1437		9.976869867998175		0.7522878646850586		1.1185312001347543		0.09906418651342391		0.19812837302684783
1438		9.918891936016735		0.7539832592010498		1.1186311866939067		0.09909757373332977		0.19819514746665953
1439		9.975900719990022		0.7520232796669006		1.1193363714635371		0.09906921947896481		0.19813843895792962
1440		9.90329494397156		0.755369246006012		1.121427691268921		0.09908246200084686		0.19816492400169372
1441		9.981930666952394		0.7531424164772034		1.117837211161852		0.09909853868186475		0.1981970773637295
1442		9.972284574992955		0.7537090182304382		1.122968296444416		0.09908938017785549		0.19817876035571097
1443		9.927287739003077		0.754719078540802		1.1204780387103557		0.0990856477200985		0.198171295440197
1444		9.94587280601263		0.7554188966751099		1.1202332761347293		0.09934563248157502		0.19869126496315004
1445		9.945054093026556		0.751645565032959		1.1187567126631737		0.0990697590559721		0.1981395181119442
1446		10.007982868992258		0.7550232410430908		1.1206234846413134		0.09905861509442329		0.19811723018884658
1447		10.015338660974521		0.7545672655105591		1.1163996727526189		0.09905873750448227		0.19811747500896454
1448		9.947008527989965		0.7514565587043762		1.1196894953131675		0.09906754056215286		0.19813508112430572
1449		10.011946145968977		0.7564356923103333		1.1199663417577743		0.099065829500556		0.198131659001112
1450		9.991179487027694		0.7526761293411255		1.121301911354065		0.09903999802172184		0.19807999604344367
1451		9.977483796013985		0.7538463473320007		1.1172944730758667		0.09906265846192837		0.19812531692385674
1452		9.985569337033667		0.7502332329750061		1.1193349202036857		0.09907119457721711		0.19814238915443422
1453		9.976403537963051		0.7537439465522766		1.1173341631531715		0.09904405592679977		0.19808811185359954
1454		9.984503087005578		0.75213223695755		1.1178310158133506		0.09907092462480069		0.19814184924960138
1455		9.94967696297681		0.7518182992935181		1.1188237099707126		0.09906773394942284		0.19813546789884567
1456		9.989227538986597		0.7514997124671936		1.118106463688612		0.09905187413990497		0.19810374827980995
1457		10.030687452992424		0.7538396120071411		1.1205276590406894		0.09907514580190181		0.19815029160380362
1458		9.898734034970403		0.7501709461212158		1.1203840727508068		0.09906493498682976		0.19812986997365953
1459		9.959943241032306		0.7509890198707581		1.1171476911723615		0.0990517507314682		0.1981035014629364
1460		10.035550859989598		0.754403829574585		1.1199019447028637		0.09907119029462337		0.19814238058924674
1461		10.002535020990763		0.7515226602554321		1.1193972156703471		0.09908040880858898		0.19816081761717796
1462		9.9588558159885		0.7525027394294739		1.1200329469680785		0.09906190484762192		0.19812380969524385
1463		9.935889334010426		0.7511444091796875		1.1190511037170887		0.09906388022899627		0.19812776045799255
1464		10.004825392039493		0.750536322593689		1.1182384683072566		0.09904984361231327		0.19809968722462654
1465		9.97100572497584		0.7534087896347046		1.1179793578147887		0.09905162499845029		0.19810324999690057
1466		9.97654295898974		0.7522702217102051		1.118556259971857		0.0990512080669403		0.1981024161338806
1467		9.92572002398083		0.7523808479309082		1.1186806523144246		0.09906313684880734		0.19812627369761468
1468		9.915458228031639		0.7530336380004883		1.118372871339321		0.09906628799438477		0.19813257598876954
1469		9.933652833977249		0.7522448897361755		1.118742525869608		0.0990641319066286		0.1981282638132572
1470		9.954881731013302		0.7527440786361694		1.1202249483644962		0.09906302458643913		0.19812604917287827
1471		9.977153678017203		0.7507479786872864		1.116571550989151		0.09905400423407555		0.1981080084681511
1472		9.93816630996298		0.7507319450378418		1.120086730492115		0.09905683532357216		0.19811367064714433
1473		9.939217073027976		0.7532640695571899		1.1186206763267517		0.09907246606945992		0.19814493213891984
1474		9.932054188975599		0.7532450556755066		1.1188990004599095		0.09904623692035674		0.1980924738407135
1475		10.068035267991945		0.7521892189979553		1.119527778339386		0.09904630124568939		0.19809260249137878
1476		10.009533569973428		0.7548855543136597		1.1199307034254073		0.09905064026117325		0.1981012805223465
1477		10.001734631019644		0.7534668445587158		1.1185043729245663		0.09905271485447883		0.19810542970895767
1478		10.01141907897545		0.7517461180686951		1.1185685966193677		0.099053300178051		0.198106600356102
1479		9.955535051994957		0.7508883476257324		1.1160687177300452		0.09905377441048623		0.19810754882097245
1480		9.986804023967125		0.7531402111053467		1.1189176000237464		0.0990572717666626		0.1981145435333252
1481		9.96280752500752		0.7523183822631836		1.119542283397913		0.09905142785608768		0.19810285571217537
1482		9.921876763983164		0.75144362449646		1.1202369721889496		0.09905017472207546		0.19810034944415092
1483		9.950900079973508		0.7524827718734741		1.119566111767292		0.09905461716353893		0.19810923432707786
1484		9.952682668052148		0.7539743185043335		1.1195628266513347		0.09905251228809357		0.19810502457618714
1485		9.940610616002232		0.7528978586196899		1.1209331334769725		0.09905153124928474		0.1981030624985695
1486		9.949533424980473		0.7540512681007385		1.1190048325300217		0.09905537110567093		0.19811074221134187
1487		9.944032199040521		0.7512635588645935		1.1167925137400627		0.09905376853942871		0.19810753707885742
1488		9.934000338020269		0.7539436221122742		1.1196983642697333		0.09905266022086144		0.19810532044172288
1489		9.884088606049772		0.7506411671638489		1.1179672048807143		0.09905257779061795		0.1981051555812359
1490		9.90435470698867		0.7550957202911377		1.1183815153181553		0.09905306333005429		0.19810612666010857
1491		9.909548687981442		0.7539407014846802		1.1201117330789565		0.09905278982222081		0.19810557964444162
1492		9.947109763976187		0.7537030577659607		1.117534321641922		0.09905245916247368		0.19810491832494737
1493		9.981870534014888		0.7551078200340271		1.1194033612936736		0.09905261471569538		0.19810522943139075
1494		10.00638534798054		0.7515404224395752		1.1188342756569385		0.09905261183083057		0.19810522366166114
1495		9.993034642015118		0.7535868287086487		1.1179482198178767		0.0990525815486908		0.1981051630973816
1496		9.980909853999037		0.7526339888572693		1.1198546512663365		0.0990525905430317		0.1981051810860634
1497		9.869016829004977		0.7534720301628113		1.1221554420113564		0.0990525909423828		0.1981051818847656
1498		9.947046967979986		0.7526817917823792		1.1174819391727449		0.09905249882936477		0.19810499765872955
1499		9.996934479975607		0.7546197175979614		1.1184247637331486		0.099052530631423		0.198105061262846