Epoch	Duration				Loss Step Train			Loss Full Train			Loss Step Test			Loss Full Test
0		19.28052535399911		28.28958511352539		29.000338195495605		3.7046406356811525		7.409281271362305
1		18.716944174986565		40.14132308959961		29.945060820579528		2.5507325241088865		5.101465048217773
2		19.094491960015148		17.89865493774414		14.308051571216584		4.012004936408997		8.024009872817993
3		18.896141375997104		26.71762466430664		22.916362615795137		1.4460780715942383		2.8921561431884766
4		18.842194325989112		23.752511978149414		20.876638164329528		1.608829697036743		3.217659394073486
5		18.939365592988906		20.089027404785156		17.260533562793732		1.2257767267227173		2.4515534534454346
6		18.83926675800467		14.175322532653809		12.449990622196198		1.37840848197937		2.75681696395874
7		18.932497036992572		22.38496208190918		19.007648692016602		1.0042044462203978		2.0084088924407957
8		18.704524086992024		18.739215850830078		16.483103733634948		1.0472021373748779		2.0944042747497558
9		18.708019221987342		18.482507705688477		16.169192531051635		1.0224772233963013		2.0449544467926026
10		18.920623592013726		16.559473037719727		14.644148355865479		1.1651792093276978		2.3303584186553956
11		18.849331762001384		31.853618621826172		27.550785755081176		1.3432784669876099		2.6865569339752198
12		18.931879687996116		24.220500946044922		27.40405185745239		1.0084386616706849		2.0168773233413697
13		18.699899976985762		20.622543334960938		28.303032528305053		0.9334468022346497		1.8668936044692994
14		18.977328957989812		15.418505668640137		21.701480997428895		0.9106668535232544		1.8213337070465088
15		18.927227106993087		8.509228706359863		12.483431979446411		0.9622783974647522		1.9245567949295044
16		18.710323448991403		4.96112060546875		5.9201955474472046		1.1583469531059265		2.316693906211853
17		18.81065398399369		2.951479196548462		3.1614656842422484		0.8810405878067017		1.7620811756134034
18		19.0588315630157		4.07376766204834		3.9820142640686034		0.7424377141952515		1.484875428390503
19		18.91534151000087		2.3440563678741455		2.5590264279556276		0.688572496175766		1.377144992351532
20		18.821427204005886		2.6699304580688477		2.7713601248550415		1.0787168581962585		2.157433716392517
21		18.727782674017362		3.1657276153564453		3.109660642814636		0.7254668890953064		1.4509337781906129
22		19.027571749000344		2.804917335510254		2.8449220720672606		0.6908067159175872		1.3816134318351745
23		18.72025139100151		2.798048257827759		2.771841858100891		0.7214179664611816		1.4428359329223632
24		18.66193007901893		2.5373384952545166		2.5680730274391173		0.5617911665439606		1.123582333087921
25		18.722668772010366		2.570242404937744		2.6187980197525023		2.0233969102859497		4.046793820571899
26		18.984318800008623		3.2438080310821533		3.077055440979004		0.7072294449806213		1.4144588899612427
27		19.024421036010608		2.581955909729004		2.592539604072571		2.043454216194153		4.086908432388306
28		19.131614386977162		2.872924566268921		2.8189220345687866		0.4815752905368805		0.963150581073761
29		18.752935540978797		2.619546890258789		2.6528375479888915		0.9739112966537475		1.947822593307495
30		18.73751861799974		3.167570114135742		3.0260241928291323		0.5131948983192444		1.0263897966384887
31		19.093739700998412		2.4449713230133057		2.441629318408966		0.4638384187221527		0.9276768374443054
32		18.992044653976336		2.136887788772583		2.262859799480438		0.4607862498521805		0.921572499704361
33		18.922804050002014		2.5699222087860107		2.5496436978530883		1.8320186464309693		3.6640372928619387
34		19.080023285001516		2.4724538326263428		2.4852150466156004		0.441049937915802		0.882099875831604
35		19.021312138007488		2.129453182220459		2.225251231384277		0.45307633924484253		0.9061526784896851
36		18.69114432600327		2.494448184967041		2.462826001033783		0.41926292185783387		0.8385258437156677
37		18.8392827679927		2.2069456577301025		2.2710197548103332		0.8465571995258331		1.6931143990516662
38		18.994687583006453		2.0843429565429688		2.152639760017395		0.3834502541303635		0.766900508260727
39		18.943652339017717		3.046919345855713		2.929478950481415		0.49345578684806823		0.9869115736961365
40		18.854536290979013		2.180570363998413		2.171692582521439		0.3994058146715164		0.7988116293430328
41		18.8226028860081		2.5621299743652344		2.5301213383865355		0.4552495568037033		0.9104991136074067
42		19.09990508601186		2.175856351852417		2.2767532585430144		0.6897105311870575		1.379421062374115
43		18.893360710004345		2.2514753341674805		2.2611115498924255		0.8037895362854004		1.6075790725708008
44		18.795509871997638		2.306262493133545		2.2987502653694154		0.5330295049905777		1.0660590099811553
45		18.808715569000924		2.261530637741089		2.2846160209560393		0.3332817072868347		0.6665634145736694
46		18.909732642991003		2.642003297805786		2.518651674833298		0.38694863140583036		0.7738972628116607
47		19.29979810799705		2.059232234954834		2.1568586573791504		0.32190105872154234		0.6438021174430847
48		18.899552446993766		2.071943998336792		2.1765833568286896		0.4885758508205414		0.9771517016410828
49		18.801368512999034		2.317413330078125		2.3396765950965883		0.34740140209198		0.69480280418396
50		18.891088864998892		2.640695333480835		2.5276898563861847		0.36343003749847413		0.7268600749969483
51		19.364143718994455		2.566692352294922		2.4803430130577087		0.7031635096549987		1.4063270193099975
52		19.068474478001008		2.5952963829040527		2.6752095866203307		0.47199929983615874		0.9439985996723175
53		19.04484053098713		2.039773464202881		2.1189080390834807		0.34025135157108305		0.6805027031421661
54		18.97352346399566		2.1125900745391846		2.1696108115100863		0.3119301364183426		0.6238602728366852
55		19.365508987015346		1.6953940391540527		1.8502286462211608		0.43414428203105926		0.8682885640621185
56		19.064979552989826		2.729846715927124		2.597889444561005		0.6104205513477325		1.220841102695465
57		18.910565603000578		2.341980218887329		2.3265867958068847		0.4502087740659714		0.9004175481319427
58		19.24633176298812		1.9536714553833008		2.0287109399414063		0.3332978058934212		0.6665956117868423
59		18.938253914006054		2.3022727966308594		2.2774704793453218		0.3971082947015762		0.7942165894031524
60		18.80988629499916		2.608745574951172		2.484392082967758		0.42731570608615876		0.8546314121723175
61		18.69522985597723		2.1206488609313965		2.1377927744293213		0.8680085134506226		1.7360170269012452
62		19.068606660992373		2.110592842102051		2.149781446943283		0.8050833925485611		1.6101667850971222
63		18.965912168991053		1.9120627641677856		2.0199926621246336		0.3004360217094421		0.6008720434188842
64		18.94618676000391		2.5291340351104736		2.4240096038246155		0.2694861596226692		0.5389723192453384
65		19.086947014002362		2.0229198932647705		2.0918949341106416		0.4154078963279724		0.8308157926559449
66		19.18596504998277		2.4719672203063965		2.386863964586258		0.8291364010572434		1.6582728021144868
67		19.19898759998614		2.660400629043579		2.596932691297531		0.9689859564304352		1.9379719128608703
68		19.003038408991415		2.3630635738372803		2.345123655357361		0.3170145658731461		0.6340291317462922
69		18.91391817800468		2.1654019355773926		2.180573601036072		1.0018205761432648		2.0036411522865296
70		18.91187289598747		2.0566134452819824		2.116269999303818		0.5519298721551895		1.103859744310379
71		19.314177875989117		1.9338146448135376		2.01111578371048		0.40829525575637815		0.8165905115127563
72		19.190466589003336		2.1666600704193115		2.2026685946655276		0.5832353541374207		1.1664707082748413
73		19.113678044988774		2.8102777004241943		2.630001210680008		0.24933144829273224		0.4986628965854645
74		18.9520042980148		2.234276533126831		2.182246706199646		0.4085961688041687		0.8171923376083374
75		19.27144295402104		2.4522502422332764		2.4426069926548006		0.2591188221693039		0.5182376443386078
76		18.973024713021005		2.5047407150268555		2.4387608823013305		0.4538943815946579		0.9077887631893158
77		18.793430213001557		2.5445003509521484		2.436730934906006		0.4710763757944107		0.9421527515888214
78		19.102654710004572		2.1678361892700195		2.152731624650955		0.28258437427282335		0.5651687485456467
79		19.027766834013164		1.9679982662200928		2.033820247116089		0.6792009672164917		1.3584019344329834
80		19.009330225002486		2.596090793609619		2.462160864782333		0.3146378264784813		0.6292756529569626
81		18.75453610700788		2.2719202041625977		2.225860423498154		0.23492911566495894		0.4698582313299179
82		19.14634358798503		2.197099208831787		2.2154471520614623		0.4035325664758682		0.8070651329517364
83		19.037722074019257		2.3377492427825928		2.29113812543869		2.067746825361252		4.135493650722504
84		18.98517216098844		2.2730977535247803		2.2673515700531004		0.2566932487130165		0.513386497426033
85		18.978205834981054		2.03318190574646		2.072906532654762		0.8859388521432877		1.7718777042865754
86		19.20033267099643		2.6799395084381104		2.5485368115234377		0.25100707050561905		0.5020141410112381
87		19.269998186995508		2.5093393325805664		2.3982512933540345		0.24001517421007157		0.48003034842014314
88		19.106478172005154		2.741513967514038		2.5932104948997496		1.4251884482860566		2.8503768965721132
89		19.00773960299557		2.4712986946105957		2.3746150553512573		0.38187059960365294		0.7637411992073059
90		18.882333404995734		2.3116917610168457		2.304383601398468		0.6333176420211792		1.2666352840423585
91		19.199241176014766		1.8850523233413696		1.9700009466171264		0.23983152161836624		0.4796630432367325
92		19.221995786007028		1.9569120407104492		2.0031315315532683		0.7831191832065583		1.5662383664131165
93		19.156904873001622		2.4988512992858887		2.3725565542221068		0.23833430082798004		0.4766686016559601
94		19.15584274099092		1.888041615486145		1.972304474143982		0.22642595093250276		0.4528519018650055
95		19.45720965100918		2.601853370666504		2.469166967821121		0.23186054257154465		0.4637210851430893
96		18.944991244992707		2.213513135910034		2.209874673500061		0.28139357393980025		0.5627871478796005
97		19.031659265019698		1.9735641479492188		2.0313785360717773		0.5090383507728576		1.0180767015457153
98		19.03989348001778		2.374643087387085		2.3564682666778562		1.6475838974237442		3.2951677948474885
99		19.09928776198649		2.1059041023254395		2.1266484118366242		0.3509165027022362		0.7018330054044724
100		18.99108093799441		2.1320714950561523		2.136153909111023		0.37322563259601593		0.7464512651920319
101		18.871175900974777		2.0823473930358887		2.094359327402115		0.46425116982460024		0.9285023396492005
102		19.11656322600902		1.880167007446289		1.9372488398981094		0.2850836745262146		0.5701673490524292
103		19.079063712997595		2.3905091285705566		2.3345856729125978		0.2898827092409134		0.5797654184818268
104		19.034362831996987		1.9112752676010132		1.984378794784546		0.2787324935555458		0.5574649871110916
105		19.013759427994955		1.9267326593399048		1.992462549715042		0.5239248034000397		1.0478496068000793
106		19.183590556989657		2.152021646499634		2.156873407201767		0.40990925602912903		0.8198185120582581
107		19.435369650978828		3.8253679275512695		3.3358937442588807		0.764428858423233		1.528857716846466
108		19.05032831899007		2.4645183086395264		2.3936329394340516		0.3476961704015732		0.6953923408031464
109		19.096138718014117		2.0347862243652344		2.047269207382202		0.24191697183847427		0.48383394367694854
110		18.90239390800707		1.9676251411437988		1.9912665584039688		0.46113357454538345		0.9222671490907669
111		19.24857776501449		2.0736892223358154		2.0845891547203066		0.3571114675998688		0.7142229351997376
112		18.897688364988426		2.029780626296997		2.0799736154556276		0.3196439670562744		0.6392879341125488
113		18.76564997198875		2.2933006286621094		2.2378475353240965		0.3794341214776039		0.7588682429552078
114		18.860635832999833		1.9968513250350952		2.0449251139163973		0.46383243733644486		0.9276648746728897
115		19.200182471016888		2.039170503616333		2.0654296582078935		0.2021869948387146		0.4043739896774292
116		19.155686354992213		2.402904510498047		2.3364980805683135		0.6390747499942779		1.2781494999885559
117		18.848195065016625		2.072443962097168		2.0921382719945907		0.2214048814058304		0.4428097628116608
118		18.794936171005247		2.1965219974517822		2.1795031562328337		0.1984134031534195		0.396826806306839
119		19.41747938899789		2.4128758907318115		2.363349717297554		0.822875026512146		1.645750053024292
120		19.012385314010317		2.241166591644287		2.2185836581707		0.4911098217964172		0.9822196435928344
121		19.061757723015035		1.9593758583068848		1.9885679780244827		0.6313199012160301		1.2626398024320602
122		19.265649554989068		2.064939260482788		2.0776667448425292		1.0209840881943704		2.0419681763887407
123		19.184291737008607		2.729104995727539		2.6236939860725403		0.6364856981754303		1.2729713963508607
124		19.22618960100226		2.0221126079559326		2.046941347537041		0.320090745639801		0.640181491279602
125		19.210600134014385		2.0885651111602783		2.1170560871601105		0.2081818992614746		0.4163637985229492
126		19.371641196019482		1.8048535585403442		1.8924733352661134		0.20768149658441543		0.41536299316883085
127		19.55687172198668		2.437655210494995		2.3276193688488007		0.3312907015323639		0.6625814030647278
128		19.062362355994992		2.226250171661377		2.264354893126488		0.45935608555078505		0.9187121711015701
129		19.07912204301101		2.0102665424346924		2.0822721161556244		0.2535421741008759		0.5070843482017517
130		19.097685585002182		2.04791259765625		2.0747544344949724		2.0814452904462812		4.1628905808925625
131		19.452963435003767		2.3793652057647705		2.2963945911693573		0.19511385612487794		0.3902277122497559
132		19.149986013013404		2.382863759994507		2.2888358690977095		0.33745997836589814		0.6749199567317963
133		19.173745467007393		2.217338800430298		2.1589210814380646		0.4490061037898064		0.8980122075796128
134		19.08673413901124		2.1658260822296143		2.176156891336441		0.42523013799190523		0.8504602759838105
135		19.33218707499327		2.2495956420898438		2.2502809396123884		0.2369362741112709		0.4738725482225418
136		19.097440968005685		2.1323533058166504		2.1676606848859787		0.7789209292173386		1.5578418584346772
137		18.96194211198599		2.1495378017425537		2.1464890158081054		0.6196826619625092		1.2393653239250184
138		18.901036044000648		2.006476879119873		2.014545196108818		0.5256321826696396		1.0512643653392792
139		19.260232800006634		2.1129961013793945		2.1506174438667296		0.21022064316272734		0.4204412863254547
140		19.045345324993832		2.3499667644500732		2.2901301622629164		0.8962840188980102		1.7925680377960205
141		19.136155147018144		2.1513659954071045		2.185244391770363		0.33292784252166746		0.6658556850433349
142		19.34595329099102		1.776955008506775		1.9012368692016601		0.18618723587989808		0.37237447175979616
143		19.217596611008048		2.156142234802246		2.1506634670352938		0.24943661115169524		0.4988732223033905
144		19.02873091000947		2.1815924644470215		2.1676254831790924		0.40967351841926575		0.8193470368385315
145		19.068055672978517		2.2206125259399414		2.2097689647865297		0.470237363243103		0.940474726486206
146		19.393715368001722		2.712775468826294		2.5269889791822435		0.3651308595061302		0.7302617190122604
147		19.5610812639934		1.8527867794036865		1.94730223177433		0.35453824129104616		0.7090764825820923
148		19.47833306301618		2.178751230239868		2.1084995069932937		0.7530658268213272		1.5061316536426543
149		19.305047207977623		1.9384819269180298		2.000376365504265		0.1901174581170082		0.3802349162340164
150		19.05872696399456		1.9531959295272827		1.9672695194482803		0.28471836404800416		0.5694367280960083
151		19.421228738996433		2.090543746948242		2.1018350321769717		0.7847293111681938		1.5694586223363876
152		19.19283540098695		2.213608741760254		2.196977948322296		0.18880761594772338		0.37761523189544677
153		19.27898732799804		3.0759048461914062		2.7998288729190826		0.30335912709236146		0.6067182541847229
154		19.15838149600313		2.4741663932800293		2.326377251262665		1.1983478565216064		2.3966957130432127
155		19.55814825798734		2.098464012145996		2.106875486879349		0.6319185537219048		1.2638371074438095
156		19.32268546699197		1.8118730783462524		1.8980493610095979		0.2019262275695801		0.4038524551391602
157		19.30898318599793		2.1885008811950684		2.140244313058853		0.30887827713489535		0.6177565542697907
158		19.48309757799143		2.4800150394439697		2.34348710422039		0.36897060058116915		0.7379412011623383
159		19.30579576699529		2.3719828128814697		2.300066829853058		0.23103270111083984		0.4620654022216797
160		19.174373913992895		1.665122151374817		1.8050863647842408		0.19919759415984153		0.39839518831968307
161		19.009277055010898		2.305579423904419		2.240609585003853		0.27831393066644666		0.5566278613328933
162		19.38495052300277		2.3340888023376465		2.3016173491811753		0.2108823802947998		0.4217647605895996
163		19.150881968002068		2.0411276817321777		2.0666831491470337		0.5489852703213691		1.0979705406427382
164		18.99863958900096		2.0956101417541504		2.0701632945156097		0.2303492968916893		0.4606985937833786
165		19.041990904021077		1.7605624198913574		1.8638931512212753		0.22296901506185532		0.44593803012371064
166		19.366294792998815		2.842047691345215		2.688691083226204		0.3421389513850212		0.6842779027700424
167		19.545263751992024		1.632689356803894		1.7713577745246887		0.20644709342718123		0.41289418685436247
168		19.422437997011002		2.0430541038513184		2.0675859035110475		1.9703796750068665		3.940759350013733
169		19.24365663199569		1.9849165678024292		2.0146162500524523		0.265699149954319		0.531398299908638
170		19.02249727700837		2.811951160430908		2.64233769010067		1.9772060699224472		3.9544121398448944
171		19.525339521991555		2.0679025650024414		2.07494790222168		0.5839753791570663		1.1679507583141326
172		19.15463074800209		2.1215555667877197		2.1176984331464768		1.719471461391449		3.438942922782898
173		19.09942262401455		2.312392234802246		2.2271786035728454		0.21409712866544722		0.42819425733089445
174		19.204976485983934		1.9209038019180298		1.9775519667339325		0.23822524193525316		0.4764504838705063
175		19.10144052398391		2.9023499488830566		2.7073267150449754		0.24099427024126052		0.48198854048252104
176		18.902080784988357		1.6142748594284058		1.7613539248847963		0.440371092915535		0.88074218583107
177		18.87889018599526		2.176084518432617		2.1577672523927687		0.20717823712825775		0.4143564742565155
178		19.483386214997154		2.349011182785034		2.278352691335678		0.3508098727464676		0.7016197454929352
179		19.414179492014227		1.887825846672058		1.9425699618434906		0.18220526155233382		0.36441052310466765
180		19.34070991797489		1.9176093339920044		1.962088799829483		0.24723667491674423		0.49447334983348845
181		19.148138604999986		2.102708578109741		2.1243381712150575		0.3465323270916939		0.6930646541833878
182		19.43185507299495		2.1723501682281494		2.1516145222854615		0.17307775143384935		0.3461555028676987
183		19.234386996977264		1.818610429763794		1.9261002326202392		0.6836040205717087		1.3672080411434173
184		19.303673565009376		2.4691321849823		2.376925564527512		0.3776796582818031		0.7553593165636062
185		19.21487288098433		2.4716477394104004		2.40951698536396		0.19244089450240134		0.3848817890048027
186		19.399661775009008		2.0019006729125977		2.0321360698366164		0.1679264945089817		0.3358529890179634
187		19.228451916977065		2.1546316146850586		2.158859951910973		0.7180203120708466		1.4360406241416932
188		19.053042893006932		1.9441691637039185		1.9935459931659698		0.8008341892719268		1.6016683785438537
189		19.30659183699754		2.6245768070220947		2.469310837879181		0.8869215757369995		1.773843151473999
190		19.229191261983942		1.7737468481063843		1.8854578964519502		0.30445746183395384		0.6089149236679077
191		19.5090501329978		1.696735143661499		1.8129082636833191		1.053084453201294		2.106168906402588
192		19.210338301985757		3.0775961875915527		2.790240303120613		0.17744660797715187		0.35489321595430373
193		19.0908156799851		1.8852763175964355		1.9258622633075715		0.24444920275211335		0.4888984055042267
194		19.381062788015697		2.1485986709594727		2.1523595325756073		0.7770785742282867		1.5541571484565735
195		19.145131788012804		2.1113455295562744		2.0981057958745954		0.6634578026056289		1.3269156052112578
196		19.001974878978217		1.9365841150283813		2.003793719687462		0.20601945947408676		0.4120389189481735
197		18.987367624009494		1.9220749139785767		1.9941720844745636		0.19293626537322997		0.38587253074645994
198		19.343540736008435		2.3827409744262695		2.3018605138158796		0.20576647416949273		0.41153294833898546
199		19.188614096987294		2.019590377807617		2.02785536942482		0.1610297418117523		0.3220594836235046
200		19.31982027099002		2.232978582382202		2.2086812466192245		0.19172254589796067		0.38344509179592134
201		19.37908615201013		2.0077528953552246		2.063069619140625		0.4988494726896286		0.9976989453792572
202		19.36296954000136		2.0442705154418945		2.0507244783449172		0.2351790811896324		0.4703581623792648
203		19.25303292699391		1.9434679746627808		2.0010613009881975		0.4293807351112366		0.8587614702224732
204		19.34793975899811		2.3863706588745117		2.3388682008361816		0.5138509370207787		1.0277018740415573
205		19.52403174599749		2.75864577293396		2.5283102156352997		0.4219415405750275		0.843883081150055
206		19.356854191981256		2.023171901702881		2.0464494304132463		0.1690688471853733		0.3381376943707466
207		19.564321182027925		1.9288609027862549		1.9828200341653823		0.16287148334383963		0.32574296668767927
208		19.22825225201086		2.6524760723114014		2.4953515056085585		0.17726595250964164		0.3545319050192833
209		19.172725122014526		2.0856025218963623		2.1053337596273423		0.2058493368625641		0.4116986737251282
210		19.370326902979286		1.8986884355545044		1.9780539579200744		0.6208796404957772		1.2417592809915543
211		19.36815053698956		2.2385096549987793		2.2073401141929625		0.16137458017468453		0.32274916034936907
212		19.2524650330015		2.3848397731781006		2.320550636777878		0.4178769587278366		0.8357539174556732
213		19.01346754800761		1.966001033782959		2.005425501050949		0.3484677935838699		0.6969355871677398
214		19.284621358994627		2.5831103324890137		2.4333871202468873		1.8380965624332428		3.6761931248664856
215		19.150630708987592		2.2716753482818604		2.2063390507030487		0.19148221162557602		0.38296442325115204
216		19.003598553012125		1.6663113832473755		1.7908919724988936		0.892962507557869		1.785925015115738
217		19.09319352300372		2.0702896118164062		2.085372123026848		0.24754547711610794		0.4950909542322159
218		20.17486794499564		2.165776014328003		2.1836260869550705		0.2207106381177902		0.4414212762355804
219		19.808872594992863		2.2993156909942627		2.2588984969377517		0.4805044860720634		0.9610089721441268
220		19.75221521500498		2.3187754154205322		2.233461921725273		0.16811246507763863		0.33622493015527727
221		19.36119799601147		1.9044005870819092		1.9617237632703781		0.16832997276186942		0.33665994552373885
222		19.358764525997685		2.135084867477417		2.1230189073324204		0.1675713531255722		0.3351427062511444
223		19.13463668199256		2.102846384048462		2.0919250176143644		0.2821721468925476		0.5643442937850952
224		19.063400361977983		1.8709982633590698		1.9221744224786759		0.2191080138206482		0.4382160276412964
225		19.233068786998047		2.689399003982544		2.586181685709953		0.5599222219109535		1.119844443821907
226		19.60792721400503		1.880088210105896		1.9564713479471207		0.6406731165647507		1.2813462331295014
227		19.167310290999012		2.532191276550293		2.395361684689522		0.15666328520178796		0.3133265704035759
228		19.047622604004573		2.23569917678833		2.203350272665024		0.4779142515420914		0.9558285030841828
229		19.08340727398172		1.8408867120742798		1.9272462000846864		0.34064108250141145		0.6812821650028229
230		19.288391140988097		2.1237316131591797		2.1429658179712296		0.1734181766271591		0.3468363532543182
231		19.230239928991068		1.6923011541366577		1.7890461102199555		0.19967747489213944		0.3993549497842789
232		19.972408752975753		2.5707197189331055		2.4167287060308458		0.1567211715698242		0.3134423431396484
233		19.618359860003693		2.128035306930542		2.1167689423513414		0.17882079650163651		0.35764159300327303
234		20.256304071983323		1.7389335632324219		1.8418550247526169		0.18377339928150177		0.36754679856300354
235		19.18138214398641		2.0400359630584717		2.0547110314655304		0.3205638399362564		0.6411276798725128
236		19.046109737013467		1.8801288604736328		1.9271347534847258		0.16872523614168167		0.33745047228336333
237		19.162401770998258		2.151885509490967		2.1265131659841536		0.18618100271224974		0.3723620054244995
238		18.92919290397549		2.371011257171631		2.331156808462143		0.18063214255571367		0.36126428511142733
239		19.21102877499652		1.9971747398376465		2.02508357339859		0.6069941001176834		1.2139882002353668
240		19.29367492199526		2.069835662841797		2.0652635617733		0.16673336020112037		0.33346672040224073
241		19.020784781023394		2.0638883113861084		2.0660776301908492		0.6383391509056091		1.2766783018112182
242		18.99673421800253		1.774065613746643		1.8355150280094146		0.5713652297973633		1.1427304595947265
243		19.254772827000124		1.9700168371200562		1.9953255505561829		0.23013453252315522		0.46026906504631043
244		19.104654828988714		2.2671287059783936		2.202417755842209		0.30398634704351424		0.6079726940870285
245		19.06949213601183		2.1229970455169678		2.1116490703630446		0.15720497028827668		0.31440994057655336
246		18.90361403298448		1.8598744869232178		1.9533481574678422		0.5322602550387383		1.0645205100774766
247		19.20143221798935		2.6413772106170654		2.463339270820618		0.17764247795939445		0.3552849559187889
248		19.03810787401744		1.7653366327285767		1.8699407100248338		0.1597442145884037		0.3194884291768074
249		19.304856005997863		2.1221225261688232		2.1027981998205183		1.0089196946501733		2.0178393893003466
250		19.22387872301624		2.031665325164795		2.0431631556129455		0.34542842170000077		0.6908568434000015
251		19.565837443020428		2.073244094848633		2.0638701233053207		0.3021698194026947		0.6043396388053894
252		19.188500227988698		2.8319849967956543		2.582641489725113		0.16286908599734307		0.32573817199468613
253		19.00308102701092		2.0952184200286865		2.099595428071022		0.1824965031147003		0.3649930062294006
254		19.10935506899841		2.238469123840332		2.2081763821363447		0.8314345525979996		1.6628691051959992
255		19.24171387401293		2.007676124572754		2.040246924929619		0.16843436108231544		0.3368687221646309
256		19.367065756989177		2.520778179168701		2.364265319690704		0.16408941419124604		0.32817882838249207
257		18.93859573500231		1.9248034954071045		1.9756348784446716		1.875869537138939		3.751739074277878
258		18.843620617990382		2.09567928314209		2.097455527048111		0.1936856400191784		0.3873712800383568
259		19.210053477989277		2.4556667804718018		2.3523550366544725		0.1479602105796337		0.2959204211592674
260		19.25565424398519		1.9271925687789917		1.9650596932792663		0.18259441422224046		0.3651888284444809
261		19.11896047499613		2.2445263862609863		2.220953219499588		0.14910885543227195		0.2982177108645439
262		18.873232618003385		2.064502239227295		2.0818389811229707		0.3035133353948593		0.6070266707897186
263		19.337773768027546		2.3853352069854736		2.2945929129076004		0.7782798648118973		1.5565597296237945
264		19.337990739004454		1.7954446077346802		1.8807822350978851		0.16817069709300994		0.3363413941860199
265		19.019333081989316		1.909986972808838		1.9605963375139237		0.7248114749908448		1.4496229499816895
266		18.984652557992376		1.8069003820419312		1.8936443249845505		0.17072108005285264		0.3414421601057053
267		19.38815940299537		2.289794683456421		2.227941548848152		0.7452269000291825		1.490453800058365
268		19.027979431994027		1.962349534034729		2.012793583869934		0.9427146132946015		1.885429226589203
269		18.91454219998559		1.983750581741333		1.999443495821953		0.7263077240586281		1.4526154481172562
270		19.210447980993195		1.9799578189849854		2.0222009898996354		0.7135620696544647		1.4271241393089293
271		19.114089481998235		1.992768406867981		2.0323934432792665		0.264314454638958		0.528628909277916
272		19.064150279009482		1.6713567972183228		1.819702600646019		0.1981842333674431		0.3963684667348862
273		19.14501361901057		2.1800363063812256		2.149030096311569		0.27954052386283873		0.5590810477256775
274		19.22279794397764		2.095735788345337		2.1188289928388597		0.9029550725221633		1.8059101450443267
275		19.62977220999892		1.9469561576843262		1.995834798731804		0.2435231461763382		0.4870462923526764
276		19.36711405098322		1.8677802085876465		1.9015892459487915		0.21690352720022202		0.43380705440044404
277		19.0224912489939		1.9633152484893799		1.9761847738790512		0.26043473025560376		0.5208694605112075
278		19.101077389990678		2.1905486583709717		2.1534009434986117		0.16329140065908432		0.32658280131816864
279		19.420813300996087		1.7908390760421753		1.894434510746002		0.1571816254734993		0.3143632509469986
280		19.39497781600221		2.36476469039917		2.2647577471494675		0.15810882871747017		0.31621765743494035
281		19.291692111000884		1.8498542308807373		1.9595624697732925		0.4643908443570137		0.9287816887140274
282		19.621799353015376		2.0013158321380615		2.033101704387665		0.17985574988126754		0.3597114997625351
283		20.801636849995703		1.8869123458862305		1.9250198841667174		0.17400948091745377		0.34801896183490755
284		19.80792701401515		2.3351731300354004		2.254777793483734		0.1740982432961464		0.3481964865922928
285		19.03847992498777		1.5446021556854248		1.685627001490593		0.22640538707971572		0.45281077415943144
286		19.476589760015486		2.167699098587036		2.139808105573654		0.2477772475719452		0.4955544951438904
287		20.414268491003895		2.0486257076263428		2.063437055220604		0.1605923168063164		0.3211846336126328
288		19.72368861400173		2.2967169284820557		2.267431558318138		0.6003488681435585		1.200697736287117
289		19.084354824008187		2.104933261871338		2.1377239378499984		0.16823687302470208		0.33647374604940417
290		19.296768500993494		1.975403070449829		2.019513770313263		0.18048827974796294		0.3609765594959259
291		18.96051355000236		1.7587231397628784		1.8576876645612717		0.3594718821644783		0.7189437643289566
292		19.235554768994916		2.098233938217163		2.089204927201271		0.14593373901247977		0.29186747802495955
293		19.378043601987883		1.6723554134368896		1.7978246370744706		0.1869525712132454		0.3739051424264908
294		19.248178259003907		1.9516210556030273		2.012703849463463		0.158185783970356		0.316371567940712
295		18.981395601993427		1.7531720399856567		1.8415850817728043		1.5565861309170723		3.1131722618341446
296		18.992851887014695		1.9739623069763184		2.0055766909360884		0.13787639904022217		0.27575279808044434
297		19.33779106201837		2.033552646636963		2.047230940403938		0.3838890423417091		0.7677780846834182
298		19.13673930001096		1.9055442810058594		1.9547030282402038		0.3146776703596115		0.629355340719223
299		19.122429584997008		2.0226142406463623		2.0560927545642853		0.30799173872470853		0.6159834774494171
300		19.82348084601108		2.4016573429107666		2.2941227539825437		0.1665113693833351		0.3330227387666702
301		20.214185368007747		2.2778897285461426		2.220020570306778		0.152200734269619		0.304401468539238
302		19.583924641017802		1.6874293088912964		1.7963127405452728		0.1911874289035797		0.3823748578071594
303		19.200030690000858		2.0364913940429688		2.0658009136009214		0.6985272243857383		1.3970544487714767
304		19.457734660012648		2.101008176803589		2.139458790550232		0.19388692137598992		0.38777384275197985
305		20.34283326199511		1.8921546936035156		1.9409417007112504		0.21413818671703339		0.42827637343406677
306		19.68354913397343		1.7694283723831177		1.8642963872098923		0.19549949677586556		0.3909989935517311
307		19.1023925949994		1.7843111753463745		1.8553350248384475		0.22799333357810975		0.4559866671562195
308		20.449518195993733		2.1585159301757812		2.149012836933136		0.15580662529468536		0.3116132505893707
309		20.358535574981943		1.978969931602478		2.0758630539274217		0.16144524518251419		0.32289049036502837
310		19.205054271995323		1.757941484451294		1.8718807321548463		0.19157713465690612		0.38315426931381225
311		19.221414008003194		2.578031539916992		2.4793532673788072		0.20889348344802858		0.41778696689605715
312		18.96090685998206		1.9031375646591187		1.9796238473844527		1.1092111616015434		2.218422323203087
313		18.961360222980147		1.781368374824524		1.8514858031177521		0.40116630573272705		0.8023326114654541
314		19.469637659		2.4252448081970215		2.32952368376255		0.22039774289131164		0.4407954857826233
315		19.03913856498548		2.015730142593384		2.0295271029901505		0.5617823451995849		1.1235646903991698
316		18.935849768022308		2.0086402893066406		2.0567865403985977		0.1514912282884121		0.3029824565768242
317		19.130098861001898		1.9821494817733765		2.0071533417844774		0.14013431975841523		0.28026863951683045
318		18.98386139899958		1.6035082340240479		1.733254182872772		0.30578974609375		0.6115794921875
319		18.93892002699431		2.1651597023010254		2.204397299141884		0.17464944168329238		0.34929888336658477
320		19.011833149997983		1.981144905090332		2.0121270649671557		0.39324829564094543		0.7864965912818909
321		19.441305898013525		1.6369893550872803		1.7804157048654556		0.19430318237543107		0.38860636475086213
322		19.108607490023132		1.6319586038589478		1.7677312448215485		0.21597403882741928		0.43194807765483856
323		18.925470820977353		2.363722085952759		2.3124970470523833		0.27673068225383757		0.5534613645076751
324		19.205521980999038		1.9964665174484253		1.992982561635971		0.13854690337181091		0.27709380674362183
325		19.045900030992925		1.438632607460022		1.6536747111034393		0.1598700822532177		0.3197401645064354
326		19.140458139998373		1.976441502571106		2.024382956032753		0.9099858532547951		1.8199717065095902
327		19.198781404003967		1.5844824314117432		1.7426536474895478		0.3333561727285385		0.666712345457077
328		19.282021097984398		1.9759953022003174		2.0246160643005373		0.2973736526489258		0.5947473052978516
329		19.198915560002206		1.922981858253479		1.9718162165308		0.4164384144067764		0.8328768288135528
330		19.142343393003102		1.6068754196166992		1.7574116778945923		0.20369262787103654		0.40738525574207307
331		19.15977360800025		1.5127155780792236		1.6732319011163712		0.1326035133421421		0.2652070266842842
332		19.475194896018365		2.2352516651153564		2.2140249723148346		0.5274612879514694		1.0549225759029388
333		19.095544257987058		1.5816701650619507		1.726567032213211		0.13077513466477395		0.2615502693295479
334		19.00076514601824		1.7916207313537598		1.8775857459497451		0.1528006747484207		0.3056013494968414
335		19.368045891984366		2.095810651779175		2.0843866652059555		0.2367522929430008		0.4735045858860016
336		19.122528418985894		1.7232378721237183		1.8543608364343642		0.18293097657561302		0.36586195315122605
337		18.987388864014065		1.7555267810821533		1.8724486847352981		0.18703814014196396		0.3740762802839279
338		19.07422304499778		1.901484489440918		1.966817241873741		0.14056807321310044		0.2811361464262009
339		18.964634457981447		1.9739431142807007		1.9988924819803238		0.1459720547914505		0.291944109582901
340		18.925714317010716		1.974934697151184		2.023828937125206		0.1713660288989544		0.3427320577979088
341		19.11915430999943		1.7231438159942627		1.8155248599386216		0.18785458950996398		0.37570917901992795
342		19.452398505003657		1.9099820852279663		1.9995877361536025		0.5253569765567779		1.0507139531135559
343		19.163168120983755		2.247457265853882		2.1560765957927703		0.806246823477745		1.61249364695549
344		19.14051341402228		1.8104182481765747		1.868127812409401		0.27924342441558836		0.5584868488311767
345		19.239256859000307		2.1290791034698486		2.095363403491974		0.5822059376001358		1.1644118752002717
346		19.59526476499741		1.8759117126464844		1.9643563884115218		0.23450162357091903		0.46900324714183805
347		19.332078976993216		1.7714614868164062		1.8724874981880189		0.16936274818181993		0.33872549636363986
348		19.23315037699649		2.1997835636138916		2.1898015637731554		0.95606804677248		1.91213609354496
349		19.369735563988797		1.9341968297958374		1.9723193297719956		0.30254513536691663		0.6050902707338333
350		19.198225944011938		2.0466325283050537		2.052048603181839		0.25664369858503344		0.5132873971700669
351		19.170464706025086		1.9265131950378418		1.9816025047445298		0.5345931970477105		1.069186394095421
352		19.16550264399848		1.7794791460037231		1.8685493021535873		0.20238222702741623		0.40476445405483247
353		19.31062409898732		2.095872640609741		2.096271126704216		0.16849364916086196		0.3369872983217239
354		18.944418163009686		1.9148043394088745		1.94508650223732		0.30363021532297135		0.6072604306459427
355		18.787183267006185		1.6031938791275024		1.7478558204126358		0.13552271983623504		0.2710454396724701
356		19.344886289996793		2.2894465923309326		2.281514948825836		0.1594009176850319		0.3188018353700638
357		19.25284623299376		1.7985371351242065		1.8929579669475556		0.1482679431259632		0.2965358862519264
358		19.034091431996785		1.7526965141296387		1.8837801811933517		0.46294886586666106		0.9258977317333221
359		19.293329715001164		2.4605019092559814		2.316186340560913		0.196876465511322		0.393752931022644
360		19.12455240401323		2.114623546600342		2.087092939543724		0.21173741415739059		0.42347482831478117
361		19.043130637990544		1.993302583694458		2.008375207371712		0.209416788738966		0.418833577477932
362		19.033726477995515		1.7394683361053467		1.8374711410140991		0.2641145321249962		0.5282290642499924
363		19.38407318101963		1.8176926374435425		1.9053489385652542		0.3844130319356918		0.7688260638713836
364		19.54717087498284		2.167423725128174		2.1827614085626603		0.21353434658050538		0.42706869316101076
365		19.127190451981733		1.7569549083709717		1.824960426697731		0.288196249049902		0.576392498099804
366		18.922782141016796		1.9830529689788818		2.0068085068941115		0.5905148709893226		1.1810297419786453
367		19.16631087899441		1.7060052156448364		1.8248822659873962		0.20046861211061479		0.40093722422122957
368		18.93917125900043		1.9617931842803955		2.0013266215753553		0.8025728843688965		1.605145768737793
369		19.072915585013106		1.958530068397522		2.0058139563322066		0.6440861782550812		1.2881723565101624
370		19.25075389901758		1.8668081760406494		1.9543760498428344		0.25317443602085116		0.5063488720417023
371		19.190389792987844		2.036726951599121		2.0499332764577867		0.20426662998199463		0.40853325996398926
372		19.159530331991846		2.1050403118133545		2.0609129541015627		0.15073730957508086		0.3014746191501617
373		19.41989145797561		2.0312299728393555		2.0232256092858316		0.19809095466136933		0.39618190932273867
374		20.38184541100054		2.102858543395996		2.110139560728073		0.15249577594399452		0.30499155188798904
375		19.614510830986546		1.673769235610962		1.8067928879451751		0.28186202828884127		0.5637240565776825
376		19.107019186019897		1.8592383861541748		1.923649412446022		0.18714521243572235		0.3742904248714447
377		18.991662603017176		2.1116318702697754		2.1033559446144103		0.2893888967037201		0.5787777934074402
378		18.870824080018792		1.7273740768432617		1.837839657831192		0.3720951919198036		0.7441903838396072
379		19.20619606800028		2.2292420864105225		2.172047174830437		0.23516091611385345		0.4703218322277069
380		19.150995849980973		1.8059890270233154		1.8831255768680573		0.33232142910957335		0.6646428582191467
381		19.131902928987984		2.219182014465332		2.1649896163082123		0.2653322265803814		0.5306644531607628
382		19.460854071978247		1.89325749874115		1.9308855472898483		0.18898844873309134		0.3779768974661827
383		19.115741541987518		1.749155879020691		1.8286751052045822		0.3723756294131279		0.7447512588262558
384		18.91661017201841		1.6623988151550293		1.7921727055120469		0.6433337969779969		1.2866675939559937
385		19.40071424501366		2.1772804260253906		2.1413544152498245		0.6873137632012367		1.3746275264024734
386		19.108083083992824		1.9990036487579346		1.9847674226760865		0.2831779108762741		0.5663558217525482
387		19.024744285008637		1.7839791774749756		1.8469605679273606		0.2268319758474827		0.4536639516949654
388		19.283812309993664		1.5729256868362427		1.7431254549360276		0.421898792719841		0.843797585439682
389		19.059965088992612		1.9119880199432373		1.948381567978859		0.26021858911514284		0.5204371782302857
390		19.136951683001826		2.0993239879608154		2.1402072319078447		0.29798268439769743		0.5959653687953949
391		19.451853865000885		1.8590421676635742		1.926803206152916		0.3620114089727402		0.7240228179454804
392		19.522210761002498		2.497030019760132		2.3796896391820908		0.3135230327308178		0.6270460654616355
393		19.251727801020024		1.7095385789871216		1.8143634933757782		0.3311234691619873		0.6622469383239746
394		19.053044892003527		1.7552087306976318		1.8856783992958068		0.18169167569875716		0.3633833513975143
395		19.41990619301214		1.8034833669662476		1.9306043481636048		0.1661992273390293		0.3323984546780586
396		19.120393971999874		2.102186918258667		2.0784197101283075		0.3176724036574364		0.6353448073148728
397		19.062611370987725		1.8971924781799316		1.9391186490917205		0.12821192390322686		0.2564238478064537
398		19.682475053996313		1.8439338207244873		1.888713563284874		0.30206916097402575		0.6041383219480515
399		19.2498396539886		1.6951797008514404		1.8130783001041413		0.1476290112733841		0.2952580225467682
400		19.1480747339956		2.378645896911621		2.3215329808330534		1.6396930790901183		3.2793861581802366
401		19.46581161901122		1.9740504026412964		2.017964788188934		0.16479356886148452		0.32958713772296905
402		19.235030270996504		1.9118690490722656		1.9742415208101272		0.15234500786066055		0.3046900157213211
403		19.326661302009597		1.6872907876968384		1.8116029093647004		1.2676646082043648		2.5353292164087295
404		19.22879789097351		1.8802611827850342		1.9436632099437714		0.1398789373755455		0.279757874751091
405		18.890584437001962		1.768239974975586		1.8798874694299699		0.20238326374292373		0.40476652748584746
406		19.28633424101281		1.9623515605926514		2.00769652115345		0.14677943741083146		0.29355887482166293
407		19.439537666999968		2.0272152423858643		2.0730264497041704		1.4027183203339577		2.8054366406679154
408		19.55220645002555		2.246424674987793		2.1819308807754516		0.1631289945244789		0.3262579890489578
409		19.226229065010557		1.675564169883728		1.7818140144538879		0.13685902210474013		0.27371804420948026
410		19.511642789992038		1.895036220550537		1.9496115990400313		0.2790274836421013		0.5580549672842026
411		19.30317427701084		2.23547625541687		2.18432024561882		0.13355072521567346		0.2671014504313469
412		19.04183639099938		1.9959633350372314		2.025928017702103		0.21899891170859337		0.43799782341718674
413		19.542271139012882		2.226702928543091		2.184028257627487		1.7982952111005783		3.5965904222011567
414		19.352414548018714		1.4788211584091187		1.6460402194166184		0.9302200497031212		1.8604400994062424
415		19.08501355498447		1.8599385023117065		1.9243161560678481		0.13856758719682694		0.27713517439365387
416		19.19382066198159		1.822797417640686		1.9017272199344635		0.14315317966341973		0.28630635932683945
417		19.180816689011408		2.2377490997314453		2.21208241959095		0.17305366617441179		0.34610733234882357
418		19.059147950989427		1.577216386795044		1.7207670854663848		0.14982780053615571		0.29965560107231143
419		19.43035235500429		1.9303327798843384		1.97033195291996		0.23980877281427385		0.4796175456285477
420		19.031919080007356		1.877118706703186		1.9407958579444886		0.12899189125299454		0.2579837825059891
421		19.030180342000676		2.1588053703308105		2.152957937145233		0.13112495809793473		0.26224991619586946
422		19.182352561998414		1.5099955797195435		1.694306268429756		0.18635783978104592		0.37271567956209184
423		19.554715268983273		2.0793049335479736		2.1168544960689544		0.13745324976444245		0.2749064995288849
424		19.257663398020668		1.5875242948532104		1.7232024300575257		0.13247733594179154		0.26495467188358307
425		19.010350472992286		1.7917152643203735		1.8816409000778198		0.14464401691555978		0.28928803383111956
426		19.310932048014365		2.1088671684265137		2.1090946799087527		0.21045678079128266		0.4209135615825653
427		20.419006284995703		1.7235000133514404		1.8484525636482239		0.18380858048200607		0.36761716096401215
428		19.942362831992796		1.5088164806365967		1.6697530154275895		0.17486740070581436		0.3497348014116287
429		19.150256627006456		2.0311837196350098		2.0877770405721665		0.2031112975358963		0.4062225950717926
430		19.176552213000832		1.9169560670852661		2.0282149555921554		0.31414759731292724		0.6282951946258545
431		19.0597300560039		1.8669971227645874		1.9345377174520493		0.12427632890939712		0.24855265781879424
432		19.169965086999582		1.8473191261291504		1.930329977607727		0.8068431765079498		1.6136863530158996
433		19.17812527800561		1.518476963043213		1.6776396324253082		0.29292978541851045		0.5858595708370209
434		19.28271988898632		1.862094759941101		1.925565973854065		0.2398842494249344		0.4797684988498688
435		19.370495679002488		1.8117046356201172		1.919615000667572		0.32647523046731947		0.6529504609346389
436		19.250240549008595		1.6616393327713013		1.7735921725320816		0.1582063054263592		0.3164126108527184
437		19.12186945200665		1.8255393505096436		1.8927349461174012		0.3286749276995659		0.6573498553991318
438		19.357205837994115		1.780194640159607		1.9066442234039307		0.17924206295013428		0.35848412590026857
439		19.069547645020066		1.633118987083435		1.7622509472608567		0.3961883478999138		0.7923766957998276
440		19.083609474997502		1.7851217985153198		1.8675569157028198		0.5052890737891197		1.0105781475782394
441		19.539019985997584		1.782538890838623		1.87576141664505		0.21764838225841524		0.43529676451683047
442		19.19860597301158		1.7068456411361694		1.8330039703893661		0.23721755979061127		0.47443511958122253
443		18.944095067010494		2.1560230255126953		2.1177139438581465		2.445832080936432		4.891664161872864
444		19.21650313300779		1.7645646333694458		1.8549618075466157		0.3396039697170258		0.6792079394340516
445		19.596982861985452		1.6132467985153198		1.7536285698127747		0.22074750146865846		0.4414950029373169
446		19.281283171992982		1.9210702180862427		1.970533962211609		0.24075126725435256		0.4815025345087051
447		19.370217118994333		2.1927874088287354		2.167905798740387		0.1311756206691265		0.262351241338253
448		19.308278871001676		1.8166911602020264		1.9048329201555252		0.2140672145485878		0.4281344290971756
449		19.12856918000034		1.6852035522460938		1.8154027966833115		0.14052009251117706		0.2810401850223541
450		19.28645646601217		1.82125985622406		1.9185181911182403		0.17049978115558626		0.3409995623111725
451		19.416085103002843		1.6398274898529053		1.7819484344863892		0.17866436428427696		0.3573287285685539
452		19.379373606003355		1.869079351425171		1.9492669375038147		0.18813934115171432		0.37627868230342865
453		19.07163013101672		1.888596534729004		1.951177015686035		0.13754344767332077		0.27508689534664155
454		19.484813468006905		2.145775318145752		2.146717782731056		0.1448372248351574		0.2896744496703148
455		19.145622520009056		1.7145929336547852		1.8209531886386872		0.24298206361532212		0.48596412723064425
456		18.993143446015893		1.953589916229248		1.9757008036899566		0.16698877032995224		0.3339775406599045
457		19.493667753005866		1.7014296054840088		1.8131582591962814		0.12246316335201264		0.24492632670402528
458		19.063591885991627		1.9270912408828735		1.9428972009181977		0.3971284582316875		0.794256916463375
459		19.098903759004315		1.6809437274932861		1.8043888427495955		0.14964311001300812		0.29928622002601624
460		19.26185811200412		1.9349313974380493		1.9551822579669953		0.11908522931933403		0.23817045863866806
461		19.495016491011484		1.5800954103469849		1.7418086427593231		0.11973081339597702		0.23946162679195404
462		19.306395270017674		1.8345732688903809		1.9050439774942398		0.14320393515825272		0.28640787031650544
463		19.14510776300449		1.853049635887146		1.9292904662895203		0.15694522931575774		0.3138904586315155
464		19.5154926419782		1.5358387231826782		1.6960926458382606		0.14344810635447502		0.28689621270895005
465		19.28454332999536		2.192448377609253		2.1443630413389205		0.8073810770630836		1.6147621541261672
466		19.088257454015547		1.9662610292434692		2.016520146737099		0.4312879606485367		0.8625759212970734
467		19.462139156996273		1.6975761651992798		1.7940437769460678		0.2578255976319313		0.5156511952638626
468		19.19985248998273		1.7747349739074707		1.8455975023221969		0.1415801421046257		0.2831602842092514
469		19.250145080994116		1.90301513671875		1.9565524486398698		0.47619104360342024		0.9523820872068405
470		19.36126819299534		1.8187304735183716		1.9143820946836472		0.1402674378812313		0.2805348757624626
471		19.022898324008565		1.786899209022522		1.8834872835087777		0.14558328171372414		0.2911665634274483
472		19.336790220986586		1.7660720348358154		1.853705524711609		0.1994377748310566		0.3988755496621132
473		19.316458687011618		1.7919089794158936		1.892125024471283		0.17797971021533013		0.35595942043066026
474		19.274722338013817		1.5427404642105103		1.6915932725191116		0.12529767976403236		0.2505953595280647
475		19.322265900002094		1.7168824672698975		1.8514404634523391		0.24288544921875		0.4857708984375
476		19.425712571974145		1.799177646636963		1.930487892112732		0.42904458458423617		0.8580891691684723
477		19.535690162010724		1.8784633874893188		1.9224280917453767		0.25059176909923553		0.5011835381984711
478		19.280753985018237		1.8010945320129395		1.8796487151145935		0.4473731575846672		0.8947463151693344
479		19.470787119993474		1.873367428779602		1.9548751455259323		0.1589295775413513		0.3178591550827026
480		19.593389243003912		2.351560354232788		2.2266055802869795		0.13553830013275148		0.27107660026550295
481		19.229228995012818		1.6588224172592163		1.7891986090707779		0.28569578372836113		0.5713915674567223
482		19.319336118991487		1.9926759004592896		2.0119813966107367		0.15032549268603324		0.30065098537206647
483		19.218989955988945		1.6620452404022217		1.8244148132801057		1.3398132597446442		2.6796265194892883
484		19.3097674419987		1.8997125625610352		1.8945554585886002		0.5271530938625336		1.0543061877250672
485		19.597672281000996		1.6926629543304443		1.8158025604844092		1.1267632862091064		2.2535265724182127
486		19.22863520399551		1.9965670108795166		2.050168140621185		0.11936480983495712		0.23872961966991424
487		19.042973648989573		1.947576880455017		1.9750219745755195		0.6308315736532212		1.2616631473064424
488		19.47879089601338		1.967628836631775		2.005563439912796		0.127723739951849		0.255447479903698
489		19.37554498098325		1.6487571001052856		1.7754596156167983		0.1245676490843296		0.2491352981686592
490		19.34835907499655		1.6632167100906372		1.78570524477005		0.149086342471838		0.298172684943676
491		19.487475007976172		1.4253932237625122		1.6241752955532074		0.2692843801140785		0.538568760228157
492		19.603896621003514		1.7196077108383179		1.811982421131134		0.48440685788393023		0.9688137157678605
493		19.114641910011414		2.219928741455078		2.1904782240581513		0.1897199920594692		0.3794399841189384
494		19.022059378999984		2.0023696422576904		1.986948974442482		0.17530221658945083		0.35060443317890166
495		19.575068046018714		1.8758838176727295		1.8962030255031586		0.19174627760052682		0.38349255520105363
496		19.22099637700012		1.684001088142395		1.806104895210266		0.13384910527467728		0.26769821054935455
497		18.98307538201334		1.9353257417678833		1.9835398139858247		0.13072479978203774		0.2614495995640755
498		19.29983502702089		1.802693247795105		1.9065635905599594		0.1351791271686554		0.2703582543373108
499		19.16881512699183		1.625390887260437		1.7617931744718551		0.1805368941605091		0.3610737883210182
500		19.11433415702777		1.7774786949157715		1.8713796903038025		0.32514219238758085		0.6502843847751617
501		19.5764774850104		1.7568591833114624		1.8599859439206123		0.43060162494182586		0.8612032498836517
502		19.203711161011597		1.5776845216751099		1.7379213614892959		0.24522112107276917		0.49044224214553833
503		19.088638727000216		1.6971839666366577		1.8178249573993683		0.19141940375566482		0.38283880751132965
504		19.442745398002444		2.0116350650787354		2.0201796487617494		0.2613344491958618		0.5226688983917236
505		19.170500856998842		1.5146962404251099		1.69387279941082		0.1480226851940155		0.296045370388031
506		19.393254202004755		1.6532148122787476		1.754178594636917		1.1029058128595353		2.2058116257190705
507		19.552102572022704		1.7924834489822388		1.881569695739746		0.1256888022005558		0.2513776044011116
508		19.654698348022066		1.5651648044586182		1.7207813063240052		0.262701933658123		0.525403867316246
509		19.344353922002483		2.112147331237793		2.140456723871231		0.977129353916645		1.95425870783329
510		19.194003882003017		1.6188373565673828		1.749639035229683		0.17420289386510848		0.34840578773021696
511		19.566003166983137		1.6841788291931152		1.7920451940488815		0.398272212600708		0.796544425201416
512		19.10079052398214		1.8032786846160889		1.8870137339401245		0.1360173950314522		0.2720347900629044
513		19.236467850016197		1.818141222000122		1.8839058001756668		0.1271792213320732		0.2543584426641464
514		19.55953686501016		1.994001030921936		2.003933858408928		0.3379597622156143		0.6759195244312286
515		19.237717089999933		1.833642601966858		1.8865776536226273		0.11852909716367721		0.23705819432735442
516		19.319487539993133		1.5021852254867554		1.6733824484443665		3.4432115832567214		6.886423166513443
517		19.32976481199148		1.7548197507858276		1.8527327288675308		0.48770734285116196		0.9754146857023239
518		19.14918833001866		1.717027187347412		1.8406256383657456		0.19573351714611054		0.39146703429222107
519		19.41004585599876		2.118720769882202		2.120890413713455		1.2149145242214203		2.4298290484428406
520		19.18063383901608		1.5235172510147095		1.6926349673938752		0.15875429827570917		0.31750859655141833
521		19.2288412170019		1.6483831405639648		1.764159087252617		0.12213897442221641		0.24427794884443282
522		19.13615171101992		1.7824878692626953		1.8905263800621033		0.22090589026212692		0.44181178052425385
523		19.535263546014903		1.7238255739212036		1.8156492595148086		0.1301350816845894		0.2602701633691788
524		19.416864048980642		1.3058247566223145		1.5363677106142044		0.1420160198867321		0.2840320397734642
525		19.16109722101828		1.534946322441101		1.6994799071550368		0.559909408044815		1.11981881608963
526		19.60574838501634		1.8586299419403076		1.9259779018592835		0.17203715116977691		0.34407430233955383
527		19.192350616998738		1.4788354635238647		1.6590667143058777		0.3697444786667824		0.7394889573335648
528		19.03495053498773		1.807876467704773		1.8927848180818558		0.1380143217742443		0.2760286435484886
529		19.34798540500924		1.4042799472808838		1.6029355470085145		0.16425688716173173		0.32851377432346346
530		19.234049410006264		1.5699788331985474		1.7014768535089493		0.21104023407697678		0.42208046815395356
531		19.179067803983344		1.7209858894348145		1.8293937182760238		0.46040135056972503		0.9208027011394501
532		19.4812448680168		1.7736902236938477		1.8670925508832932		0.22932319209575652		0.45864638419151305
533		19.373298883991083		1.4511367082595825		1.631929761953354		0.20072623292207717		0.40145246584415434
534		19.127061193983536		1.5022616386413574		1.6685445822525025		0.13562795672416686		0.2712559134483337
535		19.506647908012383		1.6983284950256348		1.8120178729081153		0.37285651305913925		0.7457130261182785
536		19.410753078002017		1.7221448421478271		1.8473233755159377		0.2742628090918064		0.5485256181836128
537		19.277677133999532		1.5704303979873657		1.7281019745635986		0.15174462110996245		0.3034892422199249
538		19.343331197014777		1.6537162065505981		1.7910972449707985		0.17696023182868958		0.35392046365737917
539		19.719259581994265		2.0226449966430664		2.0609778991031646		0.12617698875665664		0.2523539775133133
540		19.25952126798802		1.5983084440231323		1.7526866145324707		0.25474406067728994		0.5094881213545799
541		19.08291411199025		1.8378702402114868		1.927303561501503		0.19301084542274474		0.3860216908454895
542		19.473393332009437		1.6306447982788086		1.7473357641410827		0.9628209189414978		1.9256418378829956
543		19.1082904630166		1.6209452152252197		1.764781230134964		0.2549124996304512		0.5098249992609024
544		18.99117040800047		1.7200555801391602		1.833694800992012		0.11182933942079544		0.22365867884159088
545		19.748758211993845		1.5053343772888184		1.6875476398086549		0.21623677455186843		0.43247354910373687
546		19.45259280697792		1.6759501695632935		1.7967839979076385		0.12698406178355218		0.25396812356710435
547		19.358586422982626		1.5619982481002808		1.726472645277977		0.7621281248450279		1.5242562496900558
548		19.700943447998725		1.7168322801589966		1.8189867608737946		0.13247003786563874		0.2649400757312775
549		19.304328758997144		1.7775506973266602		1.865574487080574		0.11971588225364685		0.2394317645072937
550		19.176113392983098		1.5622551441192627		1.7326373951888085		0.22934664542675018		0.45869329085350036
551		19.548673065990442		1.638717770576477		1.782127461271286		0.17173914943933488		0.34347829887866976
552		19.145068473007996		2.062488079071045		2.04235878336668		0.42202326182127		0.84404652364254
553		19.27415048601688		1.5660940408706665		1.7084923015499116		0.8788022699952126		1.7576045399904252
554		19.34723347099498		1.477529525756836		1.6476400976085663		0.11649021670818328		0.23298043341636657
555		19.563098767015617		1.4994031190872192		1.6682506790161133		0.5754420402944088		1.1508840805888176
556		19.303066947002662		1.8337405920028687		1.9485247977161408		0.11667606921195983		0.23335213842391966
557		19.340028809994692		1.4398367404937744		1.6446093489694595		0.2009453958928585		0.401890791785717
558		19.72078911899007		1.7548789978027344		1.8367600354671478		0.8629323900938034		1.7258647801876068
559		19.23821454201243		1.7329481840133667		1.8178470922088623		0.40052077016830445		0.8010415403366089
560		20.22163015100523		1.5701154470443726		1.7271218445491792		0.4150667516231537		0.8301335032463074
561		20.466432699002326		1.5692299604415894		1.7122819775867462		0.3218725224673748		0.6437450449347496
562		19.442138026002795		1.653296709060669		1.7727710930728913		0.2849123776912689		0.5698247553825379
563		19.357131714001298		1.620792031288147		1.773604966340065		0.12034593934416771		0.24069187868833541
564		19.298182138998527		1.5639337301254272		1.723015250339508		0.13539975754022598		0.27079951508045197
565		19.37623668499873		1.492393136024475		1.6736327594423295		0.16361041320562364		0.3272208264112473
566		19.669131598988315		1.756983757019043		1.8479404256248475		0.15285203650593757		0.30570407301187513
567		19.2438320890069		1.3655275106430054		1.5789551092290879		0.15277585164904595		0.3055517032980919
568		19.10986228098045		1.6447043418884277		1.7756015032100678		1.0975618701219558		2.1951237402439117
569		19.47848707198864		1.950302004814148		1.9926673847723007		0.1905182274222374		0.3810364548444748
570		19.150231439998606		1.5055346488952637		1.6726352758789063		0.23196206333041192		0.46392412666082383
571		19.105903730000136		1.3765239715576172		1.5874299795269966		0.48347759718894956		0.9669551943778991
572		19.546157764008967		1.5463439226150513		1.719017600364685		0.6417371717453003		1.2834743434906006
573		19.079841689002933		1.8032233715057373		1.9015873089599609		0.1673384449839592		0.3346768899679184
574		19.20126906200312		1.6112096309661865		1.749879805278778		0.22313506450653076		0.4462701290130615
575		19.564956408983562		1.5708143711090088		1.7219358536195755		0.34091968584060667		0.6818393716812133
576		19.079222437023418		1.69841730594635		1.8116756571459771		0.5947201110482215		1.189440222096443
577		19.175478507007938		1.4020915031433105		1.6091201333618164		0.17469154332876205		0.3493830866575241
578		19.367065030004596		1.6732882261276245		1.7989959704875946		0.25371761103868484		0.5074352220773697
579		19.775377168989507		1.5849634408950806		1.7340301951742172		0.6210567103385926		1.242113420677185
580		19.50055283101392		2.0255160331726074		2.057064581427574		0.30443853114843367		0.6088770622968673
581		19.40559670998482		1.4451175928115845		1.6400556353974343		0.15046576563119887		0.30093153126239774
582		19.69824164902093		1.5174158811569214		1.7045945957493782		0.42441824439764025		0.8488364887952805
583		19.285855185997207		1.4617127180099487		1.6439218288588524		0.1151856591641903		0.2303713183283806
584		19.25076090398943		1.7325860261917114		1.8383386125707626		0.12745550879240036		0.2549110175848007
585		19.541279965022113		1.7118172645568848		1.8292962183856964		0.13045825605392455		0.2609165121078491
586		19.105310520972125		1.7090542316436768		1.828832006816864		0.8301854339361191		1.6603708678722382
587		19.278204618021846		1.5100791454315186		1.6837910599470138		0.3451507108151913		0.6903014216303826
588		19.633550751022995		1.8592394590377808		1.8969983286619185		0.14521553016901015		0.2904310603380203
589		19.08609819103731		1.3475329875946045		1.574065632724762		0.11234883140325547		0.22469766280651093
590		19.271140441007446		1.6484202146530151		1.7696099531126022		0.19612763274908065		0.3922552654981613
591		19.693543414003216		1.5410070419311523		1.6948124666023254		0.11882528445124627		0.23765056890249253
592		19.019640071026515		1.707715630531311		1.825992031042576		0.14449426746964456		0.2889885349392891
593		19.110668116016313		1.553361415863037		1.7368812591838836		0.5449531730413437		1.0899063460826874
594		19.09869484300725		1.9246002435684204		1.9714452642250062		0.1155589756667614		0.2311179513335228
595		19.565405945992097		1.6280760765075684		1.7568344641542435		0.21399075548648835		0.4279815109729767
596		19.423034645966254		1.7723435163497925		1.8585086309051513		0.19572429789304732		0.39144859578609464
597		19.336451567010954		1.8105708360671997		1.8852883972835541		0.24033341119289398		0.48066682238578795
598		19.661143438948784		1.6044468879699707		1.766643918952942		0.1472521698653698		0.2945043397307396
599		19.117248923983425		1.4239883422851562		1.610487894692421		0.21719188508987428		0.43438377017974855
600		18.9717235880089		1.9413903951644897		1.983099524884224		0.10990063841342926		0.21980127682685852
601		19.565541199001018		1.5450502634048462		1.710173688249588		0.2719885129213333		0.5439770258426666
602		19.313698715995997		1.6988451480865479		1.8132517666435242		0.2514909215927124		0.5029818431854248
603		19.38536739902338		2.083559513092041		2.0925215614223482		0.26610561051368714		0.5322112210273743
604		19.610240675974637		1.7221765518188477		1.8442342481088638		0.2830884253919125		0.566176850783825
605		18.98483762599062		1.5881025791168213		1.7347345036363602		0.15470262182354927		0.30940524364709854
606		18.97100772499107		1.8060545921325684		1.8871884396004677		0.35291770958900454		0.7058354191780091
607		19.297534698038362		1.5541768074035645		1.711151614356041		0.12103952026367187		0.24207904052734375
608		19.149644097022247		1.566186785697937		1.7190842420482635		0.28959016013145444		0.5791803202629089
609		19.204476264014374		1.6133477687835693		1.746064919116497		0.2218914717078209		0.4437829434156418
610		19.334058368986007		1.7776265144348145		1.8693787079334259		1.2351606405496598		2.4703212810993196
611		19.49491627898533		1.5249940156936646		1.6903215157604217		0.16376346093416214		0.32752692186832427
612		19.34404401399661		1.472658395767212		1.6599810511779785		0.5315457280874253		1.0630914561748506
613		19.220318178005982		1.3740780353546143		1.5732856025409698		0.26837758384943006		0.5367551676988601
614		19.58651849202579		1.4089183807373047		1.6146916473722457		0.14198882890939712		0.28397765781879425
615		19.368533679982647		1.6174927949905396		1.7741876418566704		0.13845112030506135		0.2769022406101227
616		19.121691716951318		1.4311529397964478		1.6221998338866235		0.38930985321998596		0.7786197064399719
617		19.618817688024137		1.533240556716919		1.6983218308734893		0.11012027510404587		0.22024055020809175
618		19.240913761022966		1.8279330730438232		1.8666415461850165		0.5087258557021618		1.0174517114043236
619		19.129363852960523		1.3795123100280762		1.5758747173023224		0.12739275576472284		0.2547855115294457
620		19.610803165007383		1.5097135305404663		1.6824239802360534		0.23087975877523423		0.46175951755046846
621		19.13309018901782		1.4541046619415283		1.6093325608778		0.11007081017494201		0.22014162034988402
622		19.050971621007193		1.47158944606781		1.6415817037153244		0.23458570759296418		0.46917141518592836
623		19.63579196599312		1.47152841091156		1.6487092313051224		0.12675017139315606		0.2535003427863121
624		19.19319700100459		1.4133154153823853		1.5929278158426285		0.16480404751896857		0.32960809503793714
625		19.352676720009185		1.4861371517181396		1.6577687180900573		0.13968836930394174		0.2793767386078835
626		19.210497569991276		1.7353907823562622		1.841754218697548		0.12383533459305764		0.24767066918611527
627		19.471145874995273		1.5818771123886108		1.7371278809070587		0.26245166113376617		0.5249033222675323
628		19.05346784199355		1.420438528060913		1.6032183380293845		0.24387250006198882		0.48774500012397765
629		19.065972590993624		1.4731546640396118		1.664805609688759		0.25313951625227926		0.5062790325045585
630		19.487009731004946		1.5364333391189575		1.6962790578079223		0.6962660291433335		1.392532058286667
631		19.291521589970216		1.833394169807434		1.881487774233818		0.10701402447819709		0.21402804895639418
632		19.073411752004176		1.3496254682540894		1.564853597612381		0.22308468196988107		0.44616936393976214
633		19.393480151018593		1.3928766250610352		1.5945017590856552		0.12184923316836357		0.24369846633672715
634		19.370595657033846		1.62894606590271		1.739303358399868		0.11990759894251823		0.23981519788503647
635		19.098154012986924		1.6570230722427368		1.781634193019867		0.7062459906756878		1.4124919813513757
636		19.6743996689911		1.394264817237854		1.591818387720585		0.10496683592796326		0.2099336718559265
637		19.434644056949764		1.3872288465499878		1.596935801782608		0.1581266196370125		0.316253239274025
638		19.10220833600033		1.6268646717071533		1.7564767383599282		0.654604617190361		1.309209234380722
639		19.68353813397698		1.8846104145050049		1.9214423355579375		0.848956353211403		1.697912706422806
640		19.28389647899894		1.4990732669830322		1.6706443285632133		0.31653405670523643		0.6330681134104729
641		19.400609968986828		1.4424653053283691		1.6384295830464364		0.4605557986974716		0.9211115973949432
642		19.34884070698172		1.2794781923294067		1.5127982386398315		0.10468853189051151		0.20937706378102303
643		19.56347224203637		1.7041488885879517		1.8414019103765487		0.11352560548186302		0.22705121096372605
644		19.08342811500188		1.4879323244094849		1.6666719852924348		0.13625220645070077		0.27250441290140154
645		19.303304559958633		1.4737871885299683		1.6647848886203767		0.27679159441590306		0.5535831888318061
646		19.448442257009447		1.7001742124557495		1.7960406865096092		0.28290210872888566		0.5658042174577713
647		19.318347092019394		1.7682685852050781		1.8639503687953949		0.8889307694196701		1.7778615388393402
648		19.063752282992937		1.6544278860092163		1.7855329208278656		0.11273312113881111		0.22546624227762221
649		19.36629452399211		1.3355790376663208		1.5614431600379943		0.11251129950881004		0.2250225990176201
650		19.0209480439662		1.4473193883895874		1.6393980298805237		0.2406945054590702		0.4813890109181404
651		19.233362708997447		1.4260085821151733		1.633022462747097		0.13746614509820937		0.27493229019641874
652		19.568477704015095		1.5161563158035278		1.6731516771674155		0.11956251496076584		0.23912502992153167
653		19.139047212025616		1.4212334156036377		1.6239457394886017		0.2685618980526924		0.5371237961053849
654		18.931887851038482		1.4985371828079224		1.6747481907892228		0.2243333122611046		0.4486666245222092
655		19.382206803013105		1.4325926303863525		1.6084849865341186		0.5976580016136169		1.1953160032272339
656		19.351606050971895		1.5395965576171875		1.6920382555127145		0.13984812399744986		0.2796962479948997
657		19.341725269972812		1.3893499374389648		1.5774371978330612		0.13999795330166817		0.27999590660333634
658		19.5513381640194		1.6587142944335938		1.7895288521289825		0.526394183498621		1.052788366997242
659		19.622138804988936		1.3729661703109741		1.5980873598480225		0.11103968672156334		0.22207937344312667
660		19.359023794997483		1.6115065813064575		1.751333499250412		0.1766801470398903		0.3533602940797806
661		19.43345266598044		1.5951286554336548		1.7348655577254295		0.11311933834552765		0.2262386766910553
662		19.6674252859666		1.3654422760009766		1.5968036182403564		0.11372600445151329		0.22745200890302658
663		19.24516864097677		1.4861682653427124		1.6723194474625587		0.23323096639513968		0.46646193279027937
664		19.146765786979813		1.5306123495101929		1.700163733329773		0.4997459693789482		0.9994919387578964
665		19.4397111540311		1.6742637157440186		1.790934986577034		0.10636302470564843		0.21272604941129686
666		19.071418353007175		1.4352900981903076		1.6334529889965057		0.2919329229772091		0.5838658459544182
667		19.18378812400624		1.7434614896774292		1.8494751044178008		0.15432433031201362		0.30864866062402724
668		19.51688979199389		1.3976279497146606		1.6055929757881164		0.2117744242012501		0.4235488484025002
669		19.240949675964657		1.6513155698776245		1.7717256797075271		0.11180989128351211		0.22361978256702422
670		19.15074441197794		1.5120275020599365		1.7040550625658035		0.1322160936832428		0.2644321873664856
671		19.546180737030227		1.3831278085708618		1.5864486071681976		0.10960567798614503		0.21921135597229005
672		19.39186748903012		1.3952305316925049		1.6004539267730713		0.11340720764994622		0.22681441529989244
673		19.34531630302081		1.6569783687591553		1.8075573073625564		0.16065554753541947		0.32131109507083894
674		19.508568360004574		1.4637309312820435		1.6464655687808991		0.11989221645593644		0.23978443291187287
675		19.563921247026883		1.300960659980774		1.5265716764688493		0.20962185778021813		0.41924371556043627
676		19.152426388987806		1.4030323028564453		1.6085547786712646		0.12717640169858932		0.25435280339717864
677		19.211378343985416		1.465690016746521		1.6399505784201622		0.10628137234449386		0.21256274468898773
678		19.62358499999391		1.4347383975982666		1.630850324370861		0.1020088687300682		0.2040177374601364
679		19.311973331030458		1.6008058786392212		1.733911216108799		0.18707620251178741		0.37415240502357483
680		19.238148990960326		1.1954578161239624		1.4507138242959976		0.12987007843852044		0.2597401568770409
681		19.48868767899694		1.4908379316329956		1.6708846216773987		0.15077369062304496		0.30154738124608993
682		19.11343053402379		1.4722470045089722		1.6513284902644156		0.20317281439900398		0.40634562879800795
683		19.161000713997055		1.9921810626983643		1.9728057279062272		0.5097742047786713		1.0195484095573426
684		19.562451117031742		1.5318632125854492		1.7017993900203705		0.14006216189861298		0.28012432379722596
685		19.264177578035742		1.7933909893035889		1.8899999640917777		0.17935509215593337		0.35871018431186674
686		19.353690339019522		1.3110431432724		1.533079962642193		0.2267099127292633		0.4534198254585266
687		19.67060248198686		1.4127999544143677		1.6035091608142853		0.1760089256644249		0.3520178513288498
688		19.437101988994982		1.3330962657928467		1.5513991028404235		1.0701287770271302		2.1402575540542603
689		19.371853552991524		1.3494477272033691		1.5898666264295578		0.5307254015922547		1.0614508031845094
690		19.504911316966172		1.4913363456726074		1.680472837228775		0.14841936866641045		0.2968387373328209
691		19.513633343041874		1.7397985458374023		1.847943777899742		0.17196624479293823		0.34393248958587647
692		19.06476423999993		1.6137831211090088		1.747578750345707		0.5382729052305222		1.0765458104610444
693		19.02872334094718		1.5063798427581787		1.6677179398989677		0.1302635852575302		0.2605271705150604
694		19.45753881399287		1.360816478729248		1.5743694698286057		0.1098656112074852		0.2197312224149704
695		19.239497811999172		1.4856867790222168		1.665365812277794		0.26401972244381905		0.5280394448876381
696		19.087473738007247		1.4230782985687256		1.6068213644385339		0.10972706905007362		0.21945413810014724
697		19.45192381204106		1.2947113513946533		1.524499175555706		0.10258282371461391		0.20516564742922783
698		19.238836789969355		1.3231621980667114		1.554827473847866		0.17479182415008546		0.3495836483001709
699		19.236142784007825		1.4326449632644653		1.617996587190628		0.4182807808220387		0.8365615616440774
700		19.705282527022064		1.32142174243927		1.5565828148055076		0.43161502153873443		0.8632300430774689
701		19.403906840016134		1.4015085697174072		1.6036679199004173		0.23131197662949562		0.46262395325899125
702		19.115347724000458		1.5245972871780396		1.684711873025894		0.12496008251309394		0.24992016502618788
703		19.49882204696769		1.3386964797973633		1.576896339905262		0.6346452781200409		1.2692905562400818
704		19.135902368987445		1.5182710886001587		1.6804300669169425		0.11745134519338608		0.23490269038677217
705		19.11853567196522		1.3510397672653198		1.555159813580513		0.10532287350296975		0.2106457470059395
706		19.431837152980734		1.5007612705230713		1.6730285305285453		0.33833933944106104		0.6766786788821221
707		19.478605437965598		1.4493505954742432		1.632308152194023		0.5765526260256767		1.1531052520513534
708		19.38772782898741		1.4871985912322998		1.6716471663093566		0.182723929810524		0.365447859621048
709		19.24435428198194		1.3576700687408447		1.5805385976791382		0.14611156612038612		0.29222313224077223
710		19.718009980977513		1.5854921340942383		1.7036825478339195		0.10423306017518044		0.20846612035036088
711		19.388395390007645		1.2644046545028687		1.4976459324193		0.33008178741931915		0.6601635748386383
712		19.376748899987433		1.63719642162323		1.7538790393686294		0.11185286183357239		0.22370572366714478
713		19.811934899014886		1.213843584060669		1.47140161891222		0.10639829524159432		0.21279659048318864
714		19.366095425968524		1.2319899797439575		1.4820370723080636		0.2111907272398472		0.4223814544796944
715		19.25575532502262		1.4734046459197998		1.6480946187019347		0.1223652638554573		0.2447305277109146
716		19.5477644620114		1.3339378833770752		1.5373236639356613		0.23372737844586372		0.46745475689172744
717		19.3575186849921		1.6349366903305054		1.7658522150039673		0.5339837116837501		1.0679674233675003
718		19.13394418603275		1.3235785961151123		1.5436779162073135		0.47623912085294723		0.9524782417058945
719		19.514839183015283		1.413834810256958		1.6032245840024948		0.12361018935441971		0.24722037870883942
720		19.221643765980843		1.236092448234558		1.4836541378688812		0.19660165047049522		0.39320330094099043
721		19.13420089002466		1.3535922765731812		1.5595695326709746		0.19894727721214295		0.3978945544242859
722		19.693999530980363		1.3276615142822266		1.5494246522092818		0.13819295739531517		0.27638591479063035
723		19.620171591988765		1.2749865055084229		1.5241648593974113		0.4161453816175461		0.8322907632350922
724		19.27565699297702		1.2614995241165161		1.499172773911953		0.10504382313489914		0.21008764626979828
725		19.388885414984543		1.3144053220748901		1.535188941140175		0.22761838521361352		0.45523677042722704
726		19.647111972037237		1.2727017402648926		1.5097382722854615		0.11012825865149498		0.22025651730298995
727		19.371615763986483		1.3306454420089722		1.539172605316639		0.11639542689323425		0.2327908537864685
728		19.86375932797091		1.4575024843215942		1.6319033511257173		0.2688811533868313		0.5377623067736625
729		20.79218960099388		1.41371750831604		1.6159429600214958		0.10071096021234989		0.20142192042469978
730		19.957782526966184		1.2500942945480347		1.4962633189153671		0.15464436774253845		0.3092887354850769
731		19.27176471299026		1.2286454439163208		1.4798671052026748		0.10369659830927849		0.20739319661855699
732		19.17949143104488		1.5211676359176636		1.6883118516635895		0.10446889881491661		0.20893779762983322
733		19.112488623009995		1.5693414211273193		1.7121835705804824		0.4024151565432548		0.8048303130865097
734		19.171378334984183		1.3730357885360718		1.581976339788437		0.13182288790941238		0.26364577581882476
735		19.19425326300552		1.3695510625839233		1.5861193903565407		0.22505343626141547		0.45010687252283094
736		19.31594830902759		1.3584282398223877		1.565074771285057		0.138032900172472		0.276065800344944
737		20.49405547400238		1.4393188953399658		1.6188321678471564		0.25071092175245285		0.5014218435049057
738		20.23925094900187		1.4197660684585571		1.6082354553222655		0.09819593025147914		0.1963918605029583
739		19.282933456997853		1.489453911781311		1.6752076692771911		1.1309210192322732		2.2618420384645463
740		19.393391633988358		1.734343409538269		1.8253118278956413		0.13915386886596678		0.27830773773193357
741		19.31553594901925		1.3609946966171265		1.5872636137866973		0.32908803806900977		0.6581760761380195
742		19.23716582497582		1.3275105953216553		1.541680980992317		0.5673767204642296		1.1347534409284592
743		19.428560911037493		1.6643710136413574		1.806695482313633		0.20109830976724624		0.4021966195344925
744		19.129910494026262		1.3127802610397339		1.541130572142601		0.3155448233127594		0.6310896466255188
745		19.15225882199593		1.1542307138442993		1.4343163099431993		0.2027535492539406		0.4055070985078812
746		19.212402251025196		1.4713423252105713		1.6330981570124625		0.10937814797759056		0.21875629595518112
747		19.573365959979128		1.1853386163711548		1.451192071340084		0.167031033796072		0.334062067592144
748		19.219459960004315		1.3091609477996826		1.5394754246616364		0.6495821384012699		1.2991642768025398
749		19.087871190044098		1.3425300121307373		1.5566483337545396		0.17957743251919747		0.35915486503839494
750		19.25826817698544		1.3434666395187378		1.561836955344677		0.10640959222316743		0.21281918444633485
751		19.279148740053643		1.5093661546707153		1.6920468328380585		0.26461273258924484		0.5292254651784897
752		19.162899534974713		1.3125263452529907		1.5321265959334374		0.10641508184969425		0.2128301636993885
753		19.153905717015732		1.3468447923660278		1.5701619362354278		0.11488608560562134		0.2297721712112427
754		19.40958373597823		1.1739178895950317		1.443991293296814		0.1286236168086529		0.2572472336173058
755		19.085601466009393		1.2482889890670776		1.5036015827989577		0.19995195149183273		0.39990390298366546
756		19.21527166297892		1.6089545488357544		1.7407166264986993		0.24685152083039283		0.49370304166078566
757		19.230324287025724		1.2859326601028442		1.515736070857048		0.12713309017419816		0.2542661803483963
758		19.614330097974744		1.4148939847946167		1.6076443055891991		0.38737105123996735		0.7747421024799347
759		19.46315990498988		1.2361966371536255		1.4781970132565498		0.09856175302267074		0.19712350604534148
760		19.29093879001448		1.3015791177749634		1.5285044212007524		0.09966002543568611		0.19932005087137222
761		19.451989129011054		1.3444771766662598		1.5668176250338555		0.10241970322728157		0.20483940645456314
762		19.71896997001022		1.5013447999954224		1.684830531551838		0.3155783841609955		0.631156768321991
763		19.403857879980933		1.2256107330322266		1.4787217868304252		0.2468440358698368		0.4936880717396736
764		19.10983730503358		1.3873101472854614		1.582932569413185		0.18339745005369187		0.36679490010738375
765		19.375991970009636		1.469280481338501		1.639839698934555		0.09824107202887535		0.1964821440577507
766		19.247315574029926		1.2248179912567139		1.464778480513096		0.3601672215640545		0.720334443128109
767		19.137252409011126		1.2086753845214844		1.47463381223917		0.1055532601594925		0.211106520318985
768		19.143121829954907		1.2277251482009888		1.4991556428456307		0.16375794875621796		0.3275158975124359
769		19.4942128600087		1.5056774616241455		1.6734972861933708		0.2100096901535988		0.4200193803071976
770		19.183286203013267		1.232131004333496		1.4849625703668594		1.2291608013629913		2.4583216027259827
771		19.077809797017835		1.3684709072113037		1.5745913627028465		0.15382428550720215		0.3076485710144043
772		19.49124657199718		1.5223020315170288		1.6973135378456117		0.10379494328498841		0.20758988656997682
773		19.553489650948904		1.1827824115753174		1.44160792150259		0.12433710889816284		0.24867421779632568
774		19.36951983999461		1.315521240234375		1.5426399512720108		0.11756731743812561		0.23513463487625122
775		19.335240023967344		1.1122759580612183		1.3984347378063202		0.35422380546331406		0.7084476109266281
776		19.445409437001217		1.6423916816711426		1.776799122467041		0.13616362762451173		0.27232725524902346
777		19.597274546977133		1.3020987510681152		1.5199957173156737		0.10692777936458588		0.21385555872917175
778		19.398468906991184		1.1863584518432617		1.451711719813347		0.12005950286388398		0.24011900572776795
779		19.41259343799902		1.2859318256378174		1.5236927208948134		0.10453190695047379		0.20906381390094758
780		19.364006178977434		1.272889256477356		1.5047924290585517		0.1006698499917984		0.2013396999835968
781		19.624584954988677		1.383927822113037		1.5873843490171433		0.19532110417485238		0.39064220834970476
782		19.278583906008862		1.4503766298294067		1.6193477554416658		0.2625996080875397		0.5251992161750794
783		19.17485208500875		1.1905832290649414		1.438965116584301		0.1877536774635315		0.375507354927063
784		19.621522904955782		1.2966047525405884		1.5294129922866821		0.12308639380335808		0.24617278760671615
785		19.38075522700092		1.2135416269302368		1.4811512325048446		0.12683303785324096		0.2536660757064819
786		19.04674529802287		1.2775291204452515		1.524413252530098		0.2534274559378624		0.5068549118757248
787		19.06388142798096		1.485403299331665		1.640649644999504		0.4286336611509323		0.8572673223018646
788		19.370289509010036		1.2460517883300781		1.4959947549700736		0.19146298442482948		0.38292596884965896
789		18.98582838999573		1.2761366367340088		1.5100663916134833		0.17025579695701598		0.34051159391403196
790		19.002434310968965		1.2916061878204346		1.5153808283901216		0.39720563945770265		0.7944112789154053
791		19.31832988600945		1.2071832418441772		1.474386601164341		0.7842174272537231		1.5684348545074462
792		19.218839242996182		1.3544498682022095		1.557488516139984		0.09818565288484096		0.19637130576968193
793		19.07998228701763		1.2317203283309937		1.505399992442131		0.1444779807806015		0.288955961561203
794		19.215050427010283		1.2222040891647339		1.4858412316298484		0.10891271179914475		0.2178254235982895
795		19.466948778019287		1.3406789302825928		1.5670018241906165		0.3316465699315071		0.6632931398630142
796		19.56881606503157		1.2481987476348877		1.4913972413372993		0.17711731625199317		0.35423463250398635
797		19.27078853896819		1.305169939994812		1.5358557766699792		0.4113671012163162		0.8227342024326324
798		19.257398984977044		1.2460384368896484		1.4827401785707475		0.11630859671831131		0.23261719343662263
799		19.52309726801468		1.156480073928833		1.432591818408966		0.22089034078121186		0.4417806815624237
800		19.326101863000076		1.3113235235214233		1.5364909150600434		0.10430280098319053		0.20860560196638106
801		19.311251815001015		1.1726950407028198		1.444296631720066		0.3590476969599724		0.7180953939199448
802		19.29206199402688		1.1118524074554443		1.3934385475325584		0.11113819131851196		0.22227638263702393
803		19.698894966975786		1.642645001411438		1.7784773043012618		0.15951014714837075		0.3190202942967415
804		19.08849948301213		1.2086280584335327		1.469050257782936		0.09494178542792797		0.18988357085585594
805		19.14829009299865		1.3841098546981812		1.5920162393903732		0.13893662722110747		0.27787325444221495
806		19.71739735698793		1.2728179693222046		1.5106416150283815		0.2905747776508331		0.5811495553016662
807		20.671118215017486		1.21522057056427		1.46946792191267		0.10724044341742993		0.21448088683485986
808		19.72834268002771		1.4212692975997925		1.6311108677554131		0.43004198810458183		0.8600839762091637
809		19.39643707801588		1.172377109527588		1.442802765569687		0.09656444016695022		0.19312888033390044
810		19.346524360997137		1.1324961185455322		1.3986073233318328		0.1503302935540676		0.3006605871081352
811		19.36261051200563		1.2529486417770386		1.488919347243309		0.11060873652100563		0.22121747304201125
812		19.36952161899535		1.243458867073059		1.4932948699426651		0.22527410293221473		0.45054820586442945
813		19.752748524944764		1.2110480070114136		1.4808582629585265		0.13122837042212487		0.26245674084424975
814		19.537051738996524		1.329758882522583		1.553799791121483		0.10470618467926979		0.20941236935853957
815		19.45571488700807		1.2633088827133179		1.500257614467144		0.11159970696270466		0.22319941392540932
816		19.61123536003288		1.1864286661148071		1.4531861266827584		0.10851273450255394		0.21702546900510788
817		19.21607442101231		1.3884644508361816		1.582300247862339		0.2816123812735081		0.5632247625470161
818		19.210428336984478		1.2554088830947876		1.5004072613430024		0.2589512016773224		0.5179024033546448
819		19.453324178990442		1.222922682762146		1.4623463847351075		0.15208011583089828		0.30416023166179657
820		19.77806706301635		1.2082240581512451		1.4769459557414055		0.09627544047534466		0.1925508809506893
821		19.43562241998734		1.2814403772354126		1.523239538090229		0.10600992667675019		0.21201985335350038
822		19.085052823007572		1.2118650674819946		1.4669809596180916		0.12007901647686958		0.24015803295373916
823		19.088870523963124		1.252158522605896		1.4940402989935875		0.18730217969417573		0.37460435938835146
824		19.5047917800257		1.270877718925476		1.522378261063099		0.39478721244335174		0.7895744248867035
825		19.16079543402884		1.1893796920776367		1.4435578118228913		0.13852914568185806		0.2770582913637161
826		19.103558910021093		1.1814848184585571		1.4651765397763252		0.3812872032999992		0.7625744065999984
827		19.417654893011786		1.1983146667480469		1.4588194967627526		0.34707607201337815		0.6941521440267563
828		19.435993343009613		1.2191582918167114		1.4681554465556144		0.12848517618179323		0.25697035236358645
829		19.521552522026468		1.1702439785003662		1.4498161140465737		0.24345965371131897		0.48691930742263795
830		19.17948193702614		1.2813700437545776		1.5228151037478448		0.19623694658875465		0.3924738931775093
831		19.218474611989222		1.1222419738769531		1.4008533986592293		0.11246605370640755		0.2249321074128151
832		19.364792494976427		1.3145030736923218		1.5361316970396042		0.12817673373818397		0.25635346747636795
833		19.23773243598407		1.3111183643341064		1.5449383353734016		0.09518156197965146		0.1903631239593029
834		19.047503743029665		1.239345908164978		1.4880416330575943		0.11537315021753311		0.23074630043506622
835		19.336626893957146		1.1939884424209595		1.4590682136940956		0.09429962621927261		0.18859925243854522
836		19.54469768697163		1.2504823207855225		1.4955963082313537		0.29145211207866667		0.5829042241573333
837		19.219141600013245		1.2089283466339111		1.4794548504996299		0.14307498826980591		0.28614997653961183
838		19.1277749449946		1.139782190322876		1.4149302641677857		0.09852194886207581		0.19704389772415162
839		19.088420753018		1.2761328220367432		1.514812546262741		0.18723937065005303		0.37447874130010605
840		19.415615715028252		1.1155380010604858		1.4014486137008666		0.13631969246268272		0.27263938492536544
841		19.214971841021907		1.3197503089904785		1.5472511339521409		0.2705749384582043		0.5411498769164086
842		19.110799629997928		1.291463851928711		1.5398858198451997		0.20683749465942383		0.41367498931884766
843		19.31753615703201		1.2068471908569336		1.4712308110690118		0.14802511372566224		0.2960502274513245
844		19.182554938015528		1.1165363788604736		1.3951197503376007		0.26051185810565947		0.5210237162113189
845		19.289892908011097		1.3074090480804443		1.5378287317466737		0.0989988110601902		0.1979976221203804
846		19.407948116015177		1.281057596206665		1.5203510980391501		0.1029229329675436		0.2058458659350872
847		19.368353572965134		1.1555397510528564		1.4152127357053756		0.10357884783148766		0.20715769566297532
848		19.501591233012732		1.2020505666732788		1.4659823085474968		0.09413123140335083		0.18826246280670167
849		19.26637252396904		1.3130673170089722		1.5407491423845292		0.09885549181699753		0.19771098363399506
850		19.003362552961335		1.2753971815109253		1.51653391821146		0.1185170260310173		0.2370340520620346
851		19.286166307982057		1.1885122060775757		1.4430137342381477		0.3348023664712906		0.6696047329425812
852		19.649564234015997		1.1426148414611816		1.4147656476974488		0.09813493366837502		0.19626986733675003
853		19.484652240993455		1.3392767906188965		1.5516026709580422		0.2327920124232769		0.4655840248465538
854		19.317319774010684		1.2191396951675415		1.4675652715611458		0.15822335062026976		0.31644670124053953
855		19.227568992006127		1.1460720300674438		1.4129101944589615		0.10293469939827919		0.20586939879655838
856		19.608641730970703		1.2494133710861206		1.4806486380028725		0.11489044834971428		0.22978089669942856
857		19.34649508498842		1.1098452806472778		1.4027673014831543		0.20616111656427383		0.41232223312854765
858		19.243224347999785		1.1582540273666382		1.4292989183831215		0.13461163848042487		0.26922327696084974
859		19.3233986129635		1.273258924484253		1.5262971617174148		0.12136663827896119		0.24273327655792237
860		20.350336137984414		1.3521066904067993		1.5548495494413377		1.118863318324089		2.237726636648178
861		20.406102199980523		1.359881043434143		1.5757543924093247		0.22585651079416275		0.4517130215883255
862		19.3763498319895		1.028658390045166		1.332678542985916		0.20155686264038086		0.4031137252807617
863		19.32163793500513		1.1238147020339966		1.4077070702767371		0.5746623404800892		1.1493246809601785
864		19.505877594987396		1.4545161724090576		1.633119980316162		0.14921852571964264		0.2984370514392853
865		19.37963810004294		1.2045365571975708		1.4580100884795189		0.34795602468252185		0.6959120493650437
866		19.058986329997424		1.1912837028503418		1.447621039507389		0.09804723370075226		0.19609446740150452
867		19.50899198994739		1.2630077600479126		1.4959466891360282		0.10317923273444175		0.2063584654688835
868		19.333019332960248		1.1611226797103882		1.424999945731163		0.12911420761346817		0.25822841522693635
869		19.441632308997214		1.080322265625		1.3853986087203025		0.13776576386094094		0.2755315277218819
870		19.689445368014276		1.0972627401351929		1.3933933005928993		0.631658715569973		1.263317431139946
871		19.22157580102794		1.2359912395477295		1.4693991055417062		0.09882505550682545		0.1976501110136509
872		19.12817800900666		1.1256319284439087		1.4107778673648834		0.1608505652308464		0.3217011304616928
873		19.28683609998552		1.2369188070297241		1.47481459430933		0.11244948438405991		0.22489896876811982
874		19.68672668200452		1.1653245687484741		1.4276168787908554		0.3214491474032402		0.6428982948064804
875		19.49303161900025		1.1609857082366943		1.425061124947071		0.5192718289792537		1.0385436579585074
876		19.499766703986097		1.0988051891326904		1.3787678017139435		0.09281665613651276		0.1856333122730255
877		19.397786275018007		1.0990432500839233		1.3940696900725364		0.1144798992395401		0.2289597984790802
878		19.66660060902359		1.1244457960128784		1.3872879009366035		0.14070658099055292		0.28141316198110583
879		19.39486342400778		1.2138383388519287		1.4753500034356117		0.09610998676121235		0.1922199735224247
880		19.402561364986468		1.1025025844573975		1.4034258815908431		0.09433227574527264		0.18866455149054528
881		19.551977670984343		1.174429178237915		1.4396462390518188		0.1450851250767708		0.2901702501535416
882		19.482695009035524		1.1621747016906738		1.4278903012514115		0.16499808840751648		0.32999617681503296
883		19.63536812196253		1.0886025428771973		1.3878689604449272		0.14810905960202217		0.29621811920404434
884		19.19031294400338		1.2096039056777954		1.4640604271793365		0.12179954314231872		0.24359908628463744
885		19.678498285997193		1.2518261671066284		1.4850036475586892		0.09923809517323971		0.19847619034647943
886		19.57311437203316		1.3561134338378906		1.5592744159770011		0.09090264296233654		0.18180528592467307
887		19.505787333007902		1.0887186527252197		1.3812588888955115		0.2216688935160637		0.4433377870321274
888		19.500652985007036		1.1999417543411255		1.4594339016985893		0.1101551583647728		0.2203103167295456
889		19.505212905991357		1.1224685907363892		1.4144904343605043		0.1754872334420681		0.3509744668841362
890		19.61394922400359		1.154792070388794		1.425073998823166		0.1372436751961708		0.2744873503923416
891		19.430635859025642		1.1579262018203735		1.429588894636631		0.21359005375504495		0.4271801075100899
892		19.225819104991388		1.1424133777618408		1.4207937974333764		0.12428400278091431		0.24856800556182862
893		19.381892813020386		1.1592397689819336		1.4317046749830247		0.09167119349241257		0.18334238698482513
894		19.768540099961683		1.1263712644577026		1.4027268780875206		0.3396839565873146		0.6793679131746292
895		19.24828812998021		1.0803014039993286		1.3807047391986846		0.11328993327021598		0.22657986654043197
896		19.379908054950647		1.257874846458435		1.4938144986009598		0.12602468249201776		0.2520493649840355
897		19.487335712008644		1.041838526725769		1.3472486957931518		0.2897896252214909		0.5795792504429818
898		19.389682419016026		1.060025691986084		1.355625883424282		0.09381481372117996		0.18762962744235992
899		19.27575017802883		1.0956690311431885		1.3891133965229987		0.43046459909677504		0.8609291981935501
900		19.146890720992815		1.0396952629089355		1.3428918047356606		0.09366564596891404		0.18733129193782808
901		19.424863412976265		1.1275643110275269		1.407409126355648		0.20657428166270256		0.4131485633254051
902		19.644017085956875		1.2249399423599243		1.4879106796646118		0.0934122242540121		0.1868244485080242
903		19.335495258972514		1.072426676750183		1.3692259603595733		0.11981573106050492		0.23963146212100983
904		19.327005158993416		1.1386665105819702		1.4115886931371688		0.516203349930048		1.032406699860096
905		19.349945370981004		1.0779074430465698		1.3732284113764763		0.2505094993770123		0.5010189987540246
906		19.569304731034208		1.1467101573944092		1.4283154859042169		0.09161862816810608		0.18323725633621216
907		19.350236715981737		1.148477554321289		1.4324516239333154		0.406040078240633		0.812080156481266
908		19.29372025799239		1.1224981546401978		1.4007028528523444		0.11534176128804684		0.23068352257609367
909		19.37224217702169		1.1376125812530518		1.4151582777643203		0.10985597796440125		0.2197119559288025
910		19.848136183980387		1.1767876148223877		1.4686771128606797		0.45497066910266876		0.9099413382053375
911		19.20509264897555		1.116348385810852		1.40088106883049		0.181546999168396		0.363093998336792
912		19.301873115997296		1.0676846504211426		1.3545425840830803		0.1638018876671791		0.3276037753343582
913		19.265492721053306		1.0666629076004028		1.3787136957383155		0.13398557316064835		0.2679711463212967
914		19.446521600999404		1.1090534925460815		1.3878323489499091		0.21920804480910303		0.43841608961820605
915		19.322340375976637		1.1570019721984863		1.4310072709870338		0.16313289278149604		0.32626578556299207
916		19.248372177011333		0.9735244512557983		1.296601201684475		0.09225056344270706		0.18450112688541412
917		19.522147963987663		1.1905138492584229		1.4515063188266755		0.11555378748774528		0.23110757497549056
918		19.46286081400467		1.142867922782898		1.414439801197052		0.09832929620444775		0.1966585924088955
919		19.249671850004233		1.2685390710830688		1.4951255883955956		0.10125326904952527		0.20250653809905053
920		19.452598134987056		0.9723430871963501		1.2905623779153823		0.0988217455893755		0.197643491178751
921		19.617314422037452		0.9794567823410034		1.3073235440421105		0.08972087238430977		0.17944174476861954
922		19.65303916897392		1.081251621246338		1.3734251890707017		0.17817586265206337		0.35635172530412673
923		19.437220002000686		1.0830967426300049		1.3606734213423728		0.08859409009516239		0.17718818019032478
924		19.41315911099082		1.0967068672180176		1.3849954618048668		0.11756291906833649		0.23512583813667298
925		19.285338738001883		1.004647135734558		1.3105561538267136		0.09157151348292827		0.18314302696585655
926		19.60367869195761		1.185882806777954		1.4452659516882898		0.27088693056106566		0.5417738611221313
927		19.39640667900676		1.0736695528030396		1.3600090988492965		0.1119517746090889		0.2239035492181778
928		19.20686419698177		1.0674234628677368		1.359520391573906		0.3728848557710648		0.7457697115421296
929		19.327865198021755		1.0678614377975464		1.3629312801146507		0.2488305787205696		0.4976611574411392
930		19.35196974995779		1.086443543434143		1.3690813780283928		0.14746944818496704		0.2949388963699341
931		19.226382539025508		1.0888904333114624		1.3708673069047927		0.4167270853042603		0.8334541706085206
932		19.39116712100804		1.0400317907333374		1.344704492082596		0.10878264337778092		0.21756528675556183
933		19.59552764997352		1.1392943859100342		1.4044637446928023		0.10925872671604156		0.21851745343208312
934		19.442006747995038		1.1036487817764282		1.386584669725895		0.11894481365680695		0.2378896273136139
935		19.27552350697806		1.184444785118103		1.4441206353139877		0.3665355829954147		0.7330711659908294
936		19.321864572004415		1.1229703426361084		1.4046732893919944		0.1583195029139519		0.3166390058279038
937		19.565973108052276		0.9978974461555481		1.3120999848055839		0.08895437500178814		0.17790875000357628
938		19.56729307101341		1.235587477684021		1.4823107667541504		0.2754352190554142		0.5508704381108284
939		19.266857737966347		1.1799864768981934		1.4656665039348602		0.5670095290064812		1.1340190580129623
940		19.36512906703865		1.1228631734848022		1.399392093603611		0.1617499932706356		0.3234999865412712
941		19.504528376972303		1.1772679090499878		1.4317299434971809		0.09563929580748082		0.19127859161496163
942		19.726098152983468		1.0883243083953857		1.3719003624272346		0.11394417988061904		0.22788835976123809
943		19.34450557496166		1.0738705396652222		1.3575046929049492		0.14459775695204735		0.2891955139040947
944		19.270227913046256		1.0988316535949707		1.3851966516256333		0.10339125389456749		0.20678250778913498
945		19.39077165100025		1.1272048950195312		1.4036332821774482		0.09112363654077053		0.18224727308154107
946		19.446985682006925		1.1402332782745361		1.4067086442542076		0.4601226561009884		0.9202453122019768
947		19.456630992004648		1.075854778289795		1.3742900685882569		0.09020972347557545		0.1804194469511509
948		19.27512741094688		1.0253853797912598		1.3246688101768493		0.0965360236108303		0.1930720472216606
949		19.47979315998964		1.1157569885253906		1.4005153536486625		0.09003967258930207		0.18007934517860413
950		19.376971122983377		1.201530933380127		1.454169627313614		0.18782780257463455		0.3756556051492691
951		19.10036757105263		1.1314133405685425		1.4034431304383277		0.09162185114622116		0.18324370229244233
952		19.18495682097273		1.062930941581726		1.3588297742724418		0.09130602293908596		0.18261204587817192
953		19.649952214036603		1.0623605251312256		1.3659850840902328		0.09923169451951981		0.19846338903903962
954		19.305080780992284		1.0354828834533691		1.3455206883597375		0.09432068447470665		0.1886413689494133
955		19.158403928973712		1.0898109674453735		1.368021828956604		0.35945376596450807		0.7189075319290161
956		19.175902329036035		1.0371997356414795		1.3478736854982376		0.40183834397792817		0.8036766879558563
957		19.508927682996728		1.0521526336669922		1.3462525286865235		0.2758968840241432		0.5517937680482864
958		19.317278591974173		1.03963041305542		1.3467761644792557		0.1084952487230301		0.2169904974460602
959		19.26191735599423		0.9975591897964478		1.3147271839118004		0.2687682731628418		0.5375365463256836
960		19.31434205797268		1.132849931716919		1.4118257415556907		0.08759226903319359		0.17518453806638717
961		19.2764644830022		0.9825957417488098		1.3044339934921265		0.40097002185583114		0.8019400437116623
962		19.681208163965493		1.0583839416503906		1.3628314097952843		0.646129153507948		1.292258307015896
963		19.403686234960333		1.151747703552246		1.4141322203969955		0.11620213642716408		0.23240427285432816
964		19.407635048031807		0.9755111336708069		1.3046836704659461		0.08777753667831421		0.17555507335662843
965		19.717374922009185		1.0480449199676514		1.3605996605443955		0.12284900075197219		0.24569800150394439
966		19.53326619596919		1.0378947257995605		1.3455771263933183		0.09052014903724194		0.18104029807448388
967		19.296708291978575		1.0724866390228271		1.3689323118138312		0.3677093204319477		0.7354186408638954
968		19.151408466976136		1.0349831581115723		1.337199224612713		0.11595081390738488		0.23190162781476975
969		19.533013259002473		1.0123497247695923		1.3184616730523109		0.09496132664978504		0.1899226532995701
970		19.33993504801765		0.9752541184425354		1.3039850018286705		0.08854008945524693		0.17708017891049385
971		19.185760890017264		1.0249834060668945		1.3501604430031777		0.14857398057579993		0.29714796115159986
972		19.295534705976024		1.0427929162979126		1.3434821275877953		0.184853095972538		0.369706191945076
973		19.649515482014976		1.0981178283691406		1.391226658937931		0.08794464884996414		0.17588929769992828
974		19.357828711043112		1.0088251829147339		1.3091990972447396		0.08874537650942803		0.17749075301885606
975		19.321881805022713		0.9881664514541626		1.3095641105365754		0.12259443637132644		0.24518887274265289
976		19.5654782759957		1.0327258110046387		1.331091933927536		0.093425613707304		0.186851227414608
977		19.396238783956505		0.9706430435180664		1.2952548599767686		0.2481291461288929		0.4962582922577858
978		19.279846580000594		1.1028865575790405		1.389029933912754		0.12107851099967956		0.24215702199935912
979		19.404327843978535		1.1081432104110718		1.4044751920485496		0.09227586475014686		0.18455172950029372
980		19.459291038976517		1.0564472675323486		1.357846068007946		0.12613679778575898		0.25227359557151796
981		19.648553355014883		1.012413740158081		1.3330507636761666		0.08899070151746273		0.17798140303492546
982		19.77263603900792		1.009710669517517		1.3156770707201957		0.13500335620045661		0.27000671240091323
983		19.413814995030407		0.9759006500244141		1.29792366751194		0.08667994160056114		0.17335988320112228
984		19.257209222996607		1.0505985021591187		1.3526738421678544		0.23830179607868193		0.47660359215736386
985		19.591039321036078		1.0372743606567383		1.3373843030810355		0.10941942410767079		0.21883884821534158
986		19.45263281802181		0.9915899038314819		1.3047981508231163		0.11658987275958062		0.23317974551916124
987		19.35777095099911		1.0324935913085938		1.3428649252200127		0.0872264794588089		0.1744529589176178
988		19.363193374010734		0.98252934217453		1.3018567930316924		0.08665121511816978		0.17330243023633957
989		19.878134906990454		1.009702444076538		1.321799745965004		0.09080425525307656		0.18160851050615312
990		19.405900234007277		0.9525294899940491		1.2782341077399253		0.0938067728459835		0.187613545691967
991		19.41142783500254		1.0241155624389648		1.3229882572603227		0.10808960155248643		0.21617920310497285
992		19.586799111042637		1.004699945449829		1.309922586438656		0.09957655112147332		0.19915310224294663
993		19.581998407957144		0.9789075255393982		1.299851273241043		0.22655793832540513		0.45311587665081027
994		19.421760471945163		0.9593819379806519		1.2884000830960274		0.0908484382212162		0.1816968764424324
995		19.283557199989446		0.9604986310005188		1.2852541004014015		0.08922506496608257		0.17845012993216514
996		19.806676607986446		1.111202597618103		1.3986286036849023		0.20992060309052468		0.41984120618104936
997		19.66000194696244		0.9702119827270508		1.2947849412488937		0.10910832691788673		0.21821665383577346
998		19.494182745052967		1.0433292388916016		1.3460376113915444		0.0885273000329733		0.1770546000659466
999		19.671065950999036		1.0088460445404053		1.321771689875126		0.2921829727470875		0.584365945494175
1000		19.553838495980017		0.9820796847343445		1.2915287058591842		0.1462335767030716		0.2924671534061432
1001		19.527263020980172		1.0333625078201294		1.3356261808347702		0.11177585940957069		0.22355171881914138
1002		19.29974837199552		0.9641717672348022		1.2828285549855232		0.09239125890433789		0.18478251780867577
1003		19.223693719948642		1.0299711227416992		1.3420186110424996		0.10447034450173379		0.20894068900346757
1004		19.197422511002515		1.0320980548858643		1.347265625450611		0.08815700513422489		0.17631401026844978
1005		19.510027782002		0.9791297316551208		1.3038303125667572		0.12494308379888534		0.2498861675977707
1006		19.507191485958174		0.9961805939674377		1.3101222168183326		0.09257400469481945		0.1851480093896389
1007		19.325864512997214		0.9926455020904541		1.3083967231321334		0.0894668176561594		0.1789336353123188
1008		19.684991829970386		0.9675792455673218		1.2887325106191636		0.16389341152310372		0.32778682304620743
1009		19.744147726043593		1.0078364610671997		1.3213645177054405		0.1027800665974617		0.2055601331949234
1010		19.32247511303285		1.0059598684310913		1.3276259282159806		0.10714797330498696		0.21429594660997392
1011		19.40579487301875		0.9203627109527588		1.2616739577388763		0.08905894215404987		0.17811788430809974
1012		19.603512072004378		1.0633059740066528		1.3606233551979066		0.10561473229527474		0.21122946459054948
1013		19.438564270967618		1.0025769472122192		1.3128379259753227		0.09518455937206745		0.1903691187441349
1014		19.438475944043603		0.9588494300842285		1.2760597939801217		0.1873705283164978		0.3747410566329956
1015		19.443752974038944		0.9063642024993896		1.2437702228188514		0.11486255087256432		0.22972510174512864
1016		19.54438570496859		0.9855397939682007		1.3008507920336723		0.18387779254317282		0.36775558508634565
1017		19.289288720989134		1.0297578573226929		1.3363548040628432		0.09568180286288261		0.19136360572576522
1018		19.25543432397535		0.947438657283783		1.2750486759328843		0.08747172358036041		0.17494344716072083
1019		19.266767458000686		1.0627720355987549		1.353222447528839		0.09606514114439488		0.19213028228878976
1020		19.5393483589869		1.0053393840789795		1.3209233522057533		0.08983939819931984		0.17967879639863968
1021		19.887571103987284		0.9654518365859985		1.291680091803074		0.2675563163995743		0.5351126327991486
1022		19.665437994000968		1.0330421924591064		1.337431727194786		0.11919942193925381		0.23839884387850763
1023		19.38988260301994		0.9712699055671692		1.2971123251104355		0.08897433877885341		0.17794867755770682
1024		19.423095288977493		0.9504996538162231		1.277961539416313		0.22225836989879608		0.44451673979759215
1025		19.30257183703361		0.9610627889633179		1.2903891618919372		0.13717327925562858		0.27434655851125717
1026		19.380823166982736		0.9686575531959534		1.2951578828430175		0.09629086344242097		0.19258172688484193
1027		19.266945487004705		0.9796432852745056		1.295217961244583		0.11438925678730011		0.22877851357460022
1028		19.567484830040485		0.9938876032829285		1.300975562198162		0.4782092916488647		0.9564185832977294
1029		19.17497308005113		0.9356640577316284		1.2680293394064903		0.08895500336289405		0.1779100067257881
1030		19.26728174398886		0.9161572456359863		1.2510321089816094		0.08524533884823322		0.17049067769646645
1031		19.223451778001618		1.0731289386749268		1.3610972552323342		0.16292384725809098		0.32584769451618195
1032		19.642556448990945		0.9752898812294006		1.2923919961857795		0.11035222329497338		0.22070444658994676
1033		19.607387919037137		0.9459426999092102		1.2648961172866822		0.08443993556499481		0.16887987112998962
1034		19.501096407999285		0.9713699817657471		1.288978771674633		0.11403655906319618		0.22807311812639236
1035		19.61924392299261		1.0120400190353394		1.3249270000457765		0.09063027337491512		0.18126054674983025
1036		19.566734943015035		0.9887304306030273		1.3055768563866614		0.08398218637108802		0.16796437274217604
1037		19.51745723799104		0.9638515114784241		1.2873879766345024		0.2525587920844555		0.505117584168911
1038		19.484768016962335		0.9354860782623291		1.2645017358350754		0.09379821799397468		0.18759643598794937
1039		19.593696636031382		0.9384846091270447		1.2790401390552522		0.08540576370954514		0.17081152741909028
1040		19.82720178499585		0.9896575808525085		1.3087622067332267		0.46803348779678344		0.9360669755935669
1041		19.3406872759806		0.9487787485122681		1.2810779816079139		0.08386675336956978		0.16773350673913956
1042		19.275474993977696		0.8859806656837463		1.2267200467300414		0.09297799879908562		0.18595599759817125
1043		19.406194021983538		1.0292912721633911		1.3443244184732437		0.37651229445338247		0.7530245889067649
1044		19.49220785801299		0.968255341053009		1.278632457664013		0.08609235103428364		0.17218470206856729
1045		19.37395179597661		0.9595692753791809		1.2832239544963837		0.19830754447579385		0.3966150889515877
1046		19.21060244803084		0.9649321436882019		1.2930725560474396		0.11602235479354858		0.23204470958709716
1047		19.26935491198674		1.0263879299163818		1.3404448249340057		0.08606685548126698		0.17213371096253396
1048		19.548768809996545		0.9362508654594421		1.2673762503552437		0.2653064604640007		0.5306129209280014
1049		19.297739344998263		1.01334547996521		1.3268367048573495		0.2677497771203518		0.5354995542407036
1050		19.175016582012177		0.9350199699401855		1.2681056198215486		0.08847388780415058		0.17694777560830116
1051		19.26401339803124		0.9206005334854126		1.2605011755132676		0.1547637547492981		0.3095275094985962
1052		19.42270744801499		0.9080905914306641		1.2584280087828636		0.08429946391284465		0.1685989278256893
1053		19.169503807032015		0.9782655239105225		1.3018753114104271		0.09219651343524456		0.1843930268704891
1054		19.263530871015973		0.9395392537117004		1.2659647857379914		0.11596330205202103		0.23192660410404206
1055		19.57884955604095		0.9779838919639587		1.2944167066049577		0.12380085178017616		0.24760170356035233
1056		19.6295540399733		0.9284112453460693		1.2662701811146737		0.23986850798130036		0.4797370159626007
1057		19.17269595299149		0.8873950839042664		1.2340425743842125		0.08311778351962566		0.16623556703925133
1058		19.22128681995673		0.9479537010192871		1.2743997274065018		0.0916345314949751		0.1832690629899502
1059		19.59984652796993		0.9094845056533813		1.2508412274599074		0.11758081174492836		0.23516162348985672
1060		19.92051415098831		0.946884274482727		1.2735338440942765		0.08439667060673237		0.16879334121346473
1061		19.282325726991985		0.968024492263794		1.2927956759428978		0.14133419964313507		0.28266839928627013
1062		19.12675929098623		0.9666230082511902		1.2872075482988357		0.12848008308410644		0.2569601661682129
1063		19.111440794018563		0.9544454216957092		1.2846002910256387		0.08347636220157147		0.16695272440314293
1064		19.412971981975716		0.9060811996459961		1.2478553347325325		0.08745516497194766		0.17491032994389533
1065		19.309758723014966		0.9051938652992249		1.2466542809128762		0.09000307895541192		0.18000615791082383
1066		19.22394549503224		0.9781121015548706		1.3117051214957238		0.10243062371015549		0.20486124742031098
1067		19.402283164963592		0.9301702976226807		1.2586129932594299		0.117226302921772		0.234452605843544
1068		19.57473176496569		0.9281747341156006		1.2532235675764083		0.08513522638082505		0.1702704527616501
1069		19.2534729380277		0.9179480075836182		1.2570431948661804		0.10688074597120285		0.2137614919424057
1070		19.241359003004618		0.9158703684806824		1.2507479533648491		0.08314329502880573		0.16628659005761146
1071		19.607442884997		0.9259316921234131		1.2594104383778573		0.09804430229067802		0.19608860458135605
1072		19.574567976989783		0.8842685222625732		1.228606919682026		0.09209990652501583		0.18419981305003166
1073		19.060987120028585		0.9410329461097717		1.266134108915329		0.08619979979097843		0.17239959958195686
1074		19.33523627195973		0.9029171466827393		1.2463333466386795		0.08328038848936557		0.16656077697873115
1075		19.508226878009737		0.9162928462028503		1.2499427431416512		0.1301546065568924		0.2603092131137848
1076		19.28597903199261		0.9639564752578735		1.2873323029255868		0.0927760504424572		0.1855521008849144
1077		19.230229086009786		0.8605122566223145		1.213245991921425		0.12877604256272315		0.2575520851254463
1078		19.181405565002933		0.9023452997207642		1.2437568628191948		0.10750087307691573		0.21500174615383147
1079		19.458672859997023		0.9335988163948059		1.2591668498563766		0.11720824325084686		0.23441648650169372
1080		19.52417518204311		0.9837431907653809		1.3068626737761497		0.16736653703451157		0.33473307406902314
1081		19.322098548989743		0.9245729446411133		1.265135565199852		0.12039375925064087		0.24078751850128174
1082		19.419467083003838		0.8943530917167664		1.2358224705123901		0.11504860131144523		0.23009720262289046
1083		19.292648059956264		0.951309323310852		1.2852793917346002		0.202270582729578		0.404541165459156
1084		19.68658591597341		0.9030294418334961		1.2458590168094634		0.14012247389554977		0.28024494779109954
1085		19.51997157698497		0.9453006982803345		1.2733144940972327		0.10239361816048623		0.20478723632097245
1086		19.40992195304716		0.9048294425010681		1.2465878340768815		0.08452779257595538		0.16905558515191077
1087		19.1987060069805		0.9254307746887207		1.2623053779959679		0.08257988101243972		0.16515976202487945
1088		19.331209347001277		0.919989824295044		1.2556625477433205		0.11246032529473304		0.2249206505894661
1089		19.202009000000544		0.9305435419082642		1.2578576415395737		0.11371718378067017		0.22743436756134033
1090		19.07418565795524		0.8881649971008301		1.230382594807148		0.08400225899219513		0.16800451798439026
1091		19.097780395997688		0.8752654194831848		1.2194686727023125		0.2846866133272648		0.5693732266545296
1092		19.12022232200252		0.8592158555984497		1.2099759501981735		0.08780847231149673		0.17561694462299346
1093		19.13925465202192		0.8954086303710938		1.2343380377316475		0.08848502819538116		0.17697005639076233
1094		19.23243521701079		0.9315025806427002		1.2666086971330643		0.09332370914518834		0.18664741829037668
1095		19.318710714986082		0.8868814706802368		1.2233370071148872		0.08316267257034779		0.16632534514069558
1096		19.304903832962736		0.9079284071922302		1.2494329868507386		0.08227460017800331		0.16454920035600662
1097		19.286956230003852		0.8884090185165405		1.232993094201088		0.1412868108868599		0.2825736217737198
1098		19.973272242990788		0.8776534199714661		1.2285148018741607		0.09540022912323474		0.1908004582464695
1099		20.79756696597906		0.8968189358711243		1.2404365550208092		0.08924375509023666		0.17848751018047332
1100		19.74021446198458		0.8935437798500061		1.22937616407156		0.08093960889279843		0.16187921778559686
1101		19.383263057039585		0.8765805959701538		1.2244751026153564		0.08669677603542805		0.1733935520708561
1102		19.45116566598881		0.9073677062988281		1.244388969976902		0.08332029738724232		0.16664059477448465
1103		19.568248185969424		0.8529677391052246		1.207054673783779		0.222349187541008		0.444698375082016
1104		19.789228557026945		0.8726338148117065		1.2172953772926332		0.09530933532118797		0.19061867064237595
1105		19.913428989995737		0.8806341886520386		1.22342185338974		0.08259017221927643		0.16518034443855287
1106		19.61083438200876		0.9085977077484131		1.2527736282658577		0.08555609174668789		0.17111218349337579
1107		19.489101269980893		0.8952462077140808		1.238843922367096		0.10069917553067208		0.20139835106134416
1108		19.656572578998748		0.9167279601097107		1.2472931041169166		0.0851044550985098		0.1702089101970196
1109		19.775896121980622		0.9038726091384888		1.244458860411644		0.23378798647522928		0.46757597295045855
1110		19.65004759997828		0.8926089406013489		1.22531913074255		0.10665763758420944		0.2133152751684189
1111		19.513573364005424		0.8948875069618225		1.2356847312140464		0.10693948730528355		0.2138789746105671
1112		19.669479845964815		0.8911958932876587		1.2280145514941216		0.08899538364112378		0.17799076728224755
1113		19.49121049203677		0.8287496566772461		1.18940380726099		0.0829718844652176		0.1659437689304352
1114		19.319513284019195		0.9256933927536011		1.2604837074637414		0.1520813730895519		0.3041627461791038
1115		19.42699398699915		0.9136507511138916		1.2538695903086663		0.08259135076999664		0.1651827015399933
1116		19.7120530900429		0.8648882508277893		1.2162029126739502		0.1748089445412159		0.3496178890824318
1117		19.42546873597894		0.8940133452415466		1.2392512312722206		0.0829130635380745		0.165826127076149
1118		19.253401408030186		0.8728452324867249		1.2174929344892502		0.14984106637835504		0.2996821327567101
1119		19.312111701001413		0.8833969235420227		1.2300501763153076		0.12000130385160446		0.24000260770320891
1120		19.347589279990643		0.8722776174545288		1.2168728640651703		0.08338020694553852		0.16676041389107704
1121		19.706413787964266		0.8849064111709595		1.2282522506284714		0.08145529702603817		0.16291059405207634
1122		19.50126355496468		0.8902344107627869		1.228536838784218		0.0812090091496706		0.1624180182993412
1123		19.412384718016256		0.8906316757202148		1.23285661182642		0.3057224517583847		0.6114449035167694
1124		19.47648345498601		0.8791335225105286		1.2198124089694022		0.08627509493231773		0.17255018986463547
1125		19.3667947469512		0.8734126091003418		1.2152706179404258		0.08379625370800495		0.1675925074160099
1126		19.534273976983968		0.8954749703407288		1.2361877997088433		0.13343269087076187		0.26686538174152374
1127		19.387583189003635		0.8552621603012085		1.2117920751476288		0.08112712257802486		0.16225424515604972
1128		19.56187986797886		0.8520169258117676		1.204437164888382		0.08071902621686458		0.16143805243372916
1129		19.400819859991316		0.8907435536384583		1.2317141731190682		0.12613944088816642		0.25227888177633284
1130		19.18259371095337		0.8916764855384827		1.2322022906017303		0.11583390790820122		0.23166781581640244
1131		19.169320617977064		0.8745477795600891		1.2218309610295295		0.08240438700616359		0.16480877401232719
1132		19.64232996699866		0.900353729724884		1.2353409952306746		0.1121241918683052		0.2242483837366104
1133		19.327537879988085		0.8709908127784729		1.2113088433670998		0.0817579693377018		0.1635159386754036
1134		19.27311812399421		0.8741996884346008		1.219032891418934		0.08988231139183045		0.1797646227836609
1135		19.230740372964647		0.87851881980896		1.220693566739559		0.20028304197192193		0.40056608394384385
1136		19.595628790964838		0.8585513830184937		1.2091359320545196		0.0833376047283411		0.1666752094566822
1137		19.27543948404491		0.8483708500862122		1.2039813518452644		0.09107510371506214		0.18215020743012428
1138		19.410607409023214		0.8860116004943848		1.2246179312896728		0.1573239525079727		0.3146479050159454
1139		19.410550610045902		0.8632954359054565		1.209788289234638		0.08189296788871288		0.16378593577742576
1140		19.443887108995114		0.8411499857902527		1.193045557911396		0.07999490208029747		0.15998980416059494
1141		19.589352478971705		0.8798490166664124		1.2243836775922776		0.08827555902004242		0.17655111804008483
1142		19.361918531998526		0.872882068157196		1.229445121998787		0.13050871903896333		0.26101743807792666
1143		19.350996174034663		0.8690890669822693		1.2110997112059594		0.08070618348121643		0.16141236696243286
1144		19.656535681977402		0.8602158427238464		1.205568095548153		0.16559673177599907		0.33119346355199814
1145		19.502787860052194		0.8544517755508423		1.2006159566450119		0.08734913930594922		0.17469827861189843
1146		19.38884033804061		0.8568722605705261		1.205336729309559		0.09467001934349537		0.18934003868699073
1147		19.271659874997567		0.8837493658065796		1.2246256408071519		0.08659699060022831		0.17319398120045662
1148		19.782719135051593		0.8758873343467712		1.2276052625226974		0.09680321863293648		0.19360643726587295
1149		19.542080874962267		0.8168920874595642		1.177996802766323		0.13170600780248642		0.26341201560497285
1150		19.43968714302173		0.856803834438324		1.2087168508315087		0.08590974024534226		0.17181948049068452
1151		19.500731344043743		0.8271084427833557		1.1901094190263748		0.18593306047916414		0.3718661209583283
1152		19.708945789025165		0.8281387090682983		1.1910611447763444		0.07918339729607106		0.15836679459214212
1153		19.23160659795394		0.8534266352653503		1.2029146560621262		0.1162646430671215		0.232529286134243
1154		19.23048434301745		0.8314681649208069		1.1889822672510146		0.1236602084338665		0.247320416867733
1155		19.384371643012855		0.8501790165901184		1.1999249774754048		0.13145439040660858		0.26290878081321717
1156		19.549082570010796		0.8692429661750793		1.2118329377698898		0.08157858535945416		0.1631571707189083
1157		19.303259469976183		0.8826640248298645		1.2243714871692657		0.09267034345567227		0.18534068691134453
1158		19.265325032989495		0.8368763327598572		1.1952560779690742		0.08365991196334362		0.16731982392668723
1159		19.427043852978386		0.814980149269104		1.177959128985405		0.08565382206737995		0.1713076441347599
1160		19.70034277800005		0.8133198022842407		1.1743135685801507		0.08030407027006149		0.16060814054012298
1161		19.43915345700225		0.8709080219268799		1.2195945636868477		0.08017740075588227		0.16035480151176454
1162		19.368578983994666		0.8488878011703491		1.1964498670864105		0.07978078479766845		0.1595615695953369
1163		19.18060872599017		0.8662320971488953		1.2196897395253181		0.11060861767232417		0.22121723534464835
1164		19.58259781904053		0.8395307064056396		1.192246204202175		0.10686607314944267		0.21373214629888534
1165		19.520235203031916		0.8612002730369568		1.222706848025322		0.09249504973590374		0.18499009947180747
1166		19.555863239977043		0.8471128940582275		1.1943385342931747		0.14780222861766815		0.2956044572353363
1167		19.47058844799176		0.8299998044967651		1.184286849141121		0.1028750289797783		0.2057500579595566
1168		19.70894182799384		0.8402891755104065		1.1935328069877624		0.07903267991244793		0.15806535982489586
1169		19.417268352990504		0.8416090607643127		1.1961143966293335		0.08288066001236438		0.16576132002472876
1170		19.380875443981495		0.8601562976837158		1.2071555679130554		0.07946451780796052		0.15892903561592103
1171		19.46004975703545		0.8004409670829773		1.1666715854978562		0.08045393424332142		0.16090786848664285
1172		19.57221071398817		0.8409836292266846		1.1967808953797818		0.0813237019777298		0.1626474039554596
1173		19.341688004962634		0.8417672514915466		1.1918631919765472		0.07890798836052418		0.15781597672104836
1174		19.18796221597586		0.8338829278945923		1.1915764814710617		0.1533108398258686		0.3066216796517372
1175		19.453459151030984		0.8427805304527283		1.19409926394701		0.08032460663616657		0.16064921327233314
1176		19.447954198985826		0.8303572535514832		1.19214647813797		0.08168129245340824		0.1633625849068165
1177		19.348509130009916		0.8254702091217041		1.1779733906650542		0.08237207713723183		0.16474415427446365
1178		19.313913454010617		0.7986240983009338		1.169892131061554		0.07913973535001279		0.15827947070002557
1179		19.557664886990096		0.8497098088264465		1.2027940159654618		0.07941761461496354		0.15883522922992707
1180		19.66080580401467		0.828936755657196		1.1838316560339928		0.08303477371633053		0.16606954743266106
1181		19.244671366002876		0.8533377647399902		1.2023007609200478		0.08710627655386925		0.1742125531077385
1182		19.33598366996739		0.8306901454925537		1.1846138344335555		0.10431454566717148		0.20862909133434296
1183		19.350440979993436		0.8296326994895935		1.1836961494898797		0.07865172281265259		0.15730344562530518
1184		19.565303465991747		0.8348433375358582		1.1935796987867355		0.08506467490196228		0.17012934980392455
1185		19.166675904998556		0.8240591883659363		1.1819252059054375		0.07926438363194466		0.15852876726388931
1186		19.112518410023768		0.8283594250679016		1.1839592560386658		0.0804672752827406		0.1609345505654812
1187		19.437322748999577		0.8315830230712891		1.18668379809618		0.09055964713394642		0.18111929426789283
1188		19.53900072001852		0.8317745923995972		1.1901151725673675		0.0823775468736887		0.1647550937473774
1189		19.36327881604666		0.8363941311836243		1.1881537492084504		0.11704738374352455		0.2340947674870491
1190		19.449067157984246		0.8299331665039062		1.183368642361164		0.08595650548040867		0.17191301096081735
1191		19.69065993296681		0.8223581910133362		1.1859085580301285		0.08601972230672836		0.17203944461345672
1192		19.263843111984897		0.8960343599319458		1.24070960657835		0.08005713558495045		0.1601142711699009
1193		19.289948980964255		0.8221144080162048		1.1742930975246428		0.09236716580092907		0.18473433160185815
1194		19.250093388021924		0.8230096697807312		1.1814228136181832		0.07937754327058792		0.15875508654117584
1195		19.592390484991483		0.8348867893218994		1.1903193300199508		0.07902093500196934		0.15804187000393868
1196		19.278158823028207		0.8165948987007141		1.18206494764328		0.09879955311417579		0.19759910622835158
1197		19.199646873981692		0.8123843669891357		1.176001968472004		0.07876718541681767		0.15753437083363533
1198		19.48348100297153		0.8014116883277893		1.1639305881357194		0.0848372763723135		0.169674552744627
1199		19.68479735503206		0.8413453102111816		1.1997175467586518		0.08371063129305839		0.16742126258611678
1200		19.670816403988283		0.8455508351325989		1.1978076985692978		0.08995782079398632		0.17991564158797263
1201		19.367171312042046		0.8367170691490173		1.192484817724228		0.0787010865330696		0.1574021730661392
1202		19.327465789974667		0.8241876363754272		1.1828720718717576		0.08492893062531948		0.16985786125063895
1203		19.64025101601146		0.8145367503166199		1.173252350051403		0.09856951655447484		0.19713903310894967
1204		19.51037583698053		0.8233081698417664		1.1809061883640288		0.21818478379249573		0.43636956758499146
1205		19.29705657402519		0.7963140606880188		1.1561453581678867		0.10052213549017906		0.20104427098035813
1206		19.28938235004898		0.8290626406669617		1.1852457072091103		0.170481315022707		0.340962630045414
1207		19.692893918021582		0.8182663321495056		1.1828546761989593		0.07839968252778053		0.15679936505556105
1208		19.471212105010636		0.8180788159370422		1.1723672513604164		0.08102650790512562		0.16205301581025125
1209		19.379607140028384		0.8310100436210632		1.188835771164894		0.09461352470517158		0.18922704941034316
1210		19.517100390978158		0.8112449645996094		1.1736477994203567		0.07847666102051735		0.1569533220410347
1211		19.80931188300019		0.8066290616989136		1.1691643054628371		0.07841662683188916		0.15683325366377832
1212		19.32611215102952		0.8263213038444519		1.183451854314804		0.07834719419181346		0.15669438838362693
1213		19.414138621999882		0.8059892058372498		1.1642095639038086		0.07921125337183475		0.1584225067436695
1214		19.49247091601137		0.8000236749649048		1.1628168814754487		0.1299468299627304		0.2598936599254608
1215		19.490970161976293		0.8163715600967407		1.1774624732899666		0.08224801357984543		0.16449602715969086
1216		19.389738039986696		0.8524779677391052		1.2042292518782616		0.09605721237063408		0.19211442474126816
1217		19.37190999800805		0.8089568018913269		1.173180439686775		0.07839267095327378		0.15678534190654755
1218		19.484365199983586		0.8165194988250732		1.174337847480774		0.0915842783153057		0.1831685566306114
1219		19.771368196990807		0.8290201425552368		1.1822789556145668		0.07858963813483714		0.1571792762696743
1220		19.521755138004664		0.8098133206367493		1.1707531959974766		0.08106340699493884		0.1621268139898777
1221		19.447290061973035		0.8109821081161499		1.169923439719677		0.12772988669276236		0.2554597733855247
1222		19.431057834008243		0.8127419352531433		1.1735024985659122		0.09167232220470906		0.1833446444094181
1223		19.597385602013674		0.790934145450592		1.1560787207102776		0.07987370261847973		0.15974740523695946
1224		19.49227404402336		0.8097227215766907		1.1699593691205978		0.07812636226117611		0.15625272452235223
1225		19.44323869002983		0.8108808994293213		1.1717261678028106		0.10743040637075901		0.21486081274151803
1226		19.32131638698047		0.809259831905365		1.1707904837989807		0.09734833809137344		0.1946966761827469
1227		19.570755135966465		0.8083855509757996		1.167757417984009		0.08140012402832508		0.16280024805665017
1228		19.42463779001264		0.8104909658432007		1.1705611325335503		0.07869965106844902		0.15739930213689804
1229		19.462523827969562		0.8049787282943726		1.1634117925524712		0.07765621755123138		0.15531243510246276
1230		19.51098132599145		0.8220251202583313		1.1783964606022834		0.1004159891217947		0.2008319782435894
1231		19.41235230502207		0.7974138259887695		1.1625504573059082		0.07778080071508885		0.1555616014301777
1232		19.16970875003608		0.7988294363021851		1.1673638009357452		0.07841258096098899		0.15682516192197798
1233		19.231705385027453		0.8044474124908447		1.1623322162723542		0.07772248600423336		0.15544497200846671
1234		19.690790553984698		0.7897700667381287		1.1547204304265977		0.07880823971629143		0.15761647943258286
1235		19.470260812027846		0.8152819275856018		1.1731839022779464		0.0779621164739132		0.1559242329478264
1236		19.367098566959612		0.8293126225471497		1.1843316775488852		0.08283193213641643		0.16566386427283286
1237		19.21443193498999		0.7946487069129944		1.164173566608429		0.08432133359014989		0.16864266718029977
1238		19.61235625698464		0.8120283484458923		1.1759767954969407		0.07769676846563817		0.15539353693127633
1239		19.767988585983403		0.7926507592201233		1.154035670862198		0.07738308031558991		0.15476616063117982
1240		19.476669251977		0.8057692646980286		1.166667295024395		0.08229230212271213		0.16458460424542426
1241		19.300798054027837		0.8033536672592163		1.1641394930791855		0.08159742373824119		0.16319484747648239
1242		19.3851624270319		0.7937924861907959		1.156052095489502		0.0809529791533947		0.1619059583067894
1243		19.573557491996326		0.8018298149108887		1.1622938144493102		0.07782952539622784		0.15565905079245568
1244		19.246066724997945		0.7899901270866394		1.152780301682949		0.0866795716047287		0.1733591432094574
1245		19.206551365030464		0.8092687129974365		1.1682927734065056		0.08028954616189003		0.16057909232378006
1246		19.503566811035853		0.7986100316047668		1.1598385242772102		0.07712317906320094		0.1542463581264019
1247		19.45294363301946		0.8032158613204956		1.1705237552070618		0.07757357415258885		0.1551471483051777
1248		19.19954921497265		0.8168576955795288		1.174591752667427		0.07825753173530102		0.15651506347060204
1249		19.398673059011344		0.8032184839248657		1.1605454507088662		0.08086255574524402		0.16172511149048804
1250		19.26517852197867		0.8140157461166382		1.1718737724542618		0.08278584915399552		0.16557169830799104
1251		19.32999356201617		0.793936550617218		1.1565936965537071		0.08986203613877296		0.17972407227754592
1252		19.332380503008608		0.7828061580657959		1.1505938592624665		0.07789048444628716		0.1557809688925743
1253		20.008444613951724		0.8184888362884521		1.17780132655859		0.07790339514017106		0.1558067902803421
1254		20.650882437010296		0.7846623063087463		1.1514665235590935		0.07732143241167068		0.15464286482334136
1255		19.86959812499117		0.7944173216819763		1.1543184093379975		0.07820134818255901		0.15640269636511803
1256		19.555295736994594		0.7999911308288574		1.1590072582125663		0.07820053787231446		0.15640107574462891
1257		19.48191178101115		0.8207505345344543		1.1753953407645226		0.07854124638736248		0.15708249277472497
1258		19.33438426500652		0.7896727919578552		1.1554088531064988		0.08754665428698064		0.17509330857396127
1259		19.437571504036896		0.789950966835022		1.148117532427311		0.07706086743474007		0.15412173486948014
1260		19.459369915013667		0.7929355502128601		1.1583737023735046		0.07891548274755478		0.15783096549510955
1261		19.438575902953744		0.7966587543487549		1.1632284522724152		0.07950215593874455		0.1590043118774891
1262		19.36169044399867		0.781276524066925		1.149225237598419		0.10252000708580017		0.20504001417160034
1263		19.260802799020894		0.7870748043060303		1.1504099757838249		0.07716632046103478		0.15433264092206955
1264		19.761350893008057		0.7889577746391296		1.154129556632042		0.07703407652080059		0.15406815304160118
1265		19.252652936964296		0.7898731827735901		1.1550346333241464		0.07845605241656303		0.15691210483312606
1266		19.263288092974108		0.7828606963157654		1.1502379265975953		0.07717295254766941		0.15434590509533883
1267		19.170258090016432		0.7946858406066895		1.1591132596111298		0.09153210500478745		0.1830642100095749
1268		19.8021494380082		0.7853682041168213		1.1448191484546661		0.07676035466194153		0.15352070932388306
1269		19.419730902009178		0.7897130250930786		1.1505146296334268		0.07676526092290878		0.15353052184581756
1270		19.520571072993334		0.7929033637046814		1.1562626561427116		0.13550202232897282		0.27100404465794564
1271		19.329808110021986		0.7951825857162476		1.1511188552331924		0.0782600415289402		0.1565200830578804
1272		19.729674298025202		0.7968372702598572		1.1569083228325845		0.07808352088332177		0.15616704176664353
1273		19.411927040026058		0.7804560661315918		1.144256248459816		0.07688546758592128		0.15377093517184257
1274		19.27139727701433		0.7836193442344666		1.1431734020113944		0.07671136299669742		0.15342272599339485
1275		19.41522275999887		0.7908929586410522		1.1571854757380486		0.07866075639426708		0.15732151278853415
1276		19.51813729101559		0.7792742848396301		1.1430144164323808		0.07943733431696892		0.15887466863393784
1277		19.502479212009348		0.7882815599441528		1.1512716607761384		0.07720206887423992		0.15440413774847983
1278		19.226193321985193		0.8094455003738403		1.167808025226593		0.07710416671037675		0.1542083334207535
1279		19.501629016012885		0.7868644595146179		1.1478738992977142		0.09244380699694156		0.18488761399388312
1280		19.349701834958978		0.7911129593849182		1.1538223326218129		0.0769184987783432		0.1538369975566864
1281		19.551893519994337		0.7889329195022583		1.1495585304224492		0.112755443161726		0.225510886323452
1282		19.132251822040416		0.7804644107818604		1.1469418009638785		0.07683619657158852		0.15367239314317704
1283		19.084858822985552		0.788684070110321		1.1561805507588387		0.0771627348124981		0.1543254696249962
1284		19.202885483042337		0.7839192748069763		1.1462150179505348		0.07683322623074054		0.15366645246148108
1285		19.630619889998343		0.781544029712677		1.1411384387874604		0.07662094517350197		0.15324189034700395
1286		19.48885899799643		0.7828248143196106		1.146112140688896		0.08022793239951134		0.16045586479902268
1287		19.473923876998015		0.7907405495643616		1.1528473927462102		0.08712645100653171		0.17425290201306343
1288		19.659479775989894		0.785176694393158		1.1493949998235702		0.078538395601511		0.157076791203022
1289		19.616087111993693		0.7904881238937378		1.1474681601715089		0.08689047878086567		0.17378095756173134
1290		19.53558504098328		0.7781277298927307		1.1452422860765457		0.07871711272895336		0.15743422545790672
1291		19.527972066018265		0.7782652974128723		1.1431015967297553		0.07654215939939021		0.15308431879878043
1292		19.659438780043274		0.778717041015625		1.142647127456665		0.07659265159666538		0.15318530319333076
1293		19.43916279496625		0.7962012887001038		1.1531557314944267		0.11519847435355186		0.23039694870710373
1294		19.45642843301175		0.7802430391311646		1.1449697870004176		0.08231764163374901		0.16463528326749802
1295		19.328447157051414		0.7881779670715332		1.1517877548706532		0.09445143765807151		0.18890287531614303
1296		19.582615347986575		0.7770584225654602		1.1389614301896096		0.07677914688587188		0.15355829377174376
1297		19.871928491978906		0.7749879360198975		1.1396601335525514		0.07629108174443244		0.15258216348886489
1298		19.65148047101684		0.7791994214057922		1.1419178085255624		0.07640886453390121		0.15281772906780242
1299		19.371890529000666		0.7783106565475464		1.147495057182312		0.07705069609880448		0.15410139219760896
1300		19.352461692004		0.7743164896965027		1.1408442466068267		0.07816259497404099		0.15632518994808198
1301		19.595493339991663		0.7791770100593567		1.1399747634720803		0.07632650234997272		0.15265300469994544
1302		19.494889531983063		0.779301643371582		1.1452446344184875		0.08334283031523228		0.16668566063046455
1303		19.50182726199273		0.783152163028717		1.1470301272392274		0.07637418185770511		0.15274836371541023
1304		19.380727336043492		0.7881119251251221		1.1498516144442559		0.07686650567650795		0.1537330113530159
1305		19.53111263003666		0.7683232426643372		1.1316838873064519		0.08586297645270824		0.17172595290541648
1306		19.315293807012495		0.7758819460868835		1.1422528824090958		0.07628765887618065		0.1525753177523613
1307		19.346891268040054		0.7808676958084106		1.1390312796080113		0.07635151446163654		0.1527030289232731
1308		19.265946930041537		0.7792599201202393		1.1394033031976223		0.07686635866761207		0.15373271733522414
1309		19.816877230943646		0.7754884958267212		1.1406084919905664		0.07712146301865577		0.15424292603731155
1310		19.344140845001675		0.7831165194511414		1.1434837645673752		0.07643709025681018		0.15287418051362037
1311		19.149321154050995		0.7693315148353577		1.1321957181715965		0.0763712698072195		0.152742539614439
1312		19.326640152954496		0.7736996412277222		1.1358563061285019		0.08181239699721336		0.16362479399442673
1313		19.626287002000026		0.771876871585846		1.1349015148735047		0.07625511655807495		0.1525102331161499
1314		19.300871572981123		0.7714251279830933		1.1336081674408913		0.07671414488554001		0.15342828977108003
1315		19.194476461969316		0.7797925472259521		1.145129398009777		0.07679112944602966		0.15358225889205931
1316		19.35855442599859		0.7747920751571655		1.1397540251708032		0.07695436949133873		0.15390873898267746
1317		19.3662746049813		0.7775269150733948		1.138192144794464		0.07738350466489792		0.15476700932979584
1318		19.852569431008305		0.7728363275527954		1.1361611443138122		0.0762260281831026		0.1524520563662052
1319		19.659594941011164		0.7693135142326355		1.1329640154612064		0.07652381492555141		0.15304762985110282
1320		19.34135206299834		0.7711478471755981		1.1363198941206931		0.07607321540415286		0.15214643080830573
1321		19.369285100954585		0.788016676902771		1.1473084785318375		0.07599915142655372		0.15199830285310745
1322		19.742171555990353		0.7754678726196289		1.1381490573048592		0.0760209253102541		0.1520418506205082
1323		19.29740356997354		0.7683430910110474		1.1312144548535348		0.07610199349820614		0.15220398699641227
1324		19.26573040598305		0.7730873227119446		1.1318473098063468		0.07599057593047619		0.15198115186095237
1325		19.69497879303526		0.7812250852584839		1.1420944419336319		0.07590890331566334		0.15181780663132668
1326		19.496311423019506		0.773540198802948		1.136172323141098		0.07601675815284252		0.15203351630568504
1327		19.258507072983775		0.7741844058036804		1.134210266981125		0.09340558937489986		0.18681117874979972
1328		19.428089564025868		0.7699693441390991		1.1341164834547044		0.0809028325766325		0.161805665153265
1329		19.709998990001623		0.770628809928894		1.1347780384421349		0.07592388891279697		0.15184777782559394
1330		19.559705914987717		0.7717323899269104		1.1332706096482277		0.08128152965009212		0.16256305930018425
1331		19.39828700601356		0.7699682712554932		1.1315329183840752		0.08394405817985534		0.16788811635971068
1332		19.26127168396488		0.7654086351394653		1.1326366108250618		0.07957728296518325		0.1591545659303665
1333		19.605511504982132		0.769966721534729		1.1315044374012948		0.07621663706600666		0.15243327413201332
1334		19.458826905989554		0.7732653617858887		1.131758115208149		0.07612817716300488		0.15225635432600976
1335		19.46517241402762		0.7725313901901245		1.1323859620594978		0.07608412698209285		0.1521682539641857
1336		19.50975806900533		0.7684538960456848		1.1282540022349357		0.07647327274382114		0.15294654548764228
1337		19.68589238601271		0.7693296074867249		1.1307230248427391		0.09484021727740764		0.18968043455481529
1338		19.47984295000788		0.7683489918708801		1.1315122391223909		0.07596473399698735		0.1519294679939747
1339		19.19363534799777		0.7749772667884827		1.1349255202257633		0.07586704714298248		0.15173409428596496
1340		19.200806647946592		0.7681984305381775		1.1312905022764206		0.0758532969981432		0.1517065939962864
1341		19.258787611033767		0.7661435604095459		1.1289991034030915		0.0810246095329523		0.1620492190659046
1342		19.584639419044834		0.7693565487861633		1.1316830202317238		0.08059923661053181		0.16119847322106362
1343		19.351032242993824		0.7678691744804382		1.1312950593173503		0.07822682586312293		0.15645365172624587
1344		19.27098330500303		0.7677092552185059		1.130203260614872		0.0776256873100996		0.1552513746201992
1345		19.150063435023185		0.7751011252403259		1.1345901448702813		0.07664754472970962		0.15329508945941925
1346		19.611245310050435		0.7648117542266846		1.127112416369915		0.07576601417660714		0.15153202835321428
1347		19.48373844695743		0.7678539752960205		1.1324167518007755		0.07579620108306408		0.15159240216612815
1348		19.216249970020726		0.7690746188163757		1.131507737853527		0.0756638168334961		0.1513276336669922
1349		19.215453012031503		0.7665104269981384		1.1272886250543594		0.0757455364882946		0.1514910729765892
1350		19.326600535947364		0.7699260115623474		1.1308393128108978		0.07908948086798191		0.15817896173596382
1351		19.211804960039444		0.7638506889343262		1.1279789725804328		0.0758681710422039		0.1517363420844078
1352		19.33927562198369		0.7735661268234253		1.134706270198822		0.08532673943042755		0.1706534788608551
1353		19.522575228009373		0.7668965458869934		1.1280815383815765		0.07797162061929702		0.15594324123859404
1354		19.44342897302704		0.768149733543396		1.1304571912407875		0.07607517272531986		0.1521503454506397
1355		19.21035656699678		0.7687320113182068		1.1294933374738694		0.07570204417407513		0.15140408834815025
1356		19.286611602001358		0.7655125856399536		1.1266800881659984		0.07589744159579277		0.15179488319158554
1357		19.65639174100943		0.7732210159301758		1.1352768807029725		0.07570975017249584		0.1514195003449917
1358		19.843038834049366		0.7677305340766907		1.1259059978055954		0.07597704365849495		0.1519540873169899
1359		19.49494849401526		0.7642775774002075		1.1249563235855102		0.07561049236953259		0.15122098473906517
1360		19.125238404027186		0.7714341878890991		1.133187772781849		0.07601672959923744		0.15203345919847489
1361		19.21492901298916		0.768144965171814		1.125089404760599		0.0758285714507103		0.1516571429014206
1362		19.63935655396199		0.7695426344871521		1.1290943368792534		0.07988827805221081		0.15977655610442162
1363		19.57792112696916		0.7630531191825867		1.1268936142504216		0.07709994095563888		0.15419988191127776
1364		19.429188787995372		0.7634152173995972		1.1256811806738376		0.07560739416778088		0.15121478833556176
1365		19.473029955057427		0.7664902806282043		1.1286218318915366		0.07560541786253452		0.15121083572506905
1366		19.072657380020246		0.7647844552993774		1.123683115799427		0.07579410420656205		0.1515882084131241
1367		19.19971739599714		0.7628735899925232		1.1234346430706978		0.07557323671281338		0.15114647342562676
1368		19.426133920962457		0.7678999900817871		1.1285820354151725		0.07550219100117683		0.15100438200235367
1369		19.294357692007907		0.7639843821525574		1.1250540021777153		0.07600774973928928		0.15201549947857856
1370		19.133660909021273		0.7634254693984985		1.126564976861477		0.07576666928827763		0.15153333857655527
1371		19.096942655043676		0.7629330158233643		1.124602860223055		0.07602114613056182		0.15204229226112365
1372		19.378706391027663		0.7651309967041016		1.1266684258961677		0.07564405486285687		0.15128810972571374
1373		19.291438282001764		0.7663934230804443		1.1247444317364692		0.07548944665193558		0.15097889330387115
1374		19.36924078699667		0.7618312239646912		1.1230232149124146		0.0757776672154665		0.151555334430933
1375		20.31342856399715		0.7665325403213501		1.1289473661136626		0.07563625050485134		0.1512725010097027
1376		20.667762088007294		0.7622004747390747		1.1228569716906547		0.0755468507707119		0.1510937015414238
1377		19.45445431797998		0.7620831727981567		1.1218064996528625		0.07569543440639973		0.15139086881279945
1378		19.093082692997996		0.7661489844322205		1.1275279380130767		0.07577526105940342		0.15155052211880685
1379		19.053626961016562		0.7638902068138123		1.1252898456358909		0.07588370491266251		0.15176740982532502
1380		19.2890277710394		0.7632139921188354		1.1247464901089668		0.07558114512860775		0.1511622902572155
1381		19.145693424972706		0.764373242855072		1.1233529287564754		0.07570257370471954		0.15140514740943908
1382		19.067392135038972		0.7641624212265015		1.1238959633135797		0.07556873326003552		0.15113746652007104
1383		19.281244524987414		0.7672044634819031		1.126634506738186		0.07551420099139214		0.15102840198278428
1384		19.220230259990785		0.7585585117340088		1.1201448445796967		0.07600888447761536		0.15201776895523073
1385		20.6459020889597		0.7620831727981567		1.1227174314153194		0.07541758255660534		0.15083516511321068
1386		20.813701478997245		0.7636923789978027		1.1256798833870887		0.07564576702415943		0.15129153404831885
1387		19.38032448600279		0.7602345943450928		1.119994032572508		0.07849483911991119		0.15698967823982238
1388		19.28888269298477		0.7604287266731262		1.124476477355957		0.07535677720308304		0.15071355440616607
1389		19.140118265000638		0.7646726369857788		1.122629038157463		0.07538205866217614		0.15076411732435227
1390		19.297509252035525		0.7614399194717407		1.120251715375185		0.07545814306139946		0.15091628612279892
1391		19.93389477900928		0.7650513648986816		1.1242865284323693		0.07659015964269639		0.15318031928539277
1392		20.823204130050726		0.7606703042984009		1.123899878771305		0.07537323743700981		0.15074647487401963
1393		20.061560611997265		0.7635496854782104		1.1232473401832581		0.07537325865626335		0.1507465173125267
1394		19.586403738008812		0.762398362159729		1.1220204113268852		0.07536471287608147		0.15072942575216294
1395		19.376436080026906		0.7646085619926453		1.1247977605009079		0.07533639664053916		0.15067279328107833
1396		19.306785524007864		0.7622950673103333		1.1224655164289474		0.07541810698509216		0.15083621397018432
1397		19.30763921700418		0.7628421783447266		1.121423885461092		0.07543415984213352		0.15086831968426703
1398		19.701040946994908		0.7648094296455383		1.1219344102859496		0.07534035274088383		0.15068070548176765
1399		19.428207557008136		0.7631762027740479		1.1213464709055423		0.07535757162570954		0.15071514325141908
1400		19.151016418996733		0.762814462184906		1.1242997662997245		0.07534400821328163		0.15068801642656326
1401		19.568043813982513		0.7633330821990967		1.1219198440682887		0.07532073347866536		0.15064146695733072
1402		19.4304975529667		0.7637898921966553		1.1247154994618893		0.086028670540452		0.172057341080904
1403		19.37787514302181		0.7607325315475464		1.1212544860708713		0.0761788089454174		0.1523576178908348
1404		19.339272061013617		0.7627866864204407		1.1211892785859108		0.07533820130527019		0.15067640261054038
1405		19.570894555014092		0.761479914188385		1.1215720688772202		0.07538388384580612		0.15076776769161224
1406		19.271507825003937		0.7625434994697571		1.1251083214592934		0.07531005875170231		0.15062011750340462
1407		19.230048527999315		0.7662345170974731		1.1241952177500725		0.07529784319996834		0.15059568639993667
1408		19.420330961991567		0.7593511343002319		1.1183537271523476		0.07525328159928321		0.15050656319856642
1409		19.442649028031155		0.7624324560165405		1.1208018295943738		0.07526352887749672		0.15052705775499345
1410		19.48510184395127		0.7640442848205566		1.1200690912735463		0.07549263093173504		0.15098526186347008
1411		19.204375308007002		0.7607308626174927		1.1195590241026878		0.07532308049798012		0.15064616099596023
1412		19.3507428530138		0.7663198113441467		1.1232331760549545		0.07568657415509224		0.15137314831018447
1413		19.84768291999353		0.7617447376251221		1.1170898896515369		0.07545319099426269		0.15090638198852538
1414		19.650934941950254		0.760395348072052		1.120319827132225		0.07534144003987313		0.15068288007974626
1415		19.370912390993908		0.759709358215332		1.1206589189231395		0.07533939979076386		0.15067879958152772
1416		19.554170849034563		0.7631708383560181		1.121322182981968		0.07613273249268532		0.15226546498537064
1417		19.99511880497448		0.7607725858688354		1.1192009820139408		0.0752862828463316		0.1505725656926632
1418		19.352359498036094		0.7623645663261414		1.1213576161336898		0.07531575503349304		0.15063151006698608
1419		19.45071940397611		0.7610160708427429		1.119849494225979		0.07527432794868946		0.15054865589737892
1420		19.77344976400491		0.7603785991668701		1.1215076606786252		0.07525857473313809		0.15051714946627617
1421		19.653657769958954		0.7588945627212524		1.119150610086918		0.07523431256711482		0.15046862513422965
1422		19.440211516979616		0.761695921421051		1.1180863089108468		0.07541696736216545		0.1508339347243309
1423		19.18575934803812		0.7630195021629333		1.1196386348986627		0.07524032855331898		0.15048065710663797
1424		19.647080624010414		0.7614057064056396		1.1209257056176662		0.07521283581256867		0.15042567162513734
1425		19.125030955008697		0.7604842782020569		1.1192505458021165		0.07526147323846817		0.15052294647693634
1426		19.37039477704093		0.7597060799598694		1.120762256964445		0.07520450385212898		0.15040900770425797
1427		19.511980377021246		0.7595293521881104		1.119598804639578		0.07529211704432964		0.15058423408865929
1428		19.508952976029832		0.7600531578063965		1.117439863883257		0.07524826418757438		0.15049652837514876
1429		19.41295402200194		0.7602672576904297		1.1172833280324936		0.07525208339691163		0.15050416679382325
1430		19.345893494959455		0.7617582678794861		1.120148503370285		0.0752380398094654		0.1504760796189308
1431		19.634808593953494		0.7622941136360168		1.1200350034570694		0.07521415611803532		0.15042831223607064
1432		19.864225446013734		0.761062741279602		1.1167475613451003		0.07519786119163037		0.15039572238326074
1433		19.459937059960794		0.7600846886634827		1.1194448387479783		0.07519540985822677		0.15039081971645354
1434		19.36876308103092		0.7616275548934937		1.120639222998619		0.07543532447516918		0.15087064895033836
1435		19.52530737099005		0.7602061629295349		1.118467788182497		0.0751735844194889		0.1503471688389778
1436		19.450742048968095		0.7619180083274841		1.1193093459081649		0.07518636209368705		0.1503727241873741
1437		19.455072639975697		0.7585696578025818		1.1188468640708924		0.07582225486934185		0.1516445097386837
1438		19.219893019006122		0.7614185810089111		1.1192289254283905		0.07578118182122708		0.15156236364245415
1439		19.57418591697933		0.7604843378067017		1.1176392797493935		0.0752100077688694		0.1504200155377388
1440		19.450501189974602		0.7605778574943542		1.1191981679797172		0.0751730768352747		0.1503461536705494
1441		19.364446563995443		0.7614938020706177		1.1190950735914706		0.0751640271127224		0.1503280542254448
1442		19.590722408960573		0.7625196576118469		1.1208890234470368		0.07514701780676841		0.15029403561353682
1443		19.480744584987406		0.7605971693992615		1.1196840649902822		0.07517914515435696		0.15035829030871392
1444		19.37867131503299		0.7616785168647766		1.1201128516578673		0.07515371904671192		0.15030743809342384
1445		19.35055969801033		0.7616026401519775		1.120310458022356		0.07516236323714257		0.15032472647428513
1446		19.515778650995344		0.7610591053962708		1.1186569180691242		0.07517090522646903		0.15034181045293807
1447		19.18793217104394		0.7598748803138733		1.1194528485131263		0.07516997366547584		0.15033994733095168
1448		19.118610514036845		0.7604707479476929		1.1197589656448363		0.07516129418909549		0.15032258837819099
1449		19.349993206968065		0.7624123096466064		1.118647986073494		0.07514222115278243		0.15028444230556487
1450		19.35526183201		0.7620484828948975		1.1186679218447209		0.07516781189143658		0.15033562378287316
1451		19.86665786500089		0.7610071897506714		1.1180938688111306		0.07516711222529411		0.15033422445058822
1452		19.60163604200352		0.7611410021781921		1.118781475340128		0.07516156809926033		0.15032313619852067
1453		19.494420788018033		0.7626166343688965		1.1191144920563698		0.07516942533850669		0.15033885067701339
1454		19.732232967042364		0.7597166895866394		1.11947058285594		0.075169136556983		0.150338273113966
1455		19.408672585966997		0.7608159780502319		1.1194222563791274		0.07516899605691434		0.15033799211382867
1456		19.573571142042056		0.7604503631591797		1.117132073123455		0.0751377616673708		0.1502755233347416
1457		19.44768722198205		0.7627192139625549		1.1215311866247655		0.07512884850800038		0.15025769701600075
1458		19.643261049001012		0.7592070698738098		1.1172005180466176		0.07516546980142594		0.15033093960285188
1459		19.259470248012803		0.7637597322463989		1.118662568540573		0.0751568406522274		0.1503136813044548
1460		19.645591759996023		0.75978022813797		1.1167638020706177		0.07517055542767048		0.15034111085534096
1461		19.84737411700189		0.7609111666679382		1.118843824017048		0.0751617505401373		0.1503235010802746
1462		19.587285248970147		0.7595366835594177		1.1170375260674954		0.07521469973623753		0.15042939947247505
1463		19.461451341980137		0.7615543007850647		1.119712495545149		0.07517602651417256		0.15035205302834512
1464		19.186636997037567		0.7592607736587524		1.116048857294321		0.07514664210379124		0.15029328420758248
1465		19.407501586014405		0.7616023421287537		1.1187833676195145		0.07514870653748512		0.15029741307497024
1466		19.419972069037613		0.7617552280426025		1.1179736228883266		0.07514406939148903		0.15028813878297806
1467		19.31548043602379		0.761519193649292		1.118055033185482		0.0751335382372141		0.1502670764744282
1468		19.389004303026013		0.7615352869033813		1.1182302608036996		0.07513249586522579		0.15026499173045157
1469		19.59232116903877		0.7622330188751221		1.11973825319767		0.07511966251730919		0.15023932503461837
1470		19.350821012980305		0.7612372636795044		1.119839486131668		0.07513698011338711		0.15027396022677422
1471		19.342401859990787		0.7616589665412903		1.1171817122602463		0.07513855024576187		0.15027710049152374
1472		19.52083248901181		0.7581072449684143		1.1178126172506808		0.0751338990598917		0.1502677981197834
1473		19.63162859895965		0.7642009258270264		1.1213011241543294		0.07513426029384136		0.15026852058768272
1474		19.38022308202926		0.7594504356384277		1.1173903015089035		0.07513646350800991		0.15027292701601982
1475		19.3038388559944		0.7624557018280029		1.1193604787313938		0.07512974977791309		0.15025949955582618
1476		19.698711258999538		0.7607905268669128		1.1179604373633862		0.0751317834764719		0.1502635669529438
1477		19.361631931969896		0.7632038593292236		1.1190676366758348		0.07513960631787776		0.15027921263575553
1478		19.408974658988882		0.7612413763999939		1.1194989268016815		0.07513198129236698		0.15026396258473396
1479		19.32020348700462		0.7625937461853027		1.1185826161265373		0.075134643766284		0.150269287532568
1480		19.663134250964504		0.7601730823516846		1.1180102770781517		0.07513178018033505		0.1502635603606701
1481		19.41670515300939		0.761538028717041		1.1205711630940438		0.07512659649848938		0.15025319299697876
1482		19.23289378301706		0.7619447708129883		1.11776488006711		0.07513515625596047		0.15027031251192094
1483		19.35409374104347		0.7631630897521973		1.1181159829115868		0.07513200034499168		0.15026400068998336
1484		19.48898098798236		0.7623094320297241		1.120663905748129		0.07513525412976742		0.15027050825953484
1485		19.390101432043593		0.7612774968147278		1.1170051148808002		0.07513622386157513		0.15027244772315027
1486		19.191551403026097		0.7587295174598694		1.1183470742523671		0.0751394427806139		0.1502788855612278
1487		19.25311910896562		0.7569984793663025		1.1158133307790756		0.07513107327520847		0.15026214655041695
1488		19.592107432021294		0.7602567672729492		1.1176450857579707		0.07513334455788136		0.1502666891157627
1489		19.251672926009633		0.7625904679298401		1.1216062484014033		0.07512992476820946		0.1502598495364189
1490		19.451314839010593		0.7611038684844971		1.118563342641592		0.07513186781108379		0.15026373562216758
1491		19.269831999961752		0.7624712586402893		1.11807447250247		0.07513166999816895		0.1502633399963379
1492		19.517312806041446		0.763447105884552		1.122846857483387		0.0751323011368513		0.1502646022737026
1493		19.289126235002186		0.7621147632598877		1.1197843401682377		0.0751333064287901		0.1502666128575802
1494		19.407689693034627		0.7595844268798828		1.1192562451648713		0.07513073773384094		0.15026147546768187
1495		19.64992135501234		0.758173406124115		1.1160465154790877		0.07513147884905338		0.15026295769810677
1496		19.34275237598922		0.7619252800941467		1.1180238385796546		0.07513203372359276		0.1502640674471855
1497		19.383980325015727		0.763140857219696		1.119066354830265		0.07513179112374782		0.15026358224749564
1498		19.29694972699508		0.7624046802520752		1.1216664417338371		0.07513188135027886		0.15026376270055772
1499		19.6497335479944		0.7630360722541809		1.1197237611413002		0.0751318902760744		0.1502637805521488