Epoch	Duration				Loss Step Train			Loss Full Train			Loss Step Test			Loss Full Test
0		21.167658879999976		23.0782413482666		23.442435463752748		3.7368081911087034		7.473616382217407
1		21.314240790999975		21.215917587280273		21.240677202415466		2.4223849338531496		4.844769867706299
2		21.968210597999928		17.074575424194336		17.45383055557251		1.2940039360046387		2.5880078720092774
3		21.860945389999983		14.806169509887695		14.950272743492127		1.6588061670303345		3.317612334060669
4		21.789053103000015		13.372623443603516		13.516040450515748		2.786436062049866		5.572872124099732
5		21.982491034999953		16.709339141845703		16.22849886604309		1.2385509506225585		2.477101901245117
6		21.900509887999988		11.849408149719238		11.839989663543701		2.0720244200706484		4.144048840141297
7		21.868670378000047		12.452986717224121		12.367425969581603		1.0031627883911134		2.006325576782227
8		21.99096525799996		11.711028099060059		11.20070298374176		1.0999135440826415		2.199827088165283
9		21.953664344999993		9.678146362304688		9.491675510444642		1.0303928733825685		2.060785746765137
10		21.996948884999938		16.746932983398438		16.099077601413725		1.124261839389801		2.248523678779602
11		21.861917844000004		14.317628860473633		14.059538400669098		1.0405906655311585		2.081181331062317
12		21.938735856999983		12.972393035888672		12.232784092311858		1.0275404296875		2.055080859375
13		21.97400220999998		14.320853233337402		13.119350846557618		1.0117282415390014		2.023456483078003
14		21.96383566899999		13.5335111618042		12.77122431411743		1.0230661584854126		2.046132316970825
15		22.007703170000013		13.75731086730957		12.764665666122436		0.9953077072143555		1.990615414428711
16		21.896256239999957		37.46974563598633		33.07725704284668		1.245003653049469		2.490007306098938
17		21.928072595999993		15.519588470458984		15.031057066326142		1.2090306183815003		2.4180612367630006
18		21.933607307999978		45.452308654785156		43.653203945922854		1.1386210596084594		2.2772421192169188
19		88.63961746199993		26.5523738861084		24.127336308631897		1.027885412311554		2.055770824623108
20		21.895055032000073		62.95344924926758		55.797939150848386		1.183093370246887		2.366186740493774
21		62.65565579400004		41.63554000854492		40.2255522101593		1.1137413727760315		2.227482745552063
22		21.622511651999957		39.851139068603516		36.99953178020477		1.3223789964675903		2.6447579929351805
23		21.88981997099995		85.92813873291016		77.43256124536514		1.1121974834442139		2.2243949668884277
24		21.874538780999956		114.2396240234375		99.98252341474533		0.9976248685836792		1.9952497371673583
25		21.911780473999897		88.37762451171875		77.48330660093308		1.0651859667778014		2.130371933555603
26		21.886577378000084		51.21166229248047		47.69587249435425		1.0348135929107667		2.0696271858215334
27		21.908398542999976		77.66046142578125		70.27659861553192		1.033638322544098		2.067276645088196
28		21.92944129899979		217.1421356201172		195.14463506866454		1.2074495092391968		2.4148990184783936
29		21.90836815600005		53.95109176635742		46.689837531909944		1.0073024194717408		2.0146048389434816
30		21.479508319999923		97.36592102050781		88.43103083454132		1.0370244431495665		2.074048886299133
31		21.965455046999978		290.4068908691406		257.07651527629855		1.0870569350242614		2.1741138700485227
32		21.96080169600009		112.90503692626953		103.36765243923188		1.0051212804794312		2.0102425609588623
33		21.899339688000055		78.60731506347656		70.70351087036133		1.2095204710960388		2.4190409421920775
34		21.881225653		302.7234191894531		291.21875027635576		1.0147153030395508		2.0294306060791016
35		21.964335553000183		128.4141845703125		114.19188628943444		1.0473182474136353		2.0946364948272707
36		22.07252702400001		169.04994201660156		147.87444470331192		0.9947271409988403		1.9894542819976806
37		21.95479035900007		108.8120346069336		100.83009430526734		1.0713157490730285		2.142631498146057
38		21.97156847700012		154.7209930419922		151.2326848102188		1.3530534423828124		2.706106884765625
39		22.020457192000094		54.964839935302734		52.667669001636504		1.0021805074691772		2.0043610149383544
40		21.663195034999944		187.57513427734375		171.56825741666793		1.0880852970123291		2.1761705940246583
41		21.34249201700004		108.35730743408203		90.03691427967071		1.0623974492073058		2.1247948984146117
42		21.759423862999938		344.46051025390625		298.455228601532		1.1396747509002685		2.279349501800537
43		21.820729704000087		580.9110107421875		495.1476545258713		1.0011737043380737		2.0023474086761475
44		21.81066738100003		467.5413818359375		411.5698605570221		0.9953156787872315		1.990631357574463
45		21.69551807200014		106.59058380126953		97.68902592369079		0.9954103345870972		1.9908206691741943
46		21.753583701000025		56.73978805541992		52.42365046504975		1.018828157043457		2.037656314086914
47		21.73787514499986		112.75157928466797		107.66208474489213		1.0096113822937012		2.0192227645874024
48		21.727348179000046		127.8386459350586		120.34445774366378		1.0206920328140259		2.0413840656280517
49		21.770126868999796		450.5744934082031		382.23596519111635		0.997901644039154		1.995803288078308
50		21.74377990400012		167.74606323242188		149.5669811337471		1.0158707535743714		2.031741507148743
51		21.81194150600004		67.20176696777344		61.01275578009606		0.9944059743881225		1.988811948776245
52		21.784843197999862		187.38265991210938		174.38509593463897		1.028626172542572		2.057252345085144
53		21.750092876000053		334.5726013183594		301.21217615131377		1.0072540460586548		2.0145080921173095
54		21.20491886900004		140.9401397705078		124.98016439407348		1.0496722489356995		2.099344497871399
55		21.699949969000045		748.6172485351562		617.0331001012802		1.0232662474632264		2.0465324949264527
56		21.872532638999928		264.6221618652344		228.93438367992403		1.025413232421875		2.05082646484375
57		21.95490319999999		323.9573059082031		288.0067851941299		1.166061691570282		2.332123383140564
58		21.985601017999898		118.15037536621094		109.58523951248169		1.0162885365486145		2.032577073097229
59		22.252351522000026		313.5289611816406		290.4734229046631		1.1056843166351318		2.2113686332702636
60		22.21847281500004		409.3840026855469		368.4718729926681		1.0882798760414123		2.1765597520828246
61		22.204486834000136		154.22218322753906		136.85753844028474		0.9955549815177918		1.9911099630355835
62		22.081617891000178		493.213134765625		430.1816410577011		1.0376150093078613		2.0752300186157226
63		22.074680827000066		317.1329345703125		293.6752561653137		1.212103235912323		2.424206471824646
64		22.047645975999785		575.0554809570312		512.7099522012329		0.9999126432418823		1.9998252864837647
65		22.116447383999912		153.69168090820312		133.70376948066712		1.013564700126648		2.027129400253296
66		22.02192542099965		764.8748779296875		742.2215222856903		1.0108156190872193		2.0216312381744386
67		22.2435662769999		208.4602813720703		205.47565179286957		1.0363549604415894		2.0727099208831787
68		22.319648629999847		243.89617919921875		214.9683403871155		1.1904521938323975		2.380904387664795
69		22.26017979900007		530.3858032226562		468.28998246829985		0.9975349289894104		1.9950698579788209
70		22.188911983000253		263.06414794921875		230.10339826660157		1.071185505771637		2.142371011543274
71		22.256122303999746		207.68739318847656		199.8453018245697		1.2334408750534058		2.4668817501068117
72		22.25720391699997		309.1141052246094		273.49263430965425		0.9958108026504516		1.9916216053009033
73		22.233364732000155		390.50347900390625		348.2670026373672		1.010565292072296		2.021130584144592
74		22.277969848999874		327.3144226074219		274.48604518224715		1.016021669960022		2.032043339920044
75		22.12157945800027		384.3883972167969		344.8411247201538		1.0250317304611205		2.050063460922241
76		22.0815328220001		468.3285827636719		424.6546520845795		1.0495278088569642		2.0990556177139283
77		22.147454709000158		201.3020477294922		171.49759834651948		1.16121680393219		2.32243360786438
78		22.1147344420001		305.0101013183594		267.21640151603697		0.9934475221633912		1.9868950443267823
79		22.125249296999755		585.4544067382812		577.9485111145782		1.0013615058898926		2.002723011779785
80		22.18887022700028		71.54507446289062		66.81363373203277		1.0156071926116943		2.0312143852233886
81		22.141112798999984		155.82281494140625		149.83002705596923		1.1856233290672302		2.3712466581344604
82		22.069786138999916		255.6704864501953		219.64264433643342		1.0143447008132935		2.028689401626587
83		22.093997574999776		194.1998748779297		172.65886720165253		1.0269369957923888		2.0538739915847777
84		22.002806690999932		174.63995361328125		147.53653946624755		1.0124504922866822		2.0249009845733643
85		22.241820414000358		288.6645202636719		260.1892326051712		1.1335398782730102		2.2670797565460203
86		21.803598474999944		247.9113006591797		222.10056801147462		1.305616787338257		2.611233574676514
87		22.13035573199977		259.8349914550781		223.16857891635894		0.9935415877342224		1.9870831754684448
88		22.259415493999768		234.51991271972656		214.96685741954803		1.0713499148368835		2.142699829673767
89		22.16771878099962		297.07342529296875		265.5174582645989		0.9988347736358643		1.9976695472717285
90		22.1727184880001		280.88079833984375		252.4549363969803		1.0258133207321167		2.0516266414642335
91		22.102764850000312		233.64736938476562		207.3709799607086		0.9985410314559936		1.9970820629119872
92		22.15503556800013		260.7250061035156		227.4634787479782		1.0511837058067321		2.1023674116134643
93		22.178420888000346		368.79827880859375		351.6915528704071		1.0715547557830811		2.1431095115661623
94		22.167634503000045		188.41278076171875		169.61981855075837		1.007168607711792		2.014337215423584
95		22.25999658899991		238.7609100341797		222.41243250890733		1.0709699135780335		2.141939827156067
96		22.222803877999922		1269.9942626953125		1031.223631448288		1.0694035812377929		2.1388071624755858
97		22.082997663000242		337.41156005859375		296.29058993743894		1.072331900691986		2.144663801383972
98		22.15912507100029		465.13775634765625		393.029320131073		1.0481987604141236		2.0963975208282473
99		22.179196545000195		288.10211181640625		257.794361243515		1.0261223521232605		2.052244704246521
100		22.225689331000012		297.9795837402344		271.3532049079132		0.9974201156616211		1.9948402313232423
101		22.214556080999955		933.8858032226562		757.7052574959564		1.3329429255485534		2.665885851097107
102		22.276427573000092		239.31459045410156		217.82322867061615		1.1488652008056641		2.2977304016113282
103		22.19438600100011		400.6947021484375		393.226125647459		0.995143134021759		1.990286268043518
104		22.19724401500025		309.47772216796875		280.9005344602966		1.0135854098320007		2.0271708196640015
105		22.155874911999945		438.4908142089844		405.2321270848465		1.012681441116333		2.025362882232666
106		22.287310402000003		330.8232421875		286.84206525024416		1.1039167733192443		2.2078335466384886
107		22.298316222000267		326.56231689453125		313.2065608811188		1.0386503524780273		2.0773007049560546
108		22.306178273000114		622.7804565429688		576.7088064882279		0.9975570516586304		1.9951141033172608
109		21.664233868000338		353.06121826171875		297.4542214873505		1.0360164484977723		2.0720328969955446
110		22.095467398999972		179.02783203125		146.28382525091172		0.9953948735237121		1.9907897470474243
111		22.07513684000014		550.0447387695312		479.0564152311325		1.1611060619354248		2.3222121238708495
112		22.120562112000243		240.4918670654297		215.15807910564422		0.99367532787323		1.98735065574646
113		21.946036204999928		1560.001708984375		1362.2170598808289		1.0054595052719115		2.010919010543823
114		22.181189920999714		406.5652160644531		361.3640444996643		1.2245782711029052		2.4491565422058104
115		22.09766665799998		503.8164978027344		452.86226768428804		1.0514447175979613		2.1028894351959226
116		21.712644892999833		841.7282104492188		757.0236777581024		1.0467999752998352		2.0935999505996703
117		22.00263034999989		276.5625		244.20568835903168		1.2156446902275087		2.4312893804550173
118		22.02048549500023		502.9114990234375		448.063082902298		1.0205234348297119		2.0410468696594237
119		21.999092134999955		286.3379821777344		275.1724465293884		0.9934790353775025		1.986958070755005
120		22.057288812000024		1967.4779052734375		1658.980212500992		1.0794326424598695		2.158865284919739
121		22.120065418000195		173.3847198486328		167.40954618715287		1.3596912444114686		2.719382488822937
122		22.080322470000283		421.4918212890625		352.3447433919907		1.2997189002037048		2.5994378004074097
123		22.05957850599998		891.0177612304688		739.3913442919921		1.0819303050994873		2.1638606101989746
124		22.046773711999776		464.1534729003906		431.44711890556334		1.0607538340568543		2.1215076681137086
125		22.18084716200019		1154.7919921875		870.7640812778855		1.0450405724525451		2.0900811449050902
126		22.217864482000095		157.5894317626953		138.09120959308623		1.074641398525238		2.149282797050476
127		22.336974670000018		876.6107788085938		795.2707784334564		1.0111031993865967		2.0222063987731933
128		22.187426879000213		233.025390625		216.09266278327942		1.0922715049743652		2.1845430099487304
129		22.182267310000043		994.25439453125		923.066593636856		1.0187366432189942		2.0374732864379883
130		22.154081819000112		854.4171752929688		732.8715242602539		1.2019548825263977		2.4039097650527954
131		22.22721578699975		383.0885925292969		349.52399137950897		1.0668334958076477		2.1336669916152955
132		22.279915707999862		739.42919921875		612.5047476107407		1.0469920831680297		2.0939841663360594
133		22.26096160799989		465.3471984863281		400.9632985597229		1.0054482763290404		2.010896552658081
134		21.83227107599987		780.8867797851562		635.5878775271607		1.1214787149429322		2.2429574298858643
135		22.220344243		433.9930725097656		422.7216416453934		0.9972590789794922		1.9945181579589844
136		22.125094448000254		500.7513427734375		438.1171478360558		1.0234692165374757		2.0469384330749514
137		22.11858557200003		543.879638671875		496.4166123554611		0.994941898059845		1.98988379611969
138		22.122104884000237		471.96734619140625		406.5391581912231		1.0449097282409667		2.0898194564819335
139		22.259204378999584		354.7137145996094		304.8586608042526		1.0005039297103882		2.0010078594207763
140		22.34301616799985		1039.859130859375		946.7037210180473		1.4412320254325868		2.8824640508651735
141		22.39830747499991		1468.24609375		1251.8747756814575		1.2145775124549865		2.429155024909973
142		22.152766617999987		345.88006591796875		308.9672686218262		1.1989472798347474		2.3978945596694947
143		22.216934254999614		222.02938842773438		196.61312272415162		1.016691353034973		2.033382706069946
144		22.208496263000143		782.3429565429688		676.1694540010834		0.9979076099395752		1.9958152198791503
145		22.314019144000213		555.9066162109375		487.44201670402526		1.214000215435028		2.428000430870056
146		22.24015938299999		707.3285522460938		584.8838023823166		1.206519106388092		2.413038212776184
147		22.222371715999998		358.55670166015625		299.17242702049253		1.2492725975990295		2.498545195198059
148		22.179044780999902		288.2725830078125		267.3145914431381		1.0554345932006837		2.1108691864013673
149		22.199698826000258		638.4041748046875		605.1708975294495		1.0024713912963867		2.0049427825927735
150		22.308844750999924		917.1255493164062		808.0317758177566		1.0192222043991088		2.0384444087982176
151		22.233543652999742		1555.7052001953125		1329.8576036237334		1.0333187422752381		2.0666374845504762
152		22.28825648899965		963.0122680664062		799.6577382847786		1.0058360454559325		2.011672090911865
153		22.328912387999935		369.5617980957031		315.7117423501587		1.003061374092102		2.006122748184204
154		22.34111061900012		490.6707458496094		463.5818886140442		1.1681385010719298		2.3362770021438597
155		22.42027208100035		630.1887817382812		547.2885065288543		1.062264981842041		2.124529963684082
156		22.39451173999987		270.1181945800781		237.1463626800537		1.015872696685791		2.031745393371582
157		22.211927946999822		248.555908203125		239.98419954452515		1.0544288286209107		2.1088576572418214
158		22.138840800000253		1427.0670166015625		1243.3885660908509		1.0231275835990905		2.046255167198181
159		22.34869476499989		1835.53369140625		1581.8821809958267		0.9951634783744812		1.9903269567489623
160		22.26644973800012		677.528564453125		579.4136215666199		0.9935652399063111		1.9871304798126221
161		22.251176786000542		222.32431030273438		207.18946240844727		1.0575413900375366		2.115082780075073
162		22.329205708999325		652.8660278320312		609.606137983284		1.0335789832115174		2.067157966423035
163		22.396721570999944		250.4199676513672		238.39786273269652		0.9935653159141541		1.9871306318283082
164		22.186129398999583		180.23495483398438		164.24591328048706		0.9944059724807739		1.9888119449615478
165		22.18216794699947		754.2916870117188		626.2740003764343		1.228970394706726		2.457940789413452
166		22.32712169000024		1039.0867919921875		847.1531115110779		0.9977242900848389		1.9954485801696777
167		22.145486746999268		343.0557556152344		285.5171570643616		1.0751345069885254		2.150269013977051
168		22.296617175000392		1026.7666015625		848.5708708561707		1.1538972031593322		2.3077944063186644
169		22.365034078999997		368.9805908203125		334.1252336528015		1.2496831853866577		2.4993663707733154
170		22.408323096999993		499.75042724609375		430.0762962628174		1.0118239240646363		2.0236478481292726
171		22.334202329000618		1033.376220703125		947.4046266861343		0.9997383090019226		1.9994766180038452
172		22.356416100000388		391.9625244140625		349.5898539228058		1.000559871006012		2.001119742012024
173		22.302168879999954		506.3678283691406		473.32819475551605		1.1281532506942749		2.2563065013885497
174		22.358280716999616		451.983154296875		400.0636323758316		1.0044121959686279		2.0088243919372557
175		22.28518581499975		579.0624389648438		520.6389105101777		1.0167097206115723		2.0334194412231446
176		22.284165842999755		534.6174926757812		446.6433205503082		1.0298792812347413		2.0597585624694825
177		22.291291737000392		691.64404296875		635.5270420486069		1.0313284832000733		2.0626569664001466
178		22.268654993999917		1473.8055419921875		1211.7936712880708		1.037760819721222		2.075521639442444
179		22.103882839000107		210.770751953125		179.8083999936676		1.1261063757896423		2.2522127515792847
180		22.128996270999778		683.2294921875		630.5650286952209		0.9941555515289306		1.9883111030578613
181		22.3598877229997		981.0881958007812		884.6871863523864		1.096366357421875		2.19273271484375
182		22.242398074999983		478.00567626953125		426.5823795245361		1.1445232334136963		2.2890464668273927
183		22.09316298900012		583.9861450195312		576.2334775969696		1.0138172067642213		2.0276344135284425
184		22.14455426800032		1043.2572021484375		894.6453559825516		1.006885022544861		2.013770045089722
185		22.29210048100049		262.575439453125		241.46781759517668		1.0929832704544067		2.1859665409088134
186		22.2455784699996		696.7481689453125		629.7483016520691		1.0309377804756163		2.0618755609512327
187		22.229529852999804		520.1484375		475.7090900010681		1.1702380590438843		2.3404761180877687
188		21.618145268999797		361.9688720703125		320.4881643493652		1.0027222487449645		2.005444497489929
189		22.28277888299999		237.69422912597656		210.91477101333618		1.1072702174186706		2.214540434837341
190		22.287674915000025		597.6922607421875		551.1271219606018		1.0035935096740722		2.0071870193481445
191		22.271080157000142		1229.5047607421875		1151.2748778768157		1.047853954601288		2.095707909202576
192		22.247293790000185		459.04364013671875		413.0330834920502		1.0366429379463196		2.073285875892639
193		22.145933796999998		568.1614379882812		530.5211971220398		1.0621763375282287		2.1243526750564574
194		22.097016362999966		749.5005493164062		655.6746462462235		1.1790884481430053		2.3581768962860106
195		22.49749903800057		304.41998291015625		272.29627603313446		1.0983240189552308		2.1966480379104616
196		22.32512408799994		837.8494262695312		761.8783889216613		1.057845965194702		2.115691930389404
197		22.237971765999646		1238.8494873046875		1065.6373512314606		0.9948374015808106		1.9896748031616212
198		22.192887926000367		370.0220031738281		331.561463503418		1.041538271999359		2.083076543998718
199		22.227776509999785		471.9953918457031		455.0857856495285		0.9999306522369384		1.9998613044738769
200		22.30143546799991		788.2407836914062		714.2241756738663		1.1057224891662598		2.2114449783325196
201		22.29054198599988		624.2484130859375		566.6120088032914		0.9992581447601319		1.9985162895202637
202		22.31066420500065		526.1348266601562		469.0945419630814		0.9938561017036438		1.9877122034072876
203		22.565524690999155		608.29443359375		556.1681717229461		1.1176615928649902		2.2353231857299805
204		22.408456303000094		1138.053466796875		946.8324759197998		0.9935075078010559		1.9870150156021118
205		22.387098032999347		636.7567138671875		606.5892131638718		1.0653249436378478		2.1306498872756956
206		22.336937656000373		752.5275268554688		661.1564161383056		1.0789099784851075		2.157819956970215
207		22.245074025000577		628.3392944335938		567.1690634581756		1.0262656764030456		2.052531352806091
208		22.255859842999598		440.1499938964844		399.7099731626129		1.0123284833908082		2.0246569667816163
209		22.261723614000402		761.4027099609375		716.2100364093781		1.0925374985694885		2.185074997138977
210		22.216449894000107		681.70654296875		625.6496038695526		1.005505295276642		2.011010590553284
211		22.26476616799937		242.94061279296875		226.0337123142624		1.057543694114685		2.11508738822937
212		22.212224684999455		512.1461181640625		477.8653005569839		1.0080297955513		2.0160595911026
213		22.233375772000727		427.34527587890625		365.30296588500977		1.2061848979949952		2.4123697959899904
214		22.288626280000244		888.3124389648438		784.4049948506928		1.0057140449523925		2.011428089904785
215		22.351319133999823		553.0419311523438		527.5303775402069		1.5143123528480529		3.0286247056961058
216		21.84562040400033		291.1862487792969		263.2451561591339		1.063393902206421		2.126787804412842
217		22.35075011200024		1002.5420532226562		905.6093836766053		1.2785569204330445		2.557113840866089
218		22.23605932999999		657.3375244140625		611.3316746554566		1.0013870197296142		2.0027740394592284
219		22.22888840199994		596.37744140625		539.0685807218551		1.0484322267532349		2.0968644535064698
220		22.28955706599936		596.4319458007812		536.1210445838547		1.0133429723739624		2.026685944747925
221		22.336081288999594		871.32763671875		727.7342060091781		1.1228344945907593		2.2456689891815187
222		22.28570819900051		851.0471801757812		754.6429932798004		1.0497323182106018		2.0994646364212035
223		22.28130879999935		844.4419555664062		716.356034557991		1.156216052532196		2.312432105064392
224		22.23487148500044		171.2401885986328		162.0225451994324		0.9943693753242493		1.9887387506484986
225		22.29209191099926		474.61773681640625		428.9625275074005		1.0392173131942748		2.0784346263885496
226		22.264993540000432		371.0423889160156		342.2301255256653		0.9968784158706665		1.993756831741333
227		22.282338417000574		618.011962890625		521.620543863678		1.0272421290397644		2.054484258079529
228		22.40626334300032		685.5467529296875		585.2519279194642		1.089248487472534		2.178496974945068
229		22.406153619999714		754.2900390625		655.0516813570404		1.0515541646003723		2.1031083292007446
230		22.401643605000572		1637.39697265625		1325.7944226941681		0.994071499633789		1.988142999267578
231		22.387433734000297		671.1134033203125		607.119795987091		1.0263583978652955		2.052716795730591
232		22.419512843999655		389.372802734375		331.5152012748718		1.101219375228882		2.202438750457764
233		22.4770118309998		1357.4649658203125		1183.5865346845246		1.1209194060325622		2.2418388120651245
234		22.41905799200049		244.68734741210938		219.10284295253754		1.2681530074119567		2.5363060148239134
235		22.309379336999882		1169.405517578125		1011.1037131859207		1.0762405594825744		2.1524811189651487
236		22.511881772999914		641.113525390625		554.8541478002167		1.0292592554092408		2.0585185108184816
237		22.51475051899979		1242.8062744140625		1113.2033933034515		1.1333744221687316		2.2667488443374633
238		22.418414736999694		676.8910522460938		602.0985364383697		1.0460968155860901		2.0921936311721803
239		22.478518788000656		426.3619384765625		373.97175313274386		1.1290098146438599		2.2580196292877197
240		22.518082520999997		776.3333129882812		681.2904320538139		1.033490251159668		2.066980502319336
241		22.54164266099997		786.3368530273438		619.5647848405456		1.093912515449524		2.187825030899048
242		22.459566845000154		841.51611328125		774.6913768468476		1.0249317083358764		2.049863416671753
243		22.42333590600083		322.55548095703125		305.29556061309813		1.0037148058891296		2.0074296117782593
244		22.400195764999808		624.5697631835938		590.77528798069		1.036382764339447		2.072765528678894
245		22.32146835399999		576.2615966796875		537.5197900465583		1.0020874871253966		2.0041749742507933
246		21.838836693000303		341.2426452636719		323.0133475487518		1.0004448831558228		2.0008897663116456
247		22.31477947500025		896.5177612304688		771.2633875098419		0.993981586933136		1.987963173866272
248		22.272617182999966		430.1623229980469		407.70532683395385		1.022413092136383		2.044826184272766
249		22.2769635249997		737.395751953125		654.0905755989074		1.1285780786514281		2.2571561573028562
250		22.122470657999656		793.51806640625		636.623966977806		1.0892081477165223		2.1784162954330446
251		22.201481481999508		1175.52587890625		1067.885811631546		1.004981344127655		2.00996268825531
252		22.304840064999553		915.959228515625		867.0568947359467		1.147593452167511		2.295186904335022
253		21.68285082700004		620.4298095703125		589.747761887207		0.9948157783508301		1.9896315567016603
254		22.2767732300008		380.09307861328125		359.44295793823244		1.0755252375602722		2.1510504751205444
255		22.360940941999615		656.2566528320312		572.4024312150574		0.994325143623352		1.988650287246704
256		22.34419921600056		843.202392578125		772.1205871331787		1.1149231575012206		2.2298463150024412
257		22.332558276000782		506.30645751953125		449.31617439991		1.0272394045829774		2.0544788091659547
258		21.80125057100031		492.3133850097656		430.26576066703797		0.9978897953987121		1.9957795907974243
259		22.24614367399954		1792.4208984375		1611.64771198761		0.9933418388366699		1.9866836776733399
260		22.22691013900021		227.03033447265625		213.32809603607177		1.000685636138916		2.001371272277832
261		22.15542202100005		1375.1824951171875		1274.5752986103057		0.9958636441230774		1.9917272882461547
262		22.234576104000553		638.6934204101562		475.01284583171844		1.1117988418579101		2.2235976837158202
263		22.26166491799995		524.021728515625		437.5371744449615		1.0112875566482544		2.022575113296509
264		22.311053510999955		376.2533874511719		337.8499097377777		0.9944346749305725		1.988869349861145
265		22.325624400999914		526.3551635742188		478.59768416179656		1.017506571483612		2.035013142967224
266		22.25373778700032		715.4900512695312		657.9116325299073		0.9933384145736694		1.986676829147339
267		22.359386135000022		747.45654296875		652.8992265381622		0.9946891332626343		1.9893782665252686
268		22.21088175299974		449.2291564941406		413.29651648231504		1.3685537365913392		2.7371074731826783
269		22.252029464999396		2072.265625		1889.3837422009658		1.0648560485839844		2.129712097167969
270		22.386009212999852		1785.1788330078125		1534.720632258377		1.3541289635658265		2.708257927131653
271		22.45770543800063		1343.0819091796875		1239.4405956614685		1.0044612621307374		2.0089225242614748
272		22.44978695699956		851.4475708007812		761.6385693244935		0.9947638667106629		1.9895277334213257
273		22.376629966999644		360.30902099609375		332.0389534879303		0.9964822974205018		1.9929645948410035
274		22.404282936999152		758.1649169921875		707.1191906720734		1.343904340648651		2.687808681297302
275		22.41131240699997		507.0769348144531		452.91798899311067		0.9963690581321716		1.9927381162643432
276		22.452139940000052		833.7767944335938		730.7208854528045		1.0310527927398683		2.0621055854797365
277		22.50113518099988		953.0814819335938		769.7648557880401		1.0097876710891724		2.019575342178345
278		22.534623173999535		1262.297119140625		1099.5046313497926		1.0171347024917603		2.0342694049835206
279		22.521213191000243		1739.7794189453125		1558.2413856578064		0.9970683095932007		1.9941366191864014
280		22.377883220000513		1076.64794921875		1049.6222948289108		1.0181725104331971		2.0363450208663942
281		22.333388361999823		274.2815856933594		236.30021378288268		1.0120985321998597		2.0241970643997194
282		22.219247386999996		633.2525634765625		594.0015582500458		1.0182743715286255		2.036548743057251
283		22.283378745000846		1280.3775634765625		1159.1394780644225		1.4714429385185241		2.9428858770370483
284		22.44555074300024		376.06390380859375		357.5500307900238		1.186332324028015		2.37266464805603
285		22.475625602000036		451.166259765625		395.97283846235274		1.1209749073982238		2.2419498147964476
286		22.542006663000393		1319.6968994140625		1281.480757438507		1.0516700184822083		2.1033400369644166
287		22.48306274799961		392.10760498046875		376.6007475253296		1.2114793731689453		2.4229587463378905
288		22.325873372999922		945.902587890625		792.0644642534637		1.0109160437583924		2.021832087516785
289		22.23391553900001		321.2901611328125		265.1818414244843		0.993765294456482		1.987530588912964
290		22.249353537999923		559.4867553710938		496.5954758399391		1.034585802078247		2.069171604156494
291		22.27237342999979		1084.3756103515625		998.9906182061768		0.9965434295654297		1.9930868591308595
292		22.407448520999424		1491.1343994140625		1353.117442094345		0.9949357410430908		1.9898714820861816
293		22.510335639000004		558.1983642578125		497.61118301971436		1.0990845810890197		2.1981691621780395
294		22.36904500699984		781.7460327148438		718.6035363574981		0.9933431728363037		1.9866863456726074
295		22.503708145999553		1091.5498046875		976.1739223878479		1.0335369124412537		2.0670738248825073
296		22.444233267000527		375.845703125		323.2383483896637		1.020504825401306		2.041009650802612
297		22.36289128899989		964.5545654296875		787.4650877757454		1.1736788915634155		2.347357783126831
298		22.24422644200058		1007.7822265625		922.0118130222321		1.1838542412757873		2.3677084825515746
299		22.359016258000338		355.7201232910156		329.7664654214478		1.052948959159851		2.105897918319702
300		22.387580296000124		338.0934753417969		299.1550074031067		1.0333847269058227		2.0667694538116455
301		22.096297021999817		1830.841552734375		1563.2381986881255		1.0411409838676453		2.0822819677352906
302		22.48056772199925		281.8489685058594		260.2982161790466		0.9939338237762451		1.9878676475524901
303		22.467972269999336		384.43511962890625		316.6360076602173		0.9954148976325988		1.9908297952651977
304		22.51576702300008		733.5549926757812		667.2734396603394		0.9946000130653382		1.9892000261306764
305		21.84962475500015		280.6133117675781		253.64390562662123		1.0437847888946534		2.087569577789307
306		22.343617231999815		387.7286376953125		351.0899031570053		1.044370594406128		2.088741188812256
307		22.38396831799946		1036.546142578125		890.6134772969818		1.1160580830574036		2.2321161661148072
308		22.44845987000008		1962.35302734375		1704.3655743300628		1.0189362980842591		2.0378725961685182
309		22.371636017999663		967.3567504882812		886.6723757543946		1.0588610634803772		2.1177221269607545
310		22.33164843600025		573.712158203125		487.30715712486267		1.1672050948143005		2.334410189628601
311		22.313454070999796		506.4317932128906		439.8573525179291		1.1180041801452636		2.236008360290527
312		22.44489776699993		1082.7191162109375		1005.0515743743133		1.0738734412193298		2.1477468824386596
313		22.395165296000414		851.9637451171875		767.9663973049736		0.9946208220481872		1.9892416440963745
314		22.53502591600045		577.3945922851562		500.5114285134888		1.3077979015350343		2.6155958030700686
315		22.50929334600005		488.2939453125		447.5184850217438		1.242016583442688		2.484033166885376
316		22.52157458200054		375.8825378417969		329.9407300126648		1.0087402647018433		2.0174805294036866
317		22.35269707200041		388.2852783203125		353.69484014671326		1.230353400707245		2.46070680141449
318		22.435760425000808		783.158935546875		694.4620223912239		1.090920779800415		2.18184155960083
319		22.431241592999868		223.62857055664062		211.68597333648682		1.042712949848175		2.08542589969635
320		22.41230976299994		797.7357177734375		725.8051608052062		1.0119426544189454		2.0238853088378908
321		22.183809129999645		376.4093933105469		359.26725727405545		0.993737997341156		1.987475994682312
322		22.1671877079998		530.7042236328125		511.39408913814543		1.2877126550674438		2.5754253101348876
323		22.120182962999934		1244.0496826171875		1143.8721180374528		1.016992135334015		2.03398427066803
324		22.129316915000345		847.8070068359375		744.6670779038238		0.9768768246650695		1.953753649330139
325		22.219924926000203		12.85557746887207		18.149548533096315		0.8930437319755554		1.7860874639511108
326		22.113975928999935		5.37311315536499		7.895967028160095		1.0207194046020507		2.0414388092041014
327		22.070815597000546		3.0095529556274414		4.202638173103333		0.7745118636131286		1.5490237272262573
328		22.073154675000296		2.727191925048828		3.583533120956421		0.7464618862152099		1.4929237724304198
329		22.20397621600023		2.4312806129455566		3.183939843292236		0.7219811078071594		1.4439622156143188
330		22.239249395000115		2.138498306274414		2.8481443852615356		0.747036728477478		1.494073456954956
331		22.34736828899986		2.2961106300354004		2.977628184776306		0.6723792726039887		1.3447585452079773
332		22.34769646299992		2.264206647872925		2.9352556724548338		0.6812500646114349		1.3625001292228698
333		21.82683921700027		2.2125790119171143		2.8505943659973143		0.800133587217331		1.600267174434662
334		21.953558604000136		2.0716466903686523		2.7165068032836914		0.6589125962257385		1.317825192451477
335		22.045815741000297		2.165222406387329		2.8041285012817383		0.6387794519424439		1.2775589038848878
336		21.760133255000255		2.118180990219116		2.7399045123672487		0.712810999917984		1.425621999835968
337		22.217917186000705		2.1446328163146973		2.7542857841873167		0.6728221757411956		1.3456443514823913
338		22.282647154001097		2.172192335128784		2.7736741813468933		0.6627938255786896		1.3255876511573792
339		22.29747586799931		2.2226266860961914		2.8149203399658203		0.6153656257629394		1.2307312515258788
340		22.337902956000107		1.933767318725586		2.5136526379776		0.7854328067779541		1.5708656135559083
341		22.487642367999797		2.438446044921875		3.0219107940673826		0.7716769448280334		1.5433538896560668
342		22.461004896000304		2.046304702758789		2.6217475071334837		0.59704375		1.1940875
343		22.335952278999684		2.247466802597046		2.82949957113266		0.5973726891040801		1.1947453782081603
344		22.349217921000673		1.9898678064346313		2.5404232653045655		0.5820918466567994		1.1641836933135987
345		22.28574959099933		1.8959832191467285		2.440864766330719		0.68216537733078		1.36433075466156
346		22.303422558999955		2.0940072536468506		2.648062630901337		0.5923829403877259		1.1847658807754518
347		22.313524388000587		1.991135597229004		2.546858165359497		0.6217527646064759		1.2435055292129518
348		22.412482613000975		1.8300899267196655		2.372227268066406		0.5703936930179596		1.1407873860359192
349		22.41782369199973		1.9370404481887817		2.465269127788544		0.5656605191230774		1.1313210382461547
350		22.293952210999123		1.8707815408706665		2.424047756767273		0.5757598154544831		1.1515196309089661
351		22.41117112000029		1.8320664167404175		2.353370846004486		0.6523568330287933		1.3047136660575867
352		22.37855414799924		2.0170176029205322		2.5344136674308775		0.5430494380950928		1.0860988761901855
353		22.406593932999385		1.8114885091781616		2.3242007541275025		0.5441661487579346		1.0883322975158691
354		22.388213107999036		1.8950034379959106		2.4220375319099428		0.5425833638906479		1.0851667277812957
355		22.34197942299943		1.7676019668579102		2.27332527261734		0.5905051536083221		1.1810103072166442
356		22.33917648299939		1.9660582542419434		2.494086303882599		0.6409591150760651		1.2819182301521301
357		22.321543854999618		1.7301973104476929		2.2353520589447022		0.5155024127721787		1.0310048255443574
358		22.360178414000984		1.7269130945205688		2.243694035797119		0.5201085171937943		1.0402170343875885
359		22.49634286699984		1.889230728149414		2.378531638278961		0.6130087177753448		1.2260174355506896
360		22.340487464000034		2.1226179599761963		2.599237646255493		0.530055786561966		1.060111573123932
361		22.438105646000622		1.896898865699768		2.404090264606476		0.7702856021404266		1.5405712042808533
362		22.49600602300052		1.735581636428833		2.2421415626335146		0.5706078738689423		1.1412157477378846
363		22.40147443600108		1.8363709449768066		2.3210152884674073		0.5375848351478577		1.0751696702957154
364		22.446314146000077		1.903162956237793		2.3777681569480897		0.5993708809614181		1.1987417619228362
365		22.380656213999828		1.596686840057373		2.1020490148735047		0.5067280426979065		1.013456085395813
366		22.46126713600097		1.7478116750717163		2.2382720455551146		0.5161817917346955		1.032363583469391
367		22.37185603600119		1.7487337589263916		2.237433322868347		0.6063742361545563		1.2127484723091126
368		22.33039784599896		1.726430058479309		2.227706794281006		0.48686964249610903		0.9737392849922181
369		22.316635757000768		1.7991652488708496		2.284878229484558		0.5079458061695099		1.0158916123390198
370		22.258905710999898		1.6200013160705566		2.0998956825637816		0.4945366143465042		0.9890732286930084
371		22.377347913999984		1.674403429031372		2.1554040795707703		0.5150581587553025		1.030116317510605
372		22.49316313700001		1.7626240253448486		2.2623625431251524		0.5524997091293335		1.104999418258667
373		22.40895279600045		1.6220016479492188		2.103637748298645		0.4976048778295517		0.9952097556591034
374		22.412994087999323		1.7774111032485962		2.2610674422073362		0.4697375653743744		0.9394751307487488
375		22.392812210000557		1.905318021774292		2.3750447877693177		0.6034491600751877		1.2068983201503753
376		22.472588779000944		1.684365153312683		2.1712884257125853		0.5784235526561737		1.1568471053123475
377		22.473336559000018		1.7064703702926636		2.1910635556983946		0.49285594432353974		0.9857118886470795
378		22.478083624000647		1.5979760885238647		2.0881425945091245		0.5886553516387939		1.1773107032775878
379		22.408058749000702		1.764734148979187		2.2547217883491517		0.5533431044340134		1.1066862088680267
380		22.4250919290007		1.7337597608566284		2.2027887678146363		0.49530484838485717		0.9906096967697143
381		22.273505405000833		1.7649251222610474		2.231697286529541		0.46410387115478513		0.9282077423095703
382		22.25529012900006		1.638330101966858		2.119457182312012		0.5275000469446183		1.0550000938892365
383		22.38817491000009		1.822892189025879		2.293273111858368		0.5339750079154968		1.0679500158309936
384		22.511467798000012		1.6868067979812622		2.1580083788871764		0.4976237778663635		0.995247555732727
385		22.448880179999833		1.7103506326675415		2.195429863796234		0.6324757895946502		1.2649515791893005
386		22.499158994000027		1.84772789478302		2.316372226200104		0.5007372393608093		1.0014744787216185
387		22.503687133999847		1.5802717208862305		2.061443160648346		0.4760344897270203		0.9520689794540406
388		22.39811767900028		1.701704502105713		2.184268824443817		0.7415783046960831		1.4831566093921662
389		22.430418949999876		1.8240504264831543		2.2777345551490784		0.5361899004936218		1.0723798009872436
390		22.242629885000497		1.6488797664642334		2.1244202851867677		0.5326447426080704		1.0652894852161408
391		22.339618220001284		1.7024905681610107		2.162954689540863		0.4469806750774383		0.8939613501548767
392		22.160773072000666		1.634185791015625		2.1093460018348695		0.656627001285553		1.313254002571106
393		21.775872000000163		1.880313515663147		2.305114079685211		0.8264863202095032		1.6529726404190064
394		22.058520132000922		1.6857633590698242		2.1608148009681702		0.4551961027622223		0.9103922055244446
395		21.922744102999786		1.766818881034851		2.227605299549103		0.4528508509159088		0.9057017018318176
396		21.579196908000085		1.6478519439697266		2.1236637586021425		0.5109441898345948		1.0218883796691896
397		21.948210483000366		1.5948195457458496		2.07009381937027		0.4510610161304474		0.9021220322608948
398		21.764888763000272		1.7772897481918335		2.2358545038986204		0.4710808920621872		0.9421617841243743
399		22.17446718300016		1.861480474472046		2.30281567445755		0.4504543973207474		0.9009087946414948
400		22.231392178000533		1.8622270822525024		2.3185882613182067		0.5113527755260467		1.0227055510520935
401		22.216586366999763		1.6186349391937256		2.092069210224152		0.7106003821372986		1.4212007642745972
402		22.180420434000553		1.940895676612854		2.4110015660095216		1.0255907531738282		2.0511815063476564
403		22.285164637998605		1.658059000968933		2.1173091957092285		0.46956043269634246		0.9391208653926849
404		22.252258005999465		1.747628092765808		2.199398986053467		0.47614236826896666		0.9522847365379333
405		22.23890416699942		1.6720452308654785		2.1474153358650208		0.460224823975563		0.920449647951126
406		22.25095627400151		1.7116743326187134		2.1864446009635925		0.5102918145418167		1.0205836290836334
407		22.322020410998448		1.6014692783355713		2.0737422426605225		0.4402442107915878		0.8804884215831756
408		22.311117588998968		1.685067892074585		2.1456781204223634		0.4622939892530441		0.9245879785060882
409		22.363465159000043		1.6353346109390259		2.114821338481903		0.5007644941806794		1.0015289883613587
410		22.256358501999784		1.8546195030212402		2.3069393321037293		0.44521444311141967		0.8904288862228393
411		22.31623477800167		1.6048049926757812		2.0743328386878965		0.5319956113576889		1.0639912227153778
412		22.30121922899889		1.6648280620574951		2.133394962310791		0.6936828132629395		1.387365626525879
413		22.31469818000005		1.6094815731048584		2.085304597301483		0.6181446039199829		1.2362892078399659
414		22.338197711000248		1.6936713457107544		2.1581293756866455		0.4467196548938751		0.8934393097877502
415		22.422063067000636		1.7068970203399658		2.159866570339203		0.4327099803209305		0.865419960641861
416		22.38081004599917		1.5877809524536133		2.0644566180038453		0.5026556897401809		1.0053113794803619
417		22.439010489000793		1.666222333908081		2.13362389837265		0.4480612189531326		0.8961224379062652
418		22.325537018999967		1.7426649332046509		2.2115993953895567		0.6116457651138306		1.2232915302276612
419		22.276627767998434		1.6199313402175903		2.0825272204208374		0.4784024435758591		0.9568048871517182
420		22.24772679399939		1.6321725845336914		2.100160934009552		0.5568683506250381		1.1137367012500763
421		22.26982486199995		1.7179806232452393		2.1857622385025026		0.5009287917375564		1.001857583475113
422		22.42641242100035		1.7104171514511108		2.1729945246315		0.48825166561603545		0.9765033312320709
423		22.3007240980005		1.618458867073059		2.0930375638961793		0.4388763435602188		0.8777526871204376
424		22.20189418100017		1.6763699054718018		2.1390457148933413		0.43619979643821716		0.8723995928764343
425		22.262020676998873		1.6137245893478394		2.067830221118927		0.5761537081241608		1.1523074162483216
426		21.86711467600071		1.808058261871338		2.2536729988861084		0.6335027626514435		1.267005525302887
427		22.24414145999981		1.6225662231445312		2.0985694480133055		0.4662051661968231		0.9324103323936462
428		22.553441752999788		1.6351885795593262		2.114503913784027		0.5412587716579437		1.0825175433158873
429		22.554882042000827		1.5454524755477905		2.0135024233055114		0.4497272439479828		0.8994544878959656
430		22.38513449799939		1.777158498764038		2.2289181074333193		0.5861391237020492		1.1722782474040985
431		22.23720677500023		1.6478946208953857		2.1156149311447146		0.4743981459856033		0.9487962919712066
432		22.288619364000624		1.6675230264663696		2.1327890488815306		0.4450596445798874		0.8901192891597748
433		22.331823753000208		1.5254323482513428		1.9936702402114868		0.45202086985111234		0.9040417397022247
434		22.33604638200086		1.8146965503692627		2.267547580051422		0.6838693204402924		1.3677386408805847
435		22.231251205001172		1.440274953842163		1.898010705356598		0.4985181177377701		0.9970362354755402
436		22.350934209000116		1.6863192319869995		2.1666163565635683		0.4441151616573334		0.8882303233146668
437		22.42739973100106		1.499047875404358		1.9789985547065734		0.45403347544670103		0.9080669508934021
438		22.37318287600101		1.8083882331848145		2.2787525923347474		0.8620930166244507		1.7241860332489014
439		22.315528057000847		1.5629583597183228		2.0398159313964843		0.4254207136154175		0.850841427230835
440		22.556574120000732		1.6067512035369873		2.0731497119903564		0.42822301280498504		0.8564460256099701
441		22.48569207500077		1.6082606315612793		2.072793209323883		0.4272783381223679		0.8545566762447357
442		22.38565696600017		1.7101942300796509		2.1767266351127623		0.448064363694191		0.896128727388382
443		22.38923569200051		1.5249499082565308		1.997460152759552		0.4627191070795059		0.9254382141590118
444		22.45711178700003		1.7527343034744263		2.1997310845947267		0.46467468082904817		0.9293493616580963
445		22.246583480999107		1.520216703414917		1.993621397743225		0.41925460360050204		0.8385092072010041
446		22.255289736998748		1.6018028259277344		2.0755623285865785		0.4323786987543106		0.8647573975086212
447		22.355076716999974		1.6565572023391724		2.113664437236786		0.4718849510192871		0.9437699020385742
448		22.3631380859988		1.796012043952942		2.2363165250968935		0.49433331904411315		0.9886666380882263
449		22.459802647999823		1.5723860263824463		2.0409427073669435		0.6133058331727982		1.2266116663455964
450		22.47547281399966		1.6507036685943604		2.1140268291664124		0.4284470705270767		0.8568941410541534
451		22.42798314999891		1.6569674015045166		2.102619949131012		0.4320818274974823		0.8641636549949646
452		22.380308521000188		1.6941932439804077		2.154237183895111		0.44690892243385316		0.8938178448677063
453		22.48726773599992		1.695427417755127		2.172070138721466		0.652293219923973		1.304586439847946
454		22.41215192299933		1.4952192306518555		1.9760409933662415		0.4252506189584732		0.8505012379169464
455		22.313514333000057		1.8518494367599487		2.3048823888015746		0.42104452171325685		0.8420890434265137
456		22.333764175999022		1.5133018493652344		1.9925984167480468		0.4140716629266739		0.8281433258533478
457		22.44781309800055		1.7166966199874878		2.193661042137146		0.41602407426834104		0.8320481485366821
458		22.364192557000933		1.5427782535552979		2.015105387458801		0.4237890822410583		0.8475781644821166
459		22.33874593800101		1.5969260931015015		2.0629833506393433		0.5749718512058258		1.1499437024116517
460		22.488323673000195		1.5874433517456055		2.0505211812973023		0.4128604684591293		0.8257209369182587
461		22.482044682999913		1.6815376281738281		2.135448790798187		0.6499751710653305		1.299950342130661
462		22.48265586799971		1.5685049295425415		2.037688161315918		0.45049247977733614		0.9009849595546723
463		22.24462785600008		1.548779845237732		2.026176243057251		0.5982577438831329		1.1965154877662658
464		22.30901050400098		1.6410123109817505		2.10514126745224		0.44720631568431857		0.8944126313686371
465		22.162244142999043		1.5500603914260864		2.024364063568115		0.5381793318271637		1.0763586636543274
466		21.70238813799915		1.7517660856246948		2.2139577984428405		0.4205032726049423		0.8410065452098846
467		22.15642760099945		1.6322840452194214		2.07642865196228		0.41326824560165404		0.8265364912033081
468		22.15114006300064		1.7516582012176514		2.167327724208832		0.4324331027507782		0.8648662055015564
469		22.204869925999446		1.4938884973526		1.954545729598999		0.41767930879592896		0.8353586175918579
470		22.206997251998473		1.5658918619155884		2.022341232242584		0.45964681940078733		0.9192936388015747
471		22.16553032900083		1.6301021575927734		2.091209386043549		0.4549595044851303		0.9099190089702606
472		22.178598774999045		1.4604946374893188		1.9357240864753724		0.45256771941185		0.9051354388237
473		22.099080695999874		1.6935999393463135		2.161918175315857		0.42051768765449526		0.8410353753089905
474		22.2230195129996		1.564197301864624		2.026866173915863		0.51551541223526		1.03103082447052
475		22.258589535998908		1.6148040294647217		2.0889876484489442		0.42498476774692534		0.8499695354938507
476		22.293702792998374		1.5802981853485107		2.0467857837677004		0.41648932430744173		0.8329786486148835
477		22.27442729699942		1.6192874908447266		2.0888693225860595		0.48626542575359344		0.9725308515071869
478		22.256014193000738		1.6308314800262451		2.089409454498291		0.49835357880592346		0.9967071576118469
479		22.291333164001117		1.4771714210510254		1.9460103572082519		0.5784073566198349		1.1568147132396698
480		22.375603557999057		1.630615472793579		2.0797717163467406		0.7195627872943878		1.4391255745887757
481		22.4144622849999		1.559498906135559		2.028357571144104		0.446403375172615		0.89280675034523
482		22.487220321998393		1.6875890493392944		2.143503477115631		0.4841345866441727		0.9682691732883454
483		22.464505133000785		1.5127214193344116		1.9665325502967834		0.4130451901912689		0.8260903803825378
484		22.450413582000692		1.6776314973831177		2.1236940051078794		0.4261034086227417		0.8522068172454834
485		22.489383371999793		1.4707088470458984		1.9431144427871705		0.42514621238708494		0.8502924247741699
486		22.42383650500051		1.7128219604492188		2.159532437381744		0.4148576609611511		0.8297153219223022
487		22.373002438000185		1.4623773097991943		1.930914748916626		0.4235010010480881		0.8470020020961762
488		22.421700730999873		1.5870885848999023		2.047372360343933		0.411882575917244		0.823765151834488
489		22.47318511999947		1.667046070098877		2.1227161605262754		0.4176452939033508		0.8352905878067016
490		22.398092151999663		1.634750485420227		2.0892755752754213		0.6604432611703873		1.3208865223407746
491		22.424991791998764		1.7405115365982056		2.201403101387024		0.45544464778900146		0.9108892955780029
492		22.523326120999627		1.4965732097625732		1.962007499332428		0.5542504945755005		1.108500989151001
493		22.491051624001557		1.66409432888031		2.09937059343338		0.41721158819198606		0.8344231763839721
494		22.501458229999116		1.6395736932754517		2.097386387577057		0.4382963704109192		0.8765927408218384
495		22.45627600700027		1.5925617218017578		2.057303344860077		0.5098050209999084		1.0196100419998169
496		22.429924629999732		1.5778067111968994		2.029366110954285		0.4586041795015335		0.917208359003067
497		22.45897047100152		1.5409317016601562		2.0007962600135802		0.43524432334899904		0.8704886466979981
498		22.42819573199995		1.5364185571670532		1.9969453685569762		0.4512045034646988		0.9024090069293976
499		22.34889043200019		1.5556949377059937		2.0278138333129885		0.44039367520809175		0.8807873504161835
500		22.225125129001754		1.4587221145629883		1.927897780380249		0.6606545815467835		1.321309163093567
501		22.331389891998697		1.506597876548767		1.976848003139496		0.4558785729169846		0.9117571458339692
502		22.25492613499955		1.6333543062210083		2.0864591111564637		0.40428404672145846		0.8085680934429169
503		22.20587325300039		1.5548681020736694		2.00896091835022		0.40780909461975096		0.8156181892395019
504		22.31646883400026		1.5217833518981934		1.9935600049781799		0.5310252282857895		1.062050456571579
505		22.49658082299902		1.6746242046356201		2.1245146795654297		0.40633646881580354		0.8126729376316071
506		22.453756037000858		1.613419532775879		2.0752682701301577		0.49743979709148406		0.9948795941829681
507		22.383900666000045		1.4647296667099		1.9224294593429565		0.4041810157060623		0.8083620314121246
508		22.363246855000398		1.6200931072235107		2.084802290248871		1.2274309312820435		2.454861862564087
509		22.39390638400073		1.8408606052398682		2.2934033357048036		0.4192238523006439		0.8384477046012878
510		22.417547293000098		1.6289969682693481		2.0813240989112853		0.42517814195156095		0.8503562839031219
511		22.46069437099868		1.5448799133300781		2.0094540956687927		0.4144880595445633		0.8289761190891266
512		22.438067097000385		1.5634912252426147		2.02437187997818		0.403814616894722		0.807629233789444
513		22.419016654999723		1.6332021951675415		2.107054030017853		0.49005507199764253		0.9801101439952851
514		22.374812718000612		1.4459202289581299		1.912875823879242		0.4288767369031906		0.8577534738063812
515		22.333349577998888		1.4928593635559082		1.9445816888809204		0.429906076002121		0.859812152004242
516		22.3206403410004		1.596906065940857		2.050372412509918		0.40010108132362365		0.8002021626472473
517		22.445746609999333		1.4433804750442505		1.9090526342391967		0.45272491414546967		0.9054498282909393
518		22.407897529001275		1.555525302886963		2.020858634967804		0.42266828026771547		0.8453365605354309
519		22.420306833000723		1.3755155801773071		1.8480141346549988		0.6630476493835449		1.3260952987670898
520		22.455186799999865		1.6083132028579712		2.0681378778076174		0.4525128718137741		0.9050257436275482
521		22.434159749000173		1.6408565044403076		2.105107818412781		0.43360632116794584		0.8672126423358917
522		22.378836906000288		1.418195128440857		1.88515957780838		0.4020651983261108		0.8041303966522216
523		22.346739843998876		1.5023910999298096		1.9615702270317077		0.5767237821102142		1.1534475642204285
524		22.36197696599993		1.5126430988311768		1.9727308128929137		0.40512145977020264		0.8102429195404053
525		22.43648043599933		1.5176637172698975		1.976185845336914		0.41528589808940886		0.8305717961788177
526		22.42336389999946		1.5152294635772705		1.98055610124588		0.4094190833568573		0.8188381667137146
527		22.39113538699894		1.508668065071106		1.9690778890800475		0.43229530844688413		0.8645906168937683
528		22.402560177999476		1.5215580463409424		2.0005823476028444		0.4404373485088348		0.8808746970176696
529		22.39509918099975		1.5430757999420166		1.9949736085319518		0.4033420176267624		0.8066840352535248
530		22.41352609599926		1.6288013458251953		2.0923476730155945		0.44088205120563506		0.8817641024112701
531		22.394619491000412		1.4437332153320312		1.9093180753707886		0.4008412094593048		0.8016824189186096
532		22.383934068999224		1.6285637617111206		2.1030983388328552		0.511073159956932		1.022146319913864
533		22.334667746001287		1.6080917119979858		2.0735880817985533		0.5068580942392349		1.0137161884784698
534		22.1856274820002		1.534206509590149		1.9897276881599426		0.620136073923111		1.240272147846222
535		22.225429824000457		1.5716032981872559		2.0303073203468323		0.44512762088775637		0.8902552417755127
536		22.322440769999957		1.4643431901931763		1.921083553276062		0.42153710198402405		0.8430742039680481
537		22.335596001999875		1.5480072498321533		2.020509090938568		0.42935117828845976		0.8587023565769195
538		22.319290211000407		1.5635159015655518		2.025700642719269		0.40574789686203006		0.8114957937240601
539		22.3227279169987		1.46031653881073		1.920743523273468		0.48517856328487396		0.9703571265697479
540		22.251024803999826		1.5256301164627075		1.9903812144851685		0.48121661181449893		0.9624332236289979
541		22.196277528999417		1.4934790134429932		1.9504272435188295		0.4040935215473175		0.808187043094635
542		22.32806274200084		1.5383323431015015		1.9935183862495423		0.4173590308189392		0.8347180616378784
543		22.430716498998663		1.4646365642547607		1.9219242177200317		0.46022627580165865		0.9204525516033173
544		22.35564489800163		1.669319987297058		2.134744509716034		0.4328173545837402		0.8656347091674804
545		22.302919730000212		1.5410443544387817		1.9999164794921875		0.39614540436267853		0.7922908087253571
546		22.294263490000958		1.4842473268508911		1.9434777431678771		0.395456170296669		0.790912340593338
547		22.176566907999586		1.5197608470916748		1.9766946583557128		0.6689682707309723		1.3379365414619446
548		22.35046271200008		1.5882619619369507		2.0548878779411317		0.38971945617198944		0.7794389123439789
549		22.285025535000386		1.5489697456359863		1.9991806839752198		0.5345585026741028		1.0691170053482055
550		22.5223734049996		1.590624213218689		2.058978325386047		0.409921390080452		0.819842780160904
551		22.466991872999643		1.4516898393630981		1.9130069464683532		0.40835013473033904		0.8167002694606781
552		22.399037682998824		1.5845800638198853		2.0436876814460754		0.5986307990789413		1.1972615981578827
553		22.370961675000217		1.457348346710205		1.9225079648017884		0.43004457607269286		0.8600891521453857
554		22.328100389999236		1.5364943742752075		1.9970123208427428		0.43063053047657013		0.8612610609531403
555		22.400146820000373		1.4927644729614258		1.9525955813217164		0.47287775449752806		0.9457555089950561
556		22.439308806000554		1.4838112592697144		1.9465164503097534		0.6672951324939728		1.3345902649879455
557		22.56175707299917		1.4874486923217773		1.9364854583740234		0.3982536695718765		0.796507339143753
558		22.524675702999957		1.4962955713272095		1.9491319275665284		0.561746271443367		1.123492542886734
559		22.541185883999788		1.6129755973815918		2.055330479106903		0.393361689209938		0.786723378419876
560		22.560131647000162		1.4387481212615967		1.9070540692710876		0.4443520030975342		0.8887040061950684
561		22.623257666000427		1.5553644895553589		2.0163979817199706		0.4108943981170654		0.8217887962341308
562		22.549109755000245		1.4633785486221313		1.9247353223514556		0.40075517699718477		0.8015103539943695
563		22.521977120000884		1.6388404369354248		2.0941929551506044		0.6805320021152497		1.3610640042304993
564		22.567352173000472		1.490506887435913		1.9526966234779357		0.3931106651544571		0.7862213303089142
565		22.54270666500088		1.5715595483779907		2.0307004596328735		0.3971764491081238		0.7943528982162475
566		22.498980544000005		1.3712427616119385		1.8394781307792663		0.39212672996521		0.78425345993042
567		22.429954324999926		1.4815384149551392		1.9449946737575532		0.4153689416885376		0.8307378833770752
568		22.51333300599981		1.6011818647384644		2.064211703491211		0.501090040063858		1.002180080127716
569		22.3471998469995		1.4946309328079224		1.9583799125862122		0.3848614440917969		0.7697228881835938
570		22.354215598001247		1.4580073356628418		1.9236590871238708		0.394298842895031		0.788597685790062
571		22.023335062000115		1.4540550708770752		1.921385136203766		0.46243921098709106		0.9248784219741821
572		22.454938697001126		1.4830039739608765		1.9393090674972535		0.5413876478195191		1.0827752956390382
573		22.565299600999424		1.5035125017166138		1.961118329296112		0.3986833246469498		0.7973666492938996
574		22.54336921399954		1.5529719591140747		2.0172791806411743		0.48005585894584657		0.9601117178916931
575		22.48685839599966		1.6222574710845947		2.076424211444855		0.3991321081161499		0.7982642162322998
576		22.32117523100169		1.4605509042739868		1.9216011783981324		0.45520348353385925		0.9104069670677185
577		22.451187878001292		1.4961532354354858		1.9455315586853028		0.41022535037994384		0.8204507007598877
578		22.231999320001705		1.513356328010559		1.968880583896637		0.38358488430976867		0.7671697686195373
579		22.43383948400151		1.4176993370056152		1.8852137177467345		0.4757117804527283		0.9514235609054565
580		22.39387120200081		1.5581741333007812		2.0151679531383513		0.3986033642053604		0.7972067284107208
581		22.440303018000122		1.444068193435669		1.909659607028961		0.420295032286644		0.840590064573288
582		22.593381614000464		1.5218130350112915		1.9728954562950134		0.4200564333438873		0.8401128666877746
583		22.491997432998687		1.4146305322647095		1.8723726027297973		0.6909348944664001		1.3818697889328002
584		22.523261035999894		1.6167947053909302		2.064425803050995		0.46089925510883334		0.9217985102176667
585		22.50483871799952		1.4648158550262451		1.9283234924507142		0.4156998035669327		0.8313996071338654
586		22.39637318700079		1.6162571907043457		2.0527194471263885		0.3870640934705734		0.7741281869411468
587		79.48532502400121		1.4619059562683105		1.9193666369342803		0.42362306566238406		0.8472461313247681
588		22.388803263998852		1.7359545230865479		2.186592904701233		0.572524742603302		1.145049485206604
589		22.399760882999544		1.4452118873596191		1.9084501284980775		0.38670794236660005		0.7734158847332001
590		22.413323512000716		1.526334285736084		1.986000039138794		0.44818107290267944		0.8963621458053589
591		22.40713941300055		1.538387656211853		1.9936040851593018		0.40306695845127105		0.8061339169025421
592		22.419902879999427		1.5908088684082031		2.0383247167015077		0.4367823716402054		0.8735647432804108
593		22.396560868999586		1.3655476570129395		1.8363078108119966		0.4224274872303009		0.8448549744606018
594		22.55187104900142		1.4719970226287842		1.9331491877365112		0.3857407560348511		0.7714815120697022
595		22.621869659000367		1.5547462701797485		1.995372541999817		0.3907722982645035		0.781544596529007
596		22.510752459998912		1.5710670948028564		2.0262514364624025		0.402307932639122		0.804615865278244
597		22.40207918700071		1.4242957830429077		1.8828444005298615		0.38228299083709716		0.7645659816741943
598		22.394777099001658		1.6355842351913452		2.0723081083488464		0.3880490713119507		0.7760981426239014
599		22.338326914999925		1.4510694742202759		1.9030840108680724		0.39841515376567843		0.7968303075313569
600		22.33595712799979		1.570231318473816		2.0116814273262023		0.385576558470726		0.771153116941452
601		22.314146630000323		1.4037065505981445		1.853859008731842		0.38597119884490966		0.7719423976898193
602		22.157275760999255		1.4054783582687378		1.8588434734249115		0.40386850390434265		0.8077370078086853
603		22.255030127998907		1.395382285118103		1.8595714036464692		0.39080730822086335		0.7816146164417267
604		22.228715568999178		1.5775599479675293		2.0328226334285735		0.3957940919160843		0.7915881838321686
605		22.247453630001473		1.4196138381958008		1.875790322856903		0.378960182261467		0.757920364522934
606		22.25562258699938		1.445917010307312		1.903716360874176		0.3815216366291046		0.7630432732582092
607		22.27274695899905		1.3890477418899536		1.8539930882930755		0.37812942292690277		0.7562588458538055
608		22.199050977000297		1.5832337141036987		2.040697007856369		0.38278995778560637		0.7655799155712127
609		22.34852073699949		1.4394632577896118		1.8985046154785157		0.3860330916166306		0.7720661832332611
610		22.256726195999363		1.6101189851760864		2.0555427095985412		0.43847172853946687		0.8769434570789337
611		22.193172953000612		1.4467337131500244		1.9065514999103546		0.5638775838375092		1.1277551676750184
612		22.267710812000587		1.440736174583435		1.898445478372574		0.4124344124555588		0.8248688249111176
613		22.32017323800028		1.4601492881774902		1.9097176420688629		0.41019310207366944		0.8203862041473389
614		22.242048285999772		1.5314080715179443		1.988572105064392		0.5150337406873703		1.0300674813747406
615		22.20686468399981		1.5145846605300903		1.9670398180294038		0.38116552577018736		0.7623310515403747
616		22.13980377400003		1.4502955675125122		1.9159917551994323		0.46073867247104644		0.9214773449420929
617		22.160818431000735		1.5895878076553345		2.0389278283691405		0.38239706909656523		0.7647941381931305
618		22.437234906999947		1.5013333559036255		1.9628754736328125		0.6147458619832993		1.2294917239665986
619		22.472274837999066		1.5770416259765625		2.0131755952358246		0.3884983229637146		0.7769966459274292
620		22.36757702399882		1.432085633277893		1.8956010105895995		0.4061467143535614		0.8122934287071228
621		22.450214675998723		1.4453825950622559		1.902428077659607		0.3786798366546631		0.7573596733093262
622		22.424109887000668		1.7398916482925415		2.1745131148147583		0.4253943073272705		0.850788614654541
623		22.380163105000975		1.5392862558364868		2.000128992328644		0.38008271923065184		0.7601654384613037
624		22.407392885999798		1.386909008026123		1.855121815881729		0.4054329383373261		0.8108658766746522
625		64.1429035759993		1.515493392944336		1.9817905778217315		0.49832548739910126		0.9966509747982025
626		22.51378392100014		1.455653190612793		1.8922610272026061		0.4113524792432785		0.822704958486557
627		82.57076129199959		1.508652925491333		1.9635001683807374		0.466983882856369		0.933967765712738
628		22.439729838999483		1.4152017831802368		1.8689277904701234		0.38004394438266753		0.7600878887653351
629		22.439588434999678		1.4745506048202515		1.9229711941623688		0.3749579201698303		0.7499158403396606
630		22.511054646998673		1.5252585411071777		1.9717230761146545		0.4950073139190674		0.9900146278381348
631		22.571934150000743		1.461646556854248		1.9271440840053558		0.3765442085266113		0.7530884170532226
632		22.42744871800096		1.3991248607635498		1.8537463002300263		0.3797019125342369		0.7594038250684738
633		22.535321584000485		1.476898193359375		1.9326982543849944		0.4138273244857788		0.8276546489715576
634		22.384417385999768		1.3159925937652588		1.7699133834171294		0.3755323883295059		0.7510647766590118
635		22.535204751000492		1.537118911743164		1.983389015827179		0.4724293009519577		0.9448586019039154
636		22.55739083700064		1.4814928770065308		1.9451617393779754		0.42836889128684996		0.8567377825736999
637		22.509129649000897		1.4772535562515259		1.9410784435749053		0.3815060354709625		0.763012070941925
638		22.368625457000235		1.4685418605804443		1.934385527973175		0.49465373771190646		0.9893074754238129
639		22.3850020509999		1.5396144390106201		1.9905170547866822		0.46603390076160434		0.9320678015232087
640		22.482029286000397		1.3217151165008545		1.7898151684379577		0.3785167788743973		0.7570335577487945
641		22.48405133400047		1.57447350025177		2.0241411510276794		0.48662423923015596		0.9732484784603119
642		22.490647901000557		1.3388535976409912		1.8107694137191772		0.45057425894737246		0.9011485178947449
643		22.436395134000122		1.4923235177993774		1.9481929622173308		0.4628044867515564		0.9256089735031128
644		22.39034964700113		1.445769190788269		1.8887808571529388		0.40685390284061435		0.8137078056812287
645		22.41258874900086		1.4186935424804688		1.8820016330051421		0.41940733425617216		0.8388146685123443
646		22.416898257000867		1.4402363300323486		1.9000779160499572		0.37191200025081633		0.7438240005016327
647		22.514935515000616		1.3831607103347778		1.841186344432831		0.4569051918029785		0.913810383605957
648		22.556410167999275		1.340078353881836		1.7988455619430541		0.4150126955509186		0.8300253911018372
649		22.58338512299997		1.4977970123291016		1.9515300015830994		0.4352693424463272		0.8705386848926544
650		22.537846182000067		1.4663498401641846		1.910117638311386		0.3721198358058929		0.7442396716117858
651		22.571327818999634		1.469862461090088		1.9304131242179872		0.3751317418575287		0.7502634837150574
652		22.43113043900121		1.434081792831421		1.8861153447818757		0.4006073365926743		0.8012146731853486
653		22.503216597000574		1.4093172550201416		1.8745179990959167		0.4174992259263992		0.8349984518527984
654		22.6762766009997		1.4416574239730835		1.8983567500972747		0.47475726284980774		0.9495145256996155
655		22.599442923001334		1.459850549697876		1.9136857149410247		0.39158972027301786		0.7831794405460357
656		22.18869262299995		1.3957412242889404		1.8556525810718536		0.4019083004951477		0.8038166009902954
657		22.50408206300017		1.4663668870925903		1.9291865597820281		0.37668789234161376		0.7533757846832275
658		22.56173154300086		1.3789118528366089		1.8403475673675538		0.3735936242341995		0.747187248468399
659		22.600484951999533		1.4325274229049683		1.8929055716991425		0.37219212036132815		0.7443842407226563
660		22.52960312000141		1.4641417264938354		1.914082471265793		0.4273258120775223		0.8546516241550446
661		22.400651146999735		1.4218344688415527		1.8928918997764588		0.40118319988250734		0.8023663997650147
662		22.636980428000243		1.416351318359375		1.8758704596328735		0.4696847265005112		0.9393694530010224
663		22.71865199899912		1.3650645017623901		1.8282172454357146		0.4520124930381775		0.904024986076355
664		22.577765768999598		1.4946975708007812		1.9609188133430482		0.456350216960907		0.912700433921814
665		63.012385875999826		1.4281067848205566		1.8883274186706542		0.45323883211612703		0.9064776642322541
666		22.34886860000006		1.4506721496582031		1.9037028511047362		0.4097298681974411		0.8194597363948822
667		22.523145401000875		1.4328352212905884		1.8890399606323243		0.39452246129512786		0.7890449225902557
668		22.401012381000328		1.434402346611023		1.885168655090332		0.3962904900312424		0.7925809800624848
669		22.462082596999608		1.3828871250152588		1.8421760806560517		0.3758803336858749		0.7517606673717498
670		22.47265571800017		1.4767268896102905		1.939443777780533		0.5614344320297241		1.1228688640594482
671		22.308431839999685		1.3763755559921265		1.8328322848415375		0.3903803472995758		0.7807606945991517
672		22.25213218999852		1.412668228149414		1.880427430448532		0.44051790671348573		0.8810358134269715
673		22.220736532000956		1.4676483869552612		1.9188665904808044		0.4029038880109787		0.8058077760219574
674		22.233916719998888		1.4116694927215576		1.849538068637848		0.40685195269584656		0.8137039053916931
675		22.261098227998446		1.4064884185791016		1.848565332775116		0.451622802734375		0.90324560546875
676		22.227856825000345		1.3706843852996826		1.8327231100940704		0.48959189670085906		0.9791837934017181
677		22.20020869400105		1.4648233652114868		1.925635562210083		0.36987606085538866		0.7397521217107773
678		22.149165073000404		1.3983612060546875		1.8595941639518738		0.39028469800949095		0.7805693960189819
679		22.11830998199912		1.5491909980773926		2.0128179997444153		0.6887132584571838		1.3774265169143676
680		22.214338599000257		1.4079519510269165		1.8552710084724426		0.41814933104515073		0.8362986620903015
681		22.30119371499859		1.4310086965560913		1.8984599439907075		0.3943182353019714		0.7886364706039428
682		22.301381489998676		1.3771018981933594		1.8378896334171295		0.41811352064609525		0.8362270412921905
683		22.358990525999616		1.4554235935211182		1.910280643339157		0.7267871139764785		1.453574227952957
684		22.253020729000127		1.4075589179992676		1.883810981912613		0.7281247646570206		1.4562495293140412
685		22.360572142999445		1.3799868822097778		1.8545767384529113		0.3776944715738296		0.7553889431476593
686		22.44999539299897		1.4080344438552856		1.8638879165935516		0.409789044713974		0.819578089427948
687		22.519669251998494		1.496863842010498		1.961417217731476		0.44250565929412844		0.8850113185882569
688		22.617204260999642		1.3415321111679077		1.8028763407802582		0.37226147034168244		0.7445229406833649
689		22.531233408000844		1.4619972705841064		1.9072258412075043		0.37082987909317017		0.7416597581863403
690		22.421811531999992		1.4477664232254028		1.9027124247264862		0.47946631278991697		0.9589326255798339
691		22.462055401001635		1.3989903926849365		1.8599272902584076		0.46486473071575163		0.9297294614315033
692		22.62534636499913		1.3080275058746338		1.7681177973651887		0.3810801650762558		0.7621603301525116
693		22.58004409500063		1.4483262300491333		1.908244345521927		0.4957529510498047		0.9915059020996094
694		22.367410799000936		1.5239810943603516		1.9675241263008119		0.41416706235408784		0.8283341247081757
695		22.437738558001		1.3324127197265625		1.8050624550914764		0.4441589449644089		0.8883178899288178
696		22.590629924001405		1.4957756996154785		1.9462575541210174		0.37888725702762605		0.7577745140552521
697		22.516401221000706		1.4391124248504639		1.8991064396953583		0.36640014855861663		0.7328002971172333
698		22.47619431899875		1.3990415334701538		1.8597566022777556		0.41268287179470065		0.8253657435894013
699		22.491236596000817		1.4719890356063843		1.9412415220737458		0.37197814946174623		0.7439562989234925
700		22.49739160700119		1.3770864009857178		1.8273691809272765		0.39792039427757264		0.7958407885551453
701		22.657512853998924		1.3682985305786133		1.8276030202579499		0.3679465456485748		0.7358930912971496
702		22.6486740750006		1.4689260721206665		1.933182965517044		0.390574622797966		0.781149245595932
703		22.590009398001712		1.4208101034164429		1.871780013551712		0.41908581495285036		0.8381716299057007
704		22.650189240001055		1.3941130638122559		1.8624487823104858		0.3741844982981682		0.7483689965963364
705		22.625123682002595		1.346266508102417		1.8053748473262787		0.41701969153881074		0.8340393830776215
706		22.443178474997694		1.390442967414856		1.860979304265976		0.43884557390213014		0.8776911478042603
707		22.531715285000246		1.3948391675949097		1.8585646874713897		0.421425589132309		0.842851178264618
708		22.44901621000099		1.421776533126831		1.8807969245052338		0.3758753044128418		0.7517506088256836
709		22.616521969997848		1.3903661966323853		1.8368332568645478		0.4027737767934799		0.8055475535869598
710		22.534172730000137		1.4702694416046143		1.940240561323166		0.4676636743307114		0.9353273486614228
711		22.390590218998113		1.4243813753128052		1.890124109401703		0.4665610366344452		0.9331220732688904
712		22.57737800399991		1.4730713367462158		1.9325670525169372		0.4294338820695877		0.8588677641391754
713		22.523411562000547		1.3735235929489136		1.8195206347179413		0.4724313305616379		0.9448626611232758
714		22.56469807800022		1.4355149269104004		1.885278761100769		0.4136979614019394		0.8273959228038787
715		22.763189647997933		1.338908076286316		1.7981702427387238		0.42237281436920165		0.8447456287384033
716		22.74930705100269		1.4695910215377808		1.9176543041229248		0.48213441104888916		0.9642688220977783
717		22.740314212001977		1.3783622980117798		1.8277124626922607		0.43858653230667116		0.8771730646133423
718		22.664673470000707		1.416672945022583		1.885310573682785		0.3662030626535416		0.7324061253070832
719		22.436688398000115		1.3444101810455322		1.806722677192688		0.409496249127388		0.818992498254776
720		22.598071014999732		1.4485461711883545		1.9113364709186553		0.3672328628540039		0.7344657257080078
721		22.682350764000148		1.4390554428100586		1.8900850393390656		0.36973884077072144		0.7394776815414429
722		22.679626897999697		1.3421485424041748		1.799742061471939		0.3638526723980904		0.7277053447961808
723		22.598311866997392		1.3614654541015625		1.8194558243274688		0.6004629898548126		1.2009259797096252
724		22.397044960998755		1.414927363395691		1.8692362714767456		0.37240289013385774		0.7448057802677155
725		22.43799167800171		1.3597053289413452		1.8222558792304993		0.40127633788585665		0.8025526757717133
726		22.524622818000353		1.3694816827774048		1.830996703491211		0.40265428104400636		0.8053085620880127
727		22.585938159998477		1.406048059463501		1.8725976665973663		0.44299810240268706		0.8859962048053741
728		22.540929529001005		1.3799712657928467		1.8490345065498353		0.39726070868968966		0.7945214173793793
729		22.611522780996893		1.3545137643814087		1.8157570327186585		0.36822886447906494		0.7364577289581299
730		22.685378236998076		1.4016193151474		1.8589618132591248		0.38319726696014406		0.7663945339202881
731		22.61059491999913		1.5544090270996094		2.0048801743984224		0.37606404951810835		0.7521280990362167
732		22.655170678001014		1.4032074213027954		1.8535217387866973		0.37652401058673857		0.7530480211734771
733		22.59895243400024		1.3320629596710205		1.7894401620578766		0.3634711049318314		0.7269422098636628
734		22.622570146002545		1.4288955926895142		1.8805870432662963		0.37978460748195647		0.7595692149639129
735		22.502719292999245		1.3404613733291626		1.7923266706371308		0.36531391077041625		0.7306278215408325
736		22.580026462001115		1.455938696861267		1.9048601330375672		0.3652494161128998		0.7304988322257996
737		22.643338016001508		1.3300938606262207		1.7949704369926454		0.3773817714214325		0.754763542842865
738		22.640018301000964		1.5615265369415283		1.999423734922409		0.5166506199121476		1.0333012398242951
739		22.581989356000122		1.348341941833496		1.8094870527839662		0.5104852277994156		1.0209704555988313
740		22.565055208000558		1.3222213983535767		1.7933518628406524		0.36993523969650266		0.7398704793930053
741		22.352308165001887		1.3851972818374634		1.8441330164337157		0.3628047017812729		0.7256094035625458
742		22.348313917002088		1.4208077192306519		1.876549439678192		0.3680088226795197		0.7360176453590394
743		22.283797731997765		1.3367588520050049		1.7999789659500123		0.3737256106495857		0.7474512212991714
744		22.502866491999157		1.305328607559204		1.7780784099769593		0.39898670575618744		0.7979734115123749
745		21.896741335000115		1.4495171308517456		1.9100499813079834		0.3841069840431213		0.7682139680862426
746		21.776387775997136		1.3667924404144287		1.8156155924129487		0.38710158306360243		0.7742031661272049
747		22.402748311000323		1.3838906288146973		1.8287440465927125		0.3697057028055191		0.7394114056110382
748		22.391315400000167		1.3912818431854248		1.844282683134079		0.39228961532115936		0.7845792306423187
749		22.340881123000145		1.2823771238327026		1.7430248459911346		0.4127940589904785		0.825588117980957
750		22.284789782999724		1.3792136907577515		1.827055613975525		0.3647798339486122		0.7295596678972244
751		22.35902576100125		1.3454934358596802		1.8026176412677766		0.5622044350147247		1.1244088700294494
752		22.262200408000353		1.3810068368911743		1.8437625510025024		0.4081986009120941		0.8163972018241882
753		22.187543600000936		1.3743897676467896		1.8279455422210693		0.3972523438215256		0.7945046876430512
754		22.31907553400015		1.4359662532806396		1.8892775722026824		0.3879157903671265		0.775831580734253
755		22.334552746000554		1.3482693433761597		1.8052899679851533		0.36298225042819976		0.7259645008563995
756		22.425195029998577		1.303674578666687		1.7656342082309724		0.4155815806627274		0.8311631613254548
757		21.74412580399803		1.3419150114059448		1.8038770910263062		0.36428456327915193		0.7285691265583039
758		22.681381369999144		1.383339524269104		1.8344224484920502		0.3849495349168777		0.7698990698337554
759		22.59524264799984		1.2898859977722168		1.7517902877426148		0.4115847412109375		0.823169482421875
760		22.66570983100246		1.4531285762786865		1.903765396261215		0.4605141324996948		0.9210282649993896
761		22.72016427899871		1.4379271268844604		1.8934403567790985		0.384872327375412		0.769744654750824
762		22.591357027999038		1.3570529222488403		1.8179494164276122		0.40994092135429383		0.8198818427085877
763		22.656108307997783		1.35906183719635		1.8169785728836059		0.40182460877895354		0.8036492175579071
764		22.53618562399788		1.4472754001617432		1.913864588212967		0.3823008022069931		0.7646016044139862
765		22.530561792002118		1.467380404472351		1.921867862405777		0.3721512812256813		0.7443025624513626
766		22.482982457000617		1.3557655811309814		1.811707546415329		0.4906462899684906		0.9812925799369812
767		22.62006597999789		1.3348013162612915		1.7991322360992432		0.38087250838279724		0.7617450167655945
768		22.724012869002763		1.3734352588653564		1.8269267897224426		0.45821623868942263		0.9164324773788453
769		22.638755718002358		1.3433068990707397		1.8076025064182282		0.3720712555408478		0.7441425110816956
770		22.661524390001432		1.2993351221084595		1.7634032291412354		0.36137254490852355		0.7227450898170471
771		22.459042525999394		1.3391213417053223		1.8086312348747253		0.3702444474697113		0.7404888949394226
772		22.704698571000336		1.416794776916504		1.8703731720733643		0.383339835524559		0.766679671049118
773		22.579075237001234		1.3357267379760742		1.7814708608531953		0.3708423181772232		0.7416846363544464
774		22.577611872002308		1.3323277235031128		1.7872605723381043		0.36912520978450775		0.7382504195690155
775		22.65134918699914		1.3479468822479248		1.815856593475342		0.43849291493892667		0.8769858298778533
776		22.51942477600096		1.2958921194076538		1.7627632284832		0.41841327879428863		0.8368265575885773
777		22.665620490999572		1.3431010246276855		1.7965519918441772		0.42228194079399106		0.8445638815879821
778		22.63028534300247		1.3173744678497314		1.7753482429409027		0.3919226541996002		0.7838453083992004
779		22.59992099500232		1.3652690649032593		1.8239415461635589		0.37369032776355743		0.7473806555271149
780		22.619366021001042		1.3299318552017212		1.797487753725052		0.40801620614528655		0.8160324122905731
781		22.679307310001604		1.3786827325820923		1.8345932293128968		0.4170467675209045		0.834093535041809
782		22.670348783001828		1.2935982942581177		1.748709199028015		0.5161410635232926		1.0322821270465852
783		22.708656418002647		1.3921210765838623		1.851485950422287		0.36686054525375367		0.7337210905075073
784		22.530145445001835		1.3015862703323364		1.7628356160163878		0.5267044480800629		1.0534088961601258
785		22.537163819000853		1.368789792060852		1.8139638549900055		0.3635841959953308		0.7271683919906616
786		22.484307279999484		1.3113104104995728		1.770820746269226		0.3643848924636841		0.7287697849273682
787		22.661257871001		1.4254183769226074		1.8863767201805115		0.36456227147579195		0.7291245429515839
788		22.571710806998453		1.2786238193511963		1.7454655221557618		0.3706341326594353		0.7412682653188706
789		22.541455154998403		1.2879009246826172		1.7471682007312774		0.4020327189207077		0.8040654378414154
790		22.53133831100058		1.356244683265686		1.8084338764858245		0.42586486361026765		0.8517297272205353
791		22.611358625999856		1.4187920093536377		1.8878853141212464		0.36432515881061556		0.7286503176212311
792		22.635060958000395		1.3185546398162842		1.7770350266361237		0.37337690970897675		0.7467538194179535
793		22.684625845999108		1.3173387050628662		1.7735454580497743		0.42012283775806425		0.8402456755161285
794		22.62618145599845		1.3558800220489502		1.8130126139736176		0.3566319100141525		0.713263820028305
795		22.54719656299858		1.3195993900299072		1.7724805445671081		0.35920009595155716		0.7184001919031143
796		22.640296651003155		1.3447026014328003		1.7910939963150025		0.35842520403862		0.71685040807724
797		22.591560269000183		1.3921955823898315		1.8505416558074952		0.36015263929367064		0.7203052785873413
798		22.59547164399919		1.338460087776184		1.7981899631595613		0.3789738898396492		0.7579477796792984
799		22.601471003999904		1.2968378067016602		1.7564477566814423		0.4352213538646698		0.8704427077293396
800		22.62848723499701		1.3928186893463135		1.8481276783180236		0.3573682938337326		0.7147365876674652
801		22.47893790300077		1.2576162815093994		1.71447314453125		0.4484375305891037		0.8968750611782074
802		22.491819330996805		1.3800113201141357		1.8340566960906983		0.35933954453468325		0.7186790890693665
803		22.655446566997853		1.3459728956222534		1.805889291715622		0.3558709094762802		0.7117418189525604
804		22.62286849299926		1.307438611984253		1.762953868370056		0.36567126653194426		0.7313425330638885
805		22.466901963001874		1.354400873184204		1.810719149980545		0.4016713382720947		0.8033426765441894
806		22.616925201000413		1.3872312307357788		1.8516355313777924		0.39715503516197204		0.7943100703239441
807		22.55517286599934		1.3374714851379395		1.7923610095119475		0.3557044771313667		0.7114089542627334
808		22.624674169001082		1.2755910158157349		1.7326340951919557		0.3560302903652191		0.7120605807304382
809		22.62259113899927		1.3223108053207397		1.773262116241455		0.3592258644104004		0.7184517288208008
810		22.454800053998042		1.3543466329574585		1.8196918311595918		0.38803744804859164		0.7760748960971833
811		22.53681938599766		1.3449537754058838		1.8061774534511565		0.5436751382112504		1.0873502764225007
812		21.980031031998806		1.2643494606018066		1.7127486614608765		0.37503775445222853		0.7500755089044571
813		22.429826748000778		1.3975043296813965		1.8430409296035766		0.37989651110172273		0.7597930222034455
814		22.40907339199839		1.3099161386489868		1.7682333394050598		0.37821145293712616		0.7564229058742523
815		22.410309678001795		1.310411810874939		1.7797793574810028		0.3618510254859924		0.7237020509719848
816		21.744973193002807		1.2984079122543335		1.7491980661964417		0.4085665458440781		0.8171330916881562
817		22.33264044599855		1.30255126953125		1.76764038813591		0.428597070646286		0.857194141292572
818		22.25300872599837		1.3203306198120117		1.7772897139835357		0.37539662177562716		0.7507932435512543
819		22.291786608999246		1.321396827697754		1.7789054911994935		0.4366968898534775		0.873393779706955
820		22.450052338001115		1.2989815473556519		1.7700545121479034		0.40066039860248565		0.8013207972049713
821		22.504484041997785		1.2758020162582397		1.7281161981582642		0.37007327628135683		0.7401465525627137
822		22.313289949001046		1.3305413722991943		1.7975927541828156		0.36309431208372117		0.7261886241674423
823		22.577499166000052		1.3178867101669312		1.7862439868831634		0.3570451898813248		0.7140903797626496
824		22.602788825999596		1.3560954332351685		1.8126891278839112		0.354339828813076		0.708679657626152
825		22.343685768002615		1.4701948165893555		1.916596575088501		0.5602409558057785		1.120481911611557
826		22.388237283001217		1.2854257822036743		1.7533114219474792		0.3611862739562988		0.7223725479125976
827		22.482103384001675		1.3282396793365479		1.7868874511432649		0.37259408004283906		0.7451881600856781
828		22.599229098999785		1.3275208473205566		1.785291632938385		0.35533244769573213		0.7106648953914643
829		22.579517669997585		1.3184092044830322		1.7751291002750396		0.3550839159250259		0.7101678318500518
830		22.539232297000126		1.3512623310089111		1.818146858663559		0.3585748608708382		0.7171497217416763
831		22.55624600399824		1.374798059463501		1.8300969694423677		0.3538552823066711		0.7077105646133423
832		22.417643332999432		1.2819401025772095		1.7353618638324737		0.36602737044095995		0.7320547408819199
833		22.47476851400279		1.2616363763809204		1.725285301771164		0.36264348957538606		0.7252869791507721
834		22.52636614000221		1.3608169555664062		1.8024896881484986		0.39090446457862854		0.7818089291572571
835		22.445643775001372		1.3627220392227173		1.8214258840847015		0.36039200575351715		0.7207840115070343
836		22.525099089998548		1.2976094484329224		1.764320901107788		0.3592038974523544		0.7184077949047089
837		22.585772980997717		1.272689700126648		1.7314378140068054		0.35690382113456726		0.7138076422691345
838		22.524590949000412		1.3201500177383423		1.7694341678142547		0.3555273079395294		0.7110546158790588
839		22.56898999600162		1.31118905544281		1.7615785202693939		0.3566238301277161		0.7132476602554322
840		22.675435727996955		1.30588698387146		1.7687350670433044		0.3682027302742004		0.7364054605484008
841		22.717960810001387		1.3330273628234863		1.7891749000549317		0.35750991866588594		0.7150198373317719
842		22.507067290000123		1.2903822660446167		1.7559352717590333		0.3649540134072304		0.7299080268144608
843		22.48888314100259		1.2747187614440918		1.7295530761623383		0.4226695803880692		0.8453391607761384
844		22.49972534400149		1.3233835697174072		1.776075181427002		0.35599177334308624		0.7119835466861725
845		22.387726655000733		1.3057119846343994		1.7629101839351653		0.37243456356525423		0.7448691271305085
846		22.071527726999193		1.301381230354309		1.7633505859184264		0.3638820660114288		0.7277641320228576
847		22.613793247001013		1.3334777355194092		1.7828951487350464		0.4150303921699524		0.8300607843399048
848		22.537394359002064		1.3442785739898682		1.7873072136116028		0.3746722054481506		0.7493444108963012
849		22.978995892997773		1.3002828359603882		1.75127157204628		0.46932717678546904		0.9386543535709381
850		22.686030600998492		1.2753976583480835		1.7173406450843811		0.3587758338212967		0.7175516676425934
851		22.618237504997524		1.2735451459884644		1.740253852815628		0.3599074741125107		0.7198149482250213
852		22.489292491001834		1.3790411949157715		1.8317866009616852		0.36734129478931427		0.7346825895786285
853		22.603107660001115		1.2750588655471802		1.7387357948684692		0.35272932374477384		0.7054586474895477
854		22.592598780000117		1.2589833736419678		1.7239262187194824		0.389752041220665		0.77950408244133
855		22.597447531999933		1.289587140083313		1.7357636651706696		0.37468949332237245		0.7493789866447449
856		22.490716459997202		1.3021329641342163		1.7499239335346222		0.38442465238571166		0.7688493047714233
857		22.657948117997876		1.3546175956726074		1.8007889429664612		0.351715110039711		0.703430220079422
858		22.57438825099962		1.286734938621521		1.7449346020412444		0.35991706103086474		0.7198341220617295
859		22.557244229003118		1.3144543170928955		1.7684570288085937		0.38637024295330047		0.7727404859066009
860		22.531084762998944		1.2952693700790405		1.7452439307308196		0.3824537273168564		0.7649074546337128
861		22.454873451999447		1.2773756980895996		1.7291351923274993		0.4660794580221176		0.9321589160442352
862		22.612559665001754		1.382377028465271		1.8313132862472534		0.4033387952566147		0.8066775905132294
863		22.64241728200068		1.279415249824524		1.7316694121742249		0.40744113314151764		0.8148822662830353
864		22.56799879800019		1.2945029735565186		1.7581766441059112		0.4313254217386246		0.8626508434772492
865		22.6828372960008		1.3057804107666016		1.773874355726242		0.35381627399921417		0.7076325479984283
866		22.77578729200104		1.2785587310791016		1.7204046141910554		0.4082280040025711		0.8164560080051422
867		22.696907891997398		1.210269808769226		1.6858139589309693		0.36444054787158964		0.7288810957431793
868		22.715891345000273		1.3254694938659668		1.777415538444519		0.3644063486814499		0.7288126973628998
869		22.714706647999265		1.2822654247283936		1.7279152863407135		0.35999295721054075		0.7199859144210815
870		22.70449632099917		1.2768189907073975		1.7314426207447051		0.35368407571315763		0.7073681514263153
871		22.678035934000945		1.279687762260437		1.7408821959590912		0.3892052584886551		0.7784105169773102
872		22.726265078003053		1.2999378442764282		1.7563934698295594		0.4677564309835434		0.9355128619670868
873		22.666194542001904		1.3822821378707886		1.8388248042869568		0.35319311490058897		0.7063862298011779
874		22.701281837998977		1.2531375885009766		1.7204885252571105		0.3975821184635162		0.7951642369270324
875		22.695651466001436		1.2694019079208374		1.7246998953056336		0.36428039447069166		0.7285607889413833
876		22.624733131997345		1.267987608909607		1.726597971496582		0.4223681272506714		0.8447362545013428
877		22.741968819998874		1.2418488264083862		1.6992736499881744		0.3555105879187584		0.7110211758375168
878		22.72618442900057		1.2667652368545532		1.7234981654930115		0.36998378853797914		0.7399675770759583
879		22.815772399000707		1.2746106386184692		1.737560778503418		0.3643604640722275		0.728720928144455
880		22.615372317002766		1.2128968238830566		1.688316763010025		0.4514594103336334		0.9029188206672668
881		22.633835134998662		1.2987620830535889		1.7571888270187377		0.4732225714445114		0.9464451428890228
882		22.30323340399991		1.2744206190109253		1.7271278164672852		0.35186798828840254		0.7037359765768051
883		22.420923110999865		1.284311056137085		1.7438502495765686		0.3528465852737427		0.7056931705474854
884		22.432351359002496		1.297629714012146		1.7496937847042084		0.35417881153821945		0.7083576230764389
885		22.475295406999066		1.3290590047836304		1.785508541469574		0.3753426126480103		0.7506852252960206
886		22.519666490999953		1.2719453573226929		1.7476904359340668		0.3626522022485733		0.7253044044971466
887		22.35728270799882		1.2340402603149414		1.6897270035457612		0.35459151062965394		0.7091830212593079
888		22.227612188999046		1.2455954551696777		1.6979251158046722		0.3765374015331268		0.7530748030662536
889		22.270919092999975		1.3165289163589478		1.7710296810340882		0.37595888710021974		0.7519177742004395
890		22.343444564998208		1.2337756156921387		1.6978886562252045		0.3816728260755539		0.7633456521511078
891		22.29187810300209		1.2347068786621094		1.699277703409195		0.3529896684765816		0.7059793369531632
892		22.341394685001433		1.2394729852676392		1.693817561635971		0.3499002136707306		0.6998004273414612
893		22.444498705001024		1.2700800895690918		1.728327546005249		0.3767368471503258		0.7534736943006516
894		22.526779399999214		1.3093940019607544		1.780926922750473		0.37777189280986784		0.7555437856197357
895		22.436104917000193		1.318569302558899		1.7669168073749542		0.35720085289478304		0.7144017057895661
896		22.527363665001758		1.2893680334091187		1.7550291094875337		0.38464534330368044		0.7692906866073609
897		22.407348947999708		1.2284213304519653		1.6703515476322175		0.35284414398670194		0.7056882879734039
898		22.630987915999867		1.2425973415374756		1.7129325414180756		0.3507068808197975		0.701413761639595
899		22.566869539001345		1.306013584136963		1.7747239573764801		0.35018306629657747		0.7003661325931549
900		22.586920177000138		1.2790607213974		1.7377513826656341		0.3494334784269333		0.6988669568538666
901		22.517455555000197		1.3175166845321655		1.7815138974666596		0.3638806451201439		0.7277612902402878
902		22.410352643997612		1.2759063243865967		1.7358761130428315		0.38549736449718475		0.7709947289943695
903		22.475292361003085		1.2444945573806763		1.7133349670124054		0.3916277891635895		0.783255578327179
904		22.58472159500161		1.2485920190811157		1.7058888659095763		0.38542605347633363		0.7708521069526673
905		22.717060385999503		1.3006998300552368		1.7696395335674286		0.3548941665172577		0.7097883330345154
906		22.620908038999914		1.2251843214035034		1.6807589496898652		0.35088846876621244		0.7017769375324249
907		22.580071046999365		1.2938451766967773		1.748323679637909		0.36652486128807066		0.7330497225761413
908		22.509573053001077		1.288465142250061		1.7403469241333007		0.35169807895421984		0.7033961579084397
909		22.769320315997902		1.2582272291183472		1.7180898595809937		0.354639957344532		0.709279914689064
910		22.57622321099916		1.2619783878326416		1.732868372631073		0.35064059735536574		0.7012811947107315
911		22.492380759998923		1.3242058753967285		1.7837001000785828		0.35070743391513826		0.7014148678302765
912		22.486849233999237		1.2668076753616333		1.7266616988658905		0.3504184532403946		0.7008369064807892
913		22.540890141001		1.2381258010864258		1.6983205322265624		0.35622985998392104		0.7124597199678421
914		22.518965505001688		1.2440438270568848		1.7155495234966278		0.3517626447558403		0.7035252895116806
915		22.5120079240005		1.2631781101226807		1.7225422932243346		0.3531106442689896		0.7062212885379792
916		22.77892675199837		1.2556307315826416		1.7073090435123444		0.4108376188993454		0.8216752377986908
917		22.734961955000472		1.2522543668746948		1.709231105852127		0.35437834553718567		0.7087566910743713
918		22.71531993699682		1.2507870197296143		1.6964000399780272		0.3504942839384079		0.7009885678768158
919		22.620004915999743		1.2452468872070312		1.6987600771427154		0.3628030765175819		0.7256061530351638
920		22.502853137000784		1.2519556283950806		1.7038554125881196		0.3674317179441452		0.7348634358882904
921		22.46290898100051		1.2597676515579224		1.711941724500656		0.36506057624816896		0.7301211524963379
922		22.54802632800056		1.256089687347412		1.719800215024948		0.36795543501377104		0.7359108700275421
923		22.553066120999574		1.3223274946212769		1.775255610628128		0.3899134099960327		0.7798268199920654
924		22.675180165999336		1.2382968664169312		1.7155674226856232		0.35525129214525225		0.7105025842905045
925		22.65804974799903		1.2369612455368042		1.684489169330597		0.3610896165370941		0.7221792330741882
926		22.46835082599864		1.290891170501709		1.7537184414196014		0.351276374912262		0.702552749824524
927		22.47802275199865		1.2571619749069214		1.7082729627990723		0.5934844383716583		1.1869688767433166
928		22.457817711001553		1.2521497011184692		1.7141035725688933		0.35363449543714526		0.7072689908742905
929		22.579701784001372		1.2467504739761353		1.707784002571106		0.3836272267818451		0.7672544535636902
930		22.64214892200107		1.2165337800979614		1.6850017695713044		0.35497079417705535		0.7099415883541107
931		22.783728947997588		1.220799207687378		1.6913613951396942		0.3482554445028305		0.696510889005661
932		22.6304504610016		1.2420275211334229		1.6819232957077026		0.3632026052236557		0.7264052104473114
933		22.731069582998316		1.2994372844696045		1.7628634863376618		0.3505287541985512		0.7010575083971023
934		22.400384374999703		1.212156891822815		1.683148182477951		0.359815431368351		0.719630862736702
935		22.38141533399903		1.239176630973816		1.6893098115062715		0.35788729909658434		0.7157745981931687
936		22.488974201001838		1.2615206241607666		1.7276327585124969		0.36227227375507354		0.7245445475101471
937		22.542084582000825		1.21450936794281		1.6730753242874146		0.3543132774591446		0.7086265549182892
938		22.743190013999993		1.225196361541748		1.6871371980285645		0.34622978971004487		0.6924595794200897
939		22.616613101999974		1.2425473928451538		1.7041279384040833		0.34951783031225203		0.6990356606245041
940		22.58187929700216		1.2583364248275757		1.7127010823917388		0.3482132845520973		0.6964265691041946
941		22.434876270999666		1.2731045484542847		1.7222609807300568		0.3702459293603897		0.7404918587207794
942		22.433887462997518		1.2261748313903809		1.6888867300224304		0.3506472894906998		0.7012945789813996
943		22.727507859999605		1.2230556011199951		1.6696206771087647		0.3785243893623352		0.7570487787246704
944		22.51404325399926		1.2639942169189453		1.7143887407112122		0.3687011590957642		0.7374023181915283
945		22.223286639000435		1.2267366647720337		1.68434589138031		0.364272459590435		0.72854491918087
946		22.728905989999475		1.1897060871124268		1.654739594297409		0.35392928704023363		0.7078585740804673
947		22.656145538996498		1.2471835613250732		1.7090659303855895		0.3981713973522186		0.7963427947044373
948		22.616568759000074		1.251903772354126		1.7088920311546325		0.37809319155216214		0.7561863831043243
949		22.67338229899906		1.2562016248703003		1.726521928768158		0.35386595430374146		0.7077319086074829
950		22.55695347800065		1.2620311975479126		1.7226562963294982		0.3477283532857895		0.695456706571579
951		22.4043962249998		1.2262965440750122		1.6974875563430787		0.3494025077581406		0.6988050155162812
952		21.746681048996834		1.2059693336486816		1.6584379185390472		0.3696667512178421		0.7393335024356842
953		22.388204678001784		1.269674301147461		1.7265650941562654		0.3708693735718727		0.7417387471437454
954		22.33112106599947		1.2381494045257568		1.6855358719825744		0.43911424815654754		0.8782284963130951
955		22.381842523998785		1.2592792510986328		1.7237772100543975		0.36112879269123077		0.7222575853824615
956		22.340483271000267		1.2340106964111328		1.672463064775467		0.3467946069121361		0.6935892138242722
957		22.304785850999906		1.2430833578109741		1.6897876372528076		0.3494911170363426		0.6989822340726852
958		21.932956674998422		1.2121100425720215		1.6781876130199433		0.34874978675842283		0.6974995735168457
959		21.84924959699856		1.2865386009216309		1.7250744850635529		0.38681914260387423		0.7736382852077485
960		21.84658280000076		1.2395879030227661		1.6855975292015075		0.3820351701259613		0.7640703402519226
961		22.445060390000435		1.2172147035598755		1.665106498861313		0.34808455176353453		0.6961691035270691
962		22.49929018900002		1.2378854751586914		1.7000567944812774		0.35068300033807753		0.7013660006761551
963		22.306264396000188		1.219104290008545		1.6814017596054076		0.4181151644468307		0.8362303288936614
964		22.30056012299974		1.2356462478637695		1.703155173215866		0.4399597456455231		0.8799194912910462
965		22.343637005997152		1.21254563331604		1.6617627806282043		0.34604228466749193		0.6920845693349839
966		22.279660087002412		1.2662341594696045		1.7308675753688811		0.3620225931763649		0.7240451863527299
967		22.350321545000043		1.2388696670532227		1.686339265909195		0.3818244955062866		0.7636489910125732
968		22.395828036998864		1.2123160362243652		1.6678345913505555		0.35689016456604006		0.7137803291320801
969		22.545804773999407		1.216719627380371		1.6698612405776978		0.35886269009113314		0.7177253801822663
970		22.48744307999732		1.2475792169570923		1.7096521139431		0.35756010649204256		0.7151202129840851
971		22.809285463001288		1.2193386554718018		1.6635390962696075		0.34577760363817217		0.6915552072763443
972		22.661463690001256		1.1878981590270996		1.6429708271884917		0.38088873949050905		0.7617774789810181
973		22.62809968199872		1.1915849447250366		1.6562797064208985		0.35034434702396394		0.7006886940479279
974		22.64948479600207		1.214595079421997		1.676260178976059		0.4489212265253067		0.8978424530506134
975		22.582766074003302		1.2918695211410522		1.7488612463569642		0.34547281476259234		0.6909456295251847
976		22.5572972810005		1.2168946266174316		1.6836622058963775		0.3510808376908302		0.7021616753816604
977		22.59550267099985		1.208409309387207		1.6693252645111083		0.3456862449407577		0.6913724898815155
978		22.69773037699997		1.2430325746536255		1.7020830035877228		0.4253681069612503		0.8507362139225007
979		22.734002875000442		1.2165197134017944		1.6747452763652801		0.34582737491130827		0.6916547498226165
980		22.602985450001142		1.2225762605667114		1.6811311355113983		0.3465934119105339		0.6931868238210678
981		22.706110472001455		1.199410080909729		1.6644221245384216		0.35152403030395507		0.7030480606079101
982		22.590965934999986		1.2184147834777832		1.6776276032161712		0.3592989542722702		0.7185979085445404
983		22.69804161399952		1.2485116720199585		1.6909376054286958		0.34529293520450594		0.6905858704090119
984		22.76582712399977		1.2395902872085571		1.69202326505661		0.3469302320241928		0.6938604640483856
985		22.693369120999705		1.211719274520874		1.6648410034942627		0.3469645156264305		0.693929031252861
986		22.51940329900026		1.1891183853149414		1.6441838646411895		0.34536884181499483		0.6907376836299897
987		21.848547108002094		1.2179440259933472		1.6695932110786438		0.34588355565071105		0.6917671113014221
988		22.4780061700003		1.2086683511734009		1.6774697937393188		0.3538505874156952		0.7077011748313904
989		22.466115454997635		1.2352194786071777		1.6945093622970582		0.3460282997250557		0.6920565994501114
990		22.435005931998603		1.2338788509368896		1.6889843355178833		0.34811437401771544		0.6962287480354309
991		22.739847385000758		1.2018274068832397		1.6736089850044251		0.34507875916957853		0.6901575183391571
992		22.654886554999393		1.262524127960205		1.7198622370433807		0.3903607157945633		0.7807214315891265
993		22.80558403699979		1.2261321544647217		1.6742344230270385		0.3594473611831665		0.718894722366333
994		22.62551824700131		1.2360018491744995		1.6862862007045747		0.3463687452554703		0.6927374905109406
995		22.488419311001053		1.2071763277053833		1.6504603084850311		0.3496087458014488		0.6992174916028976
996		22.62114998400284		1.2048802375793457		1.649163379650116		0.3595345927476883		0.7190691854953766
997		22.551830647000315		1.251282811164856		1.6860171656036378		0.35545650889873504		0.7109130177974701
998		22.5553534929968		1.2259740829467773		1.6788382363319396		0.34541506906747815		0.6908301381349563
999		22.627666168998985		1.2155104875564575		1.6712848690128326		0.3465955679774284		0.6931911359548568
1000		22.398303812999075		1.2182883024215698		1.67088557015419		0.34432407139539717		0.6886481427907943
1001		22.83157808100077		1.1939140558242798		1.6551598993396759		0.3577364860653877		0.7154729721307754
1002		22.588262707999093		1.1686221361160278		1.6415817822933196		0.34507841342687606		0.6901568268537521
1003		22.600148929999705		1.1828455924987793		1.644857449169159		0.345603803396225		0.69120760679245
1004		22.760590781002975		1.2506688833236694		1.7031068794822692		0.3465593754887581		0.6931187509775162
1005		22.591956735002896		1.1722264289855957		1.64019310628891		0.3638547446489334		0.7277094892978668
1006		22.563176971998473		1.2253987789154053		1.6833109329319		0.39129490225315094		0.7825898045063019
1007		22.55554359099915		1.1997785568237305		1.6582822694873809		0.3509128587126732		0.7018257174253464
1008		22.645307124999817		1.213599443435669		1.6702858016777038		0.3455118377804756		0.6910236755609512
1009		22.603875705000974		1.1924644708633423		1.644018299884796		0.346995994412899		0.693991988825798
1010		22.667643042001146		1.2241318225860596		1.6732224235916138		0.3558063735961914		0.7116127471923828
1011		22.619387581999035		1.178418517112732		1.6463671259880066		0.35375652146339415		0.7075130429267883
1012		22.640714109002147		1.218375563621521		1.6824526856803894		0.3506580425143242		0.7013160850286484
1013		22.692240418000438		1.2396576404571533		1.689405858488083		0.3474246067047119		0.6948492134094238
1014		22.785647353000968		1.237754464149475		1.678340808019638		0.3860219651699066		0.7720439303398132
1015		22.663631411000097		1.1704124212265015		1.6319306066799164		0.3507694963693619		0.7015389927387238
1016		22.55725086199891		1.2280064821243286		1.6653311953830718		0.3483202661037445		0.696640532207489
1017		22.74039836800148		1.2252874374389648		1.671397294845581		0.37298287897109983		0.7459657579421997
1018		22.599588932000188		1.2094391584396362		1.665368969297409		0.354837296795845		0.70967459359169
1019		22.713147922000644		1.2144297361373901		1.667227375459671		0.39827496213912966		0.7965499242782593
1020		22.768421641001623		1.2006628513336182		1.6565252119255065		0.34717945749759677		0.6943589149951935
1021		22.562709861002077		1.1885613203048706		1.636549735136032		0.343447333586216		0.686894667172432
1022		22.360123161997763		1.2164602279663086		1.6721435138511658		0.34543622279167174		0.6908724455833435
1023		22.28270807300214		1.2334163188934326		1.6821465276432037		0.3765503885865211		0.7531007771730422
1024		22.32319527800064		1.1976763010025024		1.6494019958877564		0.34477724031209944		0.6895544806241989
1025		22.329265188000136		1.1882615089416504		1.635847877254486		0.35081630682945253		0.7016326136589051
1026		22.78672589299822		1.2267014980316162		1.6869410931110382		0.35363921031951906		0.7072784206390381
1027		22.064191444002063		1.1810967922210693		1.6397447869491577		0.37476253703832624		0.7495250740766525
1028		22.399576174000686		1.2400729656219482		1.6992388414669037		0.3509615492105484		0.7019230984210968
1029		22.316455194999435		1.1911993026733398		1.6415604861068727		0.3623685748338699		0.7247371496677398
1030		22.0074586869996		1.2102738618850708		1.6588274612617493		0.3590973649263382		0.7181947298526764
1031		22.509538430000248		1.2077902555465698		1.6677783062934874		0.34416243996620177		0.6883248799324035
1032		22.37363039399861		1.1798204183578491		1.6320017802238465		0.36043377964496615		0.7208675592899323
1033		22.358422594999865		1.1906975507736206		1.647627927455902		0.34910741688013075		0.6982148337602615
1034		22.312050950000412		1.1592233180999756		1.627102502450943		0.34489055647850037		0.6897811129570007
1035		22.15043676699861		1.1994866132736206		1.6576154657936095		0.36035988882780073		0.7207197776556015
1036		22.28758512099739		1.1807273626327515		1.6334428778457641		0.3452738072395325		0.690547614479065
1037		22.33716225399985		1.187045693397522		1.6307292650032044		0.3465665796279907		0.6931331592559814
1038		22.215613729000324		1.2079371213912964		1.6527447738742829		0.34637499811649325		0.6927499962329865
1039		22.5635298950001		1.1970971822738647		1.6439875017166137		0.34302605533599856		0.6860521106719971
1040		22.54549310800212		1.18645441532135		1.62586055311203		0.3662731914997101		0.7325463829994202
1041		22.69220790899999		1.201703429222107		1.652053761062622		0.34624100185632706		0.6924820037126541
1042		22.50947497499874		1.1842514276504517		1.6361312670707702		0.35023018563985825		0.7004603712797165
1043		22.432717640996998		1.2011018991470337		1.666085032606125		0.3428307227015495		0.685661445403099
1044		22.496827849998226		1.1799824237823486		1.6297165700531007		0.3462283492088318		0.6924566984176636
1045		22.462387315998058		1.188338041305542		1.6417670430088043		0.34291164766550064		0.6858232953310013
1046		22.705530011997325		1.198584794998169		1.6483363108730316		0.3423238122701645		0.684647624540329
1047		22.677953810998588		1.1880266666412354		1.6387938160705566		0.3445197359442711		0.6890394718885422
1048		22.668361066000216		1.2044928073883057		1.6458448177528382		0.3428456057310104		0.6856912114620208
1049		22.6002680950005		1.2054967880249023		1.6655119301509858		0.34423632774353025		0.6884726554870605
1050		22.810228084999835		1.1738831996917725		1.644472117509842		0.349140966963768		0.698281933927536
1051		22.77913710299981		1.1908197402954102		1.6411289997959138		0.3461570178627968		0.6923140357255936
1052		22.785138619001373		1.1814042329788208		1.631563162050247		0.34761598116159437		0.6952319623231887
1053		22.641212729999097		1.206524133682251		1.6654889160633086		0.3683422702789307		0.7366845405578614
1054		22.699286592000135		1.1883082389831543		1.6374746419239044		0.3438730162382126		0.6877460324764252
1055		22.635432404000312		1.1654528379440308		1.622355104637146		0.34549377455711366		0.6909875491142273
1056		22.66989978100173		1.1848492622375488		1.6229100202846527		0.3546344099998474		0.7092688199996948
1057		22.56289136000123		1.1906647682189941		1.646603512134552		0.34659044506549835		0.6931808901309967
1058		22.581575321000855		1.1973317861557007		1.642128635826111		0.3425157758116722		0.6850315516233444
1059		22.634676259000116		1.1737773418426514		1.6202065672683716		0.34261856527328494		0.6852371305465699
1060		22.590290460000688		1.1789847612380981		1.6373119068717956		0.352920788860321		0.705841577720642
1061		22.63086085699979		1.2083759307861328		1.643367068195343		0.4106956994056702		0.8213913988113404
1062		22.65859575599825		1.1639294624328613		1.6300642650699615		0.34163039368391035		0.6832607873678207
1063		22.6780412909975		1.1755807399749756		1.625500467634201		0.3420023692011833		0.6840047384023666
1064		22.673349740001868		1.1818962097167969		1.6233747022151948		0.3439676864743233		0.6879353729486466
1065		22.702328194001893		1.197460651397705		1.6429328958320617		0.34164507039785386		0.6832901407957077
1066		22.78330163499777		1.1828479766845703		1.6318674735355376		0.34667893145084383		0.6933578629016877
1067		22.64763195300111		1.184594988822937		1.6306965559005737		0.3803551486968994		0.7607102973937988
1068		22.7078233430002		1.188098430633545		1.64999450381279		0.34175972652435305		0.6835194530487061
1069		22.699462748998485		1.1956514120101929		1.6486234949493408		0.3424622710585594		0.6849245421171188
1070		22.617136315999232		1.1887907981872559		1.627866113653183		0.34566107963323595		0.6913221592664719
1071		22.552983855999628		1.181181788444519		1.633546800327301		0.34108703795671463		0.6821740759134293
1072		22.510754658000224		1.2033765316009521		1.6444054064559936		0.3927349732518196		0.7854699465036392
1073		22.59017218599911		1.1710480451583862		1.6424181236743927		0.3600556392192841		0.7201112784385681
1074		22.577560462999827		1.1694103479385376		1.6327705804252624		0.34479430882930756		0.6895886176586151
1075		22.707339781001792		1.1853392124176025		1.6396102719211578		0.34238452595472335		0.6847690519094467
1076		22.72712895299992		1.1734364032745361		1.637210911579132		0.34134255509376527		0.6826851101875305
1077		22.813970184997743		1.1848118305206299		1.6437966475105286		0.3549976105928421		0.7099952211856843
1078		22.676251736000268		1.1927838325500488		1.6288992644500733		0.3443586309790611		0.6887172619581222
1079		22.83057733899841		1.2036696672439575		1.6504536655330657		0.37322996106147766		0.7464599221229553
1080		22.656479221001064		1.18626868724823		1.6322039048099517		0.34113594578504564		0.6822718915700913
1081		22.50799757599816		1.207485556602478		1.6645880230045318		0.35487998138666155		0.7097599627733231
1082		22.513593938998383		1.1830753087997437		1.6314053404140472		0.3636505870223045		0.727301174044609
1083		22.58086482300132		1.17611563205719		1.6364590425014496		0.38263224251270295		0.7652644850254059
1084		22.632586271000037		1.1524920463562012		1.6005733429336548		0.3709349809288979		0.7418699618577957
1085		22.62149371399937		1.2024551630020142		1.655009689388275		0.3713944909930229		0.7427889819860458
1086		22.563103470001806		1.1701964139938354		1.6150262714481354		0.34230916718244553		0.6846183343648911
1087		22.518046518998744		1.194717288017273		1.631927357006073		0.34853958340883257		0.6970791668176651
1088		22.699081490001845		1.1711875200271606		1.6262167813968658		0.34428340895175935		0.6885668179035187
1089		22.528001164999296		1.1833900213241577		1.619736896162033		0.34195862669944765		0.6839172533988953
1090		22.518938532000902		1.1685357093811035		1.6120571097373961		0.34619898841381075		0.6923979768276215
1091		22.57457806399907		1.1603540182113647		1.6119885847568511		0.3426045658826828		0.6852091317653656
1092		22.81214286500108		1.1649963855743408		1.6222242499828339		0.3507965140581131		0.7015930281162261
1093		22.49064477600041		1.1817293167114258		1.6321918990516662		0.3424844608426094		0.6849689216852188
1094		22.55629232699721		1.1923245191574097		1.6439532235813141		0.3733690357327461		0.7467380714654922
1095		22.53804752299766		1.1652885675430298		1.6238246087932586		0.3477723803281784		0.6955447606563568
1096		22.65503567400083		1.143890619277954		1.6036506593608857		0.3426051621079445		0.685210324215889
1097		22.535704077003174		1.143452763557434		1.605020480413437		0.3423561518669128		0.6847123037338256
1098		22.49604948200067		1.1969785690307617		1.6431485571098328		0.3433070845246315		0.686614169049263
1099		22.56578997500037		1.172741174697876		1.6160865969657898		0.3413159373164177		0.6826318746328354
1100		22.658098067000537		1.1749897003173828		1.6257152905750274		0.34398025634288787		0.6879605126857757
1101		22.4875191659994		1.1626241207122803		1.6137777241516114		0.34061442135572434		0.6812288427114487
1102		22.56909172899759		1.1845917701721191		1.6178901750087737		0.3407951046705246		0.6815902093410492
1103		22.54186511700027		1.15675687789917		1.6184947371196747		0.3430188275575638		0.6860376551151276
1104		22.442042752001726		1.1385232210159302		1.608363495645523		0.34175411742925643		0.6835082348585129
1105		22.443365790997632		1.1489092111587524		1.5953574921035767		0.33992776870727537		0.6798555374145507
1106		22.547574706000887		1.166316270828247		1.62036085770607		0.34152405490875243		0.6830481098175049
1107		22.47819559799973		1.1682816743850708		1.6086599302864075		0.34247920624017714		0.6849584124803543
1108		22.512553486998513		1.1931805610656738		1.6486846972465514		0.3968340224266052		0.7936680448532104
1109		22.748814061000303		1.1636580228805542		1.624674326839447		0.3445250031232834		0.6890500062465668
1110		22.753288637999503		1.1647495031356812		1.6185732146167755		0.34583461439609525		0.6916692287921905
1111		22.740899880998768		1.1517165899276733		1.6007284654331206		0.345045995259285		0.69009199051857
1112		22.60349045300245		1.1843345165252686		1.6337359189987182		0.34286759583950044		0.6857351916790009
1113		22.524946617999376		1.142452359199524		1.5962182093048096		0.3407143719911575		0.681428743982315
1114		22.493910463999782		1.1552331447601318		1.607041159324646		0.34071388947963716		0.6814277789592743
1115		22.496143730000767		1.1806215047836304		1.6221149225711822		0.3398147904634476		0.6796295809268952
1116		22.72847830200044		1.1736873388290405		1.6231000090312957		0.3396909901022911		0.6793819802045822
1117		22.748681370998383		1.1539489030838013		1.6157136253643036		0.3714082298994064		0.7428164597988128
1118		22.792763125999045		1.1638472080230713		1.6124827001857758		0.34071837326288223		0.6814367465257645
1119		22.805673300001217		1.1639972925186157		1.6298029134178162		0.3421566813707352		0.6843133627414704
1120		79.87873850499818		1.1523518562316895		1.5996626349544525		0.3450041215419769		0.6900082430839538
1121		22.873416594000446		1.1449609994888306		1.6018772566986084		0.3398530001401901		0.6797060002803802
1122		22.708653592999326		1.1724774837493896		1.6233549419975282		0.33947641834020614		0.6789528366804123
1123		22.587676835999446		1.1532833576202393		1.6066003477573394		0.3449609935760498		0.6899219871520996
1124		22.59599666399663		1.155927300453186		1.6024558152866364		0.339431353020668		0.678862706041336
1125		22.542935753001075		1.173067569732666		1.6322538954544068		0.34386876766681673		0.6877375353336335
1126		22.63039275600022		1.1552759408950806		1.5973773791980743		0.3403150529623032		0.6806301059246064
1127		22.688272834999225		1.1588791608810425		1.6190461755180359		0.3393286933302879		0.6786573866605758
1128		22.72327245500128		1.1392539739608765		1.5908090421867371		0.3406667070865631		0.6813334141731262
1129		22.76496614500138		1.1961040496826172		1.6274136904525758		0.3494484429001808		0.6988968858003616
1130		22.763745579999522		1.1379311084747314		1.596973113670349		0.3430310964345932		0.6860621928691863
1131		22.733872176999284		1.1548997163772583		1.6046272854995727		0.3440214119911194		0.6880428239822388
1132		22.61123067200242		1.1793229579925537		1.6326146445655823		0.33906508840322497		0.6781301768064499
1133		22.518862531000195		1.1580485105514526		1.6190024034404755		0.3400696976065636		0.6801393952131272
1134		22.574064913002076		1.1621077060699463		1.5907901996803284		0.33953379336595535		0.6790675867319107
1135		22.5113685489996		1.1533911228179932		1.609851677236557		0.3389656175851822		0.6779312351703644
1136		22.67128647899881		1.1472138166427612		1.5931141520500183		0.34719188002347945		0.6943837600469589
1137		22.99512613099796		1.1454615592956543		1.6068073204135895		0.3388412033557892		0.6776824067115784
1138		22.07140740199975		1.1600714921951294		1.6033871927642822		0.33843943264484405		0.6768788652896881
1139		22.581096277001052		1.1799755096435547		1.620072189025879		0.3471467047691345		0.694293409538269
1140		22.66710953099755		1.1595449447631836		1.601795597925186		0.34150511429309843		0.6830102285861969
1141		22.67725717900248		1.1373018026351929		1.596389119462967		0.3485877339601517		0.6971754679203034
1142		22.725220390002505		1.166397213935852		1.6019231123161315		0.3390180162668228		0.6780360325336456
1143		22.71399518600083		1.1431602239608765		1.5933793415260316		0.3395294062972069		0.6790588125944138
1144		22.82555040999796		1.1436342000961304		1.587264895219803		0.3385287191390991		0.6770574382781982
1145		22.691303730000072		1.1607420444488525		1.6068152506637574		0.34790934215784075		0.6958186843156815
1146		22.60276015999989		1.1670690774917603		1.6115165084552765		0.33886720212697985		0.6777344042539597
1147		22.599856015000114		1.157002568244934		1.6099298080444335		0.34558033542633054		0.6911606708526611
1148		64.51879427200038		1.1582127809524536		1.6083815211391448		0.3389855178356171		0.6779710356712342
1149		22.61366804899808		1.1428579092025757		1.5878864314365386		0.338338084924221		0.676676169848442
1150		22.65041259999998		1.1339004039764404		1.5953952978038788		0.3417161030054092		0.6834322060108184
1151		22.893348865000007		1.1493356227874756		1.5942484126472474		0.34037093687057496		0.6807418737411499
1152		22.790264865998324		1.125492811203003		1.5854310544395447		0.33969823036193847		0.6793964607238769
1153		22.795938152998133		1.1729557514190674		1.6090381093978883		0.33861998567581175		0.6772399713516235
1154		22.863017523999588		1.1364684104919434		1.59813112616539		0.3390697620153427		0.6781395240306854
1155		22.863200964999123		1.1397631168365479		1.5961691568660736		0.33881141508817675		0.6776228301763535
1156		22.719989952001924		1.1462397575378418		1.6080596542549133		0.33848726485967634		0.6769745297193527
1157		22.81382125700111		1.166819453239441		1.6146594124031066		0.3384565243959427		0.6769130487918854
1158		22.47056410300138		1.1410397291183472		1.5858630368232727		0.3399510885834694		0.6799021771669388
1159		22.53552804300125		1.156492829322815		1.6088441850471498		0.3398196257352829		0.6796392514705658
1160		22.489275608000753		1.1564151048660278		1.5965678431034087		0.34157772768735883		0.6831554553747177
1161		22.460014471998875		1.1381129026412964		1.5906502241706848		0.34208234680891036		0.6841646936178207
1162		22.478065284001786		1.143599510192871		1.593531165189743		0.3484845502138138		0.6969691004276276
1163		22.489232391999394		1.1715518236160278		1.6051722423934935		0.3381199809908867		0.6762399619817734
1164		22.464054435000435		1.154659390449524		1.6034320508384705		0.3384665061712265		0.676933012342453
1165		22.47284627100089		1.148362636566162		1.5906242177677155		0.3464679562926292		0.6929359125852584
1166		22.014776460000576		1.1495676040649414		1.591067164039612		0.3384453769683838		0.6768907539367676
1167		22.4378815989985		1.1434714794158936		1.5890876991462708		0.3381444056034088		0.6762888112068176
1168		22.512576064000314		1.1234010457992554		1.5757353044128417		0.3464269738793373		0.6928539477586746
1169		22.452333187000477		1.1458983421325684		1.5911084532070159		0.3411082831978798		0.6822165663957596
1170		22.360314393001318		1.1574716567993164		1.6072667435836792		0.3378158187508583		0.6756316375017166
1171		22.45886617100041		1.1500723361968994		1.5922216986370086		0.3431966057538986		0.6863932115077972
1172		22.35708782599977		1.151417851448059		1.605048422832489		0.3397746715545654		0.6795493431091308
1173		22.387048476997734		1.1321617364883423		1.5761075415229797		0.3383210213303566		0.6766420426607131
1174		22.55307010800243		1.143204927444458		1.5829391591930388		0.3390933103442192		0.6781866206884384
1175		22.580500414998824		1.1429088115692139		1.6117043188285827		0.337422262442112		0.674844524884224
1176		22.695025234999775		1.1263446807861328		1.5772940835952758		0.3377431644678116		0.6754863289356232
1177		22.668399666999903		1.1284189224243164		1.5759105260372162		0.33750929431915283		0.6750185886383057
1178		22.573047752001003		1.1319409608840942		1.587804392976761		0.35598160042762755		0.7119632008552551
1179		22.5434139780009		1.1396262645721436		1.5855085752010345		0.3376792307972908		0.6753584615945816
1180		22.513014244999795		1.1340577602386475		1.5808214254379271		0.3380121954798698		0.6760243909597397
1181		22.56010395300109		1.134918451309204		1.5872018674945831		0.33750075694322584		0.6750015138864517
1182		22.547648933003074		1.1506779193878174		1.5941434767246245		0.3386546559691429		0.6773093119382858
1183		22.631077269001253		1.1356528997421265		1.5812203885936738		0.33907444738149645		0.6781488947629929
1184		22.597505369001738		1.1321438550949097		1.5865751453781127		0.34035332065820695		0.6807066413164139
1185		22.568471628001134		1.124667763710022		1.5808457573318482		0.35418903081417086		0.7083780616283417
1186		22.5416903309997		1.1393846273422241		1.5974549024486542		0.33918141704797744		0.6783628340959549
1187		22.525243406998925		1.1345911026000977		1.5810632267951965		0.3444629885673523		0.6889259771347046
1188		22.677043712999875		1.1468054056167603		1.5899592203330994		0.33974289591312407		0.6794857918262481
1189		22.865520901003038		1.1335361003875732		1.5930614566898347		0.3375819994688034		0.6751639989376068
1190		22.7189423230011		1.1306575536727905		1.5900510633850098		0.3454910630106926		0.6909821260213852
1191		22.684933024000202		1.1453489065170288		1.5886780155944824		0.3430057367444038		0.6860114734888076
1192		22.676558830997237		1.149605631828308		1.5754828795623779		0.33776221722364425		0.6755244344472885
1193		22.58284098599688		1.1180553436279297		1.5696625704193115		0.3372299363613129		0.6744598727226258
1194		22.62990411499777		1.1349546909332275		1.5889590082263947		0.33800084135532377		0.6760016827106475
1195		22.66432570300094		1.1430915594100952		1.5786134255886077		0.3443501465082169		0.6887002930164338
1196		22.58885515399743		1.1400383710861206		1.5800668240833282		0.33737624092102053		0.6747524818420411
1197		22.550566916001117		1.1299012899398804		1.5787995338916778		0.337614801132679		0.675229602265358
1198		22.608378343000368		1.137422800064087		1.5843212967014313		0.33901830632686614		0.6780366126537323
1199		22.571080134999647		1.1360340118408203		1.579251833600998		0.33773314341306687		0.6754662868261337
1200		22.631092226001783		1.1241549253463745		1.5845611349105835		0.34532614480257035		0.6906522896051407
1201		22.680007296999975		1.1324149370193481		1.592457676448822		0.34010500348806383		0.6802100069761277
1202		22.739761429998907		1.146624207496643		1.581913627462387		0.3397585493803024		0.6795170987606048
1203		22.68804575700051		1.1420015096664429		1.5812281992816926		0.33752358167171476		0.6750471633434295
1204		22.62138139599847		1.147149920463562		1.5984391555023194		0.3373839480757713		0.6747678961515426
1205		22.525501926000288		1.125259280204773		1.5789832240104675		0.3379739166021347		0.6759478332042694
1206		22.539712336001685		1.1153546571731567		1.565577252483368		0.34024596779346467		0.6804919355869293
1207		22.626948164001078		1.1326566934585571		1.581439203710556		0.34269901913404466		0.6853980382680893
1208		22.604707171998598		1.1133737564086914		1.5680388611221314		0.336787197458744		0.673574394917488
1209		22.52333689399893		1.1326673030853271		1.5802951959323883		0.34274537550210954		0.6854907510042191
1210		22.54627799700029		1.1340593099594116		1.5848483354568481		0.33689547669887543		0.6737909533977509
1211		22.606747705998714		1.1342800855636597		1.5776136640644074		0.337206496489048		0.674412992978096
1212		22.74273406300199		1.11259126663208		1.568405187177658		0.33811795644760134		0.6762359128952027
1213		22.751687815998594		1.1443887948989868		1.5714555117511748		0.3403046966314316		0.6806093932628632
1214		22.805353356001433		1.1404067277908325		1.5754905386543274		0.3423888316631317		0.6847776633262634
1215		22.276810900999408		1.1246896982192993		1.5722035979557036		0.3377401345849037		0.6754802691698074
1216		22.57290263699906		1.1304188966751099		1.5731492993450165		0.34922845792770385		0.6984569158554077
1217		22.569281725998735		1.1117076873779297		1.576671548614502		0.3402188150525093		0.6804376301050186
1218		22.416361421997863		1.125656008720398		1.580030685338974		0.33755471866130826		0.6751094373226165
1219		22.454724821000127		1.136257529258728		1.5772377451705932		0.3368990860104561		0.6737981720209122
1220		22.48454882400256		1.119027853012085		1.5696329204750061		0.33819762423038485		0.6763952484607697
1221		22.5417621710003		1.150404930114746		1.5760106027030945		0.3372507050037384		0.6745014100074768
1222		22.76117505000002		1.1344588994979858		1.5660519769191743		0.3394895161509514		0.6789790323019028
1223		22.74990805500056		1.1330292224884033		1.5836285671138763		0.3381505015730858		0.6763010031461716
1224		22.691801085002226		1.124254822731018		1.57072468873024		0.3363950060248375		0.672790012049675
1225		22.69658071399681		1.1433160305023193		1.5728609985160829		0.3368746311426163		0.6737492622852326
1226		22.693648641001346		1.1276265382766724		1.5802751910305024		0.3366888227701187		0.6733776455402374
1227		22.50289655600136		1.1328834295272827		1.5726180389118194		0.3367864224553108		0.6735728449106216
1228		22.420806130001438		1.1457560062408447		1.569988174638748		0.3373658976793289		0.6747317953586578
1229		22.40120852200198		1.1329749822616577		1.5699976735973358		0.35098038594722747		0.7019607718944549
1230		22.411706889000925		1.135599136352539		1.564329167327881		0.3374568648576736		0.6749137297153472
1231		22.377770747996692		1.125206470489502		1.5616827268886566		0.3361956105351448		0.6723912210702896
1232		22.594209609000245		1.1189223527908325		1.5605660103225707		0.3366829013228416		0.6733658026456832
1233		22.425850994997745		1.1230908632278442		1.5780109138298035		0.33946978560686114		0.6789395712137223
1234		22.006150148001325		1.1300688982009888		1.5614945292186737		0.33698327341079715		0.6739665468215943
1235		22.572307098998863		1.1307673454284668		1.5650235484600068		0.33701905785799025		0.6740381157159805
1236		22.57828331700148		1.1330499649047852		1.5698686390209198		0.3361789405465126		0.6723578810930252
1237		22.45419488100015		1.1256141662597656		1.571266723461151		0.33654269149303434		0.6730853829860687
1238		22.413404626000556		1.127168893814087		1.565875674905777		0.33911030386686325		0.6782206077337265
1239		22.542433834001713		1.118584156036377		1.566722827796936		0.3367506902694702		0.6735013805389404
1240		22.40828613999838		1.1330970525741577		1.570659009628296		0.3422230115413666		0.6844460230827332
1241		22.383994797000923		1.1387324333190918		1.5678455367565156		0.3364434544801712		0.6728869089603424
1242		22.426584970002295		1.1229183673858643		1.5748342510128022		0.33769513726234435		0.6753902745246887
1243		22.588139917999797		1.125615119934082		1.5630107641601563		0.3376778566122055		0.675355713224411
1244		22.91510231400025		1.1367015838623047		1.572070992412567		0.3362754417896271		0.6725508835792542
1245		22.901865066000028		1.13840913772583		1.569134213180542		0.33763722846508026		0.6752744569301605
1246		22.8615301739992		1.1263376474380493		1.5667627597522735		0.3394946231484413		0.6789892462968826
1247		22.696677379000903		1.1100600957870483		1.5721512375926971		0.3366085575580597		0.6732171151161194
1248		22.58578912500161		1.119078516960144		1.564311762075424		0.3368096660375595		0.673619332075119
1249		22.621558222999738		1.1338622570037842		1.5652519513320924		0.3433382092475891		0.6866764184951782
1250		22.41790267500255		1.1269243955612183		1.5741108959293366		0.33702648403644564		0.6740529680728913
1251		22.582584323998162		1.1318944692611694		1.5687420834541321		0.33804373087882994		0.6760874617576599
1252		22.6460325750013		1.1388007402420044		1.5803273795890809		0.3359213593125343		0.6718427186250686
1253		22.624835460999748		1.1212345361709595		1.5672501363277436		0.33634680017232893		0.6726936003446579
1254		22.614610288997937		1.116210699081421		1.5643633785820008		0.337174174284935		0.67434834856987
1255		22.639290851002443		1.1144970655441284		1.564466754541397		0.33631020176410675		0.6726204035282135
1256		22.790026780003245		1.1434544324874878		1.5672043267440796		0.3368605539560318		0.6737211079120636
1257		22.47550386399962		1.1315617561340332		1.5553365924930573		0.33743759961128234		0.6748751992225647
1258		22.62978317499801		1.1247563362121582		1.5640812099647523		0.337169006228447		0.674338012456894
1259		22.615980891001527		1.1223145723342896		1.5674692113018036		0.33613431595563886		0.6722686319112777
1260		22.633926741000323		1.1425797939300537		1.5677383487033845		0.3379809573054314		0.6759619146108627
1261		22.636844222000946		1.1127190589904785		1.5555869714069366		0.3419782967567444		0.6839565935134888
1262		22.652578503999393		1.1107553243637085		1.567782853384018		0.3376957860827446		0.6753915721654892
1263		22.67271400900063		1.1117199659347534		1.564268081407547		0.3384075619459152		0.6768151238918304
1264		22.633134277002682		1.1216453313827515		1.5634788544940947		0.33713360576629636		0.6742672115325927
1265		22.678979552001692		1.1106458902359009		1.55602414478302		0.33590958679914473		0.6718191735982895
1266		22.70917532800013		1.1227818727493286		1.5664301354503631		0.33811371842622756		0.6762274368524551
1267		22.619167251999897		1.1144604682922363		1.5536892723083495		0.3373096410155296		0.6746192820310593
1268		22.57415034299993		1.121408224105835		1.5617348885536193		0.33579337183237074		0.6715867436647415
1269		22.852760015000968		1.1262508630752563		1.5648901926612855		0.3357244725227356		0.6714489450454711
1270		22.720428986001934		1.121217131614685		1.5594094494628907		0.33581506160497665		0.6716301232099533
1271		22.62279976699938		1.1348364353179932		1.563689118757248		0.34151123592853544		0.6830224718570709
1272		22.636015475000022		1.117727518081665		1.558503932237625		0.335811966753006		0.671623933506012
1273		22.589816701998643		1.1201914548873901		1.56293857919693		0.33605383508205416		0.6721076701641083
1274		22.836375182996562		1.1316485404968262		1.5659591910171509		0.33615629180669787		0.6723125836133957
1275		22.763481166999554		1.1346197128295898		1.5621586793613433		0.34098511744737625		0.6819702348947525
1276		22.724764531998517		1.1153488159179688		1.5587309726715088		0.3371578289747238		0.6743156579494476
1277		22.465983936002885		1.1166688203811646		1.5651345037269593		0.3391607538104057		0.6783215076208114
1278		22.52930470999854		1.1261603832244873		1.5482836576461791		0.3392220187306404		0.6784440374612808
1279		22.490719067998725		1.1236158609390259		1.557225670595169		0.34534356186389925		0.6906871237277985
1280		22.62375393000184		1.1267575025558472		1.5591760703468323		0.335805238699913		0.671610477399826
1281		22.68313585099895		1.1285079717636108		1.5595463625144959		0.3359635308742523		0.6719270617485046
1282		22.710616677999496		1.111714482307434		1.5534659179592132		0.3371623494267464		0.6743246988534928
1283		22.590525069997966		1.1117606163024902		1.5571633107662202		0.33590769922733305		0.6718153984546661
1284		22.603458154997497		1.1094177961349487		1.5537278642463683		0.33594538811445235		0.6718907762289047
1285		22.60194274300011		1.129077672958374		1.5573294288635253		0.33607390304803847		0.6721478060960769
1286		22.56004365800254		1.12494695186615		1.551811708831787		0.33573681082725526		0.6714736216545105
1287		22.712815700000647		1.1068365573883057		1.5593661800765992		0.3371487612247467		0.6742975224494934
1288		22.72635843399985		1.1116842031478882		1.5544279514503478		0.3357399404168129		0.6714798808336258
1289		22.68280858399885		1.1142818927764893		1.5528760599136353		0.3359913076043129		0.6719826152086258
1290		22.649533865002013		1.1164875030517578		1.5527430450820923		0.3357083746433258		0.6714167492866516
1291		22.69826917300088		1.1020020246505737		1.5534758948898315		0.33586974602937697		0.6717394920587539
1292		22.75837293999939		1.1071293354034424		1.5585450326919557		0.3353932144880295		0.670786428976059
1293		22.791627958999015		1.1137137413024902		1.5572926542282104		0.3357722284317017		0.6715444568634034
1294		22.686010411001917		1.1139436960220337		1.5549422013568879		0.3353397532343864		0.6706795064687728
1295		22.569706061000034		1.1069591045379639		1.5537322987747193		0.3354416094660759		0.6708832189321517
1296		22.047468242999457		1.107513189315796		1.554686483001709		0.3356889261722565		0.671377852344513
1297		22.51036102999933		1.1204241514205933		1.5525781639575957		0.3357389742970467		0.6714779485940934
1298		22.44969218500046		1.1244628429412842		1.5580674218177795		0.335673984503746		0.671347969007492
1299		22.49203295299958		1.1059117317199707		1.5596785813331604		0.33610312430858613		0.6722062486171723
1300		22.382221296000353		1.1338438987731934		1.5523295412063598		0.3356872252702713		0.6713744505405426
1301		22.36718442500205		1.12106454372406		1.5581758662891387		0.33659322929382324		0.6731864585876465
1302		22.483711331999075		1.1139756441116333		1.5530654130458832		0.33636441302299497		0.6727288260459899
1303		22.54531372499696		1.1190379858016968		1.5525838865089416		0.33694413956403735		0.6738882791280747
1304		22.551694087000214		1.118391990661621		1.552943801765442		0.3364499059915543		0.6728998119831086
1305		22.509282412000175		1.126802921295166		1.5544101577091216		0.3384043823122978		0.6768087646245956
1306		22.519988144998933		1.1166867017745972		1.547615134525299		0.3359072276234627		0.6718144552469254
1307		21.903031413999997		1.1173391342163086		1.5477514735031128		0.335301149559021		0.670602299118042
1308		22.574293602996477		1.1130837202072144		1.5539472377967833		0.3357499944806099		0.6714999889612198
1309		22.104853619002824		1.1257812976837158		1.5492420793533326		0.33532079721689223		0.6706415944337845
1310		22.217431475997728		1.1117078065872192		1.555685830307007		0.33536784436702727		0.6707356887340545
1311		22.430839423999714		1.1263337135314941		1.5484298800086975		0.33545368485450744		0.6709073697090149
1312		22.597207848000835		1.1195886135101318		1.5508196018791198		0.33577613356113434		0.6715522671222687
1313		22.50850036400152		1.121219277381897		1.5580548823928833		0.3354492635369301		0.6708985270738602
1314		22.65817340900321		1.1247873306274414		1.5569588782691957		0.33537868918180463		0.6707573783636093
1315		22.748724884000694		1.1253530979156494		1.5483640471172333		0.3354267382621765		0.670853476524353
1316		22.796478844000376		1.1153316497802734		1.551410796022415		0.33531872518062594		0.6706374503612519
1317		22.69065515600232		1.139857292175293		1.5523941125202179		0.3385183627724648		0.6770367255449296
1318		22.469278608001332		1.1115978956222534		1.5479788255882263		0.3364550452232361		0.6729100904464722
1319		22.699878010000248		1.1048474311828613		1.549945993862152		0.33528954198360444		0.6705790839672089
1320		22.46987012200043		1.1079062223434448		1.54729772356987		0.3353371114253998		0.6706742228507996
1321		22.578161661000195		1.0994055271148682		1.5487341651058197		0.3355755122423172		0.6711510244846344
1322		22.72908693499994		1.1214247941970825		1.5499386581325532		0.3352112102150917		0.6704224204301834
1323		22.66760207399784		1.1058515310287476		1.552781437330246		0.3354626190662384		0.6709252381324768
1324		22.683894762998534		1.1220579147338867		1.5487990049362184		0.3360631152629852		0.6721262305259704
1325		22.52596674799861		1.1204023361206055		1.552712542448044		0.3353424732923508		0.6706849465847016
1326		22.67609583399826		1.1264294385910034		1.5493816471576691		0.33726313732862473		0.6745262746572495
1327		22.5267761469986		1.1128654479980469		1.5514442035865783		0.33516153423786166		0.6703230684757233
1328		22.618992305000575		1.1125385761260986		1.5499822687339784		0.3354624789237976		0.6709249578475952
1329		22.594577616000606		1.1063615083694458		1.5483020527362823		0.33524563051462175		0.6704912610292435
1330		22.531655431001127		1.129844307899475		1.5468735128688813		0.3351126151561737		0.6702252303123474
1331		22.557061882998823		1.1100811958312988		1.5485584743595124		0.3353703045248985		0.670740609049797
1332		22.55171029900157		1.111189842224121		1.5460257662963868		0.33583733929395676		0.6716746785879135
1333		22.71167403599975		1.1173259019851685		1.5466902661514281		0.33606471693515777		0.6721294338703155
1334		22.86505805499837		1.1246564388275146		1.5468755882740022		0.33605084894895554		0.6721016978979111
1335		22.717190446997847		1.119033694267273		1.5480857129001617		0.3353713291883469		0.6707426583766938
1336		22.769674813000165		1.1167917251586914		1.5488243808364868		0.33510859788656233		0.6702171957731247
1337		22.619908386001043		1.1042492389678955		1.5518755774116517		0.33508778468370437		0.6701755693674087
1338		22.62356277700019		1.118019938468933		1.5512112415885926		0.33510859488248823		0.6702171897649765
1339		22.62478706299953		1.122260332107544		1.5459573519611358		0.3358659092187882		0.6717318184375763
1340		22.603619326997432		1.1140886545181274		1.5458019689369202		0.33501702176332476		0.6700340435266495
1341		22.651073608001752		1.1096490621566772		1.5438246944141387		0.33507979216575623		0.6701595843315125
1342		22.75526830200033		1.1322139501571655		1.5479240581321716		0.3353555999279022		0.6707111998558044
1343		22.727914693001367		1.1179174184799194		1.5481385488128663		0.3351414900541306		0.6702829801082612
1344		22.76433429699682		1.1257244348526		1.54560638463974		0.3353178241729736		0.6706356483459472
1345		22.697803585000656		1.1003938913345337		1.5529870473766327		0.33543898495435714		0.6708779699087143
1346		22.69171531500251		1.1124107837677002		1.5424874781131745		0.33506351947784424		0.6701270389556885
1347		22.83023746300023		1.1145317554473877		1.5426942701148987		0.3351976677417755		0.670395335483551
1348		22.790146552997612		1.1037520170211792		1.5439190403556824		0.3352527155637741		0.6705054311275482
1349		22.721253184998204		1.0982177257537842		1.546765953950882		0.3349866220474243		0.6699732440948486
1350		22.673754241997813		1.1041743755340576		1.5427327967834472		0.33501104117631914		0.6700220823526383
1351		22.833758799999487		1.1001888513565063		1.545873332414627		0.3361316336989403		0.6722632673978806
1352		22.74428240600173		1.1107646226882935		1.5462218741130829		0.3350384279370308		0.6700768558740616
1353		22.691779207001673		1.121203899383545		1.5451413495349884		0.3351726555943489		0.6703453111886978
1354		22.659688691001065		1.1099073886871338		1.546403099269867		0.34033927470445635		0.6806785494089127
1355		22.762172840997664		1.1195493936538696		1.549049166946411		0.33510164469480513		0.6702032893896103
1356		22.73811648099945		1.0895496606826782		1.5454168070697785		0.33492871561050414		0.6698574312210083
1357		22.48734210999828		1.096961259841919		1.544486778087616		0.33510222491025926		0.6702044498205185
1358		22.696889103001013		1.1192034482955933		1.5423831275653839		0.3349009192109108		0.6698018384218216
1359		22.72246824800095		1.0986276865005493		1.5486444555664063		0.33491511827707293		0.6698302365541459
1360		22.640961514000082		1.1147053241729736		1.5463857863998414		0.3348642327785492		0.6697284655570984
1361		22.69309009800054		1.0940386056900024		1.5426408769130706		0.3348601848244667		0.6697203696489334
1362		22.774408789999143		1.1163643598556519		1.5464137170505523		0.3348987390875816		0.6697974781751632
1363		22.764215974999388		1.1241589784622192		1.5449091961860657		0.334934554207325		0.66986910841465
1364		22.697770965001837		1.1193794012069702		1.5418731677818298		0.33492024800777437		0.6698404960155487
1365		22.716976389001502		1.1098332405090332		1.5418613089561461		0.3351618392944336		0.6703236785888672
1366		22.90968146600062		1.116822600364685		1.5432217572975158		0.3349348477244377		0.6698696954488754
1367		22.5717891350032		1.112383484840393		1.5453272899627686		0.33493321940898896		0.6698664388179779
1368		22.504236257998855		1.107258677482605		1.5392455306911468		0.33528719582557676		0.6705743916511535
1369		22.55250080299811		1.087770938873291		1.5465462726402284		0.3349756407022476		0.6699512814044952
1370		21.994154546999198		1.1027417182922363		1.539622816839218		0.3351016422510147		0.6702032845020294
1371		22.47947717399802		1.1082078218460083		1.5476808647727966		0.334949456346035		0.66989891269207
1372		22.388324843999726		1.1117676496505737		1.5409628433990479		0.33494569463729856		0.6698913892745971
1373		22.70171597800072		1.127361536026001		1.542751027917862		0.3349442973256111		0.6698885946512222
1374		22.743014969000797		1.1129299402236938		1.539155573911667		0.33528598800897597		0.6705719760179519
1375		22.475933551999333		1.1009821891784668		1.542894374818802		0.33489329602718354		0.6697865920543671
1376		22.413676451997162		1.112109661102295		1.5408247900390626		0.33480906965732576		0.6696181393146515
1377		22.346254743002646		1.1192364692687988		1.5450205646324158		0.33492342410087583		0.6698468482017517
1378		22.334001453000383		1.0937155485153198		1.5389729007816315		0.33488905767202376		0.6697781153440475
1379		22.43464395800038		1.1022210121154785		1.5423134798908233		0.33483356196880343		0.6696671239376069
1380		22.60390181600087		1.107608437538147		1.5382255040168762		0.3350614470601082		0.6701228941202164
1381		22.501715909002087		1.1168267726898193		1.5408485206604003		0.3347572874546051		0.6695145749092102
1382		22.437889483000617		1.1116337776184082		1.542944331483841		0.33480489633083343		0.6696097926616669
1383		22.55687602800026		1.0856629610061646		1.5416845041942597		0.3349252649784088		0.6698505299568176
1384		22.7219101519986		1.0975719690322876		1.5368164477348327		0.33499351842403413		0.6699870368480683
1385		22.599865230000432		1.1197320222854614		1.5433949783802032		0.3347457141518593		0.6694914283037185
1386		22.88525062899862		1.123448133468628		1.5374341788959502		0.3349820899605751		0.6699641799211502
1387		22.809494701003132		1.1100826263427734		1.5421902347660064		0.33490246489048003		0.6698049297809601
1388		22.701928808000957		1.1025795936584473		1.544749255771637		0.3348379087567329		0.6696758175134658
1389		22.86157937900134		1.1088231801986694		1.5391639506912231		0.33487231001853945		0.6697446200370789
1390		22.52853347600103		1.10910964012146		1.5401487214279175		0.3348365037679672		0.6696730075359344
1391		22.55577258500125		1.1045255661010742		1.5401707999897003		0.33481507955789563		0.6696301591157913
1392		22.582384416000423		1.1026818752288818		1.5400822822952271		0.3348005896449089		0.6696011792898178
1393		22.546819897001114		1.1255624294281006		1.5346774730205537		0.33477622987031935		0.6695524597406387
1394		22.49857077100023		1.1021759510040283		1.534499555492401		0.33494998713731766		0.6698999742746353
1395		22.45403686999998		1.1073496341705322		1.538473215122223		0.33482798053026197		0.6696559610605239
1396		22.712412649001635		1.1161023378372192		1.5385025185966492		0.3348684431433678		0.6697368862867356
1397		22.607685042999947		1.1009743213653564		1.5409873225212096		0.33494671213626864		0.6698934242725373
1398		22.573027616999752		1.1091240644454956		1.5376377830982209		0.3347447719693184		0.6694895439386368
1399		22.53949485799967		1.108004093170166		1.5374814810466766		0.3348755055904388		0.6697510111808777
1400		22.628148808002152		1.1195273399353027		1.5383686566925048		0.33480805916786194		0.6696161183357239
1401		22.62726100800137		1.097243070602417		1.5382275199127198		0.33482881051301955		0.6696576210260391
1402		22.729830971999036		1.1229641437530518		1.5419526866340638		0.3347947070360184		0.6695894140720368
1403		22.45491073499943		1.116142749786377		1.5411161688804627		0.33491067146062853		0.6698213429212571
1404		22.644166977002897		1.1083587408065796		1.5393041664600373		0.33505095587968825		0.6701019117593765
1405		22.587950257999182		1.126229166984558		1.5403589555835724		0.3349899524331093		0.6699799048662186
1406		22.50589720300195		1.1046819686889648		1.5381340413093567		0.33477661100625994		0.6695532220125199
1407		22.817041875998257		1.1104627847671509		1.5409277767276763		0.3348387589693069		0.6696775179386139
1408		23.03436971600604		1.1083910465240479		1.539456363172531		0.3349303502321243		0.6698607004642486
1409		22.971223006999935		1.123971939086914		1.5364910291194915		0.33476187940835955		0.6695237588167191
1410		22.913093852999737		1.1106085777282715		1.5421413673591613		0.33479945032596586		0.6695989006519317
1411		22.932393126000534		1.1109232902526855		1.540132786064148		0.33482976096868516		0.6696595219373703
1412		22.671924442998716		1.0949344635009766		1.5367701540470122		0.33481135475635526		0.6696227095127105
1413		22.668605155995465		1.108477234840393		1.5363312060260772		0.33481986980438233		0.6696397396087647
1414		22.647953457999392		1.100829839706421		1.537761089143753		0.3347665655493736		0.6695331310987472
1415		22.54897028800042		1.1190937757492065		1.5401203798484802		0.3348216814160347		0.6696433628320694
1416		22.327625404999708		1.1106492280960083		1.5364665090370178		0.3347867117762566		0.6695734235525131
1417		22.520277622999856		1.0970253944396973		1.5395993977069855		0.3348155839800835		0.669631167960167
1418		22.63959884599899		1.0977675914764404		1.536633920316696		0.33475920157432554		0.6695184031486511
1419		22.49671674399724		1.1137458086013794		1.5389030267333985		0.33474847576618194		0.6694969515323639
1420		22.438391787		1.0930291414260864		1.538362390565872		0.3347625877737999		0.6695251755475998
1421		22.46528120700532		1.1042519807815552		1.5377342335891724		0.3348028521418571		0.6696057042837142
1422		22.43846837199817		1.110958218574524		1.5365849521636963		0.3347466471910477		0.6694932943820954
1423		22.43716937299905		1.1141999959945679		1.535240062828064		0.3348032309412956		0.6696064618825912
1424		22.464139161005733		1.1119765043258667		1.5376477861881257		0.33477174867391585		0.6695434973478317
1425		22.663630929004285		1.0989450216293335		1.5349225856781006		0.3348212593793869		0.6696425187587738
1426		22.590602730000683		1.1079429388046265		1.5374999328899384		0.33475979558229446		0.6695195911645889
1427		22.42915374000586		1.1222585439682007		1.53792434466362		0.3347614906072617		0.6695229812145234
1428		22.485084040999936		1.1062771081924438		1.5372335805606843		0.33479053810834886		0.6695810762166977
1429		22.525055892001546		1.103718876838684		1.5368355044460296		0.33484139643907546		0.6696827928781509
1430		22.457736219999788		1.0959850549697876		1.5385498400211335		0.3348018118262291		0.6696036236524582
1431		22.432755999005167		1.1160537004470825		1.5373684307289124		0.3347545583605766		0.6695091167211532
1432		22.39948793900112		1.0992141962051392		1.5355086415958406		0.3347438595175743		0.6694877190351486
1433		22.456144921998202		1.1089134216308594		1.5391827168655396		0.3347625158905983		0.6695250317811966
1434		22.467820031000883		1.1044700145721436		1.535087891778946		0.3347787820339203		0.6695575640678406
1435		22.42691115100024		1.114278793334961		1.5382488088607789		0.33474369699954987		0.6694873939990997
1436		22.333186048999778		1.117134928703308		1.5366468604183197		0.334738839173317		0.669477678346634
1437		22.410234265000327		1.1108042001724243		1.5372633992767335		0.33475713666677476		0.6695142733335495
1438		22.2506602259964		1.0891408920288086		1.53638194521904		0.33469833934307097		0.6693966786861419
1439		22.281538060000457		1.1100355386734009		1.5377665737628936		0.33473983381986616		0.6694796676397323
1440		22.17910884199955		1.1169682741165161		1.5380512251758576		0.33475776563882825		0.6695155312776565
1441		22.18341182099539		1.1100447177886963		1.5344068702030182		0.3347253909230232		0.6694507818460464
1442		22.356582297004934		1.1049730777740479		1.5331793071174622		0.334756379365921		0.669512758731842
1443		22.348294707000605		1.1077202558517456		1.5334431356716156		0.3347359339356422		0.6694718678712844
1444		22.358367893000832		1.1270867586135864		1.5359046991634369		0.33482570122480393		0.6696514024496079
1445		22.448291562999657		1.1177998781204224		1.5402970993995666		0.3347496172070503		0.6694992344141006
1446		22.324015648999193		1.0936111211776733		1.5352633896541596		0.3347349997639656		0.6694699995279312
1447		22.15823702099442		1.1065664291381836		1.5409899252700805		0.33473257467746736		0.6694651493549347
1448		22.150991345995863		1.096152424812317		1.5363734742069244		0.3347366233468056		0.6694732466936112
1449		22.226984755994636		1.1080127954483032		1.5371755217456817		0.3347360971212387		0.6694721942424774
1450		22.164985579998756		1.12101149559021		1.5360478295898436		0.3347609909772873		0.6695219819545746
1451		22.16956941800163		1.0958257913589478		1.5351616629505158		0.33471417902708056		0.6694283580541611
1452		22.12022885800252		1.0912666320800781		1.5385924641513824		0.3347904880166054		0.6695809760332108
1453		22.188150627996947		1.1235905885696411		1.5338685009670256		0.33473197078704836		0.6694639415740967
1454		22.471203771994624		1.1115840673446655		1.536972528066635		0.33473514028787615		0.6694702805757523
1455		22.56035329899896		1.110748529434204		1.535861942243576		0.3347403318285942		0.6694806636571884
1456		22.57583535599406		1.1065441370010376		1.5355566933631897		0.3347225959539413		0.6694451919078827
1457		22.50343033500394		1.1183198690414429		1.5368171541213989		0.3347550988554954		0.6695101977109909
1458		22.475815813995723		1.1056628227233887		1.5334852682685851		0.3347306283712387		0.6694612567424774
1459		22.465958589004003		1.110211730003357		1.5368113204669953		0.33474750262498854		0.6694950052499771
1460		22.458079949996318		1.1195942163467407		1.5370488356494905		0.33472519141435625		0.6694503828287125
1461		22.515700306998042		1.1088294982910156		1.5348663004684449		0.3347277149915695		0.669455429983139
1462		22.53776227000344		1.114080548286438		1.5334904482173919		0.3347411142706871		0.6694822285413742
1463		22.508743022997805		1.106797218322754		1.5370862302970887		0.3347344867348671		0.6694689734697342
1464		22.346250412003428		1.1084766387939453		1.5341154455280304		0.3347487283706665		0.669497456741333
1465		22.409921965998365		1.0984700918197632		1.537367188949585		0.3347423548460007		0.6694847096920014
1466		22.5424995880021		1.117767095565796		1.5340010852241517		0.33473335028886797		0.6694667005777359
1467		22.553559988002235		1.100772500038147		1.5344923508262633		0.3347354624629021		0.6694709249258042
1468		22.38165340499836		1.1010105609893799		1.535869352493286		0.3347284901499748		0.6694569802999496
1469		22.378438992003794		1.1100609302520752		1.532390318107605		0.3347308743476868		0.6694617486953736
1470		22.431409386997984		1.1019381284713745		1.538228542356491		0.33472549999952317		0.6694509999990463
1471		22.53505358399707		1.1023415327072144		1.5356356518173218		0.3347355355143547		0.6694710710287094
1472		22.419300295005087		1.1023836135864258		1.5316592077732085		0.3347460500717163		0.6694921001434326
1473		22.52826578100212		1.1225985288619995		1.5354073124504088		0.3347284530520439		0.6694569061040878
1474		22.43463051800063		1.1092315912246704		1.533844485244751		0.33473675801754		0.66947351603508
1475		22.525560153000697		1.0993176698684692		1.532648040342331		0.33472460182905195		0.6694492036581039
1476		22.458061924000503		1.1113219261169434		1.5355882258224487		0.33473632613420484		0.6694726522684097
1477		22.649564929997723		1.1117057800292969		1.538299806547165		0.3347261127471924		0.6694522254943848
1478		22.66430334799952		1.1200973987579346		1.5358581441020966		0.33472974328994753		0.6694594865798951
1479		22.535952428996097		1.1081675291061401		1.5382908280467986		0.3347310696721077		0.6694621393442154
1480		22.600207790994318		1.0931235551834106		1.5360208621788025		0.3347317912459373		0.6694635824918747
1481		22.68051830799959		1.101669430732727		1.5381096626758575		0.3347353343963623		0.6694706687927247
1482		22.61634641300043		1.100742220878601		1.53668415391922		0.33473244327306745		0.6694648865461349
1483		22.650680683000246		1.1142477989196777		1.5304623777198791		0.3347353355646133		0.6694706711292266
1484		22.549884191001183		1.1230953931808472		1.5357952578353882		0.3347316511750221		0.6694633023500443
1485		22.594294495000213		1.1141211986541748		1.5365485143756867		0.33472846763134		0.66945693526268
1486		22.630409525998402		1.100114107131958		1.5397901100730895		0.33473288382291794		0.6694657676458359
1487		22.550437737998436		1.1135954856872559		1.5354682235908508		0.3347281967282295		0.669456393456459
1488		22.580159223994997		1.1043956279754639		1.535139820623398		0.33472889417409896		0.6694577883481979
1489		22.636871848000737		1.1132537126541138		1.5342453152561188		0.33472812629938126		0.6694562525987625
1490		22.486386069002037		1.108055830001831		1.534288283700943		0.33472865591049195		0.6694573118209839
1491		22.447970695997356		1.114452600479126		1.5376069021129608		0.3347288835287094		0.6694577670574188
1492		22.441448625999328		1.106392502784729		1.5354992182826996		0.33472895910739897		0.6694579182147979
1493		22.602457837005204		1.1150847673416138		1.5350536546325684		0.33472909836769105		0.6694581967353821
1494		22.61391912199906		1.1050931215286255		1.5327222743797302		0.33472930256128314		0.6694586051225663
1495		22.67404513999645		1.0822771787643433		1.5346595721912384		0.3347287269115448		0.6694574538230896
1496		22.592154949998076		1.1201722621917725		1.5366328372955322		0.3347286670088768		0.6694573340177536
1497		22.487968328001443		1.0977407693862915		1.5321189660072327		0.33472876220941544		0.6694575244188309
1498		22.39955512900633		1.0889941453933716		1.5306470695495606		0.3347287612080574		0.6694575224161148
1499		22.492264297994552		1.1106981039047241		1.535961951570511		0.3347288119196892		0.6694576238393783