Epoch	Duration				Loss Step Train			Loss Full Train			Loss Step Test			Loss Full Test
0		19.967534030000024		93581666680832.0		142695328507236.03		1.315326983642578		2.630653967285156
1		18.933406398999068		54403499294720.0		68323719923845.46		1.9719237920761108		3.9438475841522216
2		18.955388254000354		20078762393600.0		22098551416116.94		1.6619407480239867		3.3238814960479734
3		19.28297481000118		20455985512448.0		24990189220641.42		1.0646810680389405		2.129362136077881
4		19.350793313000395		6749978886144.0		8476869472077.825		1.7195482933044433		3.4390965866088865
5		19.292507793999903		2118948880384.0		2563189921432.864		1.1114579221725465		2.222915844345093
6		18.852252261000103		815485222912.0		1024304110738.0925		1.2505168643951416		2.5010337287902833
7		18.929575639998802		632119099392.0		768553216496.2435		1.038368028640747		2.076736057281494
8		19.204068216999076		494642823168.0		612820663691.1843		1.0045609533309936		2.009121906661987
9		19.428550710999843		17931490557952.0		38653367083299.59		0.959207663822174		1.918415327644348
10		19.369819895000546		79262430265344.0		173758494464782.16		0.8964309652328492		1.7928619304656983
11		19.08725781300018		127165886627840.0		276434611746950.44		0.757954329252243		1.515908658504486
12		18.99824523100142		179380751958016.0		362612445228155.56		0.6501528845310212		1.3003057690620423
13		18.924718205000318		204833936113664.0		427846799015385.5		0.4844096122264862		0.9688192244529724
14		18.655701367999427		216689203478528.0		451742870829373.9		0.42371173312664034		0.8474234662532807
15		18.68776064300073		235259719319552.0		481385180360417.06		0.38788221809864043		0.7757644361972809
16		18.907910437001192		246107883962368.0		508875552652284.4		0.5388793040275573		1.0777586080551147
17		19.027279418000035		251623897038848.0		533377606292959.4		0.3656508249759674		0.7313016499519348
18		18.935696280999764		237167624323072.0		526609118808800.0		0.34207647879123687		0.6841529575824737
19		18.87810474700018		256087089479680.0		532268117010551.94		0.2982684407711029		0.5965368815422059
20		18.756409374000214		265551486124032.0		544305830559618.2		0.3111606374502182		0.6223212749004364
21		19.059369339000114		247505157619712.0		547704089332961.75		0.2912860484838486		0.5825720969676972
22		19.008696893999513		262515380453376.0		557184777083546.5		0.3127282445192337		0.6254564890384674
23		19.049751898000977		256868337319936.0		554956022437652.75		0.2988707329273224		0.5977414658546448
24		18.930761546000213		282696156708864.0		564662292844264.9		0.2502356075525284		0.5004712151050568
25		18.988861272999202		278415735259136.0		563648395779233.5		0.28194717371463773		0.5638943474292755
26		18.980853064998882		267249759813632.0		570466850706219.4		0.26606435742378237		0.5321287148475647
27		18.9910785459997		265274041303040.0		563165057801319.9		0.33891829516887667		0.6778365903377533
28		18.931166469001255		283088340910080.0		579893383721511.9		0.23081284227371215		0.4616256845474243
29		19.06413625800087		271146134011904.0		579516289756356.9		0.2418491340994835		0.483698268198967
30		18.95376817900069		277850074644480.0		577547973549422.0		0.5906239516258239		1.1812479032516479
31		19.054090494000775		268512647970816.0		579648716662846.2		0.22054361951351165		0.4410872390270233
32		18.696943996999835		280161907900416.0		583150117953743.1		0.2084154172897339		0.4168308345794678
33		18.704305708999527		278255093415936.0		578337679796265.2		0.7406057295560837		1.4812114591121675
34		18.76860452499932		279340143083520.0		587867191978083.0		0.20398635884523392		0.40797271769046783
35		18.62913935099823		281592316559360.0		584524642490022.6		0.21608083349466323		0.43216166698932645
36		18.746242523000546		267068549103616.0		581569700953105.4		0.19941301591396332		0.39882603182792664
37		18.816309255000306		276422719438848.0		581814154900862.4		0.22679542045593262		0.45359084091186525
38		18.889797539000938		264328695513088.0		589671214451922.0		0.19643937587738036		0.3928787517547607
39		18.740280987000006		269364745994240.0		585985329299382.6		0.1974224191904068		0.3948448383808136
40		18.708504272000937		288637170221056.0		589677511217575.4		0.2003246572971344		0.4006493145942688
41		18.69540906399925		281757203038208.0		589197315496791.2		0.1889866712808609		0.3779733425617218
42		18.83919205699931		275433350234112.0		589335205824482.5		0.21992918852567672		0.43985837705135344
43		18.76214651200098		270147386343424.0		591027029240929.4		0.5491666404247284		1.0983332808494568
44		18.85329740999987		281868805079040.0		587688092571984.2		0.17995343083143234		0.3599068616628647
45		19.015535102000285		277617374658560.0		592783038414952.9		0.17857698721885681		0.35715397443771363
46		18.96207186399988		272407025680384.0		595355821498181.9		0.17544305292367934		0.3508861058473587
47		19.045260382999913		270782907285504.0		591457288724508.9		0.1666282777786255		0.333256555557251
48		19.098893493001015		263945856221184.0		587913552805337.5		0.21628106341362		0.43256212682724
49		18.74566476400105		256783629156352.0		585904211916362.9		0.1675063886642456		0.3350127773284912
50		18.900114383999608		281030565036032.0		592125986834030.2		0.21301151893138887		0.42602303786277773
51		19.079018414999155		273457732386816.0		598284103614747.1		0.239461767911911		0.478923535823822
52		19.214284880001287		277478375424000.0		591760346319903.8		0.20316693297624588		0.40633386595249177
53		18.919677756000965		279815022182400.0		594991861422222.2		0.17660006868839265		0.3532001373767853
54		19.09443882800042		284509069115392.0		596354283089627.8		0.16074656380414962		0.32149312760829923
55		19.06340757399994		291365715968000.0		599502046512210.2		0.19579959555864335		0.3915991911172867
56		19.096238865999112		282723637788672.0		602109728491789.4		0.1809187091588974		0.3618374183177948
57		19.104359823000777		275588422041600.0		594272522625697.8		0.19507306694984436		0.3901461338996887
58		19.31836600599854		289615953002496.0		600340706323846.9		0.16896699523329733		0.33793399046659467
59		19.06769327099937		272655546580992.0		596444308449567.8		0.15963237419724463		0.31926474839448926
60		18.734641633998763		273302106931200.0		597914758224250.1		0.20132919111251832		0.40265838222503664
61		18.740371535999657		279392957759488.0		602929813294646.5		0.24647197362184525		0.4929439472436905
62		18.975010601001486		280514481094656.0		596940630027717.9		0.17806979757547378		0.35613959515094756
63		18.91439136000008		280570416332800.0		592393870273989.9		0.1804883713722229		0.3609767427444458
64		18.91974013500112		290710062366720.0		603254774235408.6		0.16051988159418107		0.32103976318836214
65		19.106239677999838		289298528075776.0		599912249599102.8		0.3055128746151924		0.6110257492303848
66		19.00180758100032		266256364077056.0		595128458653372.2		0.2585914054632187		0.5171828109264374
67		18.884487799999988		263827895615488.0		605947104785900.5		0.16417352059483528		0.32834704118967056
68		19.06599428499976		282241863254016.0		597188484988277.9		0.15565100712776184		0.3113020142555237
69		19.021305400001438		293623526588416.0		597449538442394.4		0.30524297009706497		0.6104859401941299
70		19.058285603001423		288311088250880.0		599402698072129.5		0.28699278634786607		0.5739855726957321
71		18.78504054699988		272539146256384.0		594228849664138.9		0.22602153635025024		0.4520430727005005
72		19.098861751001095		279989052243968.0		604979537882057.2		0.15809161245822906		0.3161832249164581
73		18.89521943100044		298297155649536.0		601947783925952.6		0.14423828983306886		0.2884765796661377
74		18.85393637800007		288785715691520.0		596954071444624.5		0.18354245404601097		0.36708490809202193
75		18.808172916998956		287473502519296.0		597741549258423.6		0.14777737604379654		0.2955547520875931
76		18.85517793999861		289756478963712.0		604762568879578.8		0.23419467704296112		0.46838935408592225
77		18.93786352799907		284181208760320.0		602194944970121.5		0.21236290912628175		0.4247258182525635
78		18.833281184000953		289692624879616.0		598741290159565.8		0.141061940151453		0.282123880302906
79		19.242629506999947		272000748617728.0		601700078924175.8		0.4603585368871689		0.9207170737743378
80		18.993315488998633		271226647871488.0		600778691417431.1		0.1546423035502434		0.3092846071004868
81		18.949659738000264		261677761167360.0		601069878303040.5		0.1359774756491184		0.2719549512982368
82		18.91208880299928		296254227611648.0		600259498413654.0		0.18401896694898606		0.3680379338979721
83		19.299616420999882		297701598035968.0		602257999430628.1		0.4759184982776642		0.9518369965553284
84		19.41735317200073		290387268730880.0		607651460643112.9		0.14017569594979287		0.28035139189958574
85		19.131956224999158		292385166721024.0		614254779367067.5		0.5361623982429504		1.0723247964859008
86		19.137404039998728		295893886566400.0		601591231299557.8		0.14385667197108268		0.28771334394216536
87		19.291285002998848		291029500559360.0		600101837508611.9		0.21265907522439956		0.4253181504487991
88		19.37107988599928		283184172367872.0		605342811552449.9		0.25422178913354876		0.5084435782670975
89		19.409910215999844		314437810520064.0		611950944666307.8		0.16326912096142768		0.32653824192285535
90		18.79415921600048		289906500829184.0		602543136986334.5		0.14789226377606393		0.29578452755212786
91		18.74857267799962		286136895275008.0		605721357525251.5		0.13689971660971642		0.27379943321943284
92		18.902423578001617		276966670336000.0		598863472916755.9		0.2589126395225525		0.517825279045105
93		18.849209535999762		275277171130368.0		606832110821902.9		0.17790946065187455		0.3558189213037491
94		18.846330209998996		294539461918720.0		601000049151710.4		0.16183301225304603		0.32366602450609205
95		18.99966905399924		272955187658752.0		602804705084907.2		0.13455299940705298		0.26910599881410596
96		19.16127668899935		291544863080448.0		599647069685363.5		0.1451216624379158		0.2902433248758316
97		19.111433308000414		286048445792256.0		604597510602039.0		0.2594258482694626		0.5188516965389252
98		19.243032930999107		303854407122944.0		605471385136419.2		0.23334324694871902		0.46668649389743805
99		19.2117883789997		278809513295872.0		604730444328091.0		0.1319988614678383		0.2639977229356766
100		18.989004080000086		290115008069632.0		602649336403911.0		0.3152348561286926		0.6304697122573852
101		18.892442511998524		310757258428416.0		603400134751399.5		0.1352133845746517		0.2704267691493034
102		18.818169624999427		288190862721024.0		598458590633991.9		0.17907772932052612		0.35815545864105225
103		19.305413357998987		276138211409920.0		609008732188390.2		0.1409906756222248		0.2819813512444496
104		18.860687043001235		275494972948480.0		604653272355716.5		0.1369744831442833		0.2739489662885666
105		19.101917667001544		298178171633664.0		604034288524858.5		0.1493198051571846		0.2986396103143692
106		18.989227268999457		281851054784512.0		604619136395882.0		0.20460589444637298		0.40921178889274595
107		18.81032150000101		279741823188992.0		599073762866595.1		0.18275963826179503		0.36551927652359006
108		18.788420535000114		287876793237504.0		610190427537560.0		0.19015305062532425		0.3803061012506485
109		18.794027731000824		276364787712000.0		605776850983059.5		0.12942668716907502		0.25885337433815003
110		19.05945909500042		313083587198976.0		609273380293910.2		0.13801078317165374		0.2760215663433075
111		18.901314254999306		293295230025728.0		604652206140822.6		0.31128646005392074		0.6225729201078415
112		18.89924127499944		277011012517888.0		606510870503935.1		0.14026332635879515		0.2805266527175903
113		18.811328526999205		287011088891904.0		606390898978445.1		0.17355253318548203		0.34710506637096405
114		18.946018560000084		282590695129088.0		607656830538717.6		0.3910639309287071		0.7821278618574142
115		18.88276170499921		290228321386496.0		604212833080238.4		0.12476910536885262		0.24953821073770524
116		18.97782652299975		282710618669056.0		610448562717091.4		0.2088162939310074		0.4176325878620148
117		19.07582283500051		291741827596288.0		605594898499979.1		0.14786937113404275		0.2957387422680855
118		19.02797923000071		289281817968640.0		604757917848756.5		0.1185893476009369		0.2371786952018738
119		19.003767788000914		284368845144064.0		607428675540877.2		0.22037149878740311		0.44074299757480623
120		18.974829765000322		275740775940096.0		610341334397149.5		0.24513163592815398		0.49026327185630797
121		18.943338951999976		270386730106880.0		606719190193898.8		0.1577217262148857		0.3154434524297714
122		18.991089723000186		305365933621248.0		607788265401714.0		0.12188427037596702		0.24376854075193405
123		19.100081700000374		294339074850816.0		606039094105536.0		0.26457622404098513		0.5291524480819703
124		19.206021518999478		282612539064320.0		605797508089978.5		0.4932504982471466		0.9865009964942932
125		19.060045985001125		303342366490624.0		606857509690828.4		0.13804668064713477		0.27609336129426953
126		19.016333596999175		287369919987712.0		607834367661199.9		0.13365356760025024		0.2673071352005005
127		18.99887339199995		292893180821504.0		608715489607952.6		0.1516306736588478		0.3032613473176956
128		18.92245266699865		281521416044544.0		605925457914505.5		0.1437414030969143		0.2874828061938286
129		18.91567935600142		274240121077760.0		609775135955951.2		0.19040627289414405		0.3808125457882881
130		19.08991933099969		308762246119424.0		609601192577560.8		0.6648795908212661		1.3297591816425323
131		18.989488323999467		278246939688960.0		607871556183140.6		0.15355070281624794		0.3071014056324959
132		18.924937472998863		298618372227072.0		612086702370937.9		0.14982371958494187		0.29964743916988373
133		18.896345828999983		274829722779648.0		608716309452784.9		0.1702254230439663		0.3404508460879326
134		19.003753478000363		295972638818304.0		619609780336585.6		0.21128238327503204		0.4225647665500641
135		19.03097586900003		276577019494400.0		608821652910222.9		0.13588026903867723		0.27176053807735445
136		18.971460688999287		282762527375360.0		601263180366049.5		0.1452503862977028		0.2905007725954056
137		19.190226574999542		277348939202560.0		607682554971532.9		0.1358990287899971		0.2717980575799942
138		18.939728528999694		289473212448768.0		605641547175941.9		0.2586014084815979		0.5172028169631958
139		18.941014285001074		273394465505280.0		613586712751956.2		0.12893163715600967		0.25786327431201933
140		18.99626970600002		273582689091584.0		610572804878887.9		0.23986399183273316		0.4797279836654663
141		19.01138613100011		292995555393536.0		606983973145285.8		0.12324935673475265		0.2464987134695053
142		18.9764036760007		299485250977792.0		606366294334872.0		0.14032382080554962		0.28064764161109923
143		18.94481362500119		285214752374784.0		606163346360505.5		0.13466297736167906		0.26932595472335813
144		19.23453084399989		290724893425664.0		610892942952554.9		0.13551842554211616		0.2710368510842323
145		18.86006680600076		284927794872320.0		608984593285702.0		0.1550127990961075		0.310025598192215
146		18.972457228001076		299610274791424.0		606483498634408.1		0.16986667675971984		0.3397333535194397
147		19.031896022001092		297725757227008.0		609088092505657.9		0.17188927904367446		0.3437785580873489
148		19.079937132999476		279335797784576.0		608386245108401.5		0.13337644884586333		0.26675289769172666
149		19.083405829000185		273020887236608.0		606607513828657.8		0.11611303384304046		0.23222606768608092
150		19.089996611999595		311310134804480.0		612351196646835.5		0.11735515535473824		0.23471031070947648
151		19.435880400000315		282730617110528.0		610141102919804.5		0.21357952533960342		0.42715905067920684
152		19.22057871400102		292332150718464.0		607795963642039.5		0.1506137061715126		0.3012274123430252
153		19.22628951400111		292065225211904.0		608173443904606.0		0.4052843719005585		0.810568743801117
154		19.271912398000495		272783019868160.0		606690144360868.1		0.20485027530789376		0.40970055061578753
155		19.196548264999365		277754176077824.0		609308679470474.9		0.24099990233182908		0.48199980466365816
156		18.916230042999814		287510378840064.0		609785438889930.9		0.11538617931604385		0.2307723586320877
157		19.112986151998484		267276687245312.0		609771455743430.5		0.22647718219161034		0.4529543643832207
158		19.395824192000873		273067930550272.0		613746919230427.6		0.2853686829805374		0.5707373659610748
159		19.18934881700079		287381932474368.0		610524917367927.0		0.17611080569028853		0.35222161138057706
160		18.951935627999774		297512082604032.0		605257920493052.2		0.14539187846779825		0.2907837569355965
161		19.097390880999228		281127101136896.0		611819697772555.1		0.12910210619568824		0.2582042123913765
162		19.10423847000129		273291302404096.0		610419143748039.5		0.15049086065292358		0.30098172130584716
163		18.96315781800149		260046210465792.0		609043981022569.4		0.11269877519607543		0.22539755039215087
164		19.035950673000116		279055282733056.0		607284423856593.2		0.1145055452466011		0.2290110904932022
165		19.097113113999512		295791545548800.0		605073552268035.4		0.17660494813919067		0.35320989627838134
166		18.91271251299986		298054926204928.0		610986671476247.1		0.28264249519109724		0.5652849903821945
167		19.066358546999254		308061864460288.0		614688114959911.5		0.11609308183789253		0.23218616367578507
168		19.006561541000337		287625202106368.0		608497052714501.4		0.29435487495660784		0.5887097499132157
169		19.076810857000964		294980702699520.0		608633808456788.2		0.13257642279267312		0.26515284558534624
170		18.97066429000006		286060357615616.0		612884605332011.1		0.191653801715374		0.383307603430748
171		19.03668365199883		289984045121536.0		611111871668079.9		0.17563612836003303		0.35127225672006607
172		19.000806556001407		298806847471616.0		611091814106383.0		0.1999868093252182		0.3999736186504364
173		19.075376363000032		289288797290496.0		610674281990659.8		0.12719480717778206		0.2543896143555641
174		19.003386803000467		278875682635776.0		610801280227601.2		0.1170952715754509		0.2341905431509018
175		18.982690006001576		301699138846720.0		611781131800915.5		0.12780126474499703		0.25560252948999407
176		19.04566664400045		288298606002176.0		610687582983610.8		0.29887135725021363		0.5977427145004273
177		19.078805987999658		276133362794496.0		608471613376246.6		0.1159792613863945		0.231958522772789
178		19.432879800000592		293465183223808.0		607834443123775.2		0.11697494777441025		0.2339498955488205
179		19.115639158000704		294311962869760.0		603883247909250.0		0.18694399681687354		0.3738879936337471
180		19.162192296000285		263876885086208.0		609317783727400.5		0.2560974964261055		0.512194992852211
181		19.194618183000784		278264740315136.0		610963721130596.1		0.10725931907892228		0.21451863815784455
182		19.470893523000996		277088439369728.0		615124911512564.5		0.11414714803099632		0.22829429606199264
183		19.683604430998457		259447465181184.0		610221212891401.4		0.12750421533584594		0.2550084306716919
184		19.22274551299961		296523132829696.0		606653281537034.9		0.20594587979912757		0.41189175959825514
185		19.373112141000092		271479396630528.0		611650404743160.8		0.2232508625268936		0.4465017250537872
186		18.96093486599966		282489226526720.0		612892288566794.6		0.1093486241698265		0.218697248339653
187		19.353162331999556		285036712558592.0		610311476181792.2		0.23524416493177414		0.47048832986354827
188		19.571392919000573		294765048365056.0		612313228480956.4		0.39250031620264053		0.7850006324052811
189		19.514129442999547		301556968718336.0		614183885015529.5		0.18576182969808577		0.37152365939617155
190		19.202443747999496		284739185410048.0		611586251600492.0		0.11736881614327431		0.23473763228654862
191		19.04357547499967		279176112242688.0		613967884002042.9		0.15489797238111497		0.30979594476222994
192		19.230108003999703		289376206585856.0		611855213716119.2		0.10679189339280129		0.21358378678560258
193		19.214149184001144		265625138102272.0		610863662995488.1		0.10910056365728378		0.21820112731456756
194		19.178658474998883		289441134411776.0		611400726869631.2		0.33261034029722214		0.6652206805944443
195		19.165344037000978		277686580674560.0		610234400320048.4		0.2290150857388973		0.4580301714777946
196		19.19545381699936		268604704555008.0		609064292900017.2		0.11774721974730491		0.23549443949460983
197		19.245178725999722		286483613220864.0		610808727765317.0		0.11616848302483558		0.23233696604967116
198		18.900278118000642		288888325144576.0		610908461630394.2		0.35234875396490095		0.7046975079298019
199		18.893503294000766		271045353275392.0		611357032470817.0		0.10982566947340966		0.21965133894681932
200		18.94132435499887		297575903133696.0		612522115793797.8		0.10846697905063629		0.21693395810127258
201		18.890614768999512		282289745428480.0		614178848951626.6		0.4234512238740921		0.8469024477481842
202		19.022981774000073		295942003621888.0		613032727179113.2		0.1905384832262993		0.3810769664525986
203		19.146753642000476		273803309481984.0		606628287307715.8		0.17628923580646516		0.3525784716129303
204		19.01597898199907		306008433885184.0		609589794061848.4		0.11230887988209724		0.22461775976419449
205		18.986364844999116		278073647824896.0		613132945801043.0		0.15680727083683013		0.31361454167366026
206		19.010576259999652		279732713160704.0		611239058357448.9		0.11063978232741356		0.22127956465482712
207		19.044203831999766		285049832341504.0		609511879462784.9		0.11159507715702056		0.22319015431404113
208		19.017538742000397		284333042565120.0		610793762531594.8		0.19424748708605766		0.3884949741721153
209		19.229736134999257		273418607919104.0		610634638298982.8		0.1091283750295639		0.2182567500591278
210		19.203947468999104		277625662603264.0		614551103752969.9		0.1719557536959648		0.3439115073919296
211		19.00694256099996		290054844973056.0		614708489119753.9		0.10493297001123428		0.20986594002246856
212		19.18364709799971		277854822596608.0		614836618597394.0		0.11352460399866104		0.2270492079973221
213		19.227302707999115		294654855610368.0		610537224097423.8		0.10905284917354584		0.21810569834709168
214		19.228775184999904		283045022138368.0		615588197705512.4		0.5434828816533088		1.0869657633066176
215		19.098866700000144		274485370421248.0		610908559888508.5		0.12125362460017204		0.24250724920034408
216		19.34552214500036		283314095128576.0		614139322362232.9		0.17533073596358298		0.35066147192716596
217		18.945906178998484		279878674939904.0		610983217731983.1		0.12350546767115593		0.24701093534231186
218		18.908216951000213		276142036615168.0		616310249981843.9		0.12159092220067978		0.24318184440135956
219		18.915921535999587		278370638102528.0		613646932821273.5		0.15140092099905014		0.3028018419981003
220		18.978466635000586		281389178028032.0		610334824681649.0		0.31526301354169844		0.6305260270833969
221		19.012119699000323		286166960046080.0		611627781110303.2		0.11506110662817955		0.2301222132563591
222		19.04554306099999		283316041285632.0		613438610608016.6		0.12139391494393349		0.24278782988786698
223		19.397934792999877		285528721195008.0		612563885075527.1		0.17244453107118607		0.34488906214237214
224		19.025586148000002		280827879489536.0		612621780509901.5		0.15526727256774903		0.31053454513549805
225		19.257491974000004		281865348972544.0		612547631308666.2		0.10409522823095321		0.20819045646190643
226		19.120482198999525		284177987534848.0		609463521776385.4		0.21182630543708802		0.42365261087417605
227		19.186535634000393		296366400077824.0		615069960852723.5		0.19776657032966613		0.39553314065933226
228		19.197379304001515		285997409501184.0		613896103190729.9		0.12701297270059586		0.2540259454011917
229		19.084284774999105		283799627759616.0		614168125889314.9		0.12414712221622468		0.24829424443244935
230		19.320360167999752		294502484934656.0		611745196550431.8		0.12122094885706902		0.24244189771413804
231		18.986290573999213		279207250755584.0		609762163066289.5		0.11260153562426567		0.22520307124853134
232		18.91505462799978		291423429591040.0		613374681898863.9		0.11286198400855064		0.2257239680171013
233		18.968950182999833		289052943187968.0		613225472941851.9		0.1036450433909893		0.2072900867819786
234		19.02000907599904		299584270106624.0		611897802772887.6		0.18994391285777093		0.37988782571554186
235		19.06523762500001		297251331112960.0		612703145529998.0		0.2776091332435608		0.5552182664871216
236		19.050755723999828		282197034532864.0		615483423299028.9		0.10049511284828186		0.20099022569656372
237		19.231590100000176		279919779119104.0		611180227200024.6		0.10140487906932831		0.20280975813865662
238		18.98826488800114		287522223554560.0		611960083878898.6		0.1346123960494995		0.269224792098999
239		18.979078323998692		295021035126784.0		613842226278081.5		0.19992349456548691		0.39984698913097383
240		19.013380735001192		292169847930880.0		613716723666864.0		0.10822623874545097		0.21645247749090193
241		19.18365612999878		295635014123520.0		610765242080438.5		0.22441873928308487		0.44883747856616973
242		19.115952325999388		281698415673344.0		614625885962591.2		0.17143748945593834		0.3428749789118767
243		19.310556372000065		269904703913984.0		611113366977050.0		0.13106309299468993		0.26212618598937987
244		19.244822208000187		270574282604544.0		612584280989378.8		0.10111611855626106		0.2022322371125221
245		19.216589223000483		272877827915776.0		612140030145173.9		0.09866208937764168		0.19732417875528335
246		19.356796050000412		280306477170688.0		615893072608944.5		0.20193227829933166		0.4038645565986633
247		19.313833936001174		294511477522432.0		610971902192354.6		0.12907445133328438		0.25814890266656876
248		19.163622344000032		285103016116224.0		615640594169777.4		0.10589106296896934		0.2117821259379387
249		19.15740706899851		289411338076160.0		613771084112299.2		0.2504146301329136		0.5008292602658272
250		19.368403731001308		284873403138048.0		617561806399319.6		0.23855532366037369		0.47711064732074737
251		19.333778222000547		296219163230208.0		615300060160783.8		0.11565361664891242		0.23130723329782485
252		19.294147332000648		272317133357056.0		610195316235766.4		0.12174491058588027		0.24348982117176055
253		19.309115127998666		279121502404608.0		613704297478220.6		0.11253215608596802		0.22506431217193604
254		19.187652783000885		277109847097344.0		612226165730401.4		0.14317031804323196		0.28634063608646393
255		19.207220243999473		287289355796480.0		608765956558159.9		0.10993392248153687		0.21986784496307374
256		19.172511935999864		279790393229312.0		614887726958017.2		0.10425146945714951		0.20850293891429902
257		19.339220355999714		292935325188096.0		613462996653860.5		0.16617147905826568		0.33234295811653136
258		19.026269481999407		303516513992704.0		613352820740813.0		0.10387233933210373		0.20774467866420745
259		19.03684926400092		301942609805312.0		612892199298583.8		0.10244117819666862		0.20488235639333724
260		19.060778338998716		293429615525888.0		621046973191652.6		0.1496465584218502		0.2992931168437004
261		19.626435333999325		278738226905088.0		612842897173035.1		0.09534792181253433		0.19069584362506867
262		19.49578626499897		316823329308672.0		612304428994910.0		0.09933196561932564		0.19866393123865128
263		19.23038637100035		290477228163072.0		616028195759000.1		0.13492594173550607		0.26985188347101213
264		19.00855142399996		299182824882176.0		612587641844237.6		0.12014887551665306		0.2402977510333061
265		19.12403137900037		259828928741376.0		607477936689753.6		0.19650752022266388		0.39301504044532776
266		19.709370427999602		268918673375232.0		615894890679338.2		0.10272929522991181		0.20545859045982362
267		19.838245880000613		295298832269312.0		615749721697414.0		0.22918175010085107		0.45836350020170213
268		19.141454144999443		278020128505856.0		613336989061863.1		0.15593787276148796		0.3118757455229759
269		19.282449259000714		273856040271872.0		615231541194596.0		0.11055020210146904		0.22110040420293808
270		19.087063680000938		283957870460928.0		614111358243559.1		0.11569725604057313		0.23139451208114625
271		19.141168088000995		268813832552448.0		613901864771245.9		0.11007549145221711		0.22015098290443422
272		19.196008877999702		282900167655424.0		616128882280035.8		0.09692150571942329		0.19384301143884658
273		18.897451325001384		281077608349696.0		614382870979202.2		0.10328936425447464		0.2065787285089493
274		19.167082022000614		279967359303680.0		614369512355843.2		0.3226600151360035		0.645320030272007
275		18.860814338999262		294514061213696.0		616031418272962.4		0.0988111508846283		0.1976223017692566
276		19.005728554000598		297675123589120.0		613431685112838.2		0.36201534512043		0.72403069024086
277		18.96740936400056		302246076088320.0		615558340993393.6		0.14660661219358445		0.2932132243871689
278		19.272511357999974		285784640847872.0		614921896762194.0		0.09902571258544922		0.19805142517089844
279		19.081581062000623		303098627096576.0		611623321903457.9		0.09745933210253716		0.1949186642050743
280		19.117742591000933		272542736580608.0		615647878348412.0		0.097743426913023		0.195486853826046
281		19.386101730999144		307233875296256.0		614937607580764.1		0.25156477459669113		0.5031295491933823
282		19.074280237000494		273484273942528.0		613538327862307.8		0.11937741998434066		0.23875483996868133
283		19.12445736800146		292168841297920.0		611961825788784.8		0.10260661788582802		0.20521323577165604
284		19.19541182100147		284300729647104.0		615946264726638.4		0.10322495722174645		0.2064499144434929
285		19.021875866999835		283551794724864.0		615875653880523.0		0.13286227015852928		0.26572454031705856
286		19.272928198000955		261344297222144.0		611873191826450.0		0.13318097925186156		0.26636195850372313
287		19.190134807000504		274021815943168.0		616593330530072.6		0.14654857966899873		0.29309715933799746
288		19.305860602000394		295068682420224.0		615004582269985.8		0.11555896250009537		0.23111792500019074
289		19.248872381998808		301861273862144.0		610789597615908.5		0.1155432395040989		0.2310864790081978
290		19.186890362998383		292839225294848.0		615719488123389.9		0.10124020780920982		0.20248041561841965
291		19.22918681900046		273231055421440.0		615424644889171.8		0.09675337578058243		0.19350675156116487
292		19.031359865000923		285473087946752.0		619148443940678.5		0.09566747182905674		0.1913349436581135
293		18.991188990999945		283966460395520.0		614828813653974.8		0.10327246669530868		0.20654493339061736
294		19.233530665998842		268426882842624.0		614174641709037.6		0.17634973362088202		0.35269946724176404
295		19.415174484998715		276217550864384.0		615443577180174.4		0.23309995089173316		0.4661999017834663
296		19.137659091000387		292347988410368.0		604521123314820.8		0.10459837471842766		0.20919674943685532
297		19.31074433499998		309434509164544.0		615599874229089.1		0.0940470539867878		0.1880941079735756
298		19.211308166999515		279681056112640.0		614610996620941.1		0.11609779741764069		0.23219559483528138
299		18.929969732000245		294515571163136.0		615317349465734.5		0.14084318532943726		0.28168637065887453
300		19.31445696800074		278939805155328.0		616858759788138.4		0.1358987209916115		0.271797441983223
301		19.336324146999686		288042585686016.0		616123952398461.9		0.09722214498519897		0.19444428997039795
302		18.957005019999997		281600235405312.0		614008710919629.0		0.10037100814580917		0.20074201629161834
303		19.072517513001003		302546220482560.0		613043116726477.1		0.11034572505950928		0.22069145011901856
304		18.98727695799971		272487321436160.0		614187684424130.2		0.16105611463785172		0.32211222927570343
305		19.425902349999888		281767269367808.0		613935321836337.2		0.11539803921580315		0.2307960784316063
306		19.147981414998867		291384808439808.0		613684555532195.6		0.09641155084967613		0.19282310169935227
307		19.021232256000076		287381529821184.0		613928845503470.0		0.12850591093301772		0.25701182186603544
308		19.32521288999851		286270341251072.0		616053845217792.5		0.11281094771027565		0.2256218954205513
309		19.0723893760005		273751098785792.0		616791752145780.1		0.1591244209766388		0.3182488419532776
310		19.259134328998698		289412848025600.0		616235274171202.9		0.09311503306627274		0.18623006613254547
311		19.22218434500064		288739209248768.0		611700383065676.1		0.11796136575937272		0.23592273151874543
312		19.179061044000264		289842680299520.0		620332909441748.9		0.24884113360643387		0.49768226721286773
313		19.122046305999902		294855242678272.0		615689041019697.9		0.16567650170326234		0.3313530034065247
314		19.152695947999746		301201392402432.0		615448474946130.4		0.10054569607973099		0.20109139215946198
315		19.233807699001773		281915546402816.0		617964408967130.0		0.39203813672065735		0.7840762734413147
316		19.07691898399935		287228286730240.0		614617079669021.8		0.10073953403830528		0.20147906807661056
317		18.956530216999454		283234638233600.0		614602840338459.5		0.10107528242468834		0.20215056484937668
318		18.974470076000216		293117559308288.0		614713727653783.8		0.11208101111054421		0.22416202222108841
319		18.957211991000804		283186219188224.0		614384260733982.5		0.12028979121446609		0.24057958242893218
320		19.075374701000328		284485279023104.0		614951252659651.2		0.1317516559779644		0.2635033119559288
321		19.211211932999504		286837646032896.0		613934839082013.1		0.10038345353603363		0.20076690707206726
322		19.22083996299989		280893377740800.0		615813509252466.6		0.09532015826702118		0.19064031653404237
323		18.992023495000467		274808650596352.0		614350814116399.0		0.10153425197601318		0.20306850395202636
324		19.085012932999234		300353136361472.0		616811569897978.0		0.09886384354829789		0.19772768709659577
325		19.17129341100008		291988050018304.0		615759756974400.5		0.17351987246870995		0.3470397449374199
326		19.022721416999048		290390489956352.0		613638421855023.9		0.24404599348306655		0.4880919869661331
327		19.13396129100147		283222256648192.0		616178606635766.2		0.09236948400735855		0.1847389680147171
328		19.296474904000206		293310228856832.0		614296613529646.5		0.10302485326528549		0.20604970653057098
329		19.148273688999325		302355060883456.0		617785684925066.8		0.10611613632440567		0.21223227264881134
330		19.019249922999734		280863698845696.0		615255571579566.9		0.18883512924313545		0.3776702584862709
331		18.938036461999218		270025617309696.0		614223460245428.0		0.10449205853939056		0.20898411707878112
332		19.045061638000334		274281040707584.0		617789283092974.8		1.1252366201400756		2.2504732402801513
333		19.070494395000424		280185832210432.0		617326479799306.1		0.09862354078888894		0.19724708157777787
334		18.948589346999142		272862426431488.0		615351622961159.2		0.14267827977538108		0.28535655955076217
335		19.29424613500123		271215138701312.0		612159584358178.5		0.13566944577097892		0.27133889154195784
336		19.148803194999346		289749969403904.0		617538100499128.0		0.09919842897057533		0.19839685794115067
337		19.097206471999016		284271939944448.0		617474299769263.2		0.09127510138452052		0.18255020276904105
338		18.974122910000006		281662076223488.0		616466858201139.1		0.0988350004196167		0.1976700008392334
339		19.092986825999105		282430808260608.0		614899674386656.1		0.08953256796598434		0.17906513593196868
340		18.970758568000747		286349596819456.0		609946102186492.5		0.15060226690173148		0.30120453380346296
341		19.103442214998722		274537799221248.0		617138395949763.1		0.15391938807368277		0.30783877614736554
342		19.38306614800058		286737989369856.0		616404375773904.9		0.10989111906886101		0.21978223813772202
343		18.852623378001226		325586606096384.0		615309639623628.5		0.2969444706261158		0.5938889412522316
344		19.010581587999695		298286921547776.0		617299271841837.2		0.1255550746321678		0.2511101492643356
345		19.125678058999256		299777040318464.0		619348368644615.8		0.1245713814496994		0.2491427628993988
346		19.127984427999763		269967786246144.0		614146807432594.1		0.18653861309885977		0.37307722619771955
347		19.14333560200066		291682167816192.0		616209331784903.5		0.09458386594057083		0.18916773188114167
348		19.020618991000447		275609511002112.0		621204026745369.4		0.2896559402823448		0.5793118805646896
349		19.353237146999163		285441278345216.0		617257891367391.1		0.09207696614265441		0.18415393228530882
350		19.173876918001042		279796802125824.0		615756640503180.9		0.1603073413193226		0.3206146826386452
351		19.565926668999964		284565843214336.0		616707863596173.9		0.12029737308621406		0.24059474617242813
352		19.53095688600115		285623848009728.0		616107295334171.9		0.09262758672833443		0.18525517345666886
353		19.450552432999757		278007528816640.0		614148570363660.9		0.12328381679654121		0.24656763359308242
354		18.99947914800032		268958619926528.0		616264345870674.1		0.08947874144911766		0.17895748289823532
355		18.919386084999132		298406777978880.0		614731913286196.9		0.10617447248697282		0.21234894497394563
356		19.290498690001186		284746500276224.0		615870856783231.8		0.170756625688076		0.341513251376152
357		19.598200122998605		285391382904832.0		616858577531201.1		0.09245003893971443		0.18490007787942886
358		19.563472144000116		276933065572352.0		614308534984470.8		0.21911960648298265		0.4382392129659653
359		18.98960378999982		300672675217408.0		616781300826049.1		0.09602133930921554		0.19204267861843108
360		19.22339827399992		290373477859328.0		616601759510765.2		0.11376744999885559		0.22753489999771118
361		19.271224209998763		290516352630784.0		611621182660778.4		0.1030586915254593		0.2061173830509186
362		19.20971993299827		277228881444864.0		617184689705734.6		0.09343473545908929		0.18686947091817857
363		19.042459415999474		291117782269952.0		614961107515799.0		0.23222597887516022		0.46445195775032044
364		19.126083889001166		298129719033856.0		618026888049658.4		0.11415917728543282		0.22831835457086563
365		19.535827899999276		274686294360064.0		618074004130805.9		0.10259482951164245		0.2051896590232849
366		19.22974728400004		287964504522752.0		614960969969471.4		0.12467378783226013		0.24934757566452026
367		19.038630303999525		287114503651328.0		624094049583172.1		0.11049574737548828		0.22099149475097657
368		19.04020657500223		275525020942336.0		615883016952338.1		0.09585063830018044		0.19170127660036088
369		19.21819428299932		282512748183552.0		616346122971408.0		0.13920547978281975		0.2784109595656395
370		18.988465160000487		310404668456960.0		619247080130226.4		0.09824497544765473		0.19648995089530946
371		19.105740105998848		288846549876736.0		614461446509308.1		0.09136297496557236		0.18272594993114472
372		19.322293786000955		280462169735168.0		617623524837771.1		0.09086252195239067		0.18172504390478134
373		19.117679475999466		297554763841536.0		614723228690525.8		0.1075050639629364		0.2150101279258728
374		19.23370948899901		276560376496128.0		618847514308305.2		0.12355279051065444		0.2471055810213089
375		19.193323356998008		287527659372544.0		616654696217491.5		0.09998627298474312		0.19997254596948624
376		18.991500053998607		264425516826624.0		615382224936003.1		0.13150846970081329		0.26301693940162657
377		19.00925352700142		284292307484672.0		615269754592370.4		0.11364763816595078		0.22729527633190155
378		19.147299123000266		278481116069888.0		616387475571516.4		0.08949272450208665		0.1789854490041733
379		19.19705764199898		285907718504448.0		613906619589952.8		0.0932493979215622		0.1864987958431244
380		19.03205071800039		292030697701376.0		617303857610631.4		0.10793680945038796		0.21587361890077592
381		19.022112810998806		295504286056448.0		614965272796557.5		0.1018868977844715		0.203773795568943
382		19.013902638002037		285707968970752.0		616478227350012.5		0.11029886938333511		0.22059773876667021
383		19.029218757998024		298465028472832.0		618085052859012.9		0.25861837455630304		0.5172367491126061
384		19.115509754999948		274675959595008.0		617433293923339.5		0.47327399364709855		0.9465479872941971
385		19.299394948000554		283016198881280.0		615666829977505.0		0.2513062590122223		0.5026125180244446
386		19.269460741998046		298070696787968.0		615222426479425.0		0.09674444945454598		0.19348889890909196
387		19.25654369300173		279493553946624.0		615942694986045.2		0.1393479888021946		0.2786959776043892
388		18.9651085589976		267305929932800.0		615117710570396.0		0.09770409143567085		0.1954081828713417
389		19.276182833000348		294479969910784.0		614447909658228.1		0.08514293338358402		0.17028586676716803
390		19.173829745999683		285139925991424.0		608148734071915.1		0.22244415038228035		0.4448883007645607
391		19.05658603900156		296015957590016.0		614824090263690.9		0.15083787426352502		0.30167574852705004
392		19.477532179000264		297284751327232.0		614991475210914.4		0.1365261397600174		0.2730522795200348
393		19.11714740699972		272720373743616.0		616806542262948.4		0.10183519152998924		0.20367038305997848
394		19.148106454998924		268984876269568.0		617425729412189.4		0.10863043374419212		0.21726086748838425
395		18.97094698300134		265328449814528.0		615626455481036.2		0.11756999170780182		0.23513998341560363
396		19.04949309100266		283227356921856.0		617344129639917.9		0.1410067776918411		0.2820135553836822
397		19.16514546899998		279800946098176.0		613316067964779.2		0.08901579084992409		0.17803158169984817
398		19.423532411998167		300247674781696.0		615314515077229.5		0.11398398584723472		0.22796797169446945
399		19.549279696999292		288518689521664.0		616276376299556.0		0.20317589343190193		0.40635178686380385
400		19.059960945000057		275853300727808.0		615771492693363.9		0.23737419618964195		0.4747483923792839
401		19.10987887400188		282114054422528.0		614083791672427.1		0.1491402088403702		0.2982804176807404
402		19.004525017997366		282037718089728.0		615837271706640.0		0.18148084989786148		0.36296169979572296
403		19.049435054999776		281538595913728.0		617663516153363.9		0.3964580261647701		0.7929160523295402
404		19.153357665996737		291362494742528.0		617114374305050.8		0.09237109960913659		0.18474219921827317
405		19.10639412800083		278290644336640.0		615818836805062.5		0.08621208302676678		0.17242416605353356
406		19.398611983000592		283942368313344.0		617633038861420.5		0.23704858031868933		0.47409716063737867
407		19.008674429001985		287819314495488.0		617949999308902.2		0.34254222741127016		0.6850844548225403
408		18.991501290998713		278509603782656.0		617265221652499.6		0.08983943833708763		0.17967887667417526
409		18.99835201699898		293089642020864.0		614328433084769.2		0.10325505744814872		0.20651011489629745
410		18.978464190000523		291129224331264.0		617627494284127.1		0.14514625716805457		0.29029251433610914
411		19.25483772699954		280126289870848.0		615785552403025.1		0.14612940633893012		0.29225881267786025
412		19.305183799999213		290697747890176.0		616950313995374.4		0.09043001867234707		0.18086003734469414
413		19.405511052998918		297078324461568.0		615237341837839.6		0.1952047749578953		0.3904095499157906
414		19.149053396002273		291992378540032.0		616505433895511.0		0.23285072293281556		0.4657014458656311
415		19.02568805699775		312861725294592.0		616636471780048.9		0.09016033219695091		0.18032066439390182
416		18.957779599000787		272265946071040.0		617145908609920.5		0.08569106487035752		0.17138212974071504
417		19.206193057998462		299748519051264.0		619256917419958.0		0.187333406662941		0.374666813325882
418		19.22809666499961		302191785017344.0		616315726510749.1		0.18113910636305808		0.36227821272611616
419		19.246917573000246		297351625310208.0		621177184123187.4		0.10859446224570274		0.21718892449140548
420		19.240286568001466		270803862028288.0		617460251038612.2		0.09762901985943317		0.19525803971886635
421		19.095181736000086		300397025558528.0		616462607370000.8		0.09497772493362426		0.18995544986724852
422		19.20240878199911		279576332730368.0		616591138711624.8		0.0851349376052618		0.1702698752105236
423		19.182933355998102		284005148655616.0		617020908010586.8		0.11077262805104256		0.22154525610208511
424		19.146885040001507		270551901798400.0		616334446490781.0		0.091161625623703		0.182323251247406
425		19.197532497000793		305539141599232.0		616066220570129.2		0.10073963912129402		0.20147927824258804
426		19.380280323002808		308708693245952.0		616639849889938.8		0.08832919932007789		0.17665839864015578
427		19.062370725998335		306072388632576.0		617467885530885.6		0.08642611775696278		0.17285223551392556
428		19.029082535998896		275935894962176.0		615992196599403.0		0.0883802403062582		0.1767604806125164
429		18.899835743999574		285025270497280.0		617710079611806.6		0.20805967670083045		0.4161193534016609
430		18.911906055000145		293002903814144.0		617296573002500.0		0.29623213979005814		0.5924642795801163
431		19.046200439999666		279869464248320.0		617658352281971.6		0.10927474732398987		0.21854949464797974
432		19.312460346998705		273614985232384.0		620086742328174.1		0.18781759365797043		0.37563518731594087
433		19.426028762998612		293214296735744.0		617016149428414.8		0.17574833765625952		0.35149667531251905
434		19.116423056999338		289845163327488.0		618962575107775.5		0.24105373504161834		0.4821074700832367
435		19.128600797001127		307061841723392.0		617051557949478.0		0.10037743480801582		0.20075486961603164
436		19.098850687001686		302871497146368.0		618189673043958.1		0.08351723338365555		0.1670344667673111
437		18.983228316999885		284494439383040.0		617142624355803.5		0.08414686489403247		0.16829372978806495
438		18.93461132000084		280606403461120.0		618118080169676.6		0.08724869561195374		0.17449739122390748
439		19.066070595999918		276552256323584.0		619956035043375.1		0.09010164597034455		0.1802032919406891
440		19.212286825000774		294909063987200.0		617231336969726.9		0.13462231483459472		0.26924462966918944
441		19.08474339500026		280174306263040.0		613352784523501.2		0.08641367078125477		0.17282734156250953
442		19.19683129799887		286580719747072.0		618621516715487.4		0.12388954543471337		0.24777909086942673
443		19.195586452999123		283716010115072.0		615870347561171.6		0.39578858563899993		0.7915771712779999
444		19.094408738998027		282508855869440.0		618790139944731.9		0.22237094905972482		0.44474189811944964
445		19.206312672999047		274993518739456.0		617912442579415.2		0.09420046859979629		0.18840093719959258
446		19.184124192001036		272043329191936.0		617689924812050.2		0.10888416660428048		0.21776833320856095
447		19.181552054997155		295555892772864.0		616397848959065.8		0.09111315655708313		0.18222631311416626
448		19.185114316002		296540883124224.0		618898043288577.6		0.14126775580644607		0.28253551161289214
449		19.01561127199966		294682638680064.0		619526345561011.6		0.08801427351236343		0.17602854702472687
450		19.519622416999482		276734188453888.0		618804005516502.6		0.0831845616966486		0.1663691233932972
451		19.496268825001607		320136930131968.0		617867135130471.0		0.08724905963242054		0.17449811926484107
452		19.01627004600232		278614847258624.0		616696946809362.1		0.08507493824064731		0.17014987648129462
453		19.08025616699888		263196132769792.0		617536183751860.5		0.08568670053482055		0.1713734010696411
454		19.125954432998697		269504282099712.0		618340218551842.9		0.12771643624305726		0.2554328724861145
455		19.444866224002908		299956053213184.0		619430353052683.5		0.114745610922575		0.22949122184515
456		19.587414279001678		278049203421184.0		617630753788495.1		0.2670099244534969		0.5340198489069938
457		19.666453991998424		297676432211968.0		619998319731917.5		0.09260254447162151		0.18520508894324303
458		19.328022031997534		297939129860096.0		617827082531063.8		0.17013483964204787		0.34026967928409574
459		19.201688403001754		274959242887168.0		616799467914940.9		0.13927881705760956		0.2785576341152191
460		19.17743624799914		285764239753216.0		617159264111375.1		0.0881060026705265		0.176212005341053
461		19.12394597599996		291709346906112.0		617492798375943.2		0.13179917575120925		0.2635983515024185
462		19.13310843599902		287324151742464.0		619173611020956.5		0.10154436340928077		0.20308872681856155
463		19.09657203900133		290596749049856.0		617948445991030.0		0.08317864457964898		0.16635728915929796
464		19.44945984700098		278544416505856.0		617882647650401.0		0.17165166506767274		0.3433033301353455
465		19.177433430999372		277467201798144.0		617480517958489.9		0.20287021659612656		0.4057404331922531
466		19.23719593399801		297697068187648.0		619933466563266.5		0.08081125576794147		0.16162251153588295
467		19.166126328000246		287455215353856.0		619706260763936.0		0.1351460520207882		0.2702921040415764
468		19.140775960997416		285116471443456.0		614614541493673.8		0.08161166985034943		0.16322333970069886
469		19.163079467998614		296227417620480.0		616706876902599.5		0.0969995534658432		0.1939991069316864
470		19.071563607001735		304291654926336.0		621018488367250.1		0.1712457253575325		0.342491450715065
471		19.195087821000925		291557479546880.0		618179592122206.8		0.09419714636206628		0.18839429272413255
472		18.942240943000797		277219754639360.0		617369770879216.5		0.09047404385209083		0.18094808770418166
473		19.01471239700186		315794013552640.0		619460392891470.4		0.11133500176668167		0.22267000353336333
474		19.312628247000248		283703729192960.0		620573990680537.4		0.09323334387540817		0.18646668775081635
475		19.26620406100119		297006316650496.0		618526155465346.2		0.151479298132658		0.302958596265316
476		19.21176696999828		292156963028992.0		618021914005083.2		0.12102958427071571		0.24205916854143142
477		19.36334687300041		273393039441920.0		618642062287474.5		0.08477757875919342		0.16955515751838685
478		19.201879749998625		290143294455808.0		619732717494043.9		0.15930430944561957		0.31860861889123915
479		19.22265390999746		292288194412544.0		616017138236847.5		0.08498358438909054		0.16996716877818108
480		18.98715734000143		288849536221184.0		618482200990156.1		0.08433477235138416		0.16866954470276832
481		18.867603238999436		265878574727168.0		617100083778478.4		0.12561396948695183		0.25122793897390366
482		18.86867244200039		295128476418048.0		617052909371675.1		0.08112815328538418		0.16225630657076837
483		18.857444082997972		308681648373760.0		618433760673954.5		0.1319154109120369		0.2638308218240738
484		19.16784618299789		292321178419200.0		618778810368613.4		0.08325334635674954		0.16650669271349908
485		19.161657922002632		287559770963968.0		618579557215025.2		0.2478435557961464		0.4956871115922928
486		18.937972498999443		299097529516032.0		618590867914762.5		0.08409460196197033		0.16818920392394066
487		19.342889013001695		295985892818944.0		617967549071407.1		0.245253305965662		0.490506611931324
488		19.31125769800201		277883478081536.0		615969094066954.6		0.11809645288586616		0.23619290577173233
489		19.257780521002132		265927933296640.0		615441228423621.5		0.07940352575778961		0.15880705151557922
490		19.197811968999304		297001518366720.0		618046718149887.2		0.08712764486968518		0.17425528973937035
491		19.502230242000223		283546660896768.0		619813286570801.2		0.10002326956987381		0.20004653913974763
492		19.161978873002226		279854314422272.0		618110920770579.4		0.23349527717232704		0.4669905543446541
493		19.148283831997105		294828164251648.0		616912784796627.8		0.16327421832680702		0.32654843665361405
494		19.221397911998793		282134925279232.0		617502311384906.5		0.08327953058183193		0.16655906116366387
495		19.234646775999863		288996403970048.0		618069998483244.4		0.11203226237297058		0.22406452474594116
496		19.231701337997947		304574351015936.0		617202285950523.1		0.08613211021125317		0.17226422042250633
497		19.19940109899835		294852088561664.0		616923303332597.0		0.08180678532421588		0.16361357064843177
498		19.26933979399837		286555956576256.0		617611452860449.4		0.08476470286548138		0.16952940573096276
499		19.096549597001285		284879744925696.0		616591454574257.1		0.0890722327798605		0.178144465559721
500		19.02385624100134		284931955621888.0		616881129459579.6		0.10661733344495296		0.21323466688990592
501		19.090827246000117		294947584475136.0		617795689208495.5		0.18615984206795694		0.3723196841359139
502		19.264791682999203		291048559476736.0		616913326982561.8		0.0850157519608736		0.1700315039217472
503		19.289414427999873		306098695307264.0		617358524040274.2		0.08165937560498715		0.1633187512099743
504		19.349491573000705		285224248279040.0		616106773291634.5		0.13139296492934227		0.26278592985868454
505		19.315449575999082		286536562114560.0		618254036811823.1		0.08143149217963219		0.16286298435926438
506		18.928788746001374		267941987745792.0		618263131351385.4		0.1509225335597992		0.3018450671195984
507		19.004972980001185		286434221096960.0		617253740630465.6		0.07936942667067051		0.15873885334134102
508		19.018886295998527		286530421653504.0		620991580515252.2		0.08098724648654461		0.16197449297308922
509		19.034677123996516		275952672178176.0		618975455145613.1		0.1014289931178093		0.2028579862356186
510		18.99919049700111		294550635544576.0		618398303013096.6		0.12073468581438064		0.24146937162876128
511		19.233777936999104		304545024442368.0		618217545738884.2		0.07793487920761108		0.15586975841522216
512		19.30488796999998		300382362271744.0		615663767987945.5		0.16668568128347397		0.33337136256694794
513		19.129986259998986		274258257248256.0		617455371923551.6		0.09585838396847247		0.19171676793694495
514		19.337901498001884		296247550279680.0		618449402365026.0		0.19033808584809303		0.38067617169618606
515		19.337029120000807		318906422001664.0		617608516788593.6		0.08020396745800971		0.16040793491601943
516		19.287911288000032		278706048204800.0		620004915980271.6		0.3502939376950264		0.7005878753900528
517		19.225667025999428		282847453642752.0		619816513379730.8		0.10011655125021934		0.2002331025004387
518		19.473461257002782		285623780900864.0		617315108524423.9		0.1033848326086998		0.2067696652173996
519		19.086047551001684		278898633867264.0		618338454705411.2		0.17501718229055405		0.3500343645811081
520		19.033428691000154		293743416573952.0		619443097127962.5		0.07732276894152164		0.15464553788304328
521		19.05791252000199		283133639393280.0		619214582915163.8		0.08643450922369957		0.17286901844739913
522		19.332331223999063		295975323172864.0		619444917823655.1		0.09707574679255486		0.19415149358510972
523		19.115940350002347		300052857749504.0		619780138614506.1		0.11853950110673904		0.23707900221347808
524		19.4723820720028		299886159331328.0		619780813579354.1		0.0819832864433527		0.1639665728867054
525		19.29522202500084		278510274871296.0		619270743478029.5		0.11324310681819916		0.22648621363639831
526		19.046687587000633		288990833934336.0		619647737872420.8		0.1220113440155983		0.2440226880311966
527		19.08346579499994		292492238913536.0		618738538704399.2		0.0866613542586565		0.173322708517313
528		19.071460274997662		279063436460032.0		617445351120605.0		0.08834706190526485		0.1766941238105297
529		19.00818521399924		304391177371648.0		615777997496495.6		0.08773326112627983		0.17546652225255965
530		19.131255452000914		292373456224256.0		621297871727099.9		0.13930603550672532		0.27861207101345065
531		19.214890384999308		288194687926272.0		618879089952235.2		0.1286952002286911		0.2573904004573822
532		19.35887903099865		293710063468544.0		617012023655986.6		0.07565768979489804		0.15131537958979607
533		19.429970781999145		270206626693120.0		618116279504637.8		0.09609969018101693		0.19219938036203385
534		19.56679824100138		297623281991680.0		618790304688940.0		0.08674432024657726		0.17348864049315452
535		19.36193984700003		276135896154112.0		618009605584443.1		0.09915083966255188		0.19830167932510376
536		19.17879749399799		306706064080896.0		618039096440510.2		0.08243163961172104		0.16486327922344207
537		19.08068035299948		287988865040384.0		619232729270101.0		0.07629911106824874		0.15259822213649749
538		19.421383301996684		295525995773952.0		617651469553930.1		0.2641420713365078		0.5282841426730156
539		19.546303211998747		297694048288768.0		619931971125447.2		0.1169238744199276		0.2338477488398552
540		19.45226799699958		273997623197696.0		620227217662463.1		0.08288459383249283		0.16576918766498566
541		19.078589937998913		294639252799488.0		615264520798910.5		0.0774513251811266		0.1549026503622532
542		19.03414517499914		287898838499328.0		617821639486797.2		0.2444848502635956		0.4889697005271912
543		18.973942128999624		297626067009536.0		620196418548620.4		0.13277325367331505		0.2655465073466301
544		18.90992928900232		266077787389952.0		620252063983846.0		0.07880584852397442		0.15761169704794883
545		18.869112061001942		303026115969024.0		618800777784155.1		0.08380963642001152		0.16761927284002304
546		19.0484809160007		292829796499456.0		619029096404143.2		0.0963722597360611		0.1927445194721222
547		19.03043028299726		290221845381120.0		619163536627555.4		0.1088776298224926		0.2177552596449852
548		18.888466532000166		274886714982400.0		616990569064908.8		0.07739307907521725		0.1547861581504345
549		18.983836111001438		300478730600448.0		618370462605587.2		0.14707278512120248		0.29414557024240495
550		19.357065310003236		282121939714048.0		618181034796352.8		0.08426272745132446		0.16852545490264892
551		19.182768636997935		291820814729216.0		617521220064326.5		0.08061048909723759		0.16122097819447517
552		19.273735961000057		303021586120704.0		616718955381428.0		0.12067404837608338		0.24134809675216676
553		19.408809495998867		275024221044736.0		617961508854887.9		0.11120654120445252		0.22241308240890503
554		19.3486681079994		274224132390912.0		618690347915060.1		0.07719757915735245		0.1543951583147049
555		19.24346013000104		285699412590592.0		618867653817978.0		0.17507956087589263		0.35015912175178526
556		19.35125537299973		287309454901248.0		618990968218520.1		0.1289955970466137		0.2579911940932274
557		19.255289603002893		302369657061376.0		619585900436531.5		0.08549175880551338		0.17098351761102676
558		19.220623089000583		299713588887552.0		618095658647242.6		0.15392108294963835		0.3078421658992767
559		19.34184438700322		284194462760960.0		619766145546631.2		0.22418411531448365		0.4483682306289673
560		19.60240064699974		283161321799680.0		619858289753524.8		0.11631149337291717		0.23262298674583434
561		19.27912951500184		266000679305216.0		618613538180227.4		0.1536928016781807		0.3073856033563614
562		19.235199372000352		301603475161088.0		618218304219371.2		0.08828112325668334		0.1765622465133667
563		19.263035493000643		293050819543040.0		621481458976738.5		0.07887258751988412		0.15774517503976823
564		19.219785208999383		278951968636928.0		621438731117364.5		0.08713906346261502		0.17427812692523004
565		19.121037181001157		273731502997504.0		619042722547593.4		0.0804548600435257		0.1609097200870514
566		19.057359629998246		282418762219520.0		620751632041875.9		0.08258050245046615		0.1651610049009323
567		19.38972110099712		276227952738304.0		618712011644201.9		0.07687294222712517		0.15374588445425033
568		19.005667843000992		276443405746176.0		621268636341056.2		0.2529579537093639		0.5059159074187278
569		19.02678825300245		285111035625472.0		620239866491473.8		0.15767171175479888		0.31534342350959776
570		18.97443174699947		276341903589376.0		621769447931704.8		0.13287637586593629		0.26575275173187257
571		19.04407737499787		288495268528128.0		619007456699975.0		0.09819346671700478		0.19638693343400956
572		19.01542491699729		298108076425216.0		621258523985513.0		0.8763971470117569		1.7527942940235137
573		19.004410859997733		284684290359296.0		618095682462836.4		0.15421733550429345		0.3084346710085869
574		19.179183569001907		283790198964224.0		618839553038813.8		0.09775090718865395		0.1955018143773079
575		18.929633977000776		307839633457152.0		620535257119273.8		0.09939923339486122		0.19879846678972243
576		18.997125819998473		290030987771904.0		621757226629107.5		0.09090613653659821		0.18181227307319642
577		18.973308869000903		307673371246592.0		621212111806555.8		0.0816064606577158		0.1632129213154316
578		19.258682169998792		293970278088704.0		620827971778437.5		0.07732873572707176		0.15465747145414352
579		19.216877320002823		288222907203584.0		619027288443028.8		0.2264050213932991		0.4528100427865982
580		19.29940613600047		275590485639168.0		618933450762742.6		0.24249661136865616		0.4849932227373123
581		19.454755185000977		290580475150336.0		620582374929145.5		0.09962748990058899		0.19925497980117798
582		19.298581891998765		289865899966464.0		618538908796279.9		0.09705144828557968		0.19410289657115937
583		19.235872829998698		282756152033280.0		618904797070963.5		0.07812867521345615		0.1562573504269123
584		19.225784829002805		282727697874944.0		619510638543487.6		0.1229561347424984		0.2459122694849968
585		19.295280326001375		282307663495168.0		619425570574387.1		0.08044136998355389		0.16088273996710778
586		19.269520949001162		295528210366464.0		619855440837292.9		0.18259844561219216		0.3651968912243843
587		19.518586926002172		293861628837888.0		618975010358799.9		0.22042433295249939		0.44084866590499877
588		19.308798363999813		295124181450752.0		618722726213215.9		0.09470061482787133		0.18940122965574266
589		19.225547710000683		275364764975104.0		618467361706349.8		0.08286465238332748		0.16572930476665496
590		19.32241674299803		291688610267136.0		620311915319483.4		0.17463975299596787		0.34927950599193575
591		19.166956200999266		292407245537280.0		619748580660472.8		0.07576533548235893		0.15153067096471787
592		18.999465282002348		305723053441024.0		618750731214609.5		0.07749171694219112		0.15498343388438224
593		19.031956908998836		269126308200448.0		619730857096747.4		0.10096016929745674		0.20192033859491348
594		19.41056044400102		294075471233024.0		618368316990250.0		0.0883297699302435		0.176659539860487
595		19.199744180998096		298676152958976.0		621665084580435.1		0.12180309969186782		0.24360619938373565
596		19.10961066800155		286449287036928.0		618068588166308.1		0.08665409530699253		0.17330819061398506
597		19.15787180299958		291131237597184.0		619209441280964.8		0.09494245347380638		0.18988490694761276
598		19.172635760001867		298162602377216.0		617699682215390.1		0.1461505109012127		0.2923010218024254
599		19.094713271999353		290191243739136.0		621214681013042.5		0.08442240338027478		0.16884480676054955
600		19.08076400400023		307516034514944.0		619140992167051.2		0.07447937817275524		0.14895875634551048
601		19.277619322998362		299473741807616.0		620347243046843.1		0.07867007176578045		0.1573401435315609
602		18.94992676399852		292957471113216.0		617885397986396.1		0.07497219606339932		0.14994439212679864
603		19.05450234499949		283831940677632.0		619822706078326.5		0.1549657580792904		0.3099315161585808
604		19.059982904000208		287641710886912.0		620041115419562.5		0.13496621807813644		0.2699324361562729
605		19.04775219399744		297776155983872.0		619430220381143.8		0.07711886436343193		0.15423772872686387
606		19.29478366799958		290522425982976.0		621358620582053.1		0.29660618656873705		0.5932123731374741
607		19.277157306001754		290469342871552.0		619309253405714.6		0.07640822831988335		0.1528164566397667
608		19.483536873998673		292083243941888.0		625448043649643.4		0.08172653671205043		0.16345307342410087
609		19.17723379200106		282205892902912.0		618526947188880.1		0.08857716366946697		0.17715432733893394
610		19.03470713799834		313713638768640.0		619510649366805.2		0.0775908129453659		0.1551816258907318
611		19.423349339998822		287939976232960.0		619946914105870.2		0.10358576686382294		0.20717153372764588
612		19.77863580000121		294536509128704.0		618951266652158.8		0.16276625673174858		0.32553251346349715
613		19.580461303998163		305977597362176.0		619012622214192.1		0.1137197320997715		0.227439464199543
614		19.0713119380016		266341240012800.0		620580117778876.4		0.08415296236276626		0.16830592472553252
615		18.996163568997872		296069745344512.0		619670994626407.2		0.11933771748244762		0.23867543496489524
616		19.50008336799874		279116234358784.0		619413718762457.6		0.1773273193538189		0.3546546387076378
617		19.58127070000046		305070923055104.0		623023414244592.9		0.0763170682311058		0.1526341364622116
618		19.673856567998882		299439046524928.0		620757742599222.1		0.11538211070299148		0.23076422140598296
619		18.95597482700032		296687750873088.0		621308420778811.8		0.07592456239759922		0.15184912479519844
620		19.02074018499843		288871849918464.0		620281083682000.8		0.18810739117860795		0.3762147823572159
621		19.098176972998772		288803298213888.0		620779177052272.1		0.09875704323351384		0.19751408646702767
622		19.036071561000426		284747808899072.0		621223582429400.2		0.08369777689278125		0.1673955537855625
623		19.055361356000503		278664021278720.0		620161664553729.4		0.11457023126482964		0.22914046252965928
624		19.443281801999547		280063173984256.0		619503412669034.0		0.1802270509660244		0.3604541019320488
625		19.50449943000058		268909194248192.0		619097472471400.5		0.07485816780328751		0.14971633560657502
626		19.257530193001003		310856814428160.0		619478632361298.5		0.074429111084342		0.148858222168684
627		19.191446252996684		294581908275200.0		619730678275784.0		0.15225953148007393		0.30451906296014786
628		19.071541752000485		299294158487552.0		620586473358738.1		0.10344854494333267		0.20689708988666533
629		19.214165020002838		303112485076992.0		619965062178794.4		0.07354813916385174		0.14709627832770347
630		19.252095396001096		290183022903296.0		617663817810391.9		0.22242927713394164		0.4448585542678833
631		19.300341969003057		287103564906496.0		620101629833725.9		0.08241064852178097		0.16482129704356194
632		19.192710076997173		298682696073216.0		620092924729585.9		0.1279649153262377		0.2559298306524754
633		19.070590768998954		281886689591296.0		618906287778950.0		0.07918868351876736		0.15837736703753472
634		19.07901014000163		298561698791424.0		620927546450551.8		0.0745573499828577		0.1491146999657154
635		19.073765760000242		293380592500736.0		620747848873620.2		0.11769201498031616		0.23538402996063232
636		19.014660004999314		276393627746304.0		620674193470143.9		0.07340301871597767		0.14680603743195533
637		19.339911301998654		287539202097152.0		619375209108576.6		0.08071588833034038		0.16143177666068076
638		19.62543370899948		291795682459648.0		619681480048178.6		0.07448643909692765		0.1489728781938553
639		19.32410913000058		295052374966272.0		619123347115328.1		0.08136335804462433		0.16272671608924866
640		19.241450303998135		281748076232704.0		618288021851875.6		0.09523269366919994		0.19046538733839988
641		19.332897361000505		292429760561152.0		618161871913924.8		0.11826388893723488		0.23652777787446977
642		19.203677907000383		275194056802304.0		618873565808248.8		0.07370433357656002		0.14740866715312004
643		19.217726325001422		283374828650496.0		617992005807044.0		0.07773247184753418		0.15546494369506836
644		19.145676938998804		318368141803520.0		620653179268906.4		0.07490543634593487		0.14981087269186974
645		19.261099928997282		280415696846848.0		617713498255450.5		0.0857820598065853		0.1715641196131706
646		18.968521763999888		282972141912064.0		619877663395366.9		0.10673822509646416		0.21347645019292832
647		19.02262685000096		286567767736320.0		620189323402233.8		0.07905182042717934		0.15810364085435868
648		19.109640175000095		291103924289536.0		620264381241381.4		0.0758523925691843		0.1517047851383686
649		19.037427756000397		306579664535552.0		619460413110028.9		0.07072784919440746		0.14145569838881492
650		19.060294407001493		308731644477440.0		619505931629772.1		0.10939313127100468		0.21878626254200936
651		19.039118380998843		280292333977600.0		618865330917128.2		0.07808794591724873		0.15617589183449745
652		19.51298820300144		297104933126144.0		620409922543283.1		0.10692714531421661		0.21385429062843322
653		18.96916106900244		277952046563328.0		620654125568313.2		0.1449038211643696		0.2898076423287392
654		19.274375292003242		293732511383552.0		618453739723649.2		0.0871309680044651		0.1742619360089302
655		19.29743588799829		290620270706688.0		621210214579914.6		0.24148122326731683		0.48296244653463366
656		19.121054693998303		292519585775616.0		620164383890798.0		0.10599507297277451		0.21199014594554902
657		19.197297637998417		278865767301120.0		619864711073229.8		0.09290628372430801		0.18581256744861602
658		19.323617277001176		279904763510784.0		620340377820793.4		0.18561437211632728		0.37122874423265456
659		19.511121780000394		272908848988160.0		616540754675761.1		0.0715719248175621		0.1431438496351242
660		19.280426399000135		281771295899648.0		621014509037100.8		0.08134078871905803		0.16268157743811607
661		19.07418763500027		273827552559104.0		620019406024181.0		0.07127056354284286		0.14254112708568573
662		19.00121290500101		281495545577472.0		619983647597500.9		0.07211710398793221		0.14423420797586442
663		19.00483965999956		289054050484224.0		621143784100630.4		0.07397069763839245		0.1479413952767849
664		18.956163889997697		281268784726016.0		619163225403487.6		0.12767889853119851		0.25535779706239703
665		19.130993897000735		300200463695872.0		620177276206873.4		0.0746699676334858		0.1493399352669716
666		19.131624783000007		305881061261312.0		621550943913283.4		0.14114297157526015		0.2822859431505203
667		18.993964858000254		290087761870848.0		620687511186623.8		0.07125912332832814		0.14251824665665627
668		19.26100816699909		305107866484736.0		621941919832824.9		0.07012029432058334		0.14024058864116667
669		19.047234170000593		290299892989952.0		620496532856614.4		0.07472373162508011		0.14944746325016023
670		19.194350572000985		287482562215936.0		619649311956459.9		0.07893633767068386		0.15787267534136773
671		19.073405484999967		291978654777344.0		621069104342085.1		0.07734776441752911		0.15469552883505822
672		19.5260273840031		287757037469696.0		620424237078722.6		0.1429423476755619		0.2858846953511238
673		19.024583379999967		300593050550272.0		618951672913115.2		0.08339853294491768		0.16679706588983537
674		19.13831303600091		314344294318080.0		621284684577625.9		0.07735838115811348		0.15471676231622697
675		19.004992725000193		312536817729536.0		619510271141247.8		0.1296844833433628		0.2593689666867256
676		19.12704519900217		286041097371648.0		622715824492333.0		0.07323435717523098		0.14646871435046196
677		19.08938246800244		286306512928768.0		619410701075485.9		0.08531148248314857		0.17062296496629714
678		19.18556587800049		295329803010048.0		620756383907792.9		0.07013429815471173		0.14026859630942345
679		19.481902160001482		305128301133824.0		618201400511215.8		0.07340059245228768		0.14680118490457536
680		19.25714031700045		309405786570752.0		621412370358300.9		0.08294478355050088		0.16588956710100175
681		19.219598801999382		276853994553344.0		619679581393460.9		0.09841197340488433		0.19682394680976867
682		19.179058951001934		301025265188864.0		621966749564896.5		0.07447293597459793		0.14894587194919587
683		19.245769140001357		296344992350208.0		620777773693182.9		0.08637667325735092		0.17275334651470184
684		19.16321719500047		279568262889472.0		623195728396932.9		0.10849096997380257		0.21698193994760515
685		19.37122922799972		281911117217792.0		618457120421256.9		0.09466833422780037		0.18933666845560074
686		19.69327777700164		296268253364224.0		621515522646904.6		0.11579456189870835		0.2315891237974167
687		19.475278276997415		282998381477888.0		619738628163612.1		0.089584722083807		0.179169444167614
688		19.490535525001178		286381943291904.0		618983586034100.5		0.20637277366518975		0.4127455473303795
689		19.46107756499987		310849767997440.0		620845810452655.0		0.1317478404790163		0.2634956809580326
690		19.438837442998192		293522460639232.0		621589376365127.2		0.07875148193836212		0.15750296387672424
691		19.336451373001182		293329690427392.0		620243589487237.5		0.07406494562923908		0.14812989125847817
692		19.607919545000186		295965290397696.0		622531837531563.0		0.15880717974305153		0.31761435948610306
693		19.23416580599951		293683656130560.0		621123296489226.9		0.0748740359634161		0.1497480719268322
694		19.186533619002148		307353731727360.0		621243481388692.2		0.08271115164756775		0.1654223032951355
695		19.223529013001098		273274961395712.0		620539923295224.5		0.30118120393157005		0.6023624078631401
696		19.239688865000062		313722060931072.0		621883993458579.9		0.07728976184725761		0.15457952369451522
697		19.67343133399845		296377976356864.0		620478739751999.9		0.06839377166330815		0.1367875433266163
698		19.890726468998764		282744374427648.0		621676653418444.2		0.07332340264022351		0.14664680528044702
699		19.369661798999005		279584889110528.0		620905764480960.4		0.08539386734366416		0.17078773468732833
700		19.084582079001848		302409150627840.0		620256213072577.9		0.30524196254611013		0.6104839250922203
701		19.065860894999787		292320138231808.0		620206292635484.1		0.11758715491592885		0.2351743098318577
702		19.523117855998862		286764866469888.0		621664013431697.6		0.07554125913083554		0.15108251826167107
703		19.553462637999473		309359951216640.0		617780468971827.4		0.10192814825773239		0.20385629651546477
704		19.65507964599965		274257183506432.0		620257775463568.5		0.12238094625174999		0.24476189250349997
705		19.210034438001458		288386485059584.0		622552266683092.9		0.07574563025832176		0.15149126051664352
706		19.12314824799978		280309597732864.0		620432692709687.2		0.22287233951091767		0.44574467902183534
707		19.254668927002058		282065601822720.0		620575674431197.6		0.09518767018318176		0.19037534036636353
708		19.191039945002558		293001393864704.0		622661146917250.0		0.07424146147072315		0.1484829229414463
709		19.30708245200003		303558389923840.0		620123613623830.5		0.07228811422884464		0.14457622845768928
710		19.226258090002375		279633576591360.0		621457059428591.2		0.0702819767922163		0.1405639535844326
711		19.34071188699818		287989569683456.0		621225816864661.1		0.07210789389908313		0.14421578779816627
712		19.149746566999966		278309015388160.0		620416022126987.9		0.08105534405708313		0.16211068811416626
713		19.141613767002127		300378570620928.0		621982591090058.9		0.07236286767423153		0.14472573534846306
714		19.321254761998716		303684521033728.0		619741090242877.2		0.08792015436291695		0.1758403087258339
715		19.376072920000297		286657727168512.0		621330645817229.2		0.06909506465196609		0.13819012930393218
716		19.49052310499974		316986437402624.0		622281152144605.1		0.06872146221697331		0.13744292443394662
717		19.546916462997615		303474470289408.0		620637678484974.5		0.08537660327553749		0.17075320655107498
718		19.51692795299823		278257878433792.0		620552353725148.0		0.0912856392621994		0.1825712785243988
719		19.39447861000008		281854812880896.0		624606006624691.1		0.1553231335401535		0.310646267080307
720		19.523192898999696		287559166984192.0		620835737004146.8		0.13978285939693452		0.27956571879386904
721		19.417537059001916		319455305400320.0		620756214508914.0		0.1751725870370865		0.350345174074173
722		19.359838463002234		291034298843136.0		621018050935568.5		0.10947876251339912		0.21895752502679824
723		19.506500290000986		301866575462400.0		622373957346965.6		0.08078331692814827		0.16156663385629655
724		19.694086495001102		295502272790528.0		618962659364296.5		0.10590123006105423		0.21180246012210846
725		19.40905945399936		283730606292992.0		621364671546728.1		0.0739194738060236		0.1478389476120472
726		19.48330105599962		301392250011648.0		621342919470109.1		0.06958613271415233		0.13917226542830466
727		19.35257241200088		276257463861248.0		620638287414700.2		0.10781215922832489		0.21562431845664978
728		19.381976625998504		286411638964224.0		621570910453885.9		0.07041944057345391		0.14083888114690782
729		19.370358951000526		289964549996544.0		620318394653459.1		0.09778031551837921		0.19556063103675841
730		19.301501313002518		290246340116480.0		619641241025715.9		0.07430506781339645		0.1486101356267929
731		19.502512995997677		286697757605888.0		620354972452525.1		0.08637002642452717		0.17274005284905433
732		19.10524031100067		300640697843712.0		622785100360607.4		0.06895790444910527		0.13791580889821053
733		19.332692230000248		295082204856320.0		622017208751950.4		0.1362338538736105		0.272467707747221
734		19.36339764999866		296082294702080.0		621192613395913.8		0.08747142960131168		0.17494285920262337
735		19.231910462000087		305437941432320.0		619749031164961.1		0.08753637200891971		0.17507274401783943
736		19.10956873699979		298229442805760.0		621034370318792.1		0.07765444611907005		0.1553088922381401
737		19.262378758001432		279262934335488.0		622093882765816.6		0.12387045407295227		0.24774090814590455
738		19.250480914000946		280791506485248.0		621304950294912.8		0.06891068996787071		0.13782137993574142
739		19.21935788799965		294543488450560.0		619154696231945.5		0.14552370270490647		0.29104740540981294
740		19.387378203999106		280314194690048.0		620666932248109.4		0.07602462811768054		0.15204925623536109
741		19.12960132399894		291418631307264.0		621740372017796.9		0.07010828750133515		0.1402165750026703
742		19.131557279000845		287572051886080.0		621492691776506.4		0.2066049698829651		0.4132099397659302
743		19.116487172002962		279005504733184.0		619482085794177.4		0.0735523103237152		0.1471046206474304
744		19.341392507998535		274614387212288.0		621625466084109.9		0.07332619566321373		0.14665239132642746
745		19.19993050999983		272427544215552.0		620600136991883.9		0.0713555662035942		0.1427111324071884
746		19.117608943997766		296823042342912.0		619851089197903.4		0.06988874671757221		0.13977749343514442
747		19.089114729002176		290940648423424.0		621721551063083.9		0.07331778625547886		0.1466355725109577
748		19.288981914000033		299302177996800.0		620394827150576.9		0.1964415697991848		0.3928831395983696
749		19.304515492000064		300452088381440.0		623520765315666.4		0.07050365605354308		0.14100731210708617
750		19.25658438100072		303551242829824.0		620166676952362.5		0.07416521199941635		0.1483304239988327
751		19.56258343400259		283440628891648.0		620440976982194.2		0.07224891346096993		0.14449782692193985
752		19.270578240997565		284819212730368.0		621283432519497.1		0.06988064016699791		0.13976128033399582
753		19.48269950499889		285612372393984.0		620640368541103.5		0.06493394342660903		0.12986788685321807
754		19.17346271000133		294845981655040.0		620480470344647.2		0.07605489508211613		0.15210979016423226
755		19.213777412998752		284629898625024.0		620419105816869.6		0.07134361936151981		0.14268723872303962
756		19.29205747100059		281954402435072.0		617940540706437.2		0.08468086790144444		0.16936173580288888
757		19.335186615000566		298279808008192.0		622228783398985.4		0.06970683245956898		0.13941366491913795
758		19.698745519999648		294087752155136.0		620429251270504.6		0.10610573212504387		0.21221146425008774
759		19.182061892999627		279950028439552.0		620809606079520.5		0.07543494465947151		0.15086988931894302
760		19.18509084499965		304688872292352.0		621441996146134.2		0.06504806377887726		0.13009612755775452
761		19.142793699000322		301839866134528.0		620458557931530.5		0.06643136826753616		0.13286273653507233
762		19.185923758999706		291362427633664.0		620978973551435.5		0.18626861286759377		0.37253722573518755
763		19.187220496998634		279944491958272.0		621078465760177.6		0.08523881467580795		0.1704776293516159
764		19.265880515999015		283430730334208.0		619663399578039.8		0.0713550474435091		0.1427100948870182
765		19.331776672999695		301707829444608.0		621384761460266.1		0.06998766196370125		0.1399753239274025
766		19.19756323800175		308983940251648.0		620165240285802.0		0.10824549782574176		0.21649099565148353
767		19.183866379000392		294094530150400.0		620004278730605.2		0.07497730937898159		0.14995461875796318
768		19.247694618999958		288886278324224.0		621065922855798.0		0.073723746073246		0.147447492146492
769		19.39425294999819		272123792719872.0		619320852995689.6		0.09379644103944301		0.18759288207888603
770		19.394509051999194		287070580899840.0		621869668636693.6		0.33244075478315355		0.6648815095663071
771		19.65417301600246		278279990804480.0		621900946907825.5		0.14184935138225555		0.2836987027645111
772		19.53267008200055		292729737183232.0		622004612718825.2		0.0709719344675541		0.1419438689351082
773		19.245771428002627		303547014971392.0		620977917988060.5		0.08205352414250373		0.16410704828500747
774		19.196971027999098		297349008064512.0		620801270084869.9		0.07612165430784225		0.1522433086156845
775		19.337607261000812		278989700595712.0		621923232730767.8		0.12441483138501644		0.24882966277003288
776		19.174994580000202		277433127272448.0		619537283597174.0		0.07001761606037617		0.14003523212075233
777		19.25349728600122		299100784295936.0		620686389647182.4		0.0747681992739439		0.1495363985478878
778		19.554772929997853		298684407349248.0		621373233708987.9		0.0675540317684412		0.1351080635368824
779		19.44928904399785		283431032324096.0		621800652420667.1		0.06694431404173375		0.1338886280834675
780		19.19173447399953		282725080629248.0		620380482620159.4		0.06943886105716228		0.13887772211432456
781		19.12616265899851		291816586870784.0		621225273583510.5		0.09852682510316373		0.19705365020632745
782		19.214817512998707		293421193363456.0		620994891065306.6		0.07196190126240254		0.14392380252480508
783		19.712373582999135		290530445492224.0		621453010176374.2		0.07889329767525197		0.15778659535050393
784		19.576361722		283503912550400.0		623745244637545.1		0.09114604064822197		0.18229208129644395
785		19.2695701929988		315398977224704.0		622393130499734.2		0.06764167277514935		0.1352833455502987
786		19.25244928599932		282014901075968.0		620845176059141.9		0.07776874909102917		0.15553749818205834
787		19.43137797899908		279471022145536.0		620376811104947.4		0.14910157238543034		0.2982031447708607
788		19.839316653000424		289245612736512.0		622238367205115.9		0.07525642707049847		0.15051285414099694
789		19.86991188999673		291986842058752.0		621644295091886.5		0.08475949726700782		0.16951899453401564
790		19.642701592998492		300335084077056.0		621784003012156.5		0.07345985396504402		0.14691970793008804
791		19.32432232499923		286289769267200.0		622670577291042.5		0.10230787397325039		0.20461574794650078
792		19.251230902002135		293122827354112.0		621568100804392.4		0.06755193005800247		0.13510386011600495
793		19.34388010100156		304449125875712.0		621633342001863.8		0.1019253800034523		0.2038507600069046
794		19.21932609400028		293267581173760.0		621876959902024.4		0.06650979535877705		0.1330195907175541
795		19.207338699998218		299110380863488.0		621030738923943.4		0.09127040941119194		0.18254081882238388
796		19.447420298001816		305958135791616.0		620717002278914.0		0.12310082129240037		0.24620164258480073
797		19.389745141001185		290264828608512.0		622550074875382.4		0.15670459745526313		0.31340919491052627
798		19.589306900998054		294541575847936.0		621500501154479.5		0.06948802903592587		0.13897605807185173
799		19.458282035000593		297741024493568.0		621198395484898.6		0.09945319334566594		0.19890638669133187
800		19.374213879997114		287606210297856.0		621008376779432.2		0.07144128693640232		0.14288257387280465
801		19.384645850997913		301787286339584.0		622255055772990.9		0.13680979291796685		0.2736195858359337
802		19.39317132799988		299815929905152.0		621887683044866.8		0.07464793005883694		0.14929586011767387
803		19.64610234099746		275920208265216.0		620714078340340.8		0.07074221650063992		0.14148443300127983
804		19.12317001500196		298781379657728.0		622301952939655.1		0.06914711191356182		0.13829422382712364
805		19.112143695001578		304878018625536.0		622209867584551.0		0.0824672719746828		0.1649345439493656
806		19.20360010800141		287788511526912.0		622136594078829.1		0.0741891109019518		0.1483782218039036
807		19.14805605299989		286435965927424.0		621555760783530.4		0.08559055693745612		0.17118111387491225
808		19.153776698		291769912655872.0		623213189393201.2		0.2527752095848322		0.5055504191696644
809		19.091421754001203		294808434245632.0		620734297210271.9		0.07238886736035346		0.14477773472070693
810		19.512623235998035		275323509800960.0		620527361519832.2		0.06707666609585285		0.1341533321917057
811		19.245472326998424		294282300751872.0		620429832959400.4		0.07381095567345619		0.14762191134691238
812		19.124598558999423		307911137951744.0		622144270699363.0		0.11236480746865272		0.22472961493730545
813		19.22634101100266		297806354972672.0		620498448658989.0		0.1035857921153307		0.2071715842306614
814		19.17147638499955		295482710556672.0		621507529653711.0		0.07775872776508332		0.15551745553016663
815		19.16106759199829		292235211964416.0		622322701497165.4		0.06884918243288994		0.13769836486577988
816		19.46505298500051		296157490184192.0		621154496441630.1		0.0713214261353016		0.1426428522706032
817		19.34228570599953		289795502768128.0		621858716029854.6		0.08597164114117622		0.17194328228235245
818		19.15818571699856		285615090302976.0		620482139272301.8		0.06630820535123348		0.13261641070246696
819		19.200525290998485		290606244954112.0		622430323187793.2		0.06571050565540791		0.13142101131081582
820		19.29399774799822		274320131620864.0		621728859057312.2		0.0656331604629755		0.131266320925951
821		19.44795450699894		302725132713984.0		625350299857662.8		0.18373771327137947		0.36747542654275894
822		19.297246294001525		292282825703424.0		623318428740631.9		0.0715953222244978		0.1431906444489956
823		19.626107846001105		280141070598144.0		620821963226564.5		0.16995924835205078		0.33991849670410157
824		19.483160636998946		296377976356864.0		621358083319225.4		0.12021665719151498		0.24043331438302995
825		19.42100236999977		297588855144448.0		620373261287633.8		0.0712483218461275		0.142496643692255
826		19.368086173002666		288966708297728.0		622216000346878.1		0.08089585851728916		0.16179171703457831
827		19.55377484500059		288885842116608.0		621347265751526.9		0.13009009647369385		0.2601801929473877
828		19.54844392800078		301877212217344.0		621628806967370.8		0.06820838258564473		0.13641676517128945
829		19.397621508000157		285979994750976.0		619839530120207.4		0.09730254391431808		0.19460508782863617
830		19.47032207400116		272611086958592.0		621537227967435.9		0.24047932753562928		0.48095865507125857
831		19.12979206000091		289836875382784.0		620904764408563.0		0.06856303729116917		0.13712607458233833
832		19.524004961000173		298921939173376.0		620670503207399.6		0.085590487575531		0.171180975151062
833		19.507996864002052		283993773703168.0		621492806699093.9		0.06545884632468224		0.13091769264936448
834		19.327079245998902		311004923691008.0		622122116549380.6		0.07101213263571263		0.14202426527142525
835		19.45049997100068		288145195139072.0		621572596722470.8		0.06890149447321892		0.13780298894643783
836		19.513731416001974		288146369544192.0		623278579121379.1		0.15802965710163117		0.31605931420326233
837		19.677532297999278		291581907173376.0		622309914101772.5		0.07553174339234829		0.15106348678469658
838		19.416151429999445		286791408025600.0		622741258381348.0		0.06357551516890526		0.12715103033781053
839		19.31731037099962		303568724688896.0		620906462831905.4		0.06810820700228214		0.13621641400456427
840		19.291549003999535		290597453692928.0		621207690094774.9		0.09607732449173928		0.19215464898347856
841		19.299946412997087		281576613085184.0		619982824671029.5		0.06491042941510677		0.12982085883021355
842		19.306070229002216		290878404952064.0		622060140096137.5		0.09626811630427837		0.19253623260855673
843		19.569575045999954		295117940326400.0		622051872718958.1		0.1133769328713417		0.2267538657426834
844		19.431580811000458		292649038774272.0		622387048697194.1		0.0643154930382967		0.1286309860765934
845		19.370922661000805		289425900699648.0		624347525292270.5		0.12598558048605918		0.25197116097211836
846		19.398366617999272		294079262883840.0		621499262550335.9		0.06376663658022881		0.12753327316045762
847		19.313267798999732		296475149991936.0		621034785341482.0		0.06383981238305568		0.12767962476611136
848		19.331099684997753		318077560422400.0		621963828171091.5		0.07874170626103878		0.15748341252207756
849		19.207350011001836		295755575197696.0		621947645689950.4		0.06720303644537926		0.1344060728907585
850		19.536955454001145		313047113531392.0		621551781249370.0		0.08523587295114994		0.17047174590229988
851		19.235158774998126		283836403417088.0		621902793636388.5		0.1588562886983156		0.3177125773966312
852		19.334432562001894		298581596569600.0		622650293255720.1		0.06866692151129246		0.13733384302258492
853		19.24788098800127		276216510676992.0		621906162748322.0		0.06599313552379608		0.13198627104759217
854		19.12360899000123		280132514217984.0		621601382871041.2		0.07246908238530159		0.14493816477060317
855		19.097067023001728		310237164732416.0		621832424237228.4		0.07725276974439621		0.15450553948879242
856		19.23054033600056		311631988916224.0		621581398989508.5		0.0747125170379877		0.1494250340759754
857		19.342796093998913		312396962856960.0		621894339369076.0		0.06897219924330711		0.13794439848661422
858		19.537480463000975		293433004523520.0		623024758977378.4		0.06500396837592125		0.1300079367518425
859		19.39403833000324		292499184680960.0		622508186123769.0		0.07172457818984986		0.1434491563796997
860		19.06781464499727		303918697414656.0		622912583724842.4		0.15981810678839684		0.31963621357679367
861		19.186482606000936		290822301941760.0		621632343110582.2		0.06640426787436009		0.13280853574872017
862		19.481977776002168		305224233254912.0		622290441879693.5		0.10824880195856094		0.2164976039171219
863		19.579437594999035		302281811558400.0		620286775351186.5		0.1528402027487755		0.305680405497551
864		19.653194219998113		290179533242368.0		624870550947695.1		0.06610494511127472		0.13220989022254945
865		19.382017994001217		287452161900544.0		620877551495775.5		0.11873884965777397		0.23747769931554794
866		19.23975558800157		315394648702976.0		622477709357959.1		0.06582930301129818		0.13165860602259635
867		19.205291780999687		264619310448640.0		621581639072811.6		0.06514154642820358		0.13028309285640716
868		19.303973171001417		299589739479040.0		622980685998671.8		0.07110749744176864		0.14221499488353728
869		19.18858205700235		308705002258432.0		622530997629233.4		0.07023992614746094		0.14047985229492188
870		19.699747360999027		301133679558656.0		622541103902029.2		0.07536984450817108		0.15073968901634216
871		19.16537247299857		293308316254208.0		621345705003361.2		0.0639198144197464		0.1278396288394928
872		19.28071446800095		290830287896576.0		621878770617286.6		0.08416700586974621		0.16833401173949242
873		19.43949967399749		298703097167872.0		621586311004018.5		0.061741372603178024		0.12348274520635605
874		19.129743189998408		283440360456192.0		622505503895217.8		0.16560511589944363		0.33121023179888726
875		19.102261260999512		295711249793024.0		622321064738816.0		0.1123871615678072		0.2247743231356144
876		19.091053191001265		302417136582656.0		624187732945283.4		0.06952695394158363		0.13905390788316727
877		19.482431540000107		293167521857536.0		622155052366503.6		0.08955940025746822		0.17911880051493645
878		19.252221655999165		295035664859136.0		620959803662842.0		0.06390189282000065		0.1278037856400013
879		19.38315509500171		285472450412544.0		622408709870830.2		0.06525760705769063		0.13051521411538125
880		19.225420307000604		268634215677952.0		623031381521669.9		0.09114917176365853		0.18229834352731705
881		19.362838796001597		297285556633600.0		622897979563651.9		0.3189001746416092		0.6378003492832184
882		19.2443607660025		303939534716928.0		622151545955203.1		0.13934929184317588		0.27869858368635175
883		19.42787165000118		290883974987776.0		620603378231903.5		0.07590411216318607		0.15180822432637214
884		19.57067785000254		297031683801088.0		623428821678376.9		0.06482947182655334		0.12965894365310668
885		19.277238443002716		291461748752384.0		620208625361071.6		0.07112978194057941		0.14225956388115882
886		19.29624703800073		267559567884288.0		624288088990060.4		0.062450656765699386		0.12490131353139877
887		19.222525121000217		296638962728960.0		623447304688956.9		0.12531301420032978		0.25062602840065956
888		19.23396407799737		291820344967168.0		621211865146584.0		0.08259130103588104		0.16518260207176208
889		19.225022601996898		296676610801664.0		622201598730976.6		0.06506539165377617		0.13013078330755234
890		19.423612209997373		280402761613312.0		621985079261250.2		0.10293853114843368		0.20587706229686736
891		19.37744962799843		287110208684032.0		621147355441098.9		0.07253555960655213		0.14507111921310425
892		19.35526685700097		296632990040064.0		621955060457065.6		0.07467409065961837		0.14934818131923674
893		19.359001843000442		292982905372672.0		623332729349640.0		0.07401539264321327		0.14803078528642655
894		19.395343683998362		273526334423040.0		621882428587245.6		0.07444436567425727		0.14888873134851455
895		19.393827273997886		304372051345408.0		621463962976486.6		0.0625343819707632		0.1250687639415264
896		19.165721908000705		281753847595008.0		623402353378700.9		0.06305841952264309		0.12611683904528617
897		19.488772228000016		305335667523584.0		621738946480570.4		0.08084971148073673		0.16169942296147347
898		19.204691206999996		279020201574400.0		620974898588470.5		0.06326621260941029		0.12653242521882058
899		19.173498110001674		282614317449216.0		622402356390133.8		0.07806096385121346		0.15612192770242692
900		19.186821554001654		297499667464192.0		622236172680838.5		0.06351388569176197		0.12702777138352395
901		19.165002654001		292258632957952.0		622221345863174.8		0.09692153722047805		0.1938430744409561
902		19.154887829998188		287511083483136.0		622661006557718.8		0.06597002014815807		0.13194004029631615
903		19.119031163998443		283327852445696.0		622769929022141.9		0.0662484406799078		0.1324968813598156
904		19.46340627600148		291146504863744.0		621545198825441.9		0.10134839347302914		0.20269678694605828
905		19.1471979559974		279416798183424.0		622722662273541.8		0.12358631565868855		0.2471726313173771
906		19.123709384002723		296533568258048.0		622004859679444.9		0.06308115292191506		0.12616230584383012
907		19.11335912100185		299117024641024.0		623118728609797.2		0.0665956884086132		0.1331913768172264
908		19.143710567001108		311930019381248.0		622930014146312.2		0.09641634321510792		0.19283268643021584
909		19.141323830997862		289581962362880.0		621797680829431.8		0.0838393752425909		0.1676787504851818
910		19.25018204400112		269683194331136.0		621763165742096.8		0.06398524727225303		0.12797049454450607
911		19.317320883998036		294536005812224.0		622635108559906.4		0.0673378911525011		0.1346757823050022
912		19.11574582100002		294907755364352.0		622400762049955.1		0.06598583642840386		0.13197167285680772
913		19.104706444999465		289415767261184.0		623080403220750.6		0.07224626026749612		0.14449252053499223
914		19.099361461001536		284020348813312.0		622779102675001.6		0.08949194377362728		0.17898388754725456
915		19.090522966998833		277868814794752.0		622002188317160.9		0.06266783181726933		0.12533566363453866
916		19.04474683099761		298657463140352.0		622714915730940.2		0.06264051991999149		0.12528103983998298
917		19.32623488399986		291223445176320.0		621614010257427.6		0.06286977245509624		0.12573954491019249
918		19.20774423200055		307663539798016.0		622110533473554.9		0.0656427517324686		0.1312855034649372
919		19.106091516998276		301882346045440.0		623187247715571.5		0.06290831578671932		0.12581663157343864
920		19.117251357001805		294764444385280.0		623155640729117.6		0.06303770222961902		0.12607540445923804
921		19.167154740000115		307742896029696.0		622526489008789.2		0.060906574687361714		0.12181314937472343
922		19.332472467001935		283831034707968.0		621744636909584.4		0.07749705657958984		0.1549941131591797
923		19.615740643999743		292494856159232.0		622396439331801.6		0.060606075423955914		0.12121215084791183
924		19.708124595999834		269381992972288.0		622650318316854.4		0.0648043517678976		0.1296087035357952
925		19.71808553899973		303368740274176.0		621958622627779.0		0.08143437548279762		0.16286875096559525
926		19.332079313997383		295474724601856.0		622583143471419.2		0.06469282669723034		0.12938565339446068
927		19.39173033499901		297317735333888.0		623003123723869.9		0.08240639115571975		0.1648127823114395
928		19.25267007399816		284580976263168.0		622893578800574.0		0.10093719446659088		0.20187438893318177
929		19.250696884002537		293579670945792.0		621125983796576.9		0.06659740712046623		0.13319481424093246
930		19.337856224999996		280753271209984.0		622854188463648.9		0.07023940131962299		0.14047880263924598
931		19.542551099002594		282037885861888.0		621491309666768.0		0.09068486584424973		0.18136973168849946
932		19.736891986001865		316819436994560.0		622165533294665.4		0.0622933604568243		0.1245867209136486
933		19.3464526989992		295860634124288.0		621649837500221.4		0.061288493412733076		0.12257698682546615
934		19.196386539999367		276568530223104.0		622949227285226.5		0.08656142090559006		0.17312284181118012
935		19.152620319997368		306107251687424.0		623547083082107.5		0.07351119331717491		0.14702238663434983
936		19.13798583300013		285147777728512.0		622461268271468.4		0.06465139275193214		0.1293027855038643
937		19.143890235998697		287810389016576.0		622467656149484.1		0.060125976449251176		0.12025195289850235
938		19.089349400001083		280704348848128.0		622464072278448.5		0.15154307078123092		0.30308614156246183
939		19.31850440099879		286544212525056.0		622010735978537.2		0.16089259469509123		0.32178518939018247
940		19.214037020999967		290691003449344.0		622882666899287.6		0.0645517635166645		0.129103527033329
941		19.44033765900167		307705684164608.0		621478797009695.5		0.05921748485863209		0.11843496971726418
942		19.20685159200002		287582453760000.0		621991208383592.5		0.06038979527354241		0.12077959054708481
943		19.077128165998147		305679499788288.0		622856158060489.0		0.0672970394462347		0.1345940788924694
944		19.150013719998242		302676914995200.0		622511309037439.5		0.069046248832345		0.13809249766469
945		19.77643646299839		291915605999616.0		622393675863944.1		0.06992796604931355		0.1398559320986271
946		19.60458732600091		284348813148160.0		623520660282241.2		0.06959960924685002		0.13919921849370004
947		19.09818168899801		293149503127552.0		621765879973523.0		0.061217063796520234		0.12243412759304047
948		19.105994640998688		300263546028032.0		622832821484535.1		0.05951417819261551		0.11902835638523102
949		19.16608648699912		285102110146560.0		622316521082176.1		0.061424454545974734		0.12284890909194947
950		19.214217562002887		284435350028288.0		622453147245299.6		0.07174583789110184		0.14349167578220368
951		19.142706966998958		277697217429504.0		622003806220603.9		0.05985993032157421		0.11971986064314842
952		19.573544189999666		299221915795456.0		622299367084801.4		0.07781883708834648		0.15563767417669297
953		19.691042700000253		293568497319936.0		621194427670630.2		0.062428306344151495		0.12485661268830299
954		19.341398471999128		304501638561792.0		623139514383199.1		0.061461575573682786		0.12292315114736557
955		19.419157434000226		289743157854208.0		622299019466254.6		0.14268758042752744		0.2853751608550549
956		19.35867730300015		308638564483072.0		622749908364951.5		0.09654025979340077		0.19308051958680153
957		19.44417609700031		313625289949184.0		622031408783561.9		0.06941247604489327		0.13882495208978654
958		19.58492974500041		284829614604288.0		623211966476425.6		0.1105497930943966		0.2210995861887932
959		19.63010293499974		317328055074816.0		623623890857361.4		0.12576028742194176		0.2515205748438835
960		19.56355733199962		302413244268544.0		623121784339441.9		0.061216423991322516		0.12243284798264503
961		19.634943304001354		302604907184128.0		623233104480095.4		0.15940040404796602		0.31880080809593203
962		19.34610564600007		292508647030784.0		622928378268431.1		0.12788701771199704		0.2557740354239941
963		19.30384714899992		286571492278272.0		621225006946572.0		0.06236276742219925		0.1247255348443985
964		19.528123088002758		284162988703744.0		624038111735835.5		0.060375836402177814		0.12075167280435563
965		19.425849101000495		297787363164160.0		622628066107399.9		0.07341442869901657		0.14682885739803314
966		19.54673030199774		286051734126592.0		622159857661813.8		0.06281538640856743		0.12563077281713486
967		19.491140575999452		300140636143616.0		622052351108521.6		0.06696540913879871		0.13393081827759742
968		19.45013556200138		298005332754432.0		623561394417796.4		0.07013708710670472		0.14027417421340943
969		19.31538066400026		305246077190144.0		622722108373084.4		0.06147977931201458		0.12295955862402916
970		19.451797642999736		289475292823552.0		623265366245051.0		0.06102101347446442		0.12204202694892884
971		19.373154249002255		311157462138880.0		621986728807864.8		0.061583680759370325		0.12316736151874065
972		19.471922742999595		295776714489856.0		622852988331674.9		0.0630459939301014		0.1260919878602028
973		19.551063224000245		284234728079360.0		621787823181555.2		0.05996324741244316		0.11992649482488632
974		19.271073263997096		288114392170496.0		622620345425870.2		0.061113097766041756		0.12222619553208351
975		19.332879663001222		299953402413056.0		623563685074179.2		0.060597284999489784		0.12119456999897957
976		19.283137654998427		278113208500224.0		624422282193797.1		0.0624643534719944		0.1249287069439888
977		19.297964348999813		295322756579328.0		621525150648248.6		0.06749022018015384		0.13498044036030768
978		19.514958265997848		289040460939264.0		623271366797547.2		0.06368033784925937		0.12736067569851875
979		19.477474330000405		290046758354944.0		623789039495644.5		0.059386185470223424		0.11877237094044685
980		19.487693627997942		288193748402176.0		622554121926428.6		0.06365968811810016		0.12731937623620032
981		19.287135703001695		282669178945536.0		622730390369258.8		0.061060796466469766		0.12212159293293953
982		19.318635121002444		291796185776128.0		623071050510704.2		0.08131418404579163		0.16262836809158326
983		19.314733220999187		309183421349888.0		621547466503749.6		0.06246252579092979		0.12492505158185958
984		19.391154863998963		299885756678144.0		623314302157528.8		0.09868977508246898		0.19737955016493797
985		19.483495983997273		301486739292160.0		623600154640069.4		0.0592505351126194		0.1185010702252388
986		19.60897932300213		289909487173632.0		621898397737361.1		0.06659677476286888		0.13319354952573775
987		19.2823488239992		300147414138880.0		622976055014609.4		0.05776336613297463		0.11552673226594926
988		19.405964735000452		279165492264960.0		622123932617246.0		0.05980118392705917		0.11960236785411835
989		19.46440585000164		290801397530624.0		621863627947727.9		0.058936733543872834		0.11787346708774567
990		19.30155979999836		293000152350720.0		624278901518143.4		0.05969347376227379		0.11938694752454758
991		19.262665281999944		277885524901888.0		623782771538484.2		0.05965009686648846		0.11930019373297691
992		19.40334828200139		292773928370176.0		621685798262810.9		0.05766331101357937		0.11532662202715874
993		19.59121982799843		306462458904576.0		621344860365830.2		0.07906201434731483		0.15812402869462966
994		19.5255595109993		301965963689984.0		622723434138220.6		0.0592990977793932		0.1185981955587864
995		19.543013474001782		311510958080000.0		622869231565128.4		0.05852506586015224		0.11705013172030448
996		19.44648544699885		308988369436672.0		621427945241156.0		0.07912756787240505		0.1582551357448101
997		19.476824656001554		325933659586560.0		622649528483106.0		0.06419745726287365		0.1283949145257473
998		19.24201450200053		296825592479744.0		622047513740543.2		0.06810148487985133		0.13620296975970267
999		19.377609443999972		295359599345664.0		622130177032616.6		0.08822900350391864		0.1764580070078373
1000		19.366411548999167		294396285157376.0		622589171017785.0		0.06931645519435406		0.13863291038870812
1001		19.232007822000014		283816740519936.0		622590756676761.0		0.06160975553393364		0.12321951106786729
1002		19.144758440997975		267859125075968.0		620417060102471.6		0.06019927027225495		0.1203985405445099
1003		19.17801087299813		281710562377728.0		623679014244681.0		0.059562849897146226		0.11912569979429245
1004		19.232303319000494		298119216496640.0		622818134392894.9		0.062093414157629014		0.12418682831525803
1005		19.188305646999652		274263609180160.0		621083295773024.6		0.05871699546277523		0.11743399092555046
1006		19.48997546099781		293852132933632.0		622982308830589.8		0.06060905224978924		0.12121810449957848
1007		19.336763449999125		284642246656000.0		621709412035954.0		0.05856329365074635		0.1171265873014927
1008		19.309109472000273		289589344337920.0		622267084075863.9		0.09026432403624057		0.18052864807248115
1009		19.25784645100066		299801467944960.0		622236179123289.5		0.06724533301889897		0.13449066603779794
1010		19.438649462001194		303032994627584.0		624490167555672.0		0.07807013329565525		0.1561402665913105
1011		19.302472051000223		280273996480512.0		622015294850098.8		0.06277006109952926		0.12554012219905852
1012		19.355917902001238		287060481015808.0		622595773069713.8		0.06383846126496792		0.12767692252993584
1013		19.615379269002005		310304105824256.0		623360565268908.6		0.05999470913410187		0.11998941826820374
1014		19.175622333998035		312996043685888.0		624322108620705.6		0.05698357738554478		0.11396715477108955
1015		19.133645680998598		282835541819392.0		623259267208954.5		0.10473635160923005		0.2094727032184601
1016		19.13324214200111		321805323599872.0		623923071895805.6		0.0578974139213562		0.1157948278427124
1017		19.17231316700054		307137238532096.0		622914154657449.2		0.05935701289176941		0.11871402578353882
1018		19.196049133002816		292495560802304.0		623667475181532.6		0.06410053077638149		0.12820106155276298
1019		19.338993581000977		302380092489728.0		623260484284574.6		0.059479303911328316		0.11895860782265663
1020		19.32829654500165		299988265467904.0		622796189729942.4		0.05979966383874416		0.11959932767748832
1021		19.305024907996994		298242294153216.0		622434285177012.2		0.07105376272797584		0.14210752545595168
1022		19.20380000899968		299204266164224.0		624429134942966.9		0.06022264387905598		0.12044528775811196
1023		19.176339937999728		304781616742400.0		622535478573982.0		0.05873610856235027		0.11747221712470055
1024		19.38476151299983		300422795362304.0		623873027849553.1		0.11188790838420391		0.22377581676840783
1025		19.13214442000026		302928975888384.0		623202917581628.4		0.07889434527456761		0.15778869054913522
1026		19.501943803003087		296065953693696.0		622689530230100.5		0.060182574474811554		0.12036514894962311
1027		19.432208037000237		291469768261632.0		623173450401568.5		0.05786306466311216		0.11572612932622432
1028		19.097183612000663		295992167497728.0		623792590714191.2		0.0685589576125145		0.137117915225029
1029		19.131392691000656		295299134259200.0		623522214126247.0		0.06138348083794117		0.12276696167588234
1030		19.180179464001412		307069827678208.0		622521658738244.4		0.05804415330737829		0.11608830661475658
1031		19.32462918699821		293815055286272.0		622707774832414.5		0.06219995918571949		0.12439991837143898
1032		19.289850138000475		299785529589760.0		622674886276038.0		0.05699116767644882		0.11398233535289765
1033		19.482372113001475		288143014100992.0		622025647890240.6		0.05799784627258778		0.11599569254517555
1034		19.152771920002124		276971334402048.0		623535718523480.2		0.05877494921088219		0.11754989842176437
1035		19.447126705999835		286333155147776.0		622428189952699.2		0.06071108078658581		0.12142216157317162
1036		19.290153128000384		293605675630592.0		623847811656324.2		0.057407259008288386		0.11481451801657677
1037		19.556588997998915		306983257243648.0		622710353004645.6		0.17271762253046036		0.3454352450609207
1038		19.272296937000647		310729710239744.0		622845794690950.8		0.074753456813097		0.149506913626194
1039		19.27343393099727		298872681267200.0		623619008741192.5		0.057759460006654266		0.11551892001330853
1040		19.541148199001327		311358620958720.0		624057460252118.9		0.07628545308411121		0.15257090616822241
1041		19.169343304001814		297685458354176.0		623458986914102.6		0.05807451705336571		0.11614903410673141
1042		19.284692946999712		299002100711424.0		622744838166796.0		0.0627514162659645		0.125502832531929
1043		19.604084235998016		279305850454016.0		623820932956416.9		0.09209596972465516		0.1841919394493103
1044		19.62737480099895		296469479292928.0		623562640291172.2		0.09256691870689392		0.18513383741378783
1045		19.60867282899926		296421429346304.0		623002678335761.2		0.06731576151847839		0.13463152303695677
1046		19.64860408700042		300298375528448.0		623553035767193.2		0.06668202198147774		0.13336404396295548
1047		19.749668919001124		299619368042496.0		623175362112986.8		0.05686572672724724		0.11373145345449448
1048		19.517909182999574		318283853070336.0		621210022262016.6		0.0983432518273592		0.1966865036547184
1049		19.467624101002002		295206926680064.0		624030624007963.2		0.0856773010134697		0.1713546020269394
1050		19.436709751997114		274905086033920.0		624006835869885.4		0.05671374437063932		0.11342748874127864
1051		19.474261958999705		298362117029888.0		623999797406329.8		0.06922547148764134		0.13845094297528268
1052		19.526740430002974		292668533899264.0		623182893214660.0		0.06558959703445434		0.13117919406890868
1053		19.73979398300071		292234507321344.0		623333355319648.6		0.05892909817993641		0.11785819635987282
1054		19.508733315000427		302731373838336.0		623147149288863.1		0.05679881553500891		0.11359763107001782
1055		19.169609907999984		286571458723840.0		623279919859845.0		0.0627953655809164		0.1255907311618328
1056		19.229799428998376		310814200299520.0		622652621933301.0		0.09444334693551064		0.18888669387102128
1057		19.089667669002665		294227707691008.0		622349573217750.9		0.056268177841603755		0.11253635568320751
1058		19.11142099100107		297810817712128.0		622809621574440.8		0.07434211424291134		0.1486842284858227
1059		19.11324561800211		295145522069504.0		624018417689433.2		0.07612065840661526		0.15224131681323053
1060		19.45077454299826		287939607134208.0		622844519880232.8		0.05784997114241123		0.11569994228482246
1061		19.23936687099922		319966305845248.0		622592627403453.9		0.057160590752959255		0.11432118150591851
1062		19.248536523999064		277772027035648.0		622385971122111.8		0.058448653769493104		0.11689730753898621
1063		19.20228608099933		300055407886336.0		621500320841015.0		0.05877838490605354		0.11755676981210708
1064		19.11491247199956		312708045996032.0		623582991811168.1		0.06167467793226242		0.12334935586452483
1065		19.43236894599977		304136331460608.0		622905986445696.0		0.05650210738629103		0.11300421477258206
1066		19.145556573999784		297168921427968.0		622444546975942.6		0.06014048211574555		0.1202809642314911
1067		19.504434794998815		303832361861120.0		624142534996530.2		0.05716660093665123		0.11433320187330245
1068		19.30829013300172		286841437683712.0		622416956100664.4		0.056632848736643794		0.11326569747328759
1069		19.540103519000695		299699563134976.0		623010818050406.5		0.07210194828510284		0.1442038965702057
1070		19.58359384099822		310394199474176.0		622892541383435.9		0.056579835537076		0.113159671074152
1071		19.462423204000515		291809909538816.0		623628482129082.5		0.11287726149559021		0.22575452299118043
1072		19.302203819999704		306983492124672.0		622404243620238.5		0.057056209723651406		0.11411241944730281
1073		19.37921185900268		270735142551552.0		623124328635118.4		0.05696715600788593		0.11393431201577187
1074		19.61063405299865		281465094930432.0		622726578317348.0		0.05747703188508749		0.11495406377017497
1075		19.29971341900091		296312444551168.0		623394267200823.0		0.05764829878211022		0.11529659756422043
1076		19.22601365800074		290744019451904.0		623678542668009.2		0.06463042896687984		0.1292608579337597
1077		19.44749142600267		290436660854784.0		623253699997183.5		0.08158011125922203		0.16316022251844406
1078		19.738283366998076		315960040882176.0		623565748494579.8		0.057351778218150136		0.11470355643630027
1079		19.663620024999545		308050925715456.0		623187585793922.1		0.05879059906899929		0.11758119813799858
1080		19.434373572999903		304689375608832.0		622489631247648.6		0.06362260703146458		0.12724521406292916
1081		19.20968621800057		291802963771392.0		622504286696117.4		0.06293173871040345		0.1258634774208069
1082		19.216149527001107		301207096655872.0		623463315961964.1		0.05637206749022007		0.11274413498044014
1083		19.225076329999865		283896063197184.0		622925646653124.8		0.10400468259453774		0.20800936518907548
1084		19.265257011000358		299795461701632.0		623169136933700.9		0.07440928321480751		0.14881856642961502
1085		19.437056677998044		300831991660544.0		622057598876731.2		0.05787115543186665		0.1157423108637333
1086		19.687247420999483		305676714770432.0		623162885157830.0		0.05522910185605288		0.11045820371210575
1087		20.023516719000327		315334988922880.0		621520818228837.8		0.05617065190523863		0.11234130381047726
1088		19.6209338080007		291600664100864.0		623999687068619.9		0.05691177663505077		0.11382355327010155
1089		19.40150108799935		315707610890240.0		623171498671792.5		0.06332604801952839		0.12665209603905678
1090		19.27734055700057		305013544976384.0		623155987869849.4		0.059825510811805725		0.11965102162361145
1091		19.321155048997753		299535817506816.0		623074574939392.6		0.0555101971924305		0.111020394384861
1092		19.285367797001527		288264481144832.0		622683397290605.9		0.0601485606700182		0.1202971213400364
1093		19.431278255000507		302732212699136.0		623134561298064.4		0.07147134546339512		0.14294269092679024
1094		19.659201777001726		302953000861696.0		622434808878480.8		0.055102395324409005		0.11020479064881801
1095		19.630471102998854		287054206337024.0		623715207536799.9		0.05643990702033043		0.11287981404066086
1096		19.240574482999364		282143246778368.0		622946227937765.0		0.05484855566471815		0.1096971113294363
1097		19.34122029500213		282044395421696.0		622683318128990.0		0.05949005625844002		0.11898011251688004
1098		19.51430721200086		300938560536576.0		623947500800054.4		0.055512581948935984		0.11102516389787197
1099		19.518363982002484		310293200633856.0		624254195416705.2		0.05771332164406776		0.11542664328813552
1100		19.4349103429995		295276753453056.0		623304517105337.0		0.05455192005187273		0.10910384010374546
1101		19.768050918999506		297018731790336.0		622062230284921.8		0.062492264345288276		0.12498452869057655
1102		19.456336480001482		317436838543360.0		624013437664116.1		0.05488872794061899		0.10977745588123798
1103		19.472564313000476		287582285987840.0		622924266492227.8		0.07408701939582825		0.1481740387916565
1104		19.323042042000452		274841349390336.0		623755791037114.6		0.055443245780467984		0.11088649156093597
1105		19.499963934002153		301464660475904.0		623217140967124.5		0.056385888883471486		0.11277177776694297
1106		19.144770293001784		294967180263424.0		621805801560321.5		0.05623624439537525		0.1124724887907505
1107		19.645188919002976		308608768147456.0		622050387685697.1		0.056896666200459		0.113793332400918
1108		19.656222047000483		295898047315968.0		623088919700664.5		0.06017660402357578		0.12035320804715156
1109		19.523345935998805		291565264175104.0		621385777037495.5		0.05576171282827854		0.11152342565655708
1110		19.420349130999966		298886539247616.0		622497041521154.5		0.07166415950953961		0.14332831901907922
1111		19.17789219900078		293571550773248.0		623162355427301.1		0.07370633551180363		0.14741267102360725
1112		19.31925241800127		295246319583232.0		623123803081445.2		0.05555034780204296		0.11110069560408592
1113		19.6049128429986		293649430609920.0		623810372952538.5		0.1235419065117836		0.2470838130235672
1114		19.774105100997986		295392046481408.0		624379464591081.5		0.061457231587171555		0.12291446317434311
1115		19.365722033002385		305570347220992.0		622895831736406.5		0.05398205466866493		0.10796410933732986
1116		19.32180540000263		293170743083008.0		623423451321063.1		0.08083631721436978		0.16167263442873955
1117		19.330760253000335		282803866435584.0		624941794313644.2		0.05705471961796284		0.11410943923592567
1118		19.34031174499978		301511804452864.0		623482676965864.9		0.06980904347002506		0.13961808694005012
1119		19.419292889000644		276875033182208.0		623268203532658.9		0.08569400594830513		0.17138801189661027
1120		19.400997594999353		296224397721600.0		623206119587121.8		0.053726955763995644		0.10745391152799129
1121		19.737387609002326		285563349368832.0		623548438262401.0		0.05475850745588541		0.10951701491177082
1122		19.40796365600181		292623940059136.0		623241059382297.9		0.055208807890117166		0.11041761578023433
1123		19.36317092600075		294101878571008.0		622176006234188.0		0.10898763792812824		0.21797527585625648
1124		19.37795202900088		304853993652224.0		623079299494686.2		0.053922219237685205		0.10784443847537041
1125		19.480261115000758		287820556009472.0		623045146338876.5		0.05567728323489428		0.11135456646978856
1126		19.35699042899796		301915632041984.0		623312647779076.0		0.055677118857204916		0.11135423771440983
1127		19.50625919400045		291667605192704.0		622956964486274.1		0.054458213083446026		0.10891642616689205
1128		19.49117109100189		291949697302528.0		623629048098397.9		0.05427666436135769		0.10855332872271538
1129		19.342108986998937		321109471789056.0		623343341118611.8		0.05453272635191679		0.10906545270383358
1130		19.27200865100167		289694067720192.0		624273328223624.9		0.07840933994352818		0.15681867988705636
1131		19.228560588999244		293049074712576.0		623828335413082.2		0.05598966370820999		0.11197932741641999
1132		19.30802285900063		294492586377216.0		624130206786828.4		0.05506355740129948		0.11012711480259896
1133		19.29571616600151		284767908003840.0		622693470604896.5		0.05575443149358034		0.11150886298716069
1134		19.557683855000505		319092045119488.0		622361754153024.2		0.05410445379167795		0.1082089075833559
1135		19.41279755800133		290724624990208.0		622745824033589.1		0.06862521409094334		0.13725042818188668
1136		19.31139623999843		298133510684672.0		623974096209287.6		0.05429363267123699		0.10858726534247398
1137		19.293628548002744		283840161513472.0		621884658630902.4		0.058910161927342414		0.11782032385468483
1138		19.541316365000966		307866443448320.0		623856728513089.4		0.053625414186716076		0.10725082837343215
1139		19.540975407999213		306838402760704.0		624362021027011.6		0.05364772253483534		0.10729544506967068
1140		19.34972150199974		304554721673216.0		623655992994488.6		0.05577852625399828		0.11155705250799657
1141		19.71747772999879		287903536119808.0		622930468924293.1		0.05407641371935606		0.10815282743871212
1142		19.44346280500031		310036576337920.0		623824455720805.4		0.06808654700815678		0.13617309401631356
1143		19.34967803300242		291743975079936.0		623569910682961.9		0.053358330503106115		0.10671666100621223
1144		19.116493334000552		300698713456640.0		623356797949082.4		0.05456180454194546		0.10912360908389092
1145		19.280834869998216		298642833408000.0		623703114057798.1		0.05453934054523706		0.10907868109047412
1146		19.38645521199942		305299260964864.0		623797195466740.9		0.05347202775478363		0.10694405550956726
1147		19.362363151001773		292721382129664.0		623914088638846.1		0.05454733829051256		0.10909467658102512
1148		19.408338551998895		295366075351040.0		623633317113354.0		0.05768856352567673		0.11537712705135346
1149		19.326326727998094		301164180537344.0		623833166934536.4		0.06298243765234947		0.12596487530469894
1150		19.317580096998427		282093015793664.0		623913830275088.4		0.05627806269228458		0.11255612538456916
1151		19.357638306002627		300159258853376.0		622693915939318.0		0.06852077417373657		0.13704154834747315
1152		19.3478866559999		283486497800192.0		623869666919532.5		0.05525945241302252		0.11051890482604504
1153		19.332888573000673		310070197878784.0		623436130751715.8		0.05440300644338131		0.10880601288676262
1154		19.49302377600179		282550866018304.0		623683896473592.8		0.0742975016862154		0.1485950033724308
1155		19.530541494998033		288325315330048.0		621605065671279.9		0.05549289088845253		0.11098578177690506
1156		19.450486826997803		281543327088640.0		624471672449390.4		0.05531338028758764		0.11062676057517529
1157		19.55325262399856		297025979547648.0		623659313777302.6		0.05280416061580181		0.10560832123160362
1158		19.371610582002177		299990513614848.0		622833480031870.6		0.05495452892333269		0.10990905784666538
1159		19.352267009999196		293028640063488.0		622380914302779.4		0.0568179352581501		0.1136358705163002
1160		19.368978645001334		305776270770176.0		623549083452388.1		0.05335344850867987		0.10670689701735973
1161		19.84079878799821		292336143695872.0		623946370010327.2		0.05282237774729729		0.10564475549459458
1162		19.634591900998203		296801399734272.0		623208934288570.5		0.06088492240011692		0.12176984480023384
1163		19.4333253420009		315402668212224.0		623947028181853.1		0.05250056716054678		0.10500113432109356
1164		19.626181474999612		299142324682752.0		623868894093854.6		0.059595812210440635		0.11919162442088127
1165		19.231830627002637		300790417719296.0		622683576460535.4		0.05437599327862263		0.10875198655724526
1166		19.32795304499814		304167436419072.0		622165442848022.9		0.056356117978692055		0.11271223595738411
1167		19.58630580499812		299391499894784.0		623517833463616.0		0.05372436373978853		0.10744872747957707
1168		19.67197082400162		289746043535360.0		622775245021275.8		0.05371493329405785		0.1074298665881157
1169		19.505442951001896		300752668983296.0		624498197888237.6		0.054649217890203		0.109298435780406
1170		20.049583788997552		297427558989824.0		623422468782869.8		0.05322446306049824		0.10644892612099648
1171		19.86889923000126		300775754432512.0		623473511999576.5		0.05510596396028995		0.1102119279205799
1172		19.57186954399731		299256745295872.0		623845982000256.1		0.05406749088168144		0.10813498176336288
1173		19.45895588699932		303559396556800.0		625355380009405.0		0.05279833709299565		0.1055966741859913
1174		19.231480524998915		302926358642688.0		624046889489347.4		0.05466720698028803		0.10933441396057605
1175		19.851815555997746		277295973531648.0		623222888438672.9		0.052813952066004276		0.10562790413200855
1176		19.746910947000288		290531754115072.0		623931699808646.0		0.05908440500199795		0.1181688100039959
1177		19.536656452997704		292534282616832.0		623082999925765.6		0.06019913256466389		0.12039826512932778
1178		19.348034431000997		286279031848960.0		622775566263354.6		0.05390676087886095		0.1078135217577219
1179		19.190314095001668		299430758580224.0		623196457768279.1		0.054188825426995754		0.10837765085399151
1180		19.184072824002214		296162120695808.0		623127854975067.1		0.05308314575999975		0.1061662915199995
1181		19.26380145499934		288855878008832.0		622666504459455.0		0.08402783506214619		0.16805567012429237
1182		19.256247672998143		305496997232640.0		623726723428599.8		0.05452770118564367		0.10905540237128734
1183		19.655646049999632		299337678585856.0		623574724691686.9		0.053374428880214694		0.10674885776042939
1184		19.62131367300026		289873449713664.0		622565596092621.1		0.05267190058976412		0.10534380117952824
1185		19.43171069100208		288140531073024.0		623065398215631.1		0.053096581964194776		0.10619316392838955
1186		19.3301009550014		284707107373056.0		623585334125270.1		0.05389443110376597		0.10778886220753194
1187		19.34024254599717		296662048178176.0		624873929605193.4		0.0540462332457304		0.1080924664914608
1188		19.31277018000037		301146933559296.0		624507185579750.9		0.055164145474135874		0.11032829094827175
1189		19.268422221997753		283744665600000.0		624001528423105.1		0.05337239655703306		0.10674479311406612
1190		19.626528658998723		281713213177856.0		624493795815194.6		0.058631702664494516		0.11726340532898903
1191		19.261312749000354		302080350748672.0		623853399054441.5		0.053176134261488914		0.10635226852297783
1192		19.36666900599812		317822345412608.0		624622753990668.5		0.052819156873226164		0.10563831374645233
1193		19.358310682000592		286431570296832.0		623390673966758.6		0.05261783252358437		0.10523566504716873
1194		19.313902350000717		288594824527872.0		623007388116367.5		0.0529165158495307		0.1058330316990614
1195		19.343255836000026		310879631441920.0		623413901600867.0		0.052564615531265735		0.10512923106253147
1196		19.461216076997516		303488059834368.0		623447487391496.9		0.05737272190302611		0.11474544380605221
1197		19.727595057000144		292415030165504.0		623645133481065.9		0.052167077521979806		0.10433415504395961
1198		19.396805154003232		296513100054528.0		623692973274940.0		0.05546254192590713		0.11092508385181427
1199		19.401463669004443		298945628602368.0		625798265247283.2		0.054597462801635264		0.10919492560327053
1200		19.41902766500425		282133650210816.0		622773299132655.2		0.05405149850696325		0.1081029970139265
1201		19.282155770000827		285252467556352.0		622111168935441.2		0.05250630901157856		0.10501261802315712
1202		19.23899607900239		309542722207744.0		624183261862853.4		0.06845002926886082		0.13690005853772164
1203		19.626531777998025		305658293387264.0		622744334828841.2		0.06421076017916202		0.12842152035832405
1204		19.458200950997707		292400433987584.0		624128658762503.2		0.05319558463841677		0.10639116927683354
1205		19.22189407899714		283597831405568.0		623186615958094.5		0.05911708511710167		0.11823417023420334
1206		19.36802649099991		286878314004480.0		624357037254335.5		0.055990868996083736		0.11198173799216747
1207		19.104347152002447		289873550376960.0		624605299603281.0		0.05229270371049643		0.10458540742099286
1208		19.144898749000276		284290160001024.0		622807111439860.4		0.05309692417532206		0.10619384835064412
1209		19.142301423999015		293413274517504.0		623083346830274.1		0.05326381963044405		0.1065276392608881
1210		19.554537616000744		290840119345152.0		623144676901676.6		0.05405582352280617		0.10811164704561234
1211		19.267088961998525		301713835687936.0		623237550941625.4		0.052231058190763		0.104462116381526
1212		19.323425850001513		280642524807168.0		623771700487184.8		0.05217090935707092		0.10434181871414185
1213		19.346384721000504		315717777883136.0		624562051177764.6		0.05208603163957596		0.10417206327915192
1214		19.270171138996375		306456721096704.0		623644612361946.4		0.06769455146193504		0.13538910292387007
1215		19.15608347200032		295714538127360.0		623740685851883.0		0.059375612582266334		0.11875122516453267
1216		19.414696501000435		296780763758592.0		622505208970551.0		0.05725711432248354		0.11451422864496708
1217		19.515793933998793		274268441018368.0		621557655809000.8		0.05230112181901932		0.10460224363803863
1218		19.217088598001283		286770738495488.0		623910451950450.1		0.05295964866876602		0.10591929733753204
1219		19.157498724001925		307512410636288.0		624349493042274.6		0.051630741129815576		0.10326148225963115
1220		19.318419791998167		289059352084480.0		623830244993123.0		0.05385432765483856		0.10770865530967712
1221		19.225430175996735		320025026101248.0		622221919198359.0		0.05675779346823692		0.11351558693647384
1222		19.246747099001368		310594183888896.0		624250918539194.5		0.05326253519207239		0.10652507038414478
1223		19.376057695997588		292070291931136.0		623372184894906.0		0.053389856313169004		0.10677971262633801
1224		19.4131751360037		293097124659200.0		622848987601850.9		0.05218468061685562		0.10436936123371124
1225		19.256652001000475		312013804797952.0		623250067764816.1		0.051967199677228924		0.10393439935445785
1226		19.315248232996964		294731863031808.0		624068568068338.5		0.05483716363608837		0.10967432727217674
1227		19.451643730004434		300179324403712.0		624015393291575.0		0.052262772473692896		0.10452554494738579
1228		19.298056038998766		322330651787264.0		623343354443747.9		0.0519130654796958		0.1038261309593916
1229		19.123605660002795		299566821801984.0		622308847800979.2		0.05183071540594101		0.10366143081188202
1230		19.4423727100002		313717262647296.0		624439996560923.8		0.05156901471465826		0.10313802942931652
1231		19.080098600999918		305066762305536.0		624288018026463.2		0.05179343234300613		0.10358686468601226
1232		19.042659581005864		295628169019392.0		623399725223787.9		0.05216097996532917		0.10432195993065833
1233		19.133805849000055		287720899346432.0		623660357722791.0		0.05169584453999996		0.10339168907999992
1234		19.163940478996665		312214191865856.0		623202520613907.4		0.051771550278365615		0.10354310055673123
1235		19.086942220994388		305961055027200.0		622722696547380.8		0.05183239061385393		0.10366478122770786
1236		19.03848534199642		309734519341056.0		625159469822136.8		0.051919394694268706		0.10383878938853741
1237		19.39262213100301		294764142395392.0		623382989797819.6		0.05210286750346422		0.10420573500692844
1238		19.120853708998766		301960896970752.0		623357671754810.0		0.05153422583788633		0.10306845167577267
1239		19.12628103899624		293160206991360.0		623571281700947.2		0.0513153718188405		0.102630743637681
1240		19.12508764499944		305301911764992.0		623343345515584.5		0.05963889092206955		0.1192777818441391
1241		19.12237225300487		316994524020736.0		622373376994878.4		0.05315872758328915		0.1063174551665783
1242		19.14590281299752		289560923734016.0		625073163120043.6		0.05782516551315785		0.1156503310263157
1243		19.16575439999724		301306484883456.0		623269825280097.6		0.05165303573012352		0.10330607146024703
1244		19.558626773003198		312170805985280.0		623163839907585.1		0.052010429717600344		0.10402085943520069
1245		19.177675708000606		309492424114176.0		622754065399372.9		0.051981894694268706		0.10396378938853741
1246		19.115892942994833		300736730628096.0		622460459534495.2		0.05127799558788538		0.10255599117577076
1247		19.25437050799519		279663154823168.0		624783275682158.4		0.051483746467530726		0.10296749293506145
1248		19.14545974200155		296760933089280.0		624043661134229.6		0.05156445982158184		0.10312891964316367
1249		19.224780864999047		311182929952768.0		623889590209814.2		0.0512936491176486		0.1025872982352972
1250		19.241277389999595		292427814404096.0		623030064035083.0		0.06937332593202591		0.13874665186405183
1251		19.37169855999673		306426958315520.0		623474800328704.0		0.05284559285342693		0.10569118570685386
1252		19.75299724600336		301968144728064.0		625959541451784.2		0.05103275442123413		0.10206550884246826
1253		19.620380936998117		294005912895488.0		624666938230502.9		0.051691689190268515		0.10338337838053703
1254		19.251065832999302		290657650343936.0		624832374228941.5		0.05100539714396		0.10201079428792
1255		19.176407820996246		287767674224640.0		623308263293924.1		0.051148786140978335		0.10229757228195667
1256		19.26162686599855		317714535022592.0		622743190531442.0		0.05352711417227984		0.10705422834455967
1257		19.64115927399689		317506329772032.0		623181252327773.2		0.0510672844722867		0.1021345689445734
1258		19.780839683000522		304100528881664.0		623813830819971.1		0.05168144341111183		0.10336288682222367
1259		19.462581949002924		293444043931648.0		623762295271163.1		0.05072338319122791		0.10144676638245582
1260		19.340772973999265		319660759187456.0		624084974564236.4		0.05167398124188185		0.1033479624837637
1261		19.286783738003578		294524463087616.0		624918316857394.5		0.052437167869508264		0.10487433573901653
1262		19.336407807000796		284361597386752.0		624839882873304.5		0.05271439069211483		0.10542878138422966
1263		19.162153938996198		284125307076608.0		624355810268078.4		0.05088851533383131		0.10177703066766262
1264		19.132391421000648		302794154180608.0		624092303023983.9		0.05089178340733051		0.10178356681466103
1265		19.44114227600221		289380904206336.0		623994076155556.6		0.05112806484252214		0.10225612968504429
1266		19.305610947994865		300026886619136.0		625639685219239.9		0.05156847905516625		0.1031369581103325
1267		19.226232818000426		297995333533696.0		623108496247499.0		0.05290109006762505		0.1058021801352501
1268		19.29973170699668		301684106461184.0		623446690336834.9		0.05114651219397783		0.10229302438795566
1269		19.31653920700046		302222554431488.0		624647090273947.5		0.05073798383325338		0.10147596766650677
1270		19.15842593400157		303045946638336.0		624331222326559.4		0.05248829726576805		0.1049765945315361
1271		19.495782680001867		314589006790656.0		624709490135804.1		0.05071738425195217		0.10143476850390434
1272		19.73206000400387		297639522336768.0		622730690351249.5		0.052613383044302464		0.10522676608860493
1273		19.443344052997418		296418778546176.0		622717312263635.6		0.05049527809023857		0.10099055618047714
1274		19.35195123399899		310645354397696.0		624462095338040.2		0.050685861465334894		0.10137172293066979
1275		19.482663397997385		315626409164800.0		622928284369708.6		0.05256455735564232		0.10512911471128464
1276		19.313489808002487		295816442937344.0		624116656283121.1		0.050941542892158034		0.10188308578431607
1277		19.267672851005045		289665647116288.0		623041479333380.1		0.05083245063871145		0.1016649012774229
1278		19.315429397996922		318429244424192.0		623283335046040.1		0.05059065156131983		0.10118130312263966
1279		19.606885134999175		306863669248000.0		623250233228431.2		0.05601896561831236		0.11203793123662471
1280		19.31656685499911		310957578387456.0		624259685061366.9		0.05591487354189158		0.11182974708378315
1281		19.215895325993188		309473130315776.0		623683689348795.0		0.051115504397451876		0.10223100879490375
1282		19.2959020720009		295135086641152.0		624765308175028.0		0.05085929829031229		0.10171859658062458
1283		19.178433864995895		293680971776000.0		624172663912938.9		0.05101078827530146		0.10202157655060291
1284		19.41147080999508		290683587919872.0		623855077924945.2		0.0507490353167057		0.1014980706334114
1285		19.379024860994832		312875348393984.0		623860098349798.5		0.051032526925206184		0.10206505385041237
1286		19.327497995000158		313243675394048.0		623592704385786.9		0.05064597277343273		0.10129194554686546
1287		19.347122218998265		287869209935872.0		623774383746528.0		0.05104862212538719		0.10209724425077438
1288		19.35522022400255		296623460581376.0		624169441388239.2		0.05066817939430475		0.1013363587886095
1289		19.30230597100308		299244934135808.0		624066152729055.1		0.06895245499610901		0.13790490999221802
1290		19.395707047006		303173453479936.0		624432293520972.1		0.05036373220682144		0.10072746441364289
1291		19.44255585299834		284180000800768.0		623468749369397.8		0.05205077887028456		0.10410155774056912
1292		19.433511789000477		288155395686400.0		624628090165411.1		0.05039554886370897		0.10079109772741794
1293		19.259162154005026		295874190114816.0		623915585810758.4		0.057114152173697946		0.11422830434739589
1294		19.2480078640001		296027936522240.0		624467097536126.0		0.05052296105325222		0.10104592210650444
1295		19.304994252997858		293725431398400.0		623528724598735.5		0.05950001443177461		0.11900002886354923
1296		19.27581648799969		291348334772224.0		623380498899324.1		0.05064807691425085		0.1012961538285017
1297		19.4018667440032		306466720317440.0		623159285985973.4		0.050217501322925094		0.10043500264585019
1298		19.18939320899517		306805217427456.0		623137577718020.9		0.05046150770187378		0.10092301540374755
1299		19.602887515000475		288100064428032.0		624539122978038.8		0.05040389638841152		0.10080779277682304
1300		19.420646238999325		326059622924288.0		624331808675494.6		0.050326334324479104		0.10065266864895821
1301		19.308389907993842		302320533372928.0		624583484417486.4		0.05041110487431288		0.10082220974862575
1302		19.311944333996507		303410783977472.0		624871053260226.5		0.05467845845669508		0.10935691691339015
1303		19.3848971059997		305390227030016.0		623640031435727.9		0.05032369878739119		0.10064739757478237
1304		19.345239253001637		306242677374976.0		624689377421358.5		0.05042753389626741		0.10085506779253482
1305		19.332543511998665		313232904421376.0		624684992093319.4		0.050921220076084135		0.10184244015216827
1306		19.65141408299678		309364749500416.0		625294490059407.4		0.0502141734495759		0.1004283468991518
1307		19.303929686997435		306608219357184.0		623323568356196.4		0.05032030711174011		0.10064061422348022
1308		19.352289173999452		296772777803776.0		625776931500479.0		0.050332016760110856		0.10066403352022171
1309		19.35392942999897		313737328197632.0		623485908075130.4		0.05005241077393294		0.10010482154786587
1310		19.388971410000522		295553007091712.0		625020245880256.6		0.05042260319441557		0.10084520638883114
1311		19.507517494996137		317583639183360.0		623529192594478.2		0.050252848266065124		0.10050569653213025
1312		19.619517328996153		305995112775680.0		623982152585461.1		0.04998612935692072		0.09997225871384144
1313		19.221385545002704		304505597984768.0		623399927216099.9		0.05076316781640053		0.10152633563280106
1314		19.407907453001826		307401748119552.0		623300058923915.0		0.05007922182828188		0.10015844365656376
1315		19.20247288200335		316555967594496.0		624177021533070.2		0.050995944420993325		0.10199188884198665
1316		19.19721428000048		302442335961088.0		623527204298424.4		0.05013690952509642		0.10027381905019284
1317		19.214128952000465		329537137147904.0		624052780498702.9		0.05008382046967745		0.1001676409393549
1318		19.270517926001048		297665560576000.0		623818108092001.8		0.05018618928939104		0.10037237857878208
1319		19.584263737000583		288676798005248.0		623508154164256.5		0.05014486165940762		0.10028972331881524
1320		19.394352936003997		300093794156544.0		624615103215100.2		0.05011877554357052		0.10023755108714104
1321		19.514749745998415		282798229291008.0		622979732000536.0		0.05003587226718664		0.10007174453437329
1322		19.38466984200204		310603612684288.0		624513420755573.1		0.05002775717228651		0.10005551434457302
1323		19.263660568001796		289529718112256.0		623705623950786.5		0.050240222416818144		0.10048044483363629
1324		19.375501724003698		314463647432704.0		624668422828898.4		0.050229359582066535		0.10045871916413307
1325		19.512055608000082		307944759492608.0		623043867426464.8		0.05017878211438656		0.10035756422877312
1326		19.431681299000047		315054171881472.0		624424089634146.9		0.050077138958871364		0.10015427791774273
1327		19.456026997999288		298712861507584.0		623161257010890.0		0.05498471145927906		0.10996942291855812
1328		19.281808726002055		301130156343296.0		624598930913031.6		0.054475729110836986		0.10895145822167397
1329		19.486147563002305		291291392901120.0		623691773926797.5		0.0506231869161129		0.1012463738322258
1330		19.6875441709999		324156952412160.0		624501368959229.0		0.050190189673006536		0.10038037934601307
1331		19.612251696002204		295608908775424.0		624816467237740.2		0.050033379131555554		0.10006675826311111
1332		19.15357062900148		299248390242304.0		623489502474204.6		0.050053117124736306		0.10010623424947261
1333		19.43862772599823		306957789429760.0		623904300757344.6		0.04996059087514877		0.09992118175029754
1334		19.83850151400111		315061620965376.0		625003780473513.6		0.050070428963005544		0.10014085792601109
1335		19.81662444500398		308039349436416.0		623932681149617.2		0.04992743231207132		0.09985486462414264
1336		19.910982458000944		309790957895680.0		624706200126430.9		0.050064085498452184		0.10012817099690437
1337		19.55515246900177		289210581909504.0		622470820305578.2		0.04996561111360788		0.09993122222721576
1338		19.545839398997487		305771338268672.0		623562767465153.9		0.04992359385043383		0.09984718770086766
1339		19.59362333599711		314384660299776.0		625354984593240.9		0.050322915436327456		0.10064583087265491
1340		19.594660745999136		304169114140672.0		622502254494760.2		0.04983885832130909		0.09967771664261818
1341		19.46799221800029		299802541686784.0		623886611424508.6		0.05448697647154331		0.10897395294308662
1342		19.709661742999742		324788849475584.0		623457686612753.8		0.051978583900630475		0.10395716780126095
1343		19.601120171995717		308419990913024.0		624141222594111.1		0.049972432054579255		0.09994486410915851
1344		19.453646856003616		315336398209024.0		624401280184898.0		0.04983723619431257		0.09967447238862515
1345		19.43994254700374		284127219679232.0		625115695773154.0		0.05032587063610554		0.10065174127221108
1346		19.320954499002255		306337200209920.0		623729301665255.2		0.04988209521025419		0.09976419042050838
1347		19.21855481800594		305185343668224.0		623754544369169.9		0.04979500509649515		0.0995900101929903
1348		19.274265501000627		294981843550208.0		622628423303723.8		0.04987198596894741		0.09974397193789482
1349		19.52289038299932		286527972179968.0		624295591138285.4		0.04993296651095152		0.09986593302190304
1350		19.311309598000662		295843622027264.0		624507956214995.4		0.05049463768154383		0.10098927536308766
1351		19.358396370000264		290454377594880.0		624264211935422.0		0.04985408183634281		0.09970816367268562
1352		19.47871039799793		299182992654336.0		624352495385475.8		0.050182090932130816		0.10036418186426163
1353		19.26926542399451		312633420939264.0		624514830267202.9		0.05052910085171461		0.10105820170342922
1354		19.524926010002673		298734873214976.0		624209283663098.0		0.049907423098385334		0.09981484619677067
1355		19.65800515400042		308833381515264.0		622726355719930.5		0.05020216258615255		0.1004043251723051
1356		19.612929408998752		278183253377024.0		623066437511817.5		0.05105056877583265		0.1021011375516653
1357		19.224561855997308		285890437971968.0		625172470344544.4		0.04972387055903673		0.09944774111807346
1358		19.3692602480005		314910726684672.0		622927658979520.6		0.04996834756880999		0.09993669513761998
1359		19.42561898799613		287422298456064.0		624583078210216.9		0.049756069749593734		0.09951213949918747
1360		19.5083759620029		306465378140160.0		624313567165557.0		0.04984168522506952		0.09968337045013904
1361		19.50720071500109		281791327895552.0		623185126291637.5		0.04976630987375975		0.0995326197475195
1362		19.538037286998588		307103918981120.0		623955813875685.8		0.05183838288933039		0.10367676577866078
1363		19.706347674997232		319984693673984.0		624120648831032.4		0.04990336168259382		0.09980672336518764
1364		19.42442239400407		314945455521792.0		625128035316200.9		0.04970581570118666		0.09941163140237332
1365		19.604622532002395		301647465021440.0		625201076179650.5		0.049687783458828925		0.09937556691765785
1366		19.436069919000147		312010214473728.0		623586162152015.1		0.049751359900832175		0.09950271980166435
1367		19.340457817997958		303498730143744.0		624208303197226.2		0.049712848441302776		0.09942569688260555
1368		19.42396921600448		298812451061760.0		623983384521668.0		0.04966199790686369		0.09932399581372738
1369		19.74898817599751		271595595628544.0		624437651256450.8		0.0496182969763875		0.099236593952775
1370		19.31755358400551		297012658438144.0		624645098949941.6		0.049645028559863566		0.09929005711972713
1371		19.246972664004716		296619501158400.0		622795346015829.4		0.049763996501266956		0.09952799300253391
1372		19.172955813002773		305324930105344.0		624241074291616.0		0.049944428057968615		0.09988885611593723
1373		19.17929975000152		325712099672064.0		624900089520848.9		0.04963106722682714		0.09926213445365428
1374		19.210198789005517		307815541374976.0		624615274777568.9		0.04956228754222393		0.09912457508444786
1375		19.223186880997673		292045159661568.0		624289337418941.8		0.049685323552787306		0.09937064710557461
1376		19.538771100000304		303836791046144.0		623973635493514.5		0.04951257737576961		0.09902515475153922
1377		19.256857736996608		310103181885440.0		623641012782067.9		0.049699126042425636		0.09939825208485127
1378		19.33508389200142		283340938674176.0		623131501080178.9		0.049589123736321926		0.09917824747264385
1379		19.42922087700572		291891077709824.0		623880171572019.9		0.04946532760411501		0.09893065520823002
1380		19.347314984996046		303794982223872.0		625008276192949.8		0.05000621132552624		0.10001242265105248
1381		19.533269757004746		314318188969984.0		623665295657428.6		0.04953159668296576		0.09906319336593152
1382		19.583648857005755		304627870334976.0		623942293549492.5		0.04963652035295963		0.09927304070591926
1383		19.49796124600107		278192447291392.0		625238285392596.1		0.0496431601703167		0.0992863203406334
1384		19.374323021998862		290406596083712.0		623261313932669.8		0.049518418297171594		0.09903683659434319
1385		19.46398540699738		308831770902528.0		622879492472853.0		0.04947420769482851		0.09894841538965703
1386		19.387493568996433		320741614551040.0		623198720008084.5		0.04954021696150303		0.09908043392300606
1387		19.542119816003833		304435905429504.0		623360187827182.6		0.04949203532040119		0.09898407064080238
1388		19.568261912994785		293661711532032.0		623574868916688.6		0.049462132753431795		0.09892426550686359
1389		19.868980434999685		302009014026240.0		624622470726837.9		0.04949264050424099		0.09898528100848197
1390		19.61390997000126		306349145587712.0		623189049894586.2		0.049538904950022694		0.09907780990004539
1391		19.54749065500073		300459034148864.0		623263513331735.0		0.0494508020028472		0.0989016040056944
1392		19.463335414999165		292794866335744.0		623478996576176.8		0.04941989577561617		0.09883979155123233
1393		19.351046427000256		323385267585024.0		624235888193768.0		0.04947211619913578		0.09894423239827156
1394		19.446786920001614		299637084782592.0		623719141318821.1		0.04943195040971041		0.09886390081942081
1395		19.5663682480008		302263994155008.0		623799672401224.0		0.049845461224019526		0.09969092244803905
1396		19.7036803420051		312442663993344.0		624937354181822.4		0.049452981308102606		0.09890596261620521
1397		19.41065597099805		295113477586944.0		624218730465140.4		0.04943193750232458		0.09886387500464916
1398		19.351011819999258		303279049277440.0		624265950344910.0		0.049404062901437285		0.09880812580287457
1399		19.53231105899613		301819968356352.0		624088703916551.8		0.0494412525638938		0.0988825051277876
1400		19.460748687997693		314401269743616.0		623627099460998.2		0.04941732877492905		0.0988346575498581
1401		19.39798301799601		287053401030656.0		623071323412926.2		0.04939120094627142		0.09878240189254284
1402		19.448822302001645		317483210768384.0		623496910380109.6		0.04941112728267908		0.09882225456535816
1403		19.530512769997586		312658553208832.0		623497553009222.6		0.049478287167847156		0.09895657433569431
1404		19.293255639000563		303559698546688.0		624004835945207.5		0.04936837532669306		0.09873675065338612
1405		19.228072552999947		323145252732928.0		623801986245061.5		0.04944593136608601		0.09889186273217201
1406		19.545356192997133		301886070587392.0		624446472303233.0		0.04935832235217094		0.09871664470434188
1407		19.80687866399967		306303142461440.0		624303246079971.9		0.04936711074411869		0.09873422148823738
1408		19.608214918000158		305451027660800.0		623074117246202.6		0.04938214472979307		0.09876428945958614
1409		19.48444019100134		321981517922304.0		624800820263859.0		0.05000906012803316		0.10001812025606632
1410		19.20948112000042		303104901775360.0		623891671840876.1		0.049381627778708935		0.09876325555741787
1411		19.732211018003		305162593763328.0		623963588308731.1		0.049423507088422775		0.09884701417684555
1412		19.62317317599809		291136170098688.0		624049418596945.8		0.049346714018285276		0.09869342803657055
1413		19.46986622600525		305561220415488.0		624259156125407.0		0.04945942926108837		0.09891885852217674
1414		19.13281154199649		295795370754048.0		624636026405980.8		0.04931312222033739		0.09862624444067478
1415		19.145704278998892		311740638167040.0		623142329476563.6		0.0493385229408741		0.0986770458817482
1416		19.105122256005416		304673907015680.0		624098922207463.4		0.04934061640650034		0.09868123281300067
1417		19.23208974499721		288772092592128.0		622748229483710.4		0.049355906982719897		0.09871181396543979
1418		19.27666767899791		292867243245568.0		625547402478176.1		0.049340261171758173		0.09868052234351635
1419		19.58306391399674		309168120528896.0		622633763848595.8		0.049330053320527076		0.09866010664105415
1420		19.429015153000364		284936183480320.0		624611854550155.9		0.049327232410013674		0.09865446482002735
1421		19.248248577001505		301341012393984.0		624881505186621.6		0.04931873658746481		0.09863747317492962
1422		19.286879680999846		306980707106816.0		624770318318803.4		0.04933362796604633		0.09866725593209266
1423		19.26769450699794		311331777413120.0		623737944642693.4		0.04929487838447094		0.09858975676894188
1424		19.361460439999064		309540172070912.0		623626114453198.6		0.049314593333005904		0.09862918666601181
1425		19.34155436099536		295751884210176.0		623525795065967.4		0.04945961007922888		0.09891922015845776
1426		19.639035943997442		302888341471232.0		624140979531174.4		0.049335543467104434		0.09867108693420887
1427		19.28388102099416		317166389821440.0		624146307878339.2		0.04927786682397127		0.09855573364794254
1428		19.33539497700258		302459314503680.0		624397118699816.9		0.049291861356794836		0.09858372271358967
1429		19.320841032000317		299706274021376.0		623874302993131.1		0.04940432115793228		0.09880864231586456
1430		19.270400887995493		291079261782016.0		624379434010914.4		0.049287913800776004		0.09857582760155201
1431		19.339810410005157		313761588051968.0		622799983109482.8		0.049254875966906544		0.09850975193381309
1432		19.35946191199764		296475955298304.0		625074940796270.0		0.049336561474204066		0.09867312294840813
1433		19.663387539003452		305516223922176.0		624759136672095.9		0.04927768381536007		0.09855536763072013
1434		19.42039651000232		300665796558848.0		622970781487333.4		0.04930725773870945		0.0986145154774189
1435		19.478419838000264		311079347421184.0		623864356970933.8		0.04925384933203459		0.09850769866406918
1436		19.480972810997628		313740851412992.0		624184982952885.6		0.04928006239384413		0.09856012478768826
1437		19.421600629997556		304811715067904.0		624799961248925.0		0.04926978230029345		0.0985395646005869
1438		19.40730175099452		284539033223168.0		624092897576306.6		0.04925686236917973		0.09851372473835945
1439		19.70696450700052		307203206545408.0		624573471570966.6		0.049260918770730494		0.09852183754146099
1440		19.580739315002575		312621609779200.0		623936809348701.9		0.04924740418642759		0.09849480837285518
1441		19.44901086000027		307185120706560.0		624222850240720.4		0.04924588428288698		0.09849176856577396
1442		19.458900208999694		304905130606592.0		625334393843566.5		0.0492193576797843		0.0984387153595686
1443		19.147704435999913		303202478063616.0		623432026937308.0		0.04929039378464222		0.09858078756928444
1444		19.304407755000284		328614088278016.0		623979858246143.9		0.04925633661299944		0.09851267322599888
1445		19.28073931000108		314104279465984.0		624047739109040.5		0.04925131304264069		0.09850262608528138
1446		19.606306111003505		289443650994176.0		624133885469267.1		0.04924481720328331		0.09848963440656662
1447		19.48361996300082		297673882075136.0		623843654654115.1		0.04924441843777895		0.0984888368755579
1448		19.477645059996576		290255399813120.0		624429203254421.8		0.04925654823035002		0.09851309646070004
1449		19.411262225999963		303859876495360.0		623496452579545.6		0.04924758912324905		0.0984951782464981
1450		19.417170195003564		320403117441024.0		623139206358882.0		0.04924338313341141		0.09848676626682282
1451		19.4149632990011		289931297554432.0		622740740091538.2		0.049238681721687313		0.09847736344337463
1452		19.423207795000053		284457428844544.0		623667935097368.1		0.04926403343379498		0.09852806686758996
1453		19.675033550003718		325445677481984.0		623436239242589.6		0.049227412554621694		0.09845482510924339
1454		19.440901638998184		307628978733056.0		624345469946408.5		0.04923127795755863		0.09846255591511727
1455		19.471912052002153		310039831117824.0		626179121386356.8		0.04921409442424774		0.09842818884849548
1456		19.305434383997635		304224411844608.0		624661286525987.8		0.04921194092780352		0.09842388185560703
1457		19.475547435002227		314720271728640.0		622880378991683.9		0.04920780436396599		0.09841560872793198
1458		19.51991322699905		303878566313984.0		624282106777074.4		0.04920395066291094		0.09840790132582188
1459		19.50460241700057		308307482902528.0		622914044491538.1		0.049205861282348634		0.09841172256469727
1460		19.733850627999345		319036109881344.0		624152133153220.2		0.04923685242831707		0.09847370485663413
1461		19.259863646002486		307675518730240.0		624371232684963.2		0.04922726248502731		0.09845452497005462
1462		19.2868644400005		313918320803840.0		624483957881218.0		0.04922757056206465		0.0984551411241293
1463		19.343112533002568		301719170842624.0		624267234690455.2		0.0492026471465826		0.0984052942931652
1464		19.32152528900042		305917602037760.0		623488651093575.0		0.04921573043912649		0.09843146087825298
1465		19.31590026699996		292273967333376.0		624019668502021.4		0.049199373999238016		0.09839874799847603
1466		19.389259703995776		320017107255296.0		624047917124697.5		0.04922870165407658		0.09845740330815315
1467		19.415516852997825		298241253965824.0		624427191706488.6		0.049214410312473776		0.09842882062494755
1468		19.30494038699544		297320822341632.0		623187759460924.8		0.04922547519505024		0.09845095039010048
1469		19.262052174999553		310252633325568.0		624489338390760.6		0.049211990174651145		0.09842398034930229
1470		19.277724817999115		297920943357952.0		624632806597848.0		0.049205867190659044		0.09841173438131809
1471		19.38198977999855		299680235782144.0		624743028107342.0		0.04921230548918247		0.09842461097836494
1472		19.349575939995702		297799140769792.0		623009885645218.8		0.04920588573515415		0.0984117714703083
1473		19.561865789997682		323870766661632.0		623532309199915.6		0.04921050872206688		0.09842101744413376
1474		19.364612548000878		305615477932032.0		624702852167211.4		0.04920138714015484		0.09840277428030968
1475		19.276428320001287		296503637704704.0		623168095221595.5		0.049201092402637		0.098402184805274
1476		19.468902644999616		309334751838208.0		624369935604839.9		0.04919898885190487		0.09839797770380974
1477		19.476132272997347		308450357673984.0		623699014736999.9		0.04920604244172573		0.09841208488345146
1478		19.409670457003813		322384674422784.0		623591790953617.1		0.049205002383887766		0.09841000476777553
1479		19.328385793000052		305051629256704.0		623283012515471.0		0.04920208130180836		0.09840416260361672
1480		19.599618052998267		287843742121984.0		623813400802476.6		0.04920298527032137		0.09840597054064273
1481		19.297738588000357		297595297595392.0		623886663092965.2		0.04919822288155556		0.09839644576311112
1482		19.269266583003628		294116944510976.0		624124605134788.4		0.049204403752088545		0.09840880750417709
1483		19.518388503995084		315531785666560.0		624271304708839.1		0.049198420207202435		0.09839684041440487
1484		19.800838705996284		324521353543680.0		624916513250303.0		0.04919907167553902		0.09839814335107804
1485		19.90971823199652		309264019095552.0		624222418177747.9		0.04920420750379562		0.09840841500759125
1486		19.28600388600171		293173997862912.0		624221651826733.2		0.04919957868903875		0.0983991573780775
1487		19.216341819999798		309373003890688.0		623985606179401.2		0.04920091478079557		0.09840182956159114
1488		19.460314807998657		301900767428608.0		624401154777221.8		0.049199433201551436		0.09839886640310287
1489		19.61627902500186		313158178701312.0		623568757656041.5		0.04919701529294252		0.09839403058588504
1490		19.75669084900437		309432395235328.0		624405312026391.4		0.049199162441492084		0.09839832488298417
1491		19.23036924900225		311900692807680.0		622932740473440.1		0.04919878675341606		0.09839757350683212
1492		19.333847313995648		306010816249856.0		623607249958254.6		0.04919902094900608		0.09839804189801216
1493		19.482189467998978		315651071672320.0		623323141608245.9		0.04919827504307032		0.09839655008614064
1494		19.625750450999476		302372039426048.0		623168350750674.8		0.049198530063033104		0.09839706012606621
1495		19.515714340996055		277311089803264.0		624737742999760.4		0.04919842293411493		0.09839684586822986
1496		19.563550694001606		320854256779264.0		624976706637135.9		0.049198370572924616		0.09839674114584923
1497		19.659810703000403		296300767608832.0		623911529149722.8		0.04919834242910147		0.09839668485820294
1498		19.268958275999466		287220166557696.0		624574724112279.1		0.04919834589809179		0.09839669179618359
1499		19.217292358000122		309658384334848.0		624608681261887.6		0.049198339706659315		0.09839667941331863