Epoch	Duration				Loss Step Train			Loss Full Train			Loss Step Test			Loss Full Test
0		19.382914384943433		16.936115264892578		17.900698763504028		1.315326983642578		2.630653967285156
1		18.903072003042325		24.80516242980957		25.023142587203978		1.2747672784805297		2.5495345569610595
2		18.90300337795634		14.077301979064941		14.036914353485107		1.5584000240325928		3.1168000480651856
3		18.927878632908687		14.208465576171875		14.334117877502441		1.0771729207992553		2.1543458415985106
4		18.9971930939937		12.50666332244873		12.329922747917175		1.7827661457061768		3.5655322914123535
5		18.89369608205743		9.523818016052246		8.840316195545196		1.445757489013672		2.891514978027344
6		18.685550629044883		11.472742080688477		10.981615273284913		1.1202185146331787		2.2404370292663573
7		18.82174804492388		17.389991760253906		16.472044192962645		1.0358557302474976		2.071711460494995
8		18.861293555004522		12.785836219787598		11.873653730125428		1.0132536874771119		2.0265073749542237
9		18.933840757003054		14.253018379211426		13.0564025856781		1.015526321029663		2.031052642059326
10		18.739805747987702		13.72413444519043		12.58527928659439		1.081920705795288		2.163841411590576
11		18.825538958073594		17.34742546081543		16.106520168914795		1.5898732149124146		3.1797464298248292
12		18.89594274503179		20.128305435180664		17.17256303833008		1.1148397708892823		2.2296795417785646
13		18.881624944973737		17.90768814086914		16.210029371395112		1.000098762512207		2.000197525024414
14		19.104523580055684		18.077592849731445		15.522367015190124		1.0058022039413452		2.0116044078826905
15		19.096922355005518		37.57472610473633		31.810575839118957		1.0151670503616332		2.0303341007232665
16		19.07107864296995		50.39389419555664		42.88624278190613		1.0450690042495727		2.0901380084991454
17		18.905215581064112		46.10165023803711		41.136669094696046		1.0090620832443238		2.0181241664886476
18		18.88814729906153		45.08156204223633		40.46371944726944		1.0089725259780884		2.017945051956177
19		18.99535002198536		95.93473815917969		76.41181303459167		1.0006964408874512		2.0013928817749025
20		18.985921324929222		58.29581832885742		49.583601927204136		1.031206822013855		2.06241364402771
21		19.022143593989313		94.80018615722656		84.77440072284699		1.0161074432373047		2.0322148864746095
22		19.023513872059993		67.75115966796875		60.86910911743164		1.0201971883773804		2.0403943767547608
23		19.07540323503781		71.906005859375		63.18509598560333		1.0481000038146973		2.0962000076293945
24		18.970103156054392		216.2261199951172		176.87789161804199		1.0008131555557251		2.0016263111114503
25		18.882529585971497		139.0760498046875		114.98191881420135		1.0496811517715454		2.099362303543091
26		18.760994325974025		121.41192626953125		101.53820435668945		1.0837599369049071		2.1675198738098143
27		18.995986621943302		168.14077758789062		136.32389124221802		1.0430073156356812		2.0860146312713623
28		18.799373544054106		118.46644592285156		101.42041654655456		1.013672868156433		2.027345736312866
29		18.836894219974056		113.40902709960938		94.929519075737		1.107416471862793		2.214832943725586
30		19.01814869197551		178.42266845703125		144.80983301288606		1.0838853469848633		2.1677706939697265
31		18.972794012981467		146.23460388183594		122.7195234557724		1.0007012609481811		2.0014025218963623
32		19.058466203976423		205.26199340820312		173.38989824995042		1.0023712852478028		2.0047425704956057
33		19.066234356025234		118.2447738647461		99.86184314035415		1.103068542098999		2.206137084197998
34		19.44980091007892		165.74806213378906		138.17566018123625		1.0001257915496826		2.0002515830993652
35		19.02424013603013		178.54397583007812		151.24783076675416		1.0125486099243164		2.025097219848633
36		19.073774335091002		310.0747985839844		267.23782556171415		1.0040666786193848		2.0081333572387696
37		19.08171985403169		240.98521423339844		210.10465535410881		1.037144072341919		2.074288144683838
38		19.091230945079587		174.53868103027344		152.59415557356834		1.005207386779785		2.01041477355957
39		19.271798672969453		156.42726135253906		138.42759590093613		1.011207127380371		2.022414254760742
40		19.14408190199174		392.9783630371094		318.64437763579366		1.0014827812194824		2.002965562438965
41		19.146072944975458		238.77694702148438		174.74825369462968		1.0015824834823608		2.0031649669647216
42		19.094669993966818		22.773038864135742		27.248963518943786		0.8859517950057983		1.7719035900115967
43		19.245196864008904		2.155613899230957		2.991538544807434		0.8840745943069458		1.7681491886138916
44		19.182069317088462		1.6000890731811523		2.0735222478485107		0.6548542462825775		1.309708492565155
45		18.948566725011915		1.5067999362945557		1.9473369805335998		0.5742582447528839		1.1485164895057678
46		19.104956154944375		1.5925791263580322		2.0136255152702334		0.5533537852287292		1.1067075704574585
47		19.097398614045233		1.4015027284622192		1.8192948818588257		0.5051275389432908		1.0102550778865815
48		19.03487335704267		1.34955632686615		1.7619308662223816		0.5214247363567353		1.0428494727134705
49		19.136014141025953		1.3686941862106323		1.7792487885093689		0.45283083679676056		0.9056616735935211
50		18.981196471024305		1.3866521120071411		1.7943757221794128		0.43585686662197115		0.8717137332439423
51		19.03148239001166		1.3461393117904663		1.7452949905204773		0.48895797836780547		0.9779159567356109
52		19.02036882797256		1.3391437530517578		1.7323623812294007		0.39906773443222043		0.7981354688644409
53		19.00843871291727		1.2334067821502686		1.624094070224762		0.3831182111978531		0.7662364223957062
54		19.014620102010667		1.2670207023620605		1.6510592440986633		0.36742424201965335		0.7348484840393067
55		19.101468637003563		1.2139095067977905		1.587705994720459		0.658681414604187		1.317362829208374
56		19.2138010970084		1.2166804075241089		1.5965732903862		0.3529993534326553		0.7059987068653106
57		19.07508662994951		1.2564278841018677		1.6330131643390655		0.361347686290741		0.722695372581482
58		19.019542930996977		1.1470667123794556		1.5136230753135682		0.3321851946592331		0.6643703893184661
59		19.072999996016733		1.1955944299697876		1.5647930625724793		0.32451347908973693		0.6490269581794739
60		18.988018264062703		1.1235041618347168		1.4922863600444793		0.3144603267431259		0.6289206534862518
61		18.98155434394721		1.1411824226379395		1.5131878287220002		0.3954585854768753		0.7909171709537506
62		18.970676316996105		1.1261123418807983		1.491311500005722		0.31544811561107633		0.6308962312221527
63		18.921281545073725		1.0833309888839722		1.4494316077709197		0.3006253603696823		0.6012507207393646
64		18.95696052897256		1.2064642906188965		1.5712601896572114		0.2977245860815048		0.5954491721630096
65		18.962036547018215		1.0602526664733887		1.4202471238136292		0.335860617518425		0.67172123503685
66		18.91017103707418		1.2842726707458496		1.638355173330307		0.3403049250841141		0.6806098501682282
67		19.10136656893883		1.1285282373428345		1.4928161886882783		0.30887446053028106		0.6177489210605621
68		19.048974296078086		1.0792725086212158		1.438844809846878		0.2724975134730339		0.5449950269460678
69		19.01018338405993		1.157043695449829		1.5061572431468964		0.40729666504859924		0.8145933300971985
70		18.977966565988027		1.0933395624160767		1.4544578904628753		0.43575512692928314		0.8715102538585663
71		19.23787363106385		1.0432027578353882		1.4042111559772492		0.26385539387464524		0.5277107877492905
72		19.28821719705593		1.1916528940200806		1.5466878436565399		0.26700906236171723		0.5340181247234345
73		18.933138555963524		1.077735424041748		1.4316525474739075		0.2519539055109024		0.5039078110218048
74		19.01854658999946		1.064372181892395		1.4202044968509675		0.25912059762477874		0.5182411952495575
75		19.209089634008706		1.100146770477295		1.4547996163463592		0.2743436430335045		0.548687286067009
76		19.205296067986637		1.1006238460540771		1.456592454214096		0.33265248551368715		0.6653049710273743
77		19.01274539390579		1.1232030391693115		1.479960924320221		0.2628213515400887		0.5256427030801774
78		19.069347303011455		1.0957815647125244		1.4398723801803588		0.23653655183315278		0.47307310366630556
79		19.155917691998184		1.0617977380752563		1.4246993959236145		0.31496390392780305		0.6299278078556061
80		19.258341013919562		1.117618203163147		1.4699066336250306		0.24609447292089462		0.49218894584178924
81		19.108860766980797		1.0855028629302979		1.44265174949646		0.23204469705820083		0.46408939411640165
82		19.092874270980246		1.0322214365005493		1.3838688243675232		0.258802615582943		0.517605231165886
83		19.121396576985717		1.0592725276947021		1.4134341963100434		0.465936479973793		0.931872959947586
84		19.065407093032263		1.094854474067688		1.4514175196361543		0.22593534905910492		0.45187069811820985
85		19.026396297034808		1.0595626831054688		1.4127828980731965		0.2894377821803093		0.5788755643606186
86		19.010576286003925		1.1029858589172363		1.45484482006073		0.2208878460288048		0.4417756920576096
87		19.013170733000152		1.010971188545227		1.362361006975174		0.22905155770778657		0.45810311541557314
88		18.9554208900081		1.0795921087265015		1.4307934763717651		0.4144731632471085		0.828946326494217
89		18.995782422018237		1.0813642740249634		1.431383240585327		0.24002000700235368		0.48004001400470736
90		18.94851913501043		1.0242972373962402		1.381034180278778		0.26644424619674684		0.5328884923934937
91		19.030398195958696		1.0011500120162964		1.3585468242359162		0.21208211352825165		0.4241642270565033
92		18.98469805996865		1.007769227027893		1.3646143538093567		0.24928725471496582		0.49857450942993164
93		19.071428020950407		1.166551947593689		1.5123930809116364		0.26234510834217073		0.5246902166843415
94		19.055618874030188		1.016413927078247		1.369986926755905		0.21617926115989686		0.4323585223197937
95		18.96944724698551		1.189753532409668		1.5351983434677123		0.21084367369413376		0.4216873473882675
96		19.011688914033584		1.049378752708435		1.396300024909973		0.21159443843364717		0.42318887686729434
97		19.016295748995617		1.0084882974624634		1.3603539861488343		0.30317004307508466		0.6063400861501693
98		18.97284549206961		1.008823037147522		1.356205122051239		0.23932698936462402		0.47865397872924803
99		19.17334158194717		1.0338391065597534		1.3881881884860992		0.2011715723514557		0.4023431447029114
100		19.26441533002071		1.1685028076171875		1.5106154617404939		0.246352483189106		0.492704966378212
101		19.16133977100253		1.00006103515625		1.3466278552246094		0.20445843300819397		0.40891686601638794
102		18.9633072699653		1.0048531293869019		1.3530229716157913		0.20176009757518767		0.40352019515037535
103		19.082362266955897		1.0458967685699463		1.4052424452590941		0.21270610620975494		0.4254122124195099
104		19.062832857947797		1.089392900466919		1.4431024323272705		0.19996691957712173		0.39993383915424346
105		18.973928189952858		1.0111846923828125		1.3599137529087066		0.211769349527359		0.423538699054718
106		19.093979237950407		0.9822487235069275		1.3368423353385925		0.3064726622581482		0.6129453245162964
107		19.217325138975866		1.0893800258636475		1.4396395138311386		0.23587333817481995		0.4717466763496399
108		19.03632920491509		1.0033814907073975		1.3567767942810058		0.2646636318087578		0.5293272636175156
109		19.197706139995717		1.0328019857406616		1.386275280766487		0.1936966623544693		0.3873933247089386
110		18.936549170990475		1.0157997608184814		1.3617954782390596		0.19729340988397598		0.39458681976795196
111		19.099628505995497		1.0210638046264648		1.3698299028348924		0.2437607698082924		0.4875215396165848
112		19.023518515052274		1.0593209266662598		1.4116894003677367		0.2392041770219803		0.4784083540439606
113		19.082155107986182		1.1260790824890137		1.4728334621858596		0.23428447918891906		0.46856895837783813
114		18.99038071092218		0.9819532632827759		1.3384335996484757		0.1864908458352089		0.3729816916704178
115		19.23127992101945		1.0257753133773804		1.3788080268383025		0.18002226752042771		0.36004453504085543
116		19.400082875974476		1.0477851629257202		1.4022045889091492		0.22753591982126237		0.45507183964252473
117		19.18137994292192		0.9869437217712402		1.33421619304657		0.200542822432518		0.401085644865036
118		19.003077063011006		1.0247557163238525		1.371940563364029		0.17645446840524673		0.35290893681049346
119		19.118313441053033		1.0944271087646484		1.429579427304268		0.3355711035490036		0.6711422070980072
120		19.424662539036945		1.013412594795227		1.3638879549503327		0.25624112740755084		0.5124822548151017
121		19.08459123794455		1.057976245880127		1.414977945022583		0.1997682795882225		0.399536559176445
122		19.33341866999399		1.0789302587509155		1.4197748299312591		0.18357869871854782		0.36715739743709563
123		19.31913926405832		0.9707909226417542		1.3201675844430925		0.32234255001544954		0.6446851000308991
124		19.19533388898708		1.0097771883010864		1.3591678188991547		0.5144442250728607		1.0288884501457214
125		19.253414363018237		0.998513400554657		1.3410155604219436		0.17148802453875542		0.34297604907751084
126		19.063302294001915		1.0156340599060059		1.3657403448152543		0.18383750081062317		0.36767500162124633
127		19.3143087499775		1.094435691833496		1.4434531071472168		0.179867415869236		0.359734831738472
128		19.234959744033404		0.9892693758010864		1.348328105392456		0.1929512512087822		0.3859025024175644
129		19.19336559099611		1.012717604637146		1.369845139760971		0.34398950426578523		0.6879790085315705
130		19.350910797016695		0.9708700776100159		1.318266477637291		0.5197430845022202		1.0394861690044404
131		19.42330766899977		1.0327352285385132		1.385348319478035		0.1828462428689003		0.3656924857378006
132		19.374025212950073		1.0005086660385132		1.3477262326669692		0.1666765375971794		0.3333530751943588
133		19.349957010010257		1.0178395509719849		1.3700789515113831		0.19214901171922683		0.38429802343845365
134		19.17368848004844		1.0034456253051758		1.35600465174675		0.27324915446043013		0.5464983089208603
135		19.439648978062905		0.9368485808372498		1.2922120731973648		0.16973812485933304		0.3394762497186661
136		19.47660482500214		0.9894109964370728		1.3423691602230072		0.24163968489170073		0.48327936978340147
137		19.12780900602229		0.9933504462242126		1.3499377229118348		0.1959711473941803		0.3919422947883606
138		19.226360971922986		0.998897135257721		1.3478505603837967		0.24170756306648256		0.4834151261329651
139		19.26535626198165		0.9866350293159485		1.339709612250328		0.18655034416913988		0.37310068833827975
140		19.243541528005153		1.041689395904541		1.3960085751533509		0.19660062416791915		0.3932012483358383
141		19.137561000068672		1.0332467555999756		1.3840593097925187		0.20339101123809813		0.40678202247619627
142		19.23290601198096		1.011238694190979		1.357885126953125		0.18742883594036103		0.37485767188072205
143		19.22181808797177		0.9970057010650635		1.3485511915540696		0.17335997743606568		0.34671995487213136
144		19.364517677924596		1.0094218254089355		1.3586663989162444		0.26108928248882296		0.5221785649776459
145		19.26449054502882		1.0124520063400269		1.3626186426210403		0.16447542085051536		0.3289508417010307
146		19.146998776937835		1.0384957790374756		1.3878628978872298		0.199346856713295		0.39869371342659
147		19.24036094697658		0.980083167552948		1.3285907223987579		0.20105108237266542		0.40210216474533084
148		19.147120036068372		0.9852764010429382		1.3337997147417069		0.17559410685896873		0.35118821371793746
149		19.053349488065578		0.9636226892471313		1.3184508322381974		0.16585242750644683		0.33170485501289365
150		19.04800648696255		1.0367887020111084		1.3741145028448105		0.15943644023537637		0.31887288047075274
151		19.175669856951572		1.0560364723205566		1.4022698353528977		0.19991144083738327		0.39982288167476654
152		19.273855781997554		0.9892480969429016		1.3379502476930618		0.153142906498909		0.306285812997818
153		19.148543916991912		0.9877598881721497		1.336082751517296		0.33459450142383573		0.6691890028476715
154		19.09238236490637		0.9932299852371216		1.3492375338602065		0.2031851898908615		0.406370379781723
155		19.226135279983282		1.0580928325653076		1.4063267791604996		0.3219488807797432		0.6438977615594864
156		19.31962164293509		0.9449313879013062		1.2940778037977219		0.1530498470723629		0.3060996941447258
157		19.51943714101799		0.9811835885047913		1.3378143077278137		0.20159567905664444		0.4031913581132889
158		19.331518079037778		0.9791973233222961		1.3382459072732926		0.4264767573595047		0.8529535147190094
159		19.06889718491584		0.9827228784561157		1.3344507380723953		0.15642192369699479		0.31284384739398957
160		19.313587554963306		0.9448328018188477		1.2908769675445557		0.17125856468081474		0.3425171293616295
161		19.287398733897135		1.0158815383911133		1.3689356892633437		0.1951594106554985		0.390318821310997
162		19.513856468023732		0.959635853767395		1.3164581420087815		0.20258448033332824		0.4051689606666565
163		19.42585124296602		0.9279576539993286		1.2899818119573594		0.15515872601270675		0.3103174520254135
164		19.24447231600061		1.0224158763885498		1.3712883437919616		0.1734704291045666		0.3469408582091332
165		19.182122793979943		0.9758663773536682		1.318827847647667		0.15846642964482308		0.31693285928964615
166		19.387453706003726		1.003296136856079		1.35384550801754		0.17788532503843307		0.35577065007686615
167		19.152363262954168		0.9387562274932861		1.2872093992900848		0.15444589469432832		0.30889178938865663
168		19.266149814007804		1.0249594449996948		1.3728653347206117		0.3488669136047363		0.6977338272094726
169		19.34772143396549		1.0134851932525635		1.3607218085861206		0.16566566574573516		0.3313313314914703
170		19.32214094302617		0.9603256583213806		1.311201605820656		0.3551471333026886		0.7102942666053772
171		19.39031069003977		1.0772595405578613		1.4216926808834076		0.24896932001113892		0.49793864002227783
172		19.408748295041732		0.9939778447151184		1.3436910271978377		0.22727707468271255		0.4545541493654251
173		19.299419546034187		0.9272494912147522		1.2775544912719727		0.14951501408219336		0.29903002816438673
174		19.25575400108937		0.9869472980499268		1.3425788705444337		0.1983814834713936		0.3967629669427872
175		19.200793002033606		1.0442248582839966		1.3910410658645629		0.2035175258040428		0.4070350516080856
176		19.306959058973007		0.9399698376655579		1.292049305343628		0.29912588098049164		0.5982517619609833
177		19.498655069968663		0.9631382822990417		1.3160979153060912		0.15146213791966437		0.30292427583932874
178		19.186900404980406		1.0128729343414307		1.3630352116537094		0.150425406062603		0.300850812125206
179		19.287726887967438		0.960351288318634		1.3061516469097136		0.18829996865987778		0.37659993731975555
180		19.3256409940077		0.9938434958457947		1.3445955461883545		0.17208034559488297		0.34416069118976594
181		19.260116523015313		0.9515417814254761		1.3048488762378692		0.14164815886616708		0.28329631773233416
182		19.326012665987946		0.9770144820213318		1.3283989169406891		0.14320541355013847		0.28641082710027693
183		19.1817844620673		0.9172746539115906		1.2752974934339523		0.16700509521961213		0.33401019043922425
184		19.253819711972028		1.0491055250167847		1.391452013888359		0.19463776497840882		0.38927552995681763
185		19.56582872197032		0.9602846503257751		1.3174773915672302		0.15328533613085746		0.3065706722617149
186		19.404841231997125		0.9276200532913208		1.2790952395582198		0.13750901260375978		0.27501802520751956
187		19.371513047022745		0.9694493412971497		1.325540962290764		0.1580499551653862		0.3160999103307724
188		19.159819116001017		0.9173211455345154		1.2694824263572693		0.27472126393318175		0.5494425278663635
189		19.179736968013458		1.1117078065872192		1.4479524203777314		0.2907095495223999		0.5814190990447998
190		19.226623401977122		0.9440500736236572		1.2969807239866256		0.1386388877391815		0.277277775478363
191		19.221818741993047		0.9208429455757141		1.2718934084939957		0.41378071966171265		0.8275614393234253
192		19.100952830980532		1.0489896535873413		1.4038047667837144		0.13747880885004998		0.27495761770009997
193		19.313613707083277		0.9523511528968811		1.3097413028717042		0.13823475564718246		0.2764695112943649
194		19.27799213991966		1.0117162466049194		1.3614483067655563		0.3544840373635292		0.7089680747270584
195		19.305945614003576		0.9897066950798035		1.3403998936271668		0.26070169991254805		0.5214033998250961
196		19.134001186932437		0.9574872255325317		1.317240825252533		0.13851229125261308		0.27702458250522616
197		19.1595873470651		0.9645554423332214		1.3151098194265365		0.1532524984061718		0.3065049968123436
198		19.187172175035812		0.9857023358345032		1.3398266079854966		0.13909250181317329		0.27818500362634657
199		19.097714641015045		0.9303953647613525		1.2868547407388686		0.13576442370414735		0.2715288474082947
200		19.06258087407332		0.9991530179977417		1.3451531831407546		0.14168843889236452		0.28337687778472903
201		19.184711478999816		1.0101646184921265		1.3546764143562318		0.24690255081653595		0.4938051016330719
202		19.19944580900483		1.0011160373687744		1.3497331888961792		0.1967155831158161		0.3934311662316322
203		19.121223005000502		0.9390637874603271		1.2896382245874405		0.17998948214054108		0.35997896428108217
204		19.15651706501376		0.966199517250061		1.311270854320526		0.14120993490815162		0.28241986981630324
205		19.264938305015676		1.0322294235229492		1.380606079378128		0.14549597901701927		0.29099195803403854
206		19.20464903197717		0.9214818477630615		1.2770308770084382		0.18899103791713714		0.3779820758342743
207		19.29036490805447		0.9827994108200073		1.337918621687889		0.1372821478009224		0.2745642956018448
208		19.07040677499026		0.9335824847221375		1.2867893795776366		0.1401386861503124		0.2802773723006248
209		19.189559141057543		0.9212178587913513		1.278578715786934		0.13868785354495047		0.27737570708990095
210		19.440015948959626		0.9522920846939087		1.3096969259643554		0.26345789757967		0.52691579515934
211		19.163770838989876		0.9928053617477417		1.3425016336488724		0.13291499164104462		0.26582998328208923
212		19.316237824968994		0.9766835570335388		1.3230309557199478		0.13984790372252465		0.2796958074450493
213		19.469943017931655		0.9398019909858704		1.291794023051262		0.14263831242322922		0.28527662484645844
214		19.54675336193759		0.988481879234314		1.3401954407978058		0.2870643531799316		0.5741287063598632
215		19.481647543027066		0.9833365082740784		1.3376194876241685		0.13938702865839003		0.27877405731678007
216		19.30014146200847		0.9606738090515137		1.3168087916755675		0.14313534006476403		0.28627068012952805
217		19.18350908404682		0.9891228675842285		1.346197255425453		0.1436755955696106		0.2873511911392212
218		19.12881915399339		0.9362346529960632		1.2930608714580536		0.13327674161195754		0.2665534832239151
219		19.210561560001224		0.915810763835907		1.2697097876930237		0.22009921225309373		0.44019842450618746
220		19.129737558076158		0.9748095870018005		1.3252209551095961		0.16789634580016136		0.3357926916003227
221		19.299888466019183		0.9144170880317688		1.2693400353956223		0.1328730480015278		0.2657460960030556
222		19.380878833006136		0.9633843302726746		1.3190070291996001		0.1425181312084198		0.2850362624168396
223		19.204558621975593		0.9703124165534973		1.3247394375324248		0.17681100178956985		0.3536220035791397
224		19.26646771992091		0.9196506142616272		1.2715429055833816		0.17898953750133514		0.3579790750026703
225		19.357152657932602		0.9130118489265442		1.267773056869507		0.1539287117063999		0.3078574234127998
226		19.414278617943637		0.9398356080055237		1.293501341137886		0.2830776411175728		0.5661552822351456
227		19.227179822977632		1.029260516166687		1.37337147441864		0.16763046720027924		0.3352609344005585
228		19.199272913043387		1.030218482017517		1.3814482446718217		0.15017357004880905		0.3003471400976181
229		19.20949391904287		0.9373701214790344		1.2891414829730987		0.5020053504943848		1.0040107009887695
230		19.35682004096452		1.0296565294265747		1.3821439035797118		0.13480946263074875		0.2696189252614975
231		19.18585395393893		0.9649121761322021		1.3150259632492065		0.1538783698439598		0.3077567396879196
232		19.057850038981996		0.9368191957473755		1.2825694928646088		0.1302452908337116		0.2604905816674232
233		19.212846227921546		0.9524519443511963		1.3012220047712326		0.15087063728570937		0.30174127457141875
234		19.164048100006767		0.9293488264083862		1.2789909616947175		0.20861948927640914		0.4172389785528183
235		19.136772005003877		1.0316662788391113		1.3782033777856826		0.43168342994451525		0.8633668598890305
236		19.101863435003906		0.9337543249130249		1.2871588815116883		0.12721650292277337		0.25443300584554673
237		19.08799294999335		1.0056860446929932		1.3524272340297698		0.12991087512373925		0.2598217502474785
238		19.285463814041577		0.9087351560592651		1.2632288338184356		0.13494954028129577		0.26989908056259154
239		19.283213682007045		0.9637153148651123		1.3142062693452836		0.14627040378451348		0.29254080756902695
240		19.341491129016504		0.9777475595474243		1.3331911675834656		0.14429394719004632		0.28858789438009264
241		19.382938525057398		0.9556745886802673		1.305328192129135		0.24159275097846986		0.4831855019569397
242		19.521579860011116		0.9334596395492554		1.2863266467666625		0.1907938722550869		0.3815877445101738
243		19.45094984397292		0.9716073870658875		1.3226570998764038		0.14208617244958877		0.28417234489917753
244		19.364479511976242		0.9385401606559753		1.2926680017709733		0.15577828479409217		0.31155656958818434
245		19.363757963990793		1.0100363492965698		1.3662825771331788		0.12633896539211273		0.25267793078422546
246		19.466200532973744		0.9711029529571533		1.324375175023079		0.23089381018877028		0.46178762037754056
247		19.414424477959983		0.9558377861976624		1.3056849549150467		0.12929614275693893		0.25859228551387786
248		19.42621726600919		0.927418053150177		1.2811583266019821		0.14806007940769195		0.2961201588153839
249		19.41577457007952		1.0181293487548828		1.3602092177009582		0.36242693383693697		0.7248538676738739
250		19.314134498941712		0.9399170875549316		1.2936416893005371		0.29041966148614884		0.5808393229722977
251		19.21282302599866		0.943547248840332		1.2904234166765214		0.14963414164185523		0.29926828328371047
252		19.367488992982544		1.0106825828552246		1.3664562881565094		0.16303451914787292		0.32606903829574585
253		19.430276689934544		0.9364513158798218		1.2891520961809158		0.1332413447856903		0.2664826895713806
254		19.50631633703597		0.9565488696098328		1.3146570148706436		0.261734046459198		0.523468092918396
255		19.367726575001143		0.9159141778945923		1.26841247112751		0.13296438177227973		0.26592876354455947
256		19.266528813983314		0.9457399845123291		1.3027064607715606		0.12896770450472833		0.25793540900945666
257		19.237655870965682		0.9600729942321777		1.3092483019447327		0.14845255135297775		0.2969051027059555
258		19.247068705037236		0.9854116439819336		1.330237279138565		0.14359454576969147		0.28718909153938293
259		19.31451598997228		0.9467544555664062		1.297603725323677		0.1234658614218235		0.246931722843647
260		19.22405796102248		0.9422734975814819		1.2965455544090272		0.1622583297610283		0.3245166595220566
261		19.04765787604265		0.9571860432624817		1.3123844309043884		0.12336994748711586		0.2467398949742317
262		19.185272729955614		0.9287009239196777		1.2744569855642318		0.12262070938944816		0.24524141877889633
263		19.339527809992433		0.9529098868370056		1.302729732298851		0.2679753520965576		0.5359507041931152
264		19.204024142003618		0.9526412487030029		1.29935332988739		0.1263650658071041		0.2527301316142082
265		19.191524517023936		0.9268007874488831		1.2832995949411392		0.12521106056571008		0.25042212113142015
266		19.467230027075857		0.9256882071495056		1.280119183526039		0.13013377930521966		0.2602675586104393
267		19.50344387302175		0.9527946710586548		1.2941898654747008		0.13734562861323357		0.27469125722646714
268		19.38196957798209		0.9704799056053162		1.3247435382890702		0.17430953369140625		0.3486190673828125
269		19.374309316044673		0.9194944500923157		1.2770847058677672		0.1429848991394043		0.2859697982788086
270		19.202662830008194		0.9175673723220825		1.268772167315483		0.13336391191482544		0.2667278238296509
271		19.178964618011378		0.9398760199546814		1.2974673303604125		0.13052967994213105		0.2610593598842621
272		19.121916741947643		0.8863024115562439		1.2372504240417481		0.16388202704787255		0.3277640540957451
273		19.26147500402294		1.0377049446105957		1.375568631248474		0.17489230491518976		0.3497846098303795
274		19.639317629975267		1.0290353298187256		1.3833488041162492		0.2512423738002777		0.5024847476005554
275		19.623843798064627		0.962391197681427		1.316665634584427		0.12566696482896805		0.2513339296579361
276		19.554093976970762		0.958913266658783		1.3024617310094833		0.16871285427212715		0.3374257085442543
277		19.473826664034277		0.957785964012146		1.3057130568885804		0.13673582395911216		0.2734716479182243
278		19.23918934597168		0.910453200340271		1.2671016519117355		0.12954747658967972		0.25909495317935943
279		19.417075459030457		0.9720600247383118		1.320269377064705		0.12277994090914726		0.24555988181829452
280		19.43115596298594		0.9659684300422668		1.325110683002472		0.13037569724321366		0.2607513944864273
281		19.422172975959256		0.9472240209579468		1.2914209565401078		0.14165605654716493		0.28331211309432985
282		19.312325982027687		0.9417027831077576		1.2988701828718185		0.13320413851737975		0.2664082770347595
283		19.45691924903076		0.9265044331550598		1.2759514983654021		0.12247484586834907		0.24494969173669814
284		19.419604717986658		0.9660946726799011		1.3164883622598649		0.12556817383766175		0.2511363476753235
285		19.302055894047953		0.8676889538764954		1.219132156162262		0.23782481656074525		0.4756496331214905
286		19.47562248900067		0.9618881940841675		1.321761906671524		0.22505460773706437		0.45010921547412874
287		19.632306409999728		0.9448984265327454		1.30202367000103		0.13620716323852539		0.27241432647705077
288		19.631921170977876		0.930363655090332		1.2833206405544282		0.1307698239505291		0.2615396479010582
289		19.27254317002371		0.930158793926239		1.2734332711315155		0.13059053090810777		0.26118106181621553
290		19.32095578708686		0.920486330986023		1.2715417860794067		0.12650266594290732		0.25300533188581464
291		19.430053268908523		0.9821353554725647		1.3322135776758195		0.13150797033309936		0.2630159406661987
292		19.343264268012717		0.8994885683059692		1.251752438545227		0.12302719320654869		0.24605438641309738
293		19.22233249200508		0.9197384715080261		1.2740592467069627		0.14179141451120378		0.28358282902240756
294		19.203804605989717		1.0234383344650269		1.3772355124473572		0.15663422482013703		0.31326844964027406
295		19.477149583981372		0.9143738150596619		1.2694143497800827		0.2574868909955025		0.514973781991005
296		19.171297607012093		0.993514358997345		1.3407827050447465		0.11812053552269935		0.2362410710453987
297		19.48320778401103		0.9040657877922058		1.2463045784187317		0.12259258953332901		0.24518517906665802
298		19.38270889793057		0.940455973148346		1.2899453478860856		0.12057684616446496		0.24115369232892991
299		19.443994030938484		0.978042483329773		1.3257826084566116		0.13883605607151986		0.2776721121430397
300		19.525286326999776		0.9900661706924438		1.342634403834343		0.12991969423294067		0.25983938846588134
301		19.11535737500526		0.9294381141662598		1.283127128443718		0.1209552596449852		0.2419105192899704
302		19.0777045940049		0.9408880472183228		1.2920235461616516		0.13060385621786116		0.26120771243572233
303		19.166688198922202		0.9175248742103577		1.2569462258911133		0.1419655584990978		0.2839311169981956
304		19.198898837086745		0.9712604284286499		1.328447714662552		0.14090027619600295		0.2818005523920059
305		19.158751888084225		0.8729857802391052		1.2311824532222748		0.12038614556789398		0.24077229113578796
306		18.99247150705196		0.9747402667999268		1.3213246914005279		0.1237784366965294		0.2475568733930588
307		19.169347216025926		0.9256609082221985		1.2761998673820496		0.15492741105556487		0.30985482211112975
308		19.236853473004885		0.9145418405532837		1.269356398949623		0.12858189608454704		0.2571637921690941
309		19.36661866994109		1.0248128175735474		1.3846541783475876		0.12414226969480514		0.2482845393896103
310		19.17832015105523		0.9251599907875061		1.275216247844696		0.12815916006565095		0.2563183201313019
311		19.289881204953417		0.9446641206741333		1.2933080231142045		0.1228565818965435		0.245713163793087
312		19.299589744070545		0.9061847925186157		1.2598557201004028		0.25835355644226077		0.5167071128845215
313		19.36704821093008		1.01270592212677		1.356541560072899		0.15108570014238357		0.30217140028476713
314		19.183248921995983		0.9650014042854309		1.3115716829538346		0.2194793952703476		0.4389587905406952
315		19.251248384010978		0.9216324090957642		1.2760524776744842		0.6042429593801498		1.2084859187602996
316		19.548345267074183		0.9618294835090637		1.314546391658783		0.12142044822573662		0.24284089645147325
317		19.568772903992794		0.9483199119567871		1.3004291190958024		0.11791123793721199		0.23582247587442398
318		19.245171961025335		0.9315541386604309		1.2819541036748887		0.14471532290577888		0.28943064581155775
319		19.420747575932182		0.9294237494468689		1.2829679985928535		0.11939605448842049		0.23879210897684097
320		19.288028295035474		0.9237374663352966		1.274940086364746		0.14942815201878548		0.29885630403757096
321		19.297529772971757		0.8924844861030579		1.2486723280930518		0.1358538317620754		0.2717076635241508
322		19.161847632960416		0.9229347705841064		1.2777606166887283		0.12837107145786286		0.2567421429157257
323		19.01743244298268		1.008426308631897		1.3693008904266357		0.11749544752836227		0.23499089505672455
324		19.27999884309247		0.9385895133018494		1.290342731590271		0.11787388620972633		0.23574777241945266
325		19.35237443493679		0.8940830826759338		1.2498758126878737		0.16255682591199874		0.3251136518239975
326		19.19581281405408		0.9468375444412231		1.2953075801134109		0.2590402758538723		0.5180805517077446
327		19.227722240961157		0.8768692016601562		1.2327870179224014		0.14339975911974906		0.2867995182394981
328		19.342158386018127		0.8790659308433533		1.2314841446971894		0.12777559566497804		0.2555511913299561
329		19.32225649897009		0.9001848697662354		1.2442942653274536		0.13156714540719985		0.2631342908143997
330		19.295772984973155		0.9196727871894836		1.2697502709197999		0.16232089256048202		0.32464178512096403
331		19.137615518993698		0.930606484413147		1.2908196670007706		0.12105902123451233		0.24211804246902466
332		19.17811837606132		0.8932082653045654		1.2488393249177934		0.3647516388893127		0.7295032777786254
333		19.0969653170323		0.9590155482292175		1.3097945984220505		0.11868012228608131		0.23736024457216262
334		19.371643085964024		0.9072751998901367		1.2660028192782402		0.1377975133895874		0.2755950267791748
335		19.27954978798516		0.972241997718811		1.33890896586895		0.19485368291139601		0.38970736582279203
336		19.34987011703197		0.8905581831932068		1.2458374849748612		0.15008995661735536		0.3001799132347107
337		19.411406549974345		0.8880825042724609		1.2433282300615311		0.11515020518898963		0.23030041037797927
338		19.4944334969623		0.9403407573699951		1.2959057631874085		0.11572211384177208		0.23144422768354417
339		19.24012602295261		0.9104675650596619		1.2658733381605147		0.11474303539991379		0.22948607079982758
340		19.405554481083527		0.9605312943458557		1.31414154648304		0.13093787474632262		0.26187574949264525
341		19.298581779003143		0.9138734340667725		1.2618883363103865		0.12592788093090057		0.25185576186180114
342		19.19981100806035		0.9511229395866394		1.3034924937343597		0.13881353843212127		0.27762707686424254
343		19.197459543007426		0.9409355521202087		1.281364273850918		0.15829563216567039		0.31659126433134077
344		19.25077541207429		0.9561254382133484		1.3050126041173935		0.16468731350898744		0.3293746270179749
345		19.191277559031732		0.9864577651023865		1.3302861342000962		0.14438392279744147		0.28876784559488294
346		19.167243734933436		0.8792963624000549		1.23975697578907		0.13192210114002229		0.26384420228004457
347		19.15545750001911		0.9573941826820374		1.3069000652122498		0.1165728778064251		0.2331457556128502
348		19.211037368047982		1.1564254760742188		1.4834866404104232		0.43972036345005033		0.8794407269001007
349		19.26210083498154		0.9218258261680603		1.2707125982379914		0.14299055955410003		0.28598111910820007
350		19.20781709405128		0.9594227075576782		1.313390184826851		0.1833190978229046		0.3666381956458092
351		19.28162548795808		0.8885476589202881		1.2464265175962448		0.12662021167874335		0.2532404233574867
352		19.607767201960087		0.9459229707717896		1.3054008959054948		0.11666000357866287		0.23332000715732573
353		19.502785103046335		0.9331055879592896		1.2807479012155534		0.12904383222460747		0.25808766444921494
354		19.43024957703892		1.0157275199890137		1.3681300801706313		0.12691654987931253		0.25383309975862506
355		19.461505174054764		0.8922256231307983		1.241311777844429		0.12427126334905625		0.2485425266981125
356		19.482284616911784		0.9027456641197205		1.2549440392112732		0.14750874274373055		0.2950174854874611
357		19.415606827940792		0.9857611656188965		1.3449026872825622		0.11476155125498771		0.22952310250997543
358		19.516463189036585		0.9103325605392456		1.2640751302480697		0.16115541766881944		0.3223108353376389
359		19.420223094988614		0.9451247453689575		1.2912085903835298		0.11301133719086646		0.22602267438173293
360		19.299401807016693		0.8666422963142395		1.2150414836406709		0.11581810460686684		0.23163620921373368
361		19.507362932083197		0.9044644236564636		1.2542458894109727		0.14988943231105806		0.2997788646221161
362		19.33930303901434		0.9241606593132019		1.2810966070580483		0.1175444598197937		0.2350889196395874
363		19.18870540196076		0.9635828733444214		1.313098481502533		0.26498173484802245		0.5299634696960449
364		19.193967283004895		0.8929328918457031		1.242463543176651		0.11656113991737366		0.23312227983474731
365		19.40409758500755		0.8966296911239624		1.2559105728387832		0.11438371441960335		0.2287674288392067
366		19.237601213972084		0.8896692991256714		1.241656914372444		0.14801555718779563		0.29603111437559126
367		19.153748782002367		0.9974952340126038		1.345392572040558		0.1181460560977459		0.2362921121954918
368		19.227226188988425		0.8905916810035706		1.2457214933490752		0.2210661590695381		0.4421323181390762
369		19.263527628034353		0.9089139103889465		1.2605881823897362		0.12253832011818885		0.2450766402363777
370		19.195889082038775		0.914802074432373		1.2609806653404236		0.11785434509515762		0.23570869019031523
371		19.002892234013416		0.9680551886558533		1.3236315147590638		0.11380189048051834		0.22760378096103667
372		19.044373409939		0.9024326205253601		1.2557922585010528		0.11128074327707291		0.22256148655414582
373		19.164341620984487		0.9226899147033691		1.264460113477707		0.1266928338468075		0.253385667693615
374		19.424650448956527		0.9421523809432983		1.3076908669137954		0.12220566623210907		0.24441133246421815
375		19.336078273016028		0.9415958523750305		1.2926112976503372		0.2862937149167061		0.5725874298334122
376		19.156283196993172		0.9361056089401245		1.2958811600780487		0.13428235201239586		0.2685647040247917
377		19.34271305205766		0.8715878129005432		1.2233705929017067		0.20443001685142517		0.40886003370285035
378		19.376062908093445		0.9631234407424927		1.3227904395484924		0.12527221495509147		0.25054442991018294
379		19.086173048010096		0.9151678085327148		1.2681223607063294		0.11266420096158981		0.22532840192317963
380		19.07849452306982		0.9712271094322205		1.318632105615139		0.26381096988916397		0.5276219397783279
381		19.245590317063034		0.9755415916442871		1.318875284321308		0.11505345427393913		0.23010690854787827
382		19.243946873000823		0.8573867082595825		1.211433467593193		0.12723148478269578		0.25446296956539155
383		19.178645569016226		0.888995885848999		1.2407108533620834		0.28870203290581703		0.5774040658116341
384		19.1585490120342		1.003521203994751		1.3560195820188523		0.15977495933175087		0.31954991866350174
385		19.28461495100055		0.9156588315963745		1.2667695839214326		0.45327494523525236		0.9065498904705047
386		19.41902064892929		0.9051490426063538		1.253059540154934		0.17031578704714775		0.3406315740942955
387		19.32157719391398		0.9386532306671143		1.2895067785310745		0.15857364512681962		0.31714729025363925
388		19.263143935007975		0.8501181602478027		1.2116699969434739		0.13038193283677102		0.26076386567354204
389		19.34750915504992		0.9194130897521973		1.2660609356594086		0.1527599157810211		0.3055198315620422
390		19.398267014999874		0.9161442518234253		1.2729531534337997		0.12270990704894066		0.24541981409788133
391		19.512472596019506		0.9069181680679321		1.2469396751356125		0.12119798381924629		0.24239596763849258
392		19.210062116966583		0.965979814529419		1.3111034210538863		0.12587951574325562		0.25175903148651124
393		19.428681837045588		0.8871645331382751		1.2465118718028068		0.15272723898291587		0.30545447796583175
394		19.485168489045464		0.9406907558441162		1.2936987618494034		0.3177650950789452		0.6355301901578904
395		19.42540491197724		0.9480494260787964		1.3063341858386994		0.19741222960948945		0.3948244592189789
396		19.420480169937946		0.8711134791374207		1.2260719941711427		0.18507438122034073		0.37014876244068146
397		19.465000869939104		0.9744317531585693		1.3265164741182327		0.11261983663439751		0.22523967326879502
398		19.615288490080275		0.8649849891662598		1.2130633554697037		0.12245942498445511		0.24491884996891022
399		19.56780277006328		0.8671558499336243		1.2206253417110444		0.16715153431892396		0.3343030686378479
400		19.520878689014353		0.9514279961585999		1.302151047501564		0.4994058063030243		0.9988116126060486
401		19.500469952006824		0.9207327961921692		1.2706470370411873		0.15922787264585495		0.3184557452917099
402		19.367646147031337		0.9417464733123779		1.2943039235687255		0.14139632925391196		0.2827926585078239
403		19.3710103710182		0.8837721943855286		1.239367203502655		0.3619942385911942		0.7239884771823883
404		19.161122643970884		0.8954694271087646		1.252050206208229		0.12422643187642098		0.24845286375284195
405		19.010174256982282		0.8888978958129883		1.249302072687149		0.11596073575019837		0.23192147150039674
406		19.13902021490503		0.9665025472640991		1.3210144956350327		0.14287261078953742		0.28574522157907484
407		19.206837772973813		0.8723421096801758		1.2331381341552734		0.13504454842805863		0.27008909685611726
408		19.35919724404812		0.9571764469146729		1.309193414273262		0.12333448709845543		0.24666897419691086
409		19.314591347938403		0.9711984992027283		1.314521050224304		0.12388548964262008		0.24777097928524017
410		19.481119874981232		0.87696772813797		1.224609558045864		0.16642492804527284		0.3328498560905457
411		19.33929371892009		0.946214497089386		1.301500003054142		0.11234356070160866		0.2246871214032173
412		19.358229115023278		0.9352182745933533		1.2926980858874322		0.17297921309471131		0.34595842618942263
413		19.341573352110572		0.9374715685844421		1.287608445749283		0.14418095574378967		0.28836191148757934
414		19.354228251962923		0.8617743253707886		1.213712330546379		0.23583769299983978		0.47167538599967956
415		19.332545864977874		0.864640474319458		1.210076668791771		0.1150631639957428		0.2301263279914856
416		19.240196996019222		0.9644110798835754		1.3171344309425355		0.1093621157348156		0.2187242314696312
417		19.286147032980807		0.9292333126068115		1.279926415541172		0.14713104358315468		0.29426208716630936
418		19.261321250000037		0.9345102310180664		1.2767455817556381		0.18090381960868834		0.3618076392173767
419		19.11902568396181		0.9323817491531372		1.2838950191402436		0.17402127882242202		0.34804255764484404
420		19.203680356033146		0.8971210718154907		1.2526360975217818		0.11721284099817277		0.23442568199634553
421		19.120162762934342		0.898672878742218		1.244312979915142		0.11637922876477241		0.23275845752954483
422		19.11768923595082		0.9045066237449646		1.2596225090265274		0.107240811419487		0.214481622838974
423		19.23611051705666		0.933891236782074		1.2882725273990632		0.166463210105896		0.332926420211792
424		19.162179596954957		0.9330089092254639		1.2837400079488754		0.10981637197136879		0.21963274394273757
425		19.137517361086793		0.9480393528938293		1.2874577488946914		0.11036318312883377		0.22072636625766753
426		19.300031283055432		0.8869242072105408		1.2329518111848832		0.12248946081995964		0.24497892163991927
427		19.24397144501563		0.8930443525314331		1.2418277286148072		0.13135003403425216		0.2627000680685043
428		19.1377490980085		0.9096227288246155		1.2634325980353356		0.10634946547746658		0.21269893095493317
429		19.23507705994416		0.8796648979187012		1.240344447107315		0.12041586909890174		0.24083173819780349
430		19.251537660020404		0.8938604593276978		1.2456625457048416		0.13804154981374742		0.27608309962749483
431		19.304345038952306		0.9273419976234436		1.2863502345132827		0.11669194096326828		0.23338388192653656
432		19.321690132957883		0.8484830856323242		1.2103323454618453		0.12107690477371216		0.24215380954742433
433		19.2580006159842		0.8655391335487366		1.219892338886261		0.13023254192471503		0.26046508384943007
434		19.10511395696085		0.9309248924255371		1.2852540003204345		0.12720489091277123		0.25440978182554247
435		19.416624855948612		0.8892629742622375		1.2326856499791146		0.19000573085546493		0.38001146171092987
436		19.363172643003054		0.8990013003349304		1.2468182388997078		0.10961245601177215		0.2192249120235443
437		19.414612238062546		0.8635672926902771		1.217343354215622		0.15805382021665573		0.31610764043331147
438		19.170438363100402		0.8821370005607605		1.2367644476652144		0.11106416166424751		0.22212832332849503
439		19.386560345999897		0.8820741176605225		1.2375949593281745		0.13563203749656677		0.27126407499313354
440		19.506708204047754		0.9285808205604553		1.2816642311096191		0.1407672584950924		0.2815345169901848
441		19.273118326091208		0.8884336352348328		1.2492166470050812		0.11966762561202049		0.23933525122404098
442		19.27191105496604		0.8966521620750427		1.2525852711439132		0.13253581797480582		0.26507163594961164
443		19.426389829954132		0.8855192065238953		1.2455991610383987		0.1435759269475937		0.2871518538951874
444		19.48372041201219		0.9253450036048889		1.2801297756028176		0.22100735956430434		0.4420147191286087
445		19.46630351198837		0.9037466049194336		1.2615509094262123		0.12327951056957245		0.2465590211391449
446		19.094747854047455		0.8627516031265259		1.2191459906601907		0.11319675875306129		0.22639351750612258
447		19.1402095669182		0.9149177670478821		1.2590900137996675		0.10718627379536629		0.21437254759073257
448		19.246476897969842		0.9009189009666443		1.254682959060669		0.117130849224329		0.234261698448658
449		19.321190444985405		0.9331350326538086		1.285292555422783		0.1104703061401844		0.2209406122803688
450		19.19703988393303		0.8433319926261902		1.2016189284133911		0.11197940737009049		0.22395881474018098
451		19.110332309966907		0.9890038967132568		1.3234372583675384		0.11703422694206238		0.23406845388412476
452		19.289003074052744		0.8973841667175293		1.2543351685762405		0.11131850798130036		0.22263701596260072
453		19.316260430961847		0.8418051600456238		1.2037196152710914		0.11216135410666465		0.2243227082133293
454		19.309624333982356		0.9211614727973938		1.2832291574931145		0.10741509184837342		0.21483018369674683
455		19.247456775978208		0.8751282691955566		1.2242409396600724		0.15024237356185913		0.30048474712371825
456		19.469379762071185		0.8854100704193115		1.243241112201214		0.11198926451802253		0.22397852903604507
457		19.251128426054493		0.9709785580635071		1.3195249154806137		0.10725313699245453		0.21450627398490907
458		19.178261214052327		0.9012159109115601		1.2490514234280585		0.14556678946614265		0.2911335789322853
459		19.119291662005708		0.8844315409660339		1.2377790722346307		0.15040496830940248		0.30080993661880495
460		19.26220231305342		0.9969505071640015		1.3440786787080765		0.11219831243753434		0.22439662487506867
461		19.346853007911704		0.9142269492149353		1.2662383059740066		0.11103554345369339		0.22207108690738678
462		19.257299589924514		0.9286321401596069		1.2783766193890571		0.12447641773819923		0.24895283547639846
463		19.21573050704319		0.9230656027793884		1.275623747563362		0.10625299693346024		0.21250599386692048
464		19.27656167605892		0.8570894598960876		1.2110442991042136		0.13163325390815736		0.2632665078163147
465		19.28787470795214		0.8763635158538818		1.2364330189180375		0.21186993547677993		0.42373987095355986
466		19.22928127401974		0.883906364440918		1.2358545793819427		0.17242145974040032		0.34484291948080065
467		19.246954383910634		0.8490296602249146		1.200485036020279		0.15664707833528518		0.31329415667057037
468		19.42687444004696		0.95415198802948		1.30163427120924		0.10462007879018784		0.20924015758037567
469		19.300214161979966		0.9277297258377075		1.272832329735756		0.11730549381375313		0.23461098762750626
470		19.30367767205462		0.9480449557304382		1.2971615581703186		0.11012044584155083		0.22024089168310165
471		19.087741128983907		0.8914819955825806		1.238603405997753		0.10924438245296478		0.21848876490592956
472		19.206169190001674		0.8542669415473938		1.2093569476652146		0.11562491510510445		0.2312498302102089
473		19.23547284095548		0.8824548721313477		1.22935980656147		0.10744239744544029		0.21488479489088058
474		19.183747285977006		0.8835957646369934		1.2369515895318985		0.11317540241479873		0.22635080482959746
475		19.37436008907389		0.8891273736953735		1.2392173970890046		0.18412457137703894		0.3682491427540779
476		19.418050030013546		0.913206160068512		1.2626503327989578		0.10909666649699211		0.21819333299398422
477		19.48318191897124		0.8635908961296082		1.2230090433096885		0.1154374157190323		0.2308748314380646
478		19.46370246692095		0.8643522262573242		1.2176898442053794		0.16644747579693794		0.3328949515938759
479		19.30852684995625		0.9404473900794983		1.29306720359087		0.1175452262699604		0.2350904525399208
480		19.105079733068123		0.910717785358429		1.2594726978492736		0.10517135749459267		0.21034271498918533
481		19.258357166079804		0.8711416125297546		1.23102879393816		0.16734892445802688		0.33469784891605375
482		19.260803877026774		0.900636613368988		1.2516450123500824		0.11025768814086914		0.22051537628173828
483		19.058435142971575		0.8977795839309692		1.2417200833082198		0.16153906928896905		0.3230781385779381
484		19.07116396399215		0.8819595575332642		1.2299230023741723		0.12421623058319092		0.24843246116638185
485		19.252075892989524		0.8674713969230652		1.2234598333597184		0.3433833302855492		0.6867666605710984
486		19.463962514069863		0.9440857768058777		1.2983673325538636		0.13032305369377137		0.26064610738754274
487		19.12613643798977		0.8950281739234924		1.2406696752476691		0.1700147140979767		0.3400294281959534
488		19.105211258982308		0.8568242192268372		1.2148689554047585		0.11462135491967201		0.22924270983934403
489		19.159766457043588		0.8343055844306946		1.1944264866709708		0.1016161567389965		0.203232313477993
490		19.283150775008835		0.8621693253517151		1.2115801001882553		0.10946274948716164		0.21892549897432328
491		19.284586076973937		0.8717337250709534		1.2253120298719407		0.12501820320487023		0.25003640640974045
492		19.209998080972582		0.8690351247787476		1.2247275869369507		0.21908623366355895		0.4381724673271179
493		19.288788944017142		0.9387062191963196		1.294599222767353		0.16696392303705215		0.3339278460741043
494		19.315759977907874		1.0088168382644653		1.3515498052406312		0.11520222780704498		0.23040445561408995
495		19.363853227929212		0.9313857555389404		1.2829707741260528		0.10853020332455635		0.2170604066491127
496		19.36990472499747		0.8431412577629089		1.192214474864006		0.11270914593935012		0.22541829187870024
497		19.380279492004775		0.9228392839431763		1.2747692172265053		0.10565863699316978		0.21131727398633957
498		19.360915250028484		0.8790937066078186		1.2329119749307633		0.10481298910975456		0.20962597821950912
499		19.212096589966677		0.8760769367218018		1.2265882080698014		0.11175958524942398		0.22351917049884795
500		19.15674653206952		0.91375333070755		1.2682891805028915		0.10596792488098145		0.2119358497619629
501		19.335127591970377		0.9126766920089722		1.2644130451917648		0.31052642155885696		0.6210528431177139
502		19.200803668005392		0.8860557675361633		1.2378505397248267		0.10560094636678696		0.21120189273357393
503		19.23636340792291		0.9660338759422302		1.3078767496538162		0.10480903670191764		0.2096180734038353
504		19.295372865046374		0.8463208675384521		1.2021894354486466		0.1117477727174759		0.2234955454349518
505		19.4891268289648		0.890835702419281		1.2420567564368248		0.10506747021079063		0.21013494042158126
506		19.516671787016094		0.8617895245552063		1.2225382229065895		0.2656687252521515		0.531337450504303
507		19.42472071503289		0.8658525347709656		1.216667301425934		0.1100746986567974		0.2201493973135948
508		19.296790909953415		0.8597394824028015		1.2118987920355797		0.10356399636864662		0.20712799273729324
509		19.224909513024613		0.942220151424408		1.2919219115853309		0.1620475955784321		0.3240951911568642
510		19.49173804197926		0.8594953417778015		1.2081625238108635		0.11795603184103966		0.23591206368207931
511		19.164024922065437		0.8808912038803101		1.227545112903118		0.10454373362660407		0.20908746725320815
512		19.24947685690131		0.9074106812477112		1.2582509967827797		0.12261173020005225		0.2452234604001045
513		19.493898078915663		0.8624500632286072		1.2219159183597565		0.17982607074379922		0.35965214148759844
514		19.338617220055312		0.9189878106117249		1.2733471181368827		0.1299198542714119		0.2598397085428238
515		19.396520824055187		0.8886198997497559		1.2318060931539536		0.10165399577617645		0.2033079915523529
516		19.382074957014993		0.9218683242797852		1.2704943664264678		0.4220023973226547		0.8440047946453094
517		19.237079496029764		0.8555606007575989		1.210555091431141		0.1298253822028637		0.2596507644057274
518		19.27556159091182		0.876132607460022		1.2286694000029563		0.11179367563724518		0.22358735127449036
519		19.27514905296266		0.8876519203186035		1.2479189348745345		0.18176653790473937		0.36353307580947875
520		19.17440089304		0.8610020875930786		1.2155542419433594		0.10401070150732994		0.20802140301465988
521		19.2551611129893		0.9111917614936829		1.261701913049221		0.12113700514435768		0.24227401028871537
522		19.26275703299325		0.8590567111968994		1.2084659580421448		0.10532131395339966		0.21064262790679933
523		19.402016252977774		0.9552069306373596		1.3043765939950942		0.1210825779557228		0.2421651559114456
524		19.414928130921908		0.8297224640846252		1.1775651884746552		0.10581087923645974		0.21162175847291947
525		19.251040317933075		0.8703516721725464		1.2272311212849616		0.16190876344442368		0.32381752688884735
526		19.6347266449593		0.8308863043785095		1.1852229296588899		0.13062127331495285		0.2612425466299057
527		19.611463330918923		0.8797006607055664		1.2247087124466896		0.12008198927640915		0.2401639785528183
528		19.377243531984277		0.8437860608100891		1.1984872520685197		0.11791224812865257		0.23582449625730514
529		19.234617106965743		0.877160370349884		1.217870172879696		0.11516654441952705		0.2303330888390541
530		19.171333009027876		0.8223114013671875		1.1687550276184082		0.1040637476503849		0.2081274953007698
531		19.256955220014788		0.8960805535316467		1.250847330160141		0.13799517304301262		0.27599034608602524
532		19.25220155203715		0.8706173300743103		1.2248427697587014		0.10388316811323166		0.20776633622646332
533		19.307312501012348		0.8746002316474915		1.2322365891456604		0.10333529846072197		0.20667059692144393
534		19.195272448007017		0.8665446639060974		1.216144796769619		0.10004258610010147		0.20008517220020294
535		19.20444417698309		0.8806625008583069		1.2325410766267777		0.16825550941824913		0.33651101883649825
536		19.380715329083614		0.8811679482460022		1.2257981501412392		0.1035771666944027		0.2071543333888054
537		19.29225740104448		0.8811599612236023		1.2332308791184425		0.10785037587285042		0.21570075174570083
538		19.344795526005328		0.8750017881393433		1.2279183924603463		0.26197844475507737		0.5239568895101547
539		19.43550279107876		0.8802588582038879		1.2295979699039459		0.17065445536375046		0.3413089107275009
540		19.232368049095385		0.9063870310783386		1.2605328775501252		0.13140731260180474		0.2628146252036095
541		19.353435379918665		0.8786421418190002		1.2326928461408615		0.10058213068842888		0.20116426137685775
542		19.31783693295438		0.892267644405365		1.2430209014558793		0.13299267047047614		0.2659853409409523
543		19.47361897106748		0.912842333316803		1.2643215764164926		0.1972416817545891		0.3944833635091782
544		19.366871030069888		0.9008583426475525		1.2640015602564811		0.10129346021413803		0.20258692042827606
545		19.329335317015648		0.8456167578697205		1.1959299586582184		0.1066286842405796		0.2132573684811592
546		19.321139125037007		0.9183210730552673		1.267210588095188		0.11815041944980621		0.23630083889961243
547		19.381508772959933		0.855258047580719		1.2078178273916245		0.11239404299259186		0.2247880859851837
548		19.289529733010568		0.9389340877532959		1.2969427104663849		0.12582910144925116		0.2516582028985023
549		19.340281725977547		0.8715298771858215		1.221786417298317		0.196499955034256		0.392999910068512
550		19.241763665922917		0.8712306022644043		1.2266223528385163		0.18051018384099007		0.36102036768198015
551		19.300215731025673		0.8675153851509094		1.2263414857935906		0.1005458772957325		0.201091754591465
552		19.525706588989124		1.1800415515899658		1.5026451202130318		0.1746069604933262		0.3492139209866524
553		19.449460842995904		0.8543241024017334		1.2106546236658096		0.11985702832341194		0.23971405664682388
554		19.48873518104665		0.8462219834327698		1.206824541399479		0.10784144602417946		0.21568289204835892
555		19.434435833012685		0.8686552047729492		1.2218978176856041		0.20587770807743072		0.41175541615486144
556		19.44022191199474		0.9016983509063721		1.2640547002601623		0.12200665608644486		0.2440133121728897
557		19.27883208496496		0.8582288026809692		1.2094491453003884		0.1618279476940632		0.3236558953881264
558		19.21208139800001		0.894184410572052		1.2396014203476906		0.16034046173095703		0.32068092346191407
559		19.136072426917963		0.8721968531608582		1.2247036765909194		0.20259380210638045		0.4051876042127609
560		19.335725253098644		0.8643426895141602		1.2184938395786284		0.1440323462843895		0.288064692568779
561		19.50481948698871		0.8594587445259094		1.2185982571053504		0.18497927393317223		0.36995854786634447
562		19.432670183945447		0.9210882782936096		1.269362564713955		0.15032734161019326		0.3006546832203865
563		19.316188062075526		0.8640449643135071		1.2187442820501329		0.0996070754289627		0.1992141508579254
564		19.334568034042604		0.9196701049804688		1.2776397869610787		0.10577602264285088		0.21155204528570176
565		19.471187875955366		0.8661154508590698		1.2264119758939742		0.10273869214057922		0.20547738428115844
566		19.311353972996585		0.8613013625144958		1.2137516364526748		0.10691319656968117		0.21382639313936233
567		19.557872329023667		0.8541299700737		1.2134098941659928		0.10061367659568787		0.20122735319137575
568		19.492567987996154		0.8751776218414307		1.234656175994873		0.11448966169953347		0.22897932339906693
569		19.429749200004153		0.888155460357666		1.2387899040913581		0.17236516864299775		0.3447303372859955
570		19.374807336949743		0.8780225515365601		1.2356370426869392		0.12757460212111474		0.2551492042422295
571		19.33137619495392		0.8565399050712585		1.209850526945591		0.20377750412821768		0.40755500825643537
572		19.509542878950015		0.867939829826355		1.2206985561013222		0.11816732968091964		0.23633465936183928
573		19.393037382978946		0.9098377227783203		1.2650729372024536		0.14540770810246467		0.29081541620492934
574		19.32814486406278		0.8522191047668457		1.2104118675994873		0.12452366046905518		0.24904732093811036
575		19.30874703906011		0.8727743625640869		1.2226057045841217		0.15590795769691468		0.31181591539382936
576		19.391247070976533		0.8496768474578857		1.202165531680584		0.2001420770585537		0.4002841541171074
577		19.390818734071217		0.8946573734283447		1.2433732935261725		0.1272590216934681		0.2545180433869362
578		19.461772555019706		0.8418248891830444		1.1958775596642495		0.12142544666528701		0.24285089333057402
579		19.358612618991174		0.8525760173797607		1.204045709028244		0.2972794793844223		0.5945589587688446
580		19.299788034055382		0.8700962066650391		1.23234579567194		0.13468562560081482		0.26937125120162964
581		19.222470096079633		0.8638988733291626		1.2188556384253502		0.12449904261827469		0.24899808523654937
582		19.372223888989538		0.8572509288787842		1.208549674656391		0.44200844402313233		0.8840168880462647
583		19.344323323923163		0.8420770764350891		1.1964947663068772		0.09956796569824218		0.19913593139648436
584		19.209972530952655		0.8996120691299438		1.2501262016582488		0.11114315704703331		0.22228631409406663
585		19.27466994000133		0.8541995286941528		1.2096759837961197		0.09988738439977168		0.19977476879954337
586		19.399003713973798		0.8422189354896545		1.192300346648693		0.10807661348581314		0.21615322697162628
587		19.285398029955104		0.8619737029075623		1.2152666914820671		0.17238852372169494		0.3447770474433899
588		19.24913454207126		0.8826443552970886		1.2292361703562737		0.1255804774045944		0.2511609548091888
589		19.26416076696478		0.8536874055862427		1.2078801251769067		0.10260466111302376		0.2052093222260475
590		19.505119177047163		0.8509243726730347		1.2061532748341561		0.18096732207536698		0.36193464415073395
591		19.392415730981156		0.8850914835929871		1.2384205919790268		0.10582704063653946		0.21165408127307891
592		19.291385420016013		0.8857317566871643		1.2373239524173736		0.1394581474006176		0.2789162948012352
593		19.279678437043913		0.8416166305541992		1.2039753016734123		0.12081168519854546		0.24162337039709092
594		19.323106591007672		0.8701499104499817		1.22491425082922		0.1082912070453167		0.2165824140906334
595		19.511963317054324		0.8400039076805115		1.1895206058955192		0.10163935869336128		0.20327871738672257
596		19.237820608075708		0.8883266448974609		1.245179292049408		0.14652454140782356		0.2930490828156471
597		19.217088822973892		0.8837899565696716		1.2374444526720048		0.1374999470293522		0.2749998940587044
598		19.270296055008657		0.8586507439613342		1.209914871673584		0.15538514620065688		0.31077029240131376
599		19.492788320989348		0.8476772308349609		1.202240197944641		0.1055544883966446		0.2111089767932892
600		19.290356668061577		0.8469892144203186		1.191557223200798		0.10039698648750782		0.20079397297501564
601		19.18712496489752		0.8480286002159119		1.1989459397625923		0.12610017805099488		0.25220035610198976
602		19.26334305794444		0.8849226236343384		1.232829316265583		0.09791799503564834		0.19583599007129668
603		19.431935630971566		0.8500068783760071		1.2017291794514655		0.10112398713827134		0.20224797427654267
604		19.333415418979712		0.8630088567733765		1.2150402715969086		0.12518853384256362		0.25037706768512724
605		19.30030414101202		0.9010691046714783		1.252822946586609		0.10353374409079552		0.20706748818159104
606		19.307967079919763		0.9058646559715271		1.2537005505013465		0.2380206287741661		0.4760412575483322
607		19.371904998086393		0.8785179257392883		1.2320953153657914		0.10101123949289322		0.20202247898578643
608		19.30941474903375		0.8327053785324097		1.1833887782835961		0.10975092975497246		0.2195018595099449
609		19.242279193014838		0.875930666923523		1.233104800336361		0.13444981742501258		0.26889963485002516
610		19.346752268029377		0.8240461349487305		1.1697667594647407		0.1208241219341755		0.241648243868351
611		19.508165249950252		0.8765316009521484		1.231280224916935		0.16144323292970658		0.32288646585941316
612		19.586757387034595		0.8729643821716309		1.2225237252664567		0.187222902905941		0.374445805811882
613		19.407282858970575		0.8460637331008911		1.1876587034487724		0.09818146958947181		0.19636293917894362
614		19.42706120002549		0.8253743052482605		1.1898382055616379		0.10530297959446908		0.21060595918893815
615		19.68622801406309		0.860715925693512		1.2100128969216346		0.1365595976114273		0.2731191952228546
616		19.53140415297821		0.8443992733955383		1.2009610154247283		0.25240478359460833		0.5048095671892167
617		19.312182888039388		0.9198518395423889		1.2616684962439537		0.09623165391683579		0.19246330783367158
618		19.2878005229868		0.8706933259963989		1.218399906718731		0.10370195897221565		0.2074039179444313
619		19.295382849988528		0.8423398733139038		1.189037793033123		0.0974636440783739		0.1949272881567478
620		19.26547851297073		0.8662525415420532		1.2186843061685562		0.1023152222752571		0.2046304445505142
621		19.367410160950385		0.8558213710784912		1.2081272332549096		0.1607371923148632		0.3214743846297264
622		19.30723246000707		0.8432937860488892		1.1966488407182694		0.10222977650761604		0.20445955301523208
623		19.34739297896158		0.8583764433860779		1.214962922575474		0.09992823374271392		0.19985646748542785
624		19.516216450021602		0.8201961517333984		1.176681222550869		0.167587290006876		0.335174580013752
625		19.3719851099886		0.8965328931808472		1.2585487682843208		0.1188379190146923		0.2376758380293846
626		19.318114268011414		0.8836683630943298		1.22723009141922		0.09947067227959633		0.19894134455919266
627		19.282544132089242		0.8211385011672974		1.1728059875273704		0.10317898759245872		0.20635797518491744
628		19.432665363070555		0.8546658158302307		1.2023488545536996		0.13661736137270927		0.27323472274541855
629		19.42602233798243		0.8353486657142639		1.185735555999279		0.21064357503056527		0.42128715006113054
630		19.334605993004516		0.9170570373535156		1.2705833758854865		0.15311627076268197		0.30623254152536394
631		19.271410760935396		0.8785420656204224		1.2320385825634004		0.10121418678760528		0.20242837357521057
632		19.461462566978298		0.8454474806785583		1.1945530864787102		0.09559383227527142		0.19118766455054284
633		19.637822229997255		0.8489987850189209		1.2043561389493942		0.09606769891381264		0.1921353978276253
634		19.3797416590387		0.8639355301856995		1.2128914379167557		0.09752646127343177		0.19505292254686354
635		19.152480105985887		0.8637456297874451		1.2142750840210914		0.137313461458683		0.274626922917366
636		19.315134434960783		0.8365396857261658		1.1944001863217353		0.09686413792967796		0.19372827585935593
637		19.327935943030752		0.9112440943717957		1.260895567126274		0.10621852929592132		0.21243705859184264
638		19.453581094974652		0.8170587420463562		1.166190544667244		0.09676649567484856		0.19353299134969712
639		19.4763676909497		0.9083940386772156		1.2636981218886376		0.11066865869760513		0.22133731739521026
640		19.358614229946397		0.8583613038063049		1.2085584887886047		0.09798635260462761		0.19597270520925522
641		19.48889193497598		0.8617013096809387		1.2105418010163307		0.1376996110379696		0.2753992220759392
642		19.295606237021275		0.8492141366004944		1.2054147825670243		0.0950322299182415		0.190064459836483
643		19.458945057936944		0.8488854765892029		1.2114627718901634		0.1386275106370449		0.2772550212740898
644		19.50367922789883		0.866395115852356		1.2110058398747443		0.09531364741623402		0.19062729483246804
645		19.30177967401687		0.8469545841217041		1.2023737242484094		0.11733438236713409		0.23466876473426818
646		19.317123782006092		0.8796717524528503		1.2304479959249497		0.10299418921470642		0.20598837842941284
647		19.292965369997546		0.8541259765625		1.2069736625313758		0.12836992760896682		0.25673985521793363
648		19.383810929954052		0.8483545780181885		1.2026884239029885		0.0965707724571228		0.1931415449142456
649		19.55807993200142		0.8372936248779297		1.1878807096743584		0.09536742468774319		0.19073484937548638
650		19.448654477018863		0.8526114821434021		1.197295799355507		0.11153488301038741		0.22306976602077483
651		19.31664269999601		0.8170117139816284		1.1716616686463357		0.10405484920740128		0.20810969841480256
652		19.253218186902814		0.8598160743713379		1.2091817557406426		0.14346349995136262		0.28692699990272524
653		19.486319088027813		0.8658668398857117		1.2243287626314163		0.13696782068610192		0.27393564137220383
654		19.472139553981833		0.8525576591491699		1.204391979241371		0.14174363523721695		0.2834872704744339
655		19.300661779008806		0.8904576301574707		1.2388845213198663		0.1833580937385559		0.3667161874771118
656		19.189730074023828		0.8281212449073792		1.1782640966296196		0.11774777029156686		0.2354955405831337
657		19.51314536400605		0.8362026214599609		1.1907725174021722		0.1324362278699875		0.264872455739975
658		19.372713956050575		0.8439904451370239		1.198505253789425		0.2324473116517067		0.4648946233034134
659		19.514564345940016		0.8340946435928345		1.1956383526301384		0.09521032795310021		0.19042065590620041
660		19.28453960607294		0.8612240552902222		1.217970520796776		0.11526240474581718		0.23052480949163437
661		19.342457910068333		0.8713513016700745		1.225501195025444		0.1072653734087944		0.2145307468175888
662		19.51733800699003		0.8090327382087708		1.1623137237858772		0.12595814519524573		0.25191629039049146
663		19.220830039004795		0.8296660780906677		1.1818710286903382		0.09569090946316719		0.19138181892633438
664		19.214332155999728		0.8657687306404114		1.2231798572301864		0.11696756304502487		0.23393512609004974
665		19.377601681044325		0.8731681704521179		1.2316600943160056		0.09582773269712926		0.1916554653942585
666		19.39719457703177		0.8354933261871338		1.181743569395542		0.17867074244618417		0.35734148489236833
667		19.15847278898582		0.8297262787818909		1.183567973253727		0.1301966523706913		0.2603933047413826
668		19.15140957897529		0.8506847620010376		1.197100394554138		0.09485957258343697		0.18971914516687394
669		19.252515822066925		0.8284068703651428		1.18058334223032		0.09987442390918731		0.19974884781837463
670		19.238894066074863		0.847905158996582		1.2018242079663277		0.09718176411092282		0.19436352822184563
671		19.265826656948775		0.8505492210388184		1.1969957327055931		0.09926495045423507		0.19852990090847014
672		19.28044329106342		0.8080638647079468		1.162580064406395		0.09842401235699653		0.19684802471399307
673		19.480897973990068		0.8674586415290833		1.2153502458906174		0.10330084834694862		0.20660169669389725
674		19.38552969007287		0.8818892240524292		1.224343504846096		0.1022675753057003		0.2045351506114006
675		19.35845885099843		0.8372401595115662		1.1779032903885842		0.12079758339524269		0.24159516679048537
676		19.28564667806495		0.8529959321022034		1.2049176521205902		0.09464631515443325		0.1892926303088665
677		19.20402101194486		0.8479085564613342		1.198346210489273		0.10170151227116585		0.2034030245423317
678		19.459388079936616		0.8471245169639587		1.2014981111502647		0.09424633557200432		0.18849267114400864
679		19.431742271059193		0.8517498970031738		1.1959318437552453		0.09648979650139809		0.19297959300279618
680		19.22637336992193		0.8147028684616089		1.160608510069847		0.1410473435163498		0.2820946870326996
681		19.32632838608697		0.8590291142463684		1.2152825634431839		0.12290834189653396		0.24581668379306792
682		19.411910983966663		0.846340000629425		1.1982259048056603		0.09675801675319672		0.19351603350639343
683		19.333019891986623		0.843745768070221		1.1919139330530166		0.0981577478080988		0.1963154956161976
684		19.21989684808068		0.8134892582893372		1.1694109316945076		0.10475751616954804		0.20951503233909607
685		19.35721541394014		0.8318256139755249		1.1853551188731193		0.09334586314857006		0.18669172629714012
686		19.446868725004606		0.83351731300354		1.184976912572384		0.12723807390332223		0.25447614780664446
687		19.534603679087013		0.8644605875015259		1.2189095115947723		0.16329698737859727		0.32659397475719454
688		19.35054220701568		0.8507840633392334		1.2066709110164642		0.22447537428736686		0.4489507485747337
689		19.178885619039647		0.8254320025444031		1.1726280475997926		0.14628850151896478		0.29257700303792955
690		19.175411354983225		0.8646007776260376		1.2224105556201934		0.10444582599699498		0.20889165199398996
691		19.30273070500698		0.8758761286735535		1.2230857028913498		0.09644046592712402		0.19288093185424804
692		19.168494520010427		0.8999074101448059		1.2484247030448914		0.2744960345029831		0.5489920690059662
693		19.059598040068522		0.8143083453178406		1.1689314935994148		0.09538217871189117		0.19076435742378234
694		19.12987346400041		0.8375604748725891		1.1838323562693596		0.09997769650220871		0.19995539300441742
695		19.34722566092387		0.8435824513435364		1.2085130212831496		0.2160718892276287		0.4321437784552574
696		19.36225140595343		0.862847089767456		1.207618735792637		0.09666771175861359		0.19333542351722718
697		19.30591446091421		0.7920752763748169		1.143493027393818		0.09554611966013908		0.19109223932027816
698		19.177118362043984		0.8222583532333374		1.1782873529148101		0.12434198184609413		0.24868396369218826
699		19.359888516017236		0.7940484285354614		1.1491317100191116		0.09361591188907624		0.18723182377815248
700		19.51081731391605		0.830563485622406		1.1811478655529022		0.25553621351122857		0.5110724270224571
701		19.260526905069128		0.8452088236808777		1.194792162528038		0.1436543285548687		0.2873086571097374
702		19.51253597496543		0.8588341474533081		1.2123123584866524		0.1496249038696289		0.2992498077392578
703		19.439087882987224		0.8158923387527466		1.1604579484820365		0.10448772004246712		0.20897544008493424
704		19.612557954038493		0.8112757802009583		1.1694149694228173		0.16132614880204202		0.32265229760408404
705		19.48113021196332		0.8268628120422363		1.1816554680752753		0.09438410403728485		0.1887682080745697
706		19.411748394020833		0.817601203918457		1.1733316812610626		0.17026867634058		0.34053735268116
707		19.226242981967516		0.8116124272346497		1.1671917943763732		0.10822349575757981		0.21644699151515961
708		19.531877580098808		0.842525064945221		1.1911053868842125		0.13873623207211494		0.2774724641442299
709		19.615858924924396		0.808282196521759		1.1548977685904502		0.09180066252350808		0.18360132504701615
710		19.512003003037535		0.86545729637146		1.222899800117016		0.09355625690221786		0.18711251380443572
711		19.534753349027596		0.8223873972892761		1.1739241158938407		0.1405663757622242		0.2811327515244484
712		19.62676871207077		0.8567697405815125		1.2074682617735863		0.10490701060295105		0.2098140212059021
713		19.466808281023987		0.8329823017120361		1.1835214035534858		0.09096561219990254		0.18193122439980508
714		19.469834065064788		0.794875979423523		1.1407972104620934		0.10052264023423195		0.2010452804684639
715		19.154126106994227		0.8296547532081604		1.1846828729772567		0.09157490645945073		0.18314981291890145
716		19.280436682049185		0.8440251350402832		1.1860399156689645		0.09659957315325737		0.19319914630651475
717		19.275197655078955		0.8407517671585083		1.190404407427311		0.2321680152773857		0.4643360305547714
718		19.322141923941672		0.8294289708137512		1.1859351965332032		0.11094792048335075		0.2218958409667015
719		19.2964124759892		0.8480930328369141		1.2096179326248169		0.10062608495950699		0.20125216991901398
720		19.320191134000197		0.848347008228302		1.2046414279556275		0.11356136026978493		0.22712272053956986
721		19.39609002007637		0.8272911310195923		1.166838874065876		0.14088602543473244		0.2817720508694649
722		19.364945183042437		0.8278087377548218		1.1780859429073334		0.17515306766629218		0.35030613533258437
723		19.236286929924972		0.8343799114227295		1.1820103337311745		0.10090832248926163		0.20181664497852325
724		19.174371351953596		0.8141529560089111		1.1631477119398117		0.10289456945359707		0.20578913890719414
725		19.465759767917916		0.8293776512145996		1.1834393502926825		0.10097887862622738		0.20195775725245477
726		19.333364379010163		0.859375536441803		1.2113186117506027		0.09000286956727505		0.1800057391345501
727		19.23796322895214		0.812547504901886		1.1697993011021615		0.14101936861872674		0.2820387372374535
728		19.352248055976816		0.8495174646377563		1.2032731003642083		0.11871060276031495		0.2374212055206299
729		19.367476247018203		0.8160963654518127		1.169751936058998		0.10261209509968758		0.20522419019937516
730		19.42601106397342		0.8145196437835693		1.1654273901128769		0.10362424072027207		0.20724848144054414
731		19.341617636964656		0.8546459674835205		1.210038606722355		0.10868181303143501		0.21736362606287002
732		19.230390802957118		0.8360326886177063		1.1873845624804498		0.09049554370939732		0.18099108741879463
733		19.59541282709688		0.8692840933799744		1.216661815226078		0.11608190692663192		0.23216381385326385
734		19.740240948973224		0.7997832894325256		1.150878782734871		0.11074045476317405		0.2214809095263481
735		19.642219598055817		0.8279410004615784		1.1747856803417205		0.12557162160873414		0.2511432432174683
736		19.621408234001137		0.8839094042778015		1.229955652179718		0.10322023846507072		0.20644047693014145
737		19.73843055102043		0.8014065623283386		1.1566457749152184		0.11672701750993729		0.23345403501987458
738		19.64979566296097		0.8113452196121216		1.1651242822885512		0.08995103472173215		0.1799020694434643
739		19.623327128007077		0.8032937049865723		1.1538342724990844		0.42742711086273194		0.8548542217254639
740		19.513389418949373		0.8044512867927551		1.1626708339810372		0.09294856613874436		0.18589713227748872
741		19.539085151045583		0.8172367811203003		1.1728657479906082		0.19197573848366736		0.3839514769673347
742		19.653088168008253		0.8370476365089417		1.1920191404294969		0.203854069006443		0.407708138012886
743		19.462834842968732		0.8408028483390808		1.1991376552295685		0.09727442199289799		0.19454884398579597
744		19.31580653099809		0.8100354671478271		1.1693329349899293		0.09854520807266236		0.19709041614532471
745		19.353889520047233		0.8077455163002014		1.1674416884064673		0.09261750192940235		0.1852350038588047
746		19.388882849016227		0.8449951410293579		1.1936609335136414		0.09003111059069634		0.18006222118139267
747		19.662703669979237		0.8058295845985413		1.1593879675841332		0.09312412260770797		0.18624824521541594
748		19.554944893927313		0.7936521172523499		1.1399842646241187		0.23978401905894278		0.47956803811788556
749		19.227625501109287		0.8453903198242188		1.1941084275603295		0.10365256571173669		0.20730513142347337
750		19.360456472961232		0.8328610062599182		1.180038439514637		0.09447910385727883		0.18895820771455765
751		19.671069590956904		0.8118078112602234		1.1665089838480949		0.09177166544795036		0.18354333089590072
752		19.5486944320146		0.8053845763206482		1.1579645861196517		0.09027364816367626		0.18054729632735253
753		19.548734787036665		0.8109460473060608		1.1664459941029548		0.09087842054665089		0.18175684109330179
754		19.407927335007116		0.818556547164917		1.1665580921840668		0.09113950892984866		0.18227901785969733
755		19.542726258048788		0.8051755428314209		1.16005603420496		0.09025094377994537		0.18050188755989074
756		19.506230892962776		0.8538970351219177		1.2054087087082863		0.09224913913607598		0.18449827827215196
757		19.340667266049422		0.8112890124320984		1.1632365456199647		0.09162262227535248		0.18324524455070496
758		19.198086151038297		0.814450740814209		1.1647905678939818		0.12305009334087372		0.24610018668174743
759		19.391201206017286		0.8167276382446289		1.1754314446640015		0.09482248528003692		0.18964497056007384
760		19.289661100017838		0.8031674027442932		1.1503684500980378		0.08962918941676616		0.17925837883353232
761		19.23241772199981		0.8290822505950928		1.179223655986786		0.08890612497925758		0.17781224995851516
762		19.56864869198762		0.8179416060447693		1.1687604718661309		0.3423240723133087		0.6846481446266174
763		19.542786795995198		0.8294016718864441		1.185779780883789		0.11857599192857743		0.23715198385715486
764		19.392054053023458		0.8286184668540955		1.1826030104351044		0.11027943568825722		0.22055887137651445
765		19.347244650009088		0.846087634563446		1.1983388318252564		0.09154926512539387		0.18309853025078773
766		19.292008591932245		0.808083176612854		1.1501896704244614		0.1586836566388607		0.3173673132777214
767		19.29151801695116		0.8184343576431274		1.1728553567838669		0.09878421250581741		0.19756842501163482
768		19.279558874084614		0.8005454540252686		1.1582799838352202		0.11161228609085083		0.22322457218170166
769		19.250837118015625		0.8107591271400452		1.1710542543005944		0.1602708983004093		0.3205417966008186
770		19.228568690945394		0.7892553806304932		1.1431504820799827		0.15697396469116212		0.31394792938232424
771		19.26404322194867		0.8253368735313416		1.1816457367038726		0.11994517370462418		0.23989034740924836
772		19.28806968999561		0.7895956635475159		1.14400719111681		0.09150746715068817		0.18301493430137633
773		19.251232267008163		0.8193169832229614		1.1672266337442398		0.09779183322787285		0.1955836664557457
774		19.18255433498416		0.8167538642883301		1.1699813928723335		0.09278067798018455		0.1855613559603691
775		19.468122496036813		0.8132530450820923		1.1736907441329956		0.14906249923706055		0.2981249984741211
776		19.56364017003216		0.8246778845787048		1.1872987273716926		0.09384651871621609		0.18769303743243218
777		19.469010983011685		0.8318716883659363		1.1835911573839188		0.09270771223306656		0.18541542446613313
778		19.429320899071172		0.8310443758964539		1.1798585208654404		0.08954085436463356		0.17908170872926713
779		19.387572008999996		0.7925096154212952		1.1422148980355262		0.08894584205150605		0.1778916841030121
780		19.413566731032915		0.8227251172065735		1.180952636296749		0.14939603531956672		0.29879207063913343
781		19.50140145199839		0.8107151389122009		1.1637523520731925		0.09692160358428956		0.1938432071685791
782		19.40768492105417		0.8314846158027649		1.186862755844593		0.08937063530385495		0.1787412706077099
783		19.245794329908676		0.8019798994064331		1.1540724251675605		0.10016653465032578		0.20033306930065156
784		19.5542130980175		0.8154759407043457		1.1706273125481605		0.10712563611268998		0.21425127222537996
785		19.376819642959163		0.8210093379020691		1.1695522298526764		0.12701933771967888		0.25403867543935776
786		19.419220158015378		0.8170194029808044		1.1739816779780388		0.10464183235168457		0.20928366470336915
787		19.28127137606498		0.8195194602012634		1.1772760641479492		0.15384419519901277		0.30768839039802554
788		19.570623654988594		0.8028842806816101		1.1582084282922744		0.11176501418948173		0.22353002837896346
789		19.47854644502513		0.8103799223899841		1.1620273974633217		0.09098552856445312		0.18197105712890624
790		19.39696942898445		0.7924206256866455		1.142424173426628		0.1962073340535164		0.3924146681070328
791		19.209289317950606		0.8461698293685913		1.1952757704162598		0.21483107754588127		0.42966215509176253
792		19.187912562978454		0.805948793888092		1.1562589943480492		0.10350835174918174		0.20701670349836349
793		19.44697140401695		0.8277544379234314		1.1793820707821847		0.0907970975458622		0.1815941950917244
794		19.535541425924748		0.841646671295166		1.1940535623383521		0.08851628850698472		0.17703257701396943
795		19.407713565975428		0.7915238738059998		1.1439541788458825		0.13196035766601563		0.26392071533203126
796		19.658955793012865		0.8232930302619934		1.172046307580471		0.18063654448986052		0.36127308897972105
797		19.730407316004857		0.813679039478302		1.1674039148664475		0.1413635611474514		0.2827271222949028
798		19.739604148082435		0.8089364767074585		1.1612886058568954		0.08921202512085438		0.17842405024170876
799		19.621531008044258		0.7961911559104919		1.1452363270282746		0.11186482644081115		0.2237296528816223
800		19.40667105896864		0.8165287375450134		1.1667074716472625		0.0921210841089487		0.1842421682178974
801		19.349133174982853		0.8149930834770203		1.1670952788734437		0.11813149313926696		0.23626298627853393
802		19.450430584023707		0.7887278199195862		1.1377647249817848		0.08961094107627869		0.17922188215255738
803		19.440872291103005		0.8156321048736572		1.176597782728672		0.09317190830409527		0.18634381660819055
804		19.27783622406423		0.7887082695960999		1.1381604531526566		0.08953715122640132		0.17907430245280265
805		19.235205431003124		0.8189454674720764		1.1696107949852943		0.10107729157805442		0.20215458315610885
806		19.464908155961893		0.7950116991996765		1.147433680562973		0.08993819651305676		0.17987639302611352
807		19.500529689947143		0.7902494072914124		1.1428054037427902		0.13907972965240478		0.27815945930480956
808		19.41649753996171		0.8247454762458801		1.1797682594180108		0.2291063614010811		0.4582127228021622
809		19.17347805306781		0.8098884224891663		1.1602515922784806		0.08720257858037948		0.17440515716075897
810		19.292098401929252		0.7952688932418823		1.153768243112564		0.09052684947550296		0.18105369895100593
811		19.481228340999223		0.8048372268676758		1.1540890281009675		0.09927556374371052		0.19855112748742104
812		19.182261460111476		0.8060535788536072		1.153393309366703		0.1298012330710888		0.2596024661421776
813		19.18348970694933		0.8250485062599182		1.1823493270421028		0.11310883716344833		0.22621767432689666
814		19.551675872062333		0.790643036365509		1.1430706077051163		0.09316517124176026		0.1863303424835205
815		19.289094593957998		0.7965366840362549		1.1507179811525345		0.09254560597240925		0.1850912119448185
816		19.33723247004673		0.8096803426742554		1.1580529389882088		0.09043364557623863		0.18086729115247727
817		19.604471205966547		0.7831682562828064		1.1346358382821082		0.08764781903922558		0.17529563807845117
818		19.642025662004016		0.8064942955970764		1.163922661266327		0.09534499164223671		0.19068998328447342
819		19.627620367100462		0.8209751844406128		1.1736460334515573		0.08943962918221951		0.17887925836443902
820		19.551455221953802		0.7866929769515991		1.143605324933529		0.08742622067630292		0.17485244135260583
821		19.20063903508708		0.8106934428215027		1.1606459727740288		0.09826834207177162		0.19653668414354325
822		19.25279122206848		0.8007792830467224		1.151925800600052		0.08919564188420773		0.17839128376841545
823		19.39622999599669		0.7962075471878052		1.1546368266510962		0.10735449176430702		0.21470898352861403
824		19.222285636002198		0.8041214346885681		1.1557056918644906		0.10164570310115814		0.20329140620231628
825		19.177328296005726		0.8064653873443604		1.1566630264902116		0.09126435260176659		0.18252870520353318
826		19.159040306927636		0.7921748161315918		1.145940298678875		0.10367367365956306		0.20734734731912613
827		19.39077429007739		0.8204508423805237		1.1739937276029586		0.12641777622103692		0.25283555244207384
828		19.47202639898751		0.7821720838546753		1.128551632499695		0.08980880928337574		0.17961761856675149
829		19.280074751004577		0.7834512591362		1.1378280720973015		0.1824159700155258		0.3648319400310516
830		19.33057506196201		0.852095365524292		1.2160378665089606		0.14728189093470573		0.29456378186941146
831		19.320852337987162		0.773965060710907		1.1257119973397256		0.09679788507223129		0.19359577014446258
832		19.312426479067653		0.7987778186798096		1.1497817023062706		0.10525072997808456		0.21050145995616912
833		19.362619595020078		0.8120525479316711		1.1692975752830506		0.08595141994953155		0.1719028398990631
834		19.317360842018388		0.8128339648246765		1.159292174870968		0.09782751985192299		0.19565503970384598
835		19.311309527023695		0.8042716383934021		1.1643017219614982		0.08566498608589172		0.17132997217178345
836		19.336177731049247		0.7861599922180176		1.1360329441022874		0.08736005429625511		0.17472010859251022
837		19.175923870992847		0.8037610650062561		1.1574519790005684		0.09150012693405152		0.18300025386810304
838		19.16954142204486		0.7865681648254395		1.1408602339100837		0.08525696920454502		0.17051393840909004
839		19.251512784976512		0.8142733573913574		1.158818623430729		0.08830874070227146		0.17661748140454292
840		19.26476549799554		0.7992795705795288		1.1538915133213996		0.10764786186218261		0.21529572372436523
841		19.287118159933016		0.8054335117340088		1.162855061302185		0.09055366773307323		0.18110733546614646
842		19.175111835007556		0.7949164509773254		1.1509465442848206		0.09302824910581112		0.18605649821162223
843		19.357026188983582		0.783925473690033		1.1336193616247177		0.12144046930670738		0.24288093861341475
844		19.309057297068648		0.7899266481399536		1.1441304491186142		0.12750170398950578		0.25500340797901155
845		19.489389172988012		0.8064640164375305		1.156742204811573		0.08931932064294815		0.1786386412858963
846		19.33827532606665		0.8229151964187622		1.1752353095054626		0.08860336596667767		0.17720673193335534
847		19.494466257980093		0.7872170209884644		1.1367038900899886		0.08632245908677579		0.17264491817355157
848		19.34501326608006		0.8099414110183716		1.150441582429409		0.10366205792427063		0.20732411584854127
849		19.474690402043052		0.796819269657135		1.1462027821040153		0.0876829682648182		0.1753659365296364
850		19.52498830098193		0.7962080240249634		1.1398308468723297		0.11708165948390961		0.23416331896781922
851		19.33988001709804		0.7962101101875305		1.152568879368305		0.19626290924549103		0.39252581849098206
852		19.344842158956453		0.8028652667999268		1.152620961227417		0.08697654143571854		0.17395308287143707
853		19.468021219945513		0.8009734153747559		1.1597340844511985		0.08670382624268531		0.17340765248537063
854		19.27451954607386		0.794632613658905		1.1475969062018394		0.09033559894859791		0.18067119789719582
855		19.186860787915066		0.797982931137085		1.1417473649406433		0.08679314324259758		0.17358628648519517
856		19.238235240103677		0.8167815208435059		1.160585051767826		0.09477645801305772		0.18955291602611543
857		19.387464227038436		0.8074211478233337		1.1545560030484199		0.10652595244646072		0.21305190489292145
858		19.27273307496216		0.8056100606918335		1.157429240615368		0.09842448654770851		0.19684897309541702
859		19.27862425998319		0.8061730861663818		1.1599780060982705		0.09009055666327477		0.18018111332654954
860		19.402009933954105		0.7892163991928101		1.1367767569208145		0.2643278333902359		0.5286556667804718
861		19.556864619022235		0.8087733387947083		1.1620168995571136		0.08556114054918289		0.17112228109836577
862		19.356677885050885		0.7770640254020691		1.1220181824946402		0.09454307560324669		0.18908615120649339
863		19.402029752964154		0.7992639541625977		1.1494665682673455		0.1711605378985405		0.342321075797081
864		19.530174949904904		0.8122744560241699		1.1675586456632614		0.09417348293066025		0.1883469658613205
865		19.52255741902627		0.7974161505699158		1.1528279743289946		0.13231937513947487		0.26463875027894973
866		19.59714055492077		0.789680540561676		1.1329660889363289		0.08527210563421249		0.17054421126842498
867		19.456497004022822		0.7972919344902039		1.1594650976467133		0.08751929770410061		0.17503859540820121
868		19.54078393301461		0.8178224563598633		1.1642404138565063		0.08635312265753746		0.17270624531507492
869		19.571997951017693		0.798183023929596		1.146214386715889		0.08919739580750466		0.17839479161500932
870		19.595495042041875		0.7850875854492188		1.132796642987728		0.12189061781764031		0.24378123563528062
871		19.609703382011503		0.7966050505638123		1.1425880172348022		0.0849273524492979		0.1698547048985958
872		19.55363795394078		0.7649142146110535		1.1145730054020881		0.12305996716022491		0.24611993432044982
873		19.58294216298964		0.7904336452484131		1.1393597513151168		0.10372172400951385		0.2074434480190277
874		19.643122084089555		0.7847213745117188		1.140332320640087		0.1586246593952179		0.3172493187904358
875		19.44554149999749		0.7815882563591003		1.131546931295395		0.0919169224590063		0.1838338449180126
876		19.435577768017538		0.7967430353164673		1.1451079780220985		0.09430354881882667		0.18860709763765335
877		19.603923236951232		0.7904602885246277		1.1448289515900612		0.09275766795277596		0.18551533590555191
878		19.607259967015125		0.8024374842643738		1.1518159364748002		0.08782035927176475		0.1756407185435295
879		19.420992086059414		0.820740282535553		1.1802877893710138		0.08531515635550022		0.17063031271100043
880		19.422968131955713		0.7587236762046814		1.1181543890881538		0.08853850579857826		0.17707701159715653
881		19.654689137940295		0.7989435195922852		1.1504979054927826		0.09926064469218254		0.19852128938436508
882		19.513029446010478		0.7820863723754883		1.1305101282405854		0.11926060339212417		0.23852120678424835
883		19.487510670092888		0.7706337571144104		1.1236519625020027		0.09235386417210102		0.18470772834420204
884		19.3922530580312		0.7895129323005676		1.139735975110531		0.09025706309676171		0.18051412619352342
885		19.38392475503497		0.7734946608543396		1.1230378558111191		0.08438240467011929		0.16876480934023858
886		19.463872818043455		0.8045721650123596		1.1674482826280594		0.0835518556803465		0.167103711360693
887		19.326200742973015		0.7866289615631104		1.136683311252594		0.14882600866556167		0.29765201733112334
888		19.291495339013636		0.7830422520637512		1.1326891673088073		0.08718676737546921		0.17437353475093842
889		19.30777210998349		0.7904809713363647		1.1396100850367545		0.0846699260622263		0.1693398521244526
890		19.67630808800459		0.7762995958328247		1.1360108988046647		0.10552478020787238		0.21104956041574477
891		19.760853141895495		0.7880860567092896		1.1418212622427941		0.09067358031570912		0.18134716063141823
892		19.54543440800626		0.8119474649429321		1.1645421644830705		0.09433958127498626		0.18867916254997252
893		19.5399100020295		0.8095776438713074		1.150995378305912		0.0845685792684555		0.169137158536911
894		19.54014737100806		0.7635754346847534		1.1236052998828887		0.1266060015320778		0.2532120030641556
895		19.621402031043544		0.7875252962112427		1.1336967136096954		0.08347647797763348		0.16695295595526696
896		19.425815626978874		0.7910553216934204		1.150633752989769		0.0897919181227684		0.1795838362455368
897		19.5371190860169		0.7858774662017822		1.1341072709012032		0.09917134568393231		0.19834269136786462
898		19.30873328493908		0.7846662402153015		1.1425922317910195		0.08440378222465515		0.1688075644493103
899		19.42717653210275		0.7672832608222961		1.1206235873246193		0.09626831411719322		0.19253662823438644
900		19.328710330999456		0.7926749587059021		1.1438683920264243		0.08991555420160294		0.17983110840320587
901		19.36767810303718		0.7750309109687805		1.125503274476528		0.153492989808321		0.306985979616642
902		19.294377157115377		0.790692150592804		1.1490607945394515		0.09221737823486328		0.18443475646972657
903		19.342866878956556		0.770682156085968		1.1290333556103707		0.09310963824391365		0.1862192764878273
904		19.360038046026602		0.8011232018470764		1.1538622514295578		0.10123808861970901		0.20247617723941802
905		19.516260500997305		0.7577414512634277		1.1137791072678567		0.12785656423568725		0.2557131284713745
906		19.462248462019488		0.7824617624282837		1.134432288095951		0.0827534998178482		0.1655069996356964
907		19.636663386947475		0.7783276438713074		1.1288021662664414		0.09459130184948444		0.1891826036989689
908		19.63305080193095		0.782595694065094		1.1237954797887801		0.12005273439288139		0.24010546878576278
909		19.674749186029658		0.7754824161529541		1.1300368665266036		0.08813389313220978		0.17626778626441955
910		19.253620796022005		0.7851170897483826		1.1508284056663514		0.12034800495505332		0.24069600991010665
911		19.283773406990804		0.7735347747802734		1.1243507124471663		0.13060175770521165		0.2612035154104233
912		19.377025816007517		0.805273711681366		1.1571682310032845		0.08615329787731171		0.17230659575462343
913		19.369091691914946		0.7689391374588013		1.1223579303359985		0.08677047891616821		0.17354095783233642
914		19.321373002952896		0.772939145565033		1.126453207130432		0.08509485004842281		0.17018970009684561
915		19.441063435049728		0.7810396552085876		1.1437129752397537		0.09473246403932571		0.18946492807865142
916		19.444386563031003		0.7677767276763916		1.115553504807949		0.0837216229557991		0.1674432459115982
917		19.42646067496389		0.7939503788948059		1.1440763401579856		0.08299030648469925		0.1659806129693985
918		19.513871200964786		0.8023978471755981		1.1488198932719231		0.08355824157595634		0.1671164831519127
919		19.459431137074716		0.7724109888076782		1.1162787229418754		0.08217789980173111		0.16435579960346222
920		19.683400716050528		0.7825002670288086		1.1296720965480804		0.08432318851351737		0.16864637702703475
921		19.631748866988346		0.7777149677276611		1.1229776527404784		0.08195731703341007		0.16391463406682014
922		19.563044973067008		0.7706605792045593		1.121246077451706		0.1364172827422619		0.2728345654845238
923		19.397973721963353		0.7781829237937927		1.1297721337342261		0.08176586113274098		0.16353172226548196
924		19.568538335966878		0.7771257758140564		1.1406183171749116		0.08306528905928134		0.1661305781185627
925		19.353385300957598		0.7712762355804443		1.115650363638401		0.09556076581180095		0.1911215316236019
926		19.68600374297239		0.8094213008880615		1.1587241895341873		0.08126827059686184		0.16253654119372368
927		19.49743779702112		0.7684324979782104		1.1155880950903891		0.09977631570100784		0.19955263140201568
928		19.28822999401018		0.7603907585144043		1.1124094240069389		0.1334958771646023		0.2669917543292046
929		19.335380248026922		0.7803016304969788		1.1319096710324288		0.09509589609503746		0.19019179219007493
930		19.39121606806293		0.7592614889144897		1.1156401782512664		0.10370527130961418		0.20741054261922837
931		19.280742809991352		0.7738441228866577		1.13069341796875		0.13480145114660264		0.26960290229320527
932		19.42999800806865		0.788727343082428		1.1307505266022682		0.08139029416143895		0.1627805883228779
933		19.6225201979978		0.7821603417396545		1.1295225322842597		0.12306909113228322		0.24613818226456644
934		19.42435447801836		0.7626267671585083		1.1197794549393654		0.09042566205263138		0.18085132410526275
935		19.46835291199386		0.7924386262893677		1.1368963408255577		0.0932407211959362		0.1864814423918724
936		19.40537829895038		0.7646220922470093		1.1217204064631463		0.0821876161724329		0.1643752323448658
937		19.394141539931297		0.7761145234107971		1.1272142920255661		0.08094205079078674		0.1618841015815735
938		19.5106280350592		0.7585622668266296		1.1141425985193252		0.08542156923115253		0.17084313846230506
939		19.54361993796192		0.7839024066925049		1.1404702570295333		0.18648995821475983		0.37297991642951966
940		19.363664872013032		0.7639857530593872		1.1141606125593186		0.08652607338130475		0.1730521467626095
941		19.451684858999215		0.793362557888031		1.135273342051506		0.13338629713058472		0.26677259426116945
942		19.35504467401188		0.7646369338035583		1.1138784630918503		0.08120226517319679		0.16240453034639357
943		19.26202459889464		0.7798787355422974		1.1246991993284225		0.09267615165412425		0.1853523033082485
944		19.232518670032732		0.7722445726394653		1.1195777225923538		0.11205339609384536		0.22410679218769072
945		19.449379678000696		0.7717831134796143		1.1222075409173966		0.08863664711415768		0.17727329422831536
946		19.61699663894251		0.7612148523330688		1.1181292559909821		0.09023003095686435		0.1804600619137287
947		19.568869816954248		0.769397497177124		1.1209155872273444		0.08047115301191807		0.16094230602383613
948		19.596841173944995		0.7859551310539246		1.1335534812521935		0.08123368363678456		0.1624673672735691
949		19.614682235987857		0.7627913355827332		1.11746162358284		0.08141327434182168		0.16282654868364335
950		19.497682025074027		0.7685019969940186		1.1203587632393837		0.08089249731302262		0.16178499462604523
951		19.58697492396459		0.7860894203186035		1.1408295603489875		0.07998293299078942		0.15996586598157883
952		19.383545884047635		0.7667504549026489		1.1145197420859336		0.08218779634237289		0.16437559268474577
953		19.28884599893354		0.7788981199264526		1.127959249880314		0.08428441758751869		0.16856883517503737
954		19.340128322015516		0.7676411271095276		1.1143567888450623		0.08151650049984455		0.1630330009996891
955		19.47288938506972		0.7725827693939209		1.1235122496581078		0.09327086242139339		0.18654172484278678
956		19.479537680046633		0.7783253788948059		1.122984901599884		0.11695045185089112		0.23390090370178224
957		19.485494904918596		0.7867827415466309		1.1264185083699227		0.0853459272325039		0.1706918544650078
958		19.170590235036798		0.7666720747947693		1.1202384776687622		0.12113610552549363		0.24227221105098726
959		19.354835847974755		0.7691592574119568		1.1137319834709167		0.13392012960612773		0.26784025921225546
960		19.36422845197376		0.7865053415298462		1.1348768454313278		0.08033813280761241		0.16067626561522483
961		19.423377690953203		0.758196234703064		1.1029353374314308		0.18298127603530884		0.3659625520706177
962		19.468470252933912		0.7695894837379456		1.1209214783453942		0.08714153057336807		0.17428306114673614
963		19.51840712002013		0.763454020023346		1.1150412739014626		0.08131979484558105		0.1626395896911621
964		19.56458675500471		0.7693053483963013		1.126359599275589		0.08027376698851585		0.1605475339770317
965		19.511684936005622		0.7861406207084656		1.139658745379448		0.09703056251406669		0.19406112502813339
966		19.49982632289175		0.763031542301178		1.1173787135243416		0.08116840498745441		0.16233680997490882
967		19.333619375946		0.7607748508453369		1.1069754419970512		0.08108492161333561		0.16216984322667122
968		19.368299284018576		0.7753936648368835		1.1228833211898803		0.0818417206197977		0.1636834412395954
969		19.673067480907775		0.7789245843887329		1.1246851158833504		0.09230231531858445		0.1846046306371689
970		19.302137068938464		0.7558184266090393		1.1074660298132897		0.0799942353785038		0.1599884707570076
971		19.237684024032205		0.7752655148506165		1.1207596025156974		0.09141671097576619		0.18283342195153238
972		19.30305410095025		0.7950735688209534		1.1450647787070274		0.11060462411642075		0.2212092482328415
973		19.47700737300329		0.7711532115936279		1.1256528703856468		0.08107802474200726		0.16215604948401452
974		19.783112594042905		0.758076012134552		1.1077925977778436		0.07994188750982284		0.15988377501964568
975		19.428410585038364		0.7751307487487793		1.1215902355337144		0.08962570548057557		0.17925141096115113
976		19.450129257980734		0.7589117884635925		1.1145171252655983		0.0837377557516098		0.1674755115032196
977		19.494338869932108		0.7607443332672119		1.110775094408989		0.20341908974051476		0.4068381794810295
978		19.437040082062595		0.7646120190620422		1.1143543114161492		0.08225662079751492		0.16451324159502984
979		19.409402657067403		0.7852699160575867		1.1406626949095726		0.08394505334198475		0.1678901066839695
980		19.221038058050908		0.7534886002540588		1.1057044933009148		0.08454657973051072		0.16909315946102144
981		19.256969065056182		0.7633476257324219		1.1193817681598663		0.07971084034144878		0.15942168068289755
982		19.37424000201281		0.7649998068809509		1.1129781067419051		0.08986128220856189		0.17972256441712378
983		19.501247979002073		0.7564717531204224		1.0987272823143006		0.07973362209796905		0.1594672441959381
984		19.418468112009577		0.7638566493988037		1.1080414572072028		0.113815230935812		0.227630461871624
985		19.55386476102285		0.7604497671127319		1.1044915302968026		0.07900995121002197		0.15801990242004393
986		19.360565576003864		0.7594721913337708		1.1103404165267945		0.0805920089930296		0.1611840179860592
987		19.419509007013403		0.774377703666687		1.123558652832508		0.07833881039917469		0.15667762079834938
988		19.557329843984917		0.7624453902244568		1.1185776619601249		0.0790728587090969		0.1581457174181938
989		19.5649432039354		0.7704287171363831		1.1240635384607316		0.08370753802657127		0.16741507605314254
990		19.595463562989607		0.7524638175964355		1.0998451593732834		0.07925438789725303		0.15850877579450606
991		19.41773575602565		0.7472191452980042		1.104845605289936		0.08143932774364948		0.16287865548729896
992		19.515342144062743		0.7599520087242126		1.1096849102544784		0.07867602342665196		0.15735204685330392
993		19.55097513203509		0.7613754272460938		1.1056108983397483		0.12038925042450428		0.24077850084900856
994		19.537436140002683		0.7661360502243042		1.113845166566372		0.07927693187892437		0.15855386375784875
995		19.385446122963913		0.770902693271637		1.1122030482077598		0.07984451313912869		0.15968902627825737
996		19.445673900074326		0.7761474251747131		1.117777315812111		0.15609576152563095		0.3121915230512619
997		19.320109004038386		0.7796838879585266		1.1160962881517411		0.08017085553407668		0.16034171106815337
998		19.463724627974443		0.7667245864868164		1.1147684979104995		0.08140092314183713		0.16280184628367425
999		19.517621311941184		0.7532752752304077		1.1005404273343087		0.16847732805013657		0.33695465610027314
1000		19.510888834949583		0.7648443579673767		1.1136803934025765		0.10149272139668465		0.2029854427933693
1001		19.638516976032406		0.7519802451133728		1.1045288067603112		0.08821231852471828		0.17642463704943656
1002		19.509932212065905		0.7617284059524536		1.1231264618349075		0.08022311248481273		0.16044622496962546
1003		19.56974463898223		0.7489761710166931		1.106610859720707		0.07942038702368737		0.15884077404737473
1004		19.791850751033053		0.7649351358413696		1.1148517338132857		0.07823432269394398		0.15646864538788796
1005		19.74270090390928		0.7554702162742615		1.1147294842910767		0.0828551872164011		0.1657103744328022
1006		19.57954358495772		0.7692899107933044		1.1185694323706628		0.07839824631214141		0.15679649262428283
1007		19.749173576012254		0.7573512196540833		1.1119283475279809		0.0782062746822834		0.1564125493645668
1008		19.691623074002564		0.752413272857666		1.1046048104810715		0.10482113831937313		0.20964227663874627
1009		19.55969304300379		0.7615928053855896		1.1090135043931006		0.0821139076411724		0.1642278152823448
1010		19.410148438066244		0.7728047966957092		1.1234081582689286		0.09199958256483078		0.18399916512966155
1011		19.503845416009426		0.7464557886123657		1.1026390323138238		0.07883468180000781		0.15766936360001563
1012		19.622570735984482		0.7555270791053772		1.1085115665555		0.08274572512209416		0.16549145024418832
1013		19.623579774983227		0.767989456653595		1.1091884869360924		0.07901646359860898		0.15803292719721795
1014		19.347334256977774		0.7699079513549805		1.1117447360253334		0.07994691905379295		0.1598938381075859
1015		19.53708920092322		0.739490270614624		1.0893160118579865		0.08160044710636138		0.16320089421272277
1016		19.570115927024744		0.7887955904006958		1.1286660872912406		0.0782851036131382		0.1565702072262764
1017		19.62860145000741		0.7721441984176636		1.1207931162118911		0.09014146226942539		0.18028292453885078
1018		19.41428402904421		0.7508485913276672		1.1023211690354346		0.07999584897458553		0.15999169794917106
1019		19.347603264963254		0.762244462966919		1.108113379445076		0.07850845901072025		0.1570169180214405
1020		19.34510867402423		0.7646070122718811		1.1113529168748855		0.077423651227355		0.15484730245471
1021		19.375506496056914		0.747280478477478		1.089039401242733		0.08767644490599633		0.17535288981199265
1022		19.469169846037403		0.766632616519928		1.1141651071596146		0.07978476852178573		0.15956953704357146
1023		19.5139771719696		0.7693291306495667		1.1134438014292718		0.09518466158509255		0.1903693231701851
1024		19.66869428800419		0.7597649693489075		1.1081978962373733		0.11981092850565911		0.23962185701131822
1025		19.589017868041992		0.7510786652565002		1.0969199347043037		0.09217953133583069		0.18435906267166138
1026		19.544922291999683		0.7634738683700562		1.1139576150155068		0.08203232063353062		0.16406464126706125
1027		19.487379589001648		0.7458962202072144		1.0942473021149635		0.09437504521012306		0.18875009042024612
1028		19.624551914981566		0.756883442401886		1.1079325190281868		0.1367278746575117		0.2734557493150234
1029		19.55635164200794		0.7494499087333679		1.0986256178331375		0.07903490190505981		0.15806980381011962
1030		19.554478202946484		0.7518594264984131		1.0948812579894065		0.07845446550250053		0.15690893100500106
1031		19.517517247004434		0.7524188160896301		1.1010150873112678		0.07943891703188419		0.15887783406376838
1032		19.477835776051506		0.7550452947616577		1.1009970397424698		0.08771293724775314		0.17542587449550628
1033		19.488815032993443		0.7561428546905518		1.106797824318409		0.0770427396774292		0.1540854793548584
1034		19.720785805024207		0.7484095096588135		1.105629159078598		0.07902356518507003		0.15804713037014007
1035		19.647988271084614		0.7405625581741333		1.091326978957653		0.08195531395375728		0.16391062790751457
1036		19.299603246035986		0.7524341940879822		1.1020133240532874		0.07684924398064613		0.15369848796129226
1037		19.42847854900174		0.7682971954345703		1.1144589070630073		0.16737358483672143		0.33474716967344287
1038		19.41783446399495		0.7707623839378357		1.1130338349056244		0.09371710815429687		0.18743421630859375
1039		19.29081993701402		0.7656137347221375		1.1177346236610413		0.07748240012526512		0.15496480025053025
1040		19.28657044202555		0.7586880326271057		1.0990344553089142		0.1355357943892479		0.2710715887784958
1041		19.39306900394149		0.7585195302963257		1.1077027718257904		0.07656600820422173		0.15313201640844346
1042		19.44299553404562		0.7545711398124695		1.1010309176468849		0.13170785227119922		0.26341570454239843
1043		19.36094449600205		0.7591094374656677		1.116746870455742		0.10467965387701988		0.20935930775403977
1044		19.36784329393413		0.7514536380767822		1.0979301236462593		0.08003872839212417		0.16007745678424834
1045		19.557281053974293		0.751471996307373		1.0988957156395913		0.10075178250074386		0.20150356500148772
1046		19.81335798895452		0.7612341046333313		1.1074309496307373		0.08247873946130276		0.1649574789226055
1047		19.52874714799691		0.754391610622406		1.0990277265787125		0.07670347737371921		0.15340695474743843
1048		19.356987509992905		0.7503408193588257		1.0882465234446526		0.12489660432934761		0.24979320865869523
1049		19.426036813063547		0.7510223984718323		1.1006976355791092		0.11109432489275932		0.22218864978551864
1050		19.565180861973204		0.7436491847038269		1.1018083227968216		0.08140408580005169		0.16280817160010339
1051		19.49959679809399		0.7518706917762756		1.1004825482821465		0.0843498751193285		0.168699750238657
1052		19.461489296983927		0.7446917295455933		1.0943223923778533		0.07727347712218761		0.15454695424437523
1053		19.511628979002126		0.744979202747345		1.0960069979810714		0.08022731342613697		0.16045462685227393
1054		19.44991486496292		0.7559188008308411		1.1007438759970665		0.07844713123440743		0.15689426246881485
1055		19.3813189760549		0.7472947239875793		1.1026725955319405		0.08497252245545388		0.16994504491090776
1056		19.286468662903644		0.7454472184181213		1.0868335290718079		0.11194843843579293		0.22389687687158585
1057		19.649038498057052		0.7453322410583496		1.0939483453011514		0.07654384275674819		0.15308768551349639
1058		19.571475988952443		0.7520353198051453		1.1004556824445724		0.08163030322790146		0.16326060645580293
1059		19.511079192045145		0.7478306889533997		1.0943760641360283		0.0770039189606905		0.154007837921381
1060		19.54359098803252		0.7509170770645142		1.1022062024092674		0.07827937166392804		0.15655874332785608
1061		19.61054924095515		0.7732444405555725		1.1146216224169732		0.07981523725092411		0.15963047450184822
1062		19.736571750952862		0.7482587099075317		1.1041611245036125		0.07725926826894283		0.15451853653788566
1063		19.62305842200294		0.7445404529571533		1.0879073727345467		0.07720081005692482		0.15440162011384964
1064		19.59436712099705		0.7559536695480347		1.0983447440361978		0.07834549480974674		0.1566909896194935
1065		19.595602666027844		0.7485203146934509		1.0942994382596016		0.07680081014037132		0.15360162028074265
1066		19.60199752904009		0.750830352306366		1.0970655856156348		0.07686146119236946		0.15372292238473892
1067		19.485790614038706		0.7530916929244995		1.0934569211602212		0.09280550210475921		0.18561100420951843
1068		19.5629782959586		0.7438607811927795		1.0936648329162597		0.07696265489161015		0.1539253097832203
1069		19.477301193983294		0.7504406571388245		1.0963850781226159		0.11886414030194282		0.23772828060388565
1070		19.416394900064915		0.7512854337692261		1.0900969164586067		0.07594037301540375		0.1518807460308075
1071		19.657094251015224		0.7522920370101929		1.1018034692835807		0.08695153913497924		0.1739030782699585
1072		19.470456066075712		0.7458371520042419		1.086578357117176		0.07893344179689885		0.1578668835937977
1073		19.48703249497339		0.7344391345977783		1.092878034427166		0.08757848216295243		0.17515696432590486
1074		19.539474899997003		0.7483015656471252		1.1041752890348435		0.07679268774688244		0.1535853754937649
1075		19.376474317046814		0.7431989908218384		1.0898028465342522		0.07656069874167443		0.15312139748334885
1076		19.46357857505791		0.7502759695053101		1.1004232958245277		0.08317794622480869		0.16635589244961738
1077		19.44856960210018		0.7362117171287537		1.0852056921696662		0.09809655238986015		0.1961931047797203
1078		19.413405984989367		0.7549972534179688		1.0934770472693442		0.07582185288369656		0.1516437057673931
1079		19.295893791946582		0.7542802691459656		1.0978232086968422		0.08004371004998684		0.16008742009997368
1080		19.422461612033658		0.7600699067115784		1.1057613269877433		0.07950627825558186		0.15901255651116372
1081		19.55716692400165		0.74623703956604		1.0930580030608177		0.08140309111177921		0.16280618222355842
1082		19.405591452959925		0.7470769882202148		1.09518266559124		0.0850449792444706		0.1700899584889412
1083		19.31999842193909		0.738785982131958		1.0931993616318703		0.11316663843393326		0.22633327686786653
1084		19.354377052979544		0.7398683428764343		1.083992512295246		0.09858356320858001		0.19716712641716003
1085		19.33802805596497		0.748214066028595		1.0948204613041879		0.08740781995654107		0.17481563991308213
1086		19.322701129945926		0.7481597661972046		1.0911364633977414		0.07490446081161499		0.14980892162322998
1087		19.23469708696939		0.7583353519439697		1.0985763137483597		0.08267047876119614		0.16534095752239228
1088		19.371723852935247		0.7477812170982361		1.0984890763688087		0.07763694369196891		0.15527388738393783
1089		19.58381617302075		0.7586771845817566		1.0987212232017518		0.07569740801155567		0.15139481602311133
1090		19.666691516991705		0.744042694568634		1.08456810090065		0.07516886632144451		0.15033773264288902
1091		19.496990269981325		0.7415246963500977		1.0857495139980315		0.07797110407352448		0.15594220814704896
1092		19.32570841407869		0.7421747446060181		1.091229060022831		0.07530647235512733		0.15061294471025466
1093		19.388142153038643		0.7533367872238159		1.0969607218933106		0.11622145973443986		0.2324429194688797
1094		19.417608250980265		0.7489829659461975		1.0961809047675133		0.07477844725847244		0.14955689451694487
1095		19.295290664071217		0.737680971622467		1.0840584295010567		0.0765729756951332		0.1531459513902664
1096		19.271766671910882		0.7342329621315002		1.0862273564100267		0.0748172317236662		0.1496344634473324
1097		19.374368535005488		0.7396906614303589		1.0919197447419167		0.07654741073846817		0.15309482147693634
1098		19.370196567033418		0.7409033179283142		1.0873068004918098		0.07474399087429047		0.14948798174858094
1099		19.310192789998837		0.7568498849868774		1.1004436701655387		0.08045008772611618		0.16090017545223237
1100		19.304252928937785		0.7420854568481445		1.0878416321599484		0.07444779789447785		0.1488955957889557
1101		19.29376425407827		0.7450866103172302		1.0901850475287438		0.07541748207807542		0.15083496415615083
1102		19.424620817997493		0.756340742111206		1.0940298285937309		0.07411823767125607		0.14823647534251214
1103		19.40123560500797		0.7415779232978821		1.0906221242380143		0.07761772799491883		0.15523545598983765
1104		19.329280102974735		0.7331664562225342		1.0885011037421226		0.07480513581931592		0.14961027163863183
1105		19.28564086195547		0.7398800849914551		1.083635546195507		0.07554963120222091		0.15109926240444183
1106		19.413773049018346		0.7432931065559387		1.0925793379235267		0.07453939987719059		0.14907879975438118
1107		19.6352961929515		0.7501235008239746		1.093024575445652		0.07466067949235439		0.14932135898470877
1108		19.479728514910676		0.738616406917572		1.082897823779583		0.07578993030190467		0.15157986060380935
1109		19.583760278997943		0.753872811794281		1.1021306597208977		0.11145874744355679		0.22291749488711357
1110		19.42828739795368		0.7519576549530029		1.0966422334074974		0.09267353120744229		0.18534706241488458
1111		19.535265628946945		0.7409458160400391		1.0887649686396121		0.07749714138209819		0.15499428276419638
1112		19.527336308034137		0.7393977046012878		1.087616423432827		0.07479024793207645		0.1495804958641529
1113		19.558024159050547		0.7347984910011292		1.0851062940621377		0.131413589528203		0.262827179056406
1114		19.501589659950696		0.7402518391609192		1.088733978523016		0.07494982814788818		0.14989965629577637
1115		19.396924142958596		0.7435123324394226		1.0856681938433648		0.07385624741911888		0.14771249483823776
1116		19.354915117030032		0.7364367246627808		1.0839073406934738		0.10103870483934879		0.20207740967869758
1117		19.317479921970516		0.739763081073761		1.0931508558559417		0.0744369977504015		0.148873995500803
1118		19.34816651896108		0.7378517985343933		1.0812073731613159		0.0747034030109644		0.1494068060219288
1119		19.66559597896412		0.7349274158477783		1.0888325854587555		0.10619566622078419		0.21239133244156838
1120		19.459792510024272		0.7403988838195801		1.0862167166900634		0.07513030789792538		0.15026061579585076
1121		19.39952393004205		0.7330816984176636		1.0821925414037705		0.07392013568282127		0.14784027136564254
1122		19.582075315061957		0.7479366064071655		1.0942922533226014		0.07688195796608925		0.1537639159321785
1123		19.68241860892158		0.7473421692848206		1.0935152193808555		0.13088330329060555		0.2617666065812111
1124		19.719133884063922		0.7456596493721008		1.0883819087541102		0.07365112521648406		0.14730225043296813
1125		19.69960655795876		0.735298752784729		1.0821454280638694		0.07382532007396221		0.14765064014792442
1126		19.66019766498357		0.7501021027565002		1.0956950151848792		0.08387757052183151		0.16775514104366301
1127		19.738476909929886		0.7380077838897705		1.0874896827733516		0.07395106799602509		0.14790213599205018
1128		19.688559044036083		0.7405749559402466		1.0875500299334526		0.0738942589044571		0.1477885178089142
1129		19.652383091975935		0.7471301555633545		1.08257307970047		0.08190350728034973		0.16380701456069946
1130		19.2899108720012		0.7380967736244202		1.0890193243455888		0.07690844076573848		0.15381688153147696
1131		19.312628907966428		0.7334273457527161		1.0811498155760766		0.07706907693743706		0.15413815387487412
1132		19.47644387301989		0.7387627959251404		1.0823903699755668		0.08106165650784969		0.16212331301569938
1133		19.49082809803076		0.7303311824798584		1.0806198302149772		0.0744485260784626		0.1488970521569252
1134		19.3901960789226		0.7430384755134583		1.0778493550372124		0.07366633887887002		0.14733267775774003
1135		19.384109286009334		0.7272905111312866		1.0759718928790092		0.08575969272851944		0.17151938545703888
1136		19.471913683926687		0.7388849258422852		1.0847313047766685		0.07408793016374111		0.14817586032748223
1137		19.512036215979606		0.7374535202980042		1.08972741669178		0.07380888505578041		0.14761777011156083
1138		19.361658181995153		0.7475629448890686		1.0912669578921794		0.08102142038941383		0.16204284077882766
1139		19.59273239201866		0.7367877960205078		1.0756451157462597		0.07313199995160102		0.14626399990320205
1140		19.414889639010653		0.7444955110549927		1.0845519568681716		0.07319374347627162		0.14638748695254325
1141		19.522764332941733		0.7323231101036072		1.0803234404230118		0.0753218839943409		0.1506437679886818
1142		19.360183711978607		0.7496914863586426		1.08969330163002		0.08129928786158562		0.16259857572317124
1143		19.35760735196527		0.7354233264923096		1.0792983054494858		0.07336605641245841		0.14673211282491683
1144		19.416335251065902		0.7368126511573792		1.080195558218956		0.07327230428755284		0.14654460857510568
1145		19.398937468999065		0.7385004758834839		1.0830282705545426		0.07378954421281815		0.1475790884256363
1146		19.447529942030087		0.7391481995582581		1.0817719418478011		0.07301618548631668		0.14603237097263336
1147		19.393615005072206		0.7319561243057251		1.0795400987911223		0.07294252325892449		0.14588504651784898
1148		19.348667673999444		0.7406165599822998		1.0893419972252847		0.07689099443852901		0.15378198887705802
1149		19.522744819056243		0.7385838627815247		1.0798604724264145		0.08273558872044086		0.16547117744088172
1150		19.534393056994304		0.7341251373291016		1.0863877973532676		0.07362675256729126		0.14725350513458252
1151		19.378198862075806		0.7334927320480347		1.0730542336034774		0.116712931483984		0.233425862967968
1152		19.26761058694683		0.7282584309577942		1.0795928581643104		0.07294583547115326		0.1458916709423065
1153		19.424049963010475		0.7429273128509521		1.0836911655926704		0.07325348132550716		0.14650696265101432
1154		19.432692211004905		0.7285338044166565		1.0774952251553536		0.07544566821753979		0.15089133643507957
1155		19.581828837981448		0.7339230179786682		1.0819092554938794		0.07805142843723298		0.15610285687446596
1156		19.42666201898828		0.7315636277198792		1.083985139465332		0.07331431921720505		0.1466286384344101
1157		19.32796791405417		0.7356307506561279		1.0822926879143715		0.07274949159622192		0.14549898319244384
1158		19.501894175074995		0.7378756999969482		1.0850146129250526		0.0729234663426876		0.1458469326853752
1159		19.425012625055388		0.7315544486045837		1.0777534814596177		0.07944722601175308		0.15889445202350616
1160		19.354782718000934		0.7371795773506165		1.0784096223235131		0.07342870844602585		0.1468574168920517
1161		19.362625612062402		0.7377226948738098		1.084511194934845		0.07301104376018047		0.14602208752036094
1162		19.40168607898522		0.7355877161026001		1.0807583608484268		0.07305202271342277		0.14610404542684555
1163		19.342772391042672		0.740002453327179		1.0761896981167793		0.07272570699453354		0.14545141398906708
1164		19.334985431982204		0.7370250821113586		1.081227574737072		0.07392229787409306		0.14784459574818612
1165		19.28027345892042		0.7393552660942078		1.0815687608909608		0.0737416966676712		0.1474833933353424
1166		19.438139999983832		0.7321146130561829		1.0719847881770135		0.07364706056714058		0.14729412113428117
1167		19.322866804082878		0.7311042547225952		1.0741074302315712		0.07378281526267529		0.14756563052535057
1168		19.292033720994368		0.7345776557922363		1.0845412125992775		0.07219315469563008		0.14438630939126015
1169		19.448810698930174		0.738410234451294		1.079780314952135		0.07319973706901073		0.14639947413802146
1170		19.42769014998339		0.7351271510124207		1.0783492289090157		0.07247227649092675		0.1449445529818535
1171		19.54915019602049		0.7328383922576904		1.0753002595615386		0.07719476459622383		0.15438952919244767
1172		19.58907810598612		0.730009913444519		1.0734467690098286		0.07214893970191479		0.14429787940382957
1173		19.262966306996532		0.7375999689102173		1.0807713252043725		0.07213379749655724		0.14426759499311448
1174		19.259923676028848		0.7338100671768188		1.0762332210850716		0.07382365892231464		0.14764731784462928
1175		19.457695082062855		0.7264363169670105		1.080512601430416		0.07287902616262436		0.14575805232524872
1176		19.466468669008464		0.7279686331748962		1.075708804614544		0.0722771568596363		0.1445543137192726
1177		19.395777951111086		0.7275844216346741		1.0742614087474347		0.0752586863219738		0.1505173726439476
1178		19.324285467038862		0.7299028635025024		1.0794944190192222		0.07199792756140232		0.14399585512280463
1179		19.36688119696919		0.7368596196174622		1.0785988825130464		0.07338599742650986		0.14677199485301973
1180		19.366855463013053		0.7298060059547424		1.075412782843113		0.07988459998369217		0.15976919996738434
1181		19.336024196934886		0.7310020923614502		1.0794351223874092		0.07276287355422974		0.14552574710845947
1182		19.31113003194332		0.7394477725028992		1.080736676158905		0.07400383521318436		0.14800767042636873
1183		19.291166456067003		0.7290903925895691		1.073425947713852		0.07179076267778874		0.14358152535557747
1184		19.49550448800437		0.734449565410614		1.0811046950995922		0.0728404166072607		0.1456808332145214
1185		19.358152561006136		0.7277140617370605		1.0740903600764276		0.0720942565023899		0.1441885130047798
1186		19.32820179394912		0.7277756333351135		1.075579692635536		0.07198139027953147		0.14396278055906295
1187		19.517573580960743		0.7368946075439453		1.0804839776778221		0.07439096754193306		0.1487819350838661
1188		19.36676402098965		0.7356123328208923		1.0769137367391586		0.07195313629209996		0.1439062725841999
1189		19.356096273986623		0.7269904017448425		1.0757578962779044		0.07704964756071568		0.15409929512143136
1190		19.48025075602345		0.7256949543952942		1.0762226044154166		0.0781641843020916		0.1563283686041832
1191		19.57859061693307		0.730574369430542		1.076124685909748		0.07222507803440094		0.14445015606880188
1192		19.639425419969484		0.7471588850021362		1.0850508492803574		0.0718242173999548		0.1436484347999096
1193		19.310183621011674		0.7290064096450806		1.0745864804983138		0.07372709375321865		0.1474541875064373
1194		19.347227334044874		0.724821150302887		1.0713889991164207		0.07195436658263206		0.14390873316526412
1195		19.36665589804761		0.7359954714775085		1.0725923877811432		0.07144553405940533		0.14289106811881067
1196		19.56853643094655		0.7338736653327942		1.0741501178121566		0.07188134796917439		0.14376269593834878
1197		19.504422051017173		0.7271454334259033		1.0750142185163498		0.07205627429783344		0.14411254859566688
1198		19.449686490930617		0.7296941876411438		1.0723283507966994		0.07337695497572422		0.14675390995144844
1199		19.236849376000464		0.7418684959411621		1.0851910230636597		0.07437790516018868		0.14875581032037735
1200		19.182013920973986		0.7263035774230957		1.07665007499218		0.07299569482207298		0.14599138964414596
1201		19.400654747965746		0.7270310521125793		1.0741601393496991		0.07161250920295716		0.1432250184059143
1202		19.399762554094195		0.7349256277084351		1.0716277264118195		0.07166087459027767		0.14332174918055535
1203		19.375696913921274		0.7392261624336243		1.0786068993544577		0.07312754482924938		0.14625508965849876
1204		19.315051259938627		0.7304791808128357		1.0756538568377494		0.0868620960175991		0.1737241920351982
1205		19.523754580994137		0.7233510613441467		1.0704794774270057		0.07332596974372864		0.14665193948745728
1206		19.48143240099307		0.7257484793663025		1.0747411218857765		0.07526320833563804		0.1505264166712761
1207		19.44977225200273		0.7247501611709595		1.0720542914783955		0.0714216786712408		0.1428433573424816
1208		19.63955063407775		0.728387713432312		1.0769307457566262		0.07136437951624393		0.14272875903248786
1209		19.421275089029223		0.7299062609672546		1.07454123929739		0.07483424107730388		0.14966848215460776
1210		19.549574965960346		0.729076087474823		1.0743817119896413		0.07509602255821228		0.15019204511642456
1211		19.32291719992645		0.73582524061203		1.0779444379401206		0.07123311598896981		0.14246623197793962
1212		19.433563899016008		0.7218575477600098		1.073152076628208		0.07120966041684151		0.14241932083368303
1213		19.31993948703166		0.7376575469970703		1.0738983297502995		0.07182283915281296		0.1436456783056259
1214		19.397701357025653		0.7323909401893616		1.0687553232622147		0.09250414437055587		0.18500828874111175
1215		19.519966342952102		0.728814423084259		1.0729730722248554		0.09900149213373662		0.19800298426747323
1216		19.48931662796531		0.7278790473937988		1.0736208549785613		0.07154288816452026		0.14308577632904051
1217		19.641711952048354		0.7198413610458374		1.0719641729342937		0.07166684646010399		0.14333369292020798
1218		19.654848676989786		0.7268713712692261		1.0743262848055364		0.07275335238873959		0.14550670477747918
1219		19.576359373982996		0.7365187406539917		1.074281255853176		0.07118058111965657		0.14236116223931314
1220		19.434569485951215		0.7256481647491455		1.070540539368391		0.07179368248283863		0.14358736496567726
1221		19.47045922104735		0.738905668258667		1.0720608515751362		0.07134343520998955		0.1426868704199791
1222		19.77296120801475		0.7358863949775696		1.0722017542088031		0.07073867842257023		0.14147735684514046
1223		19.694001563009806		0.7253302335739136		1.0705026613330841		0.07166758080720902		0.14333516161441803
1224		19.667086884961464		0.7288468480110168		1.0752863510107995		0.07132145267426968		0.14264290534853935
1225		19.609079028945416		0.7383830547332764		1.071580323741436		0.07075538001656533		0.14151076003313065
1226		19.70927834592294		0.7273273468017578		1.0703216542613507		0.0712652009099722		0.1425304018199444
1227		19.729262562002987		0.7287896871566772		1.069490771036148		0.07078274698257446		0.14156549396514892
1228		19.74621314695105		0.7367554306983948		1.066398456568718		0.07085355101525784		0.14170710203051567
1229		19.41526599309873		0.7298210263252258		1.0697643280553817		0.07067870467305183		0.14135740934610366
1230		19.50612919102423		0.7355759143829346		1.0701523025083541		0.07426929830610753		0.14853859661221505
1231		19.619936415925622		0.7368018627166748		1.0763057345032692		0.07067116230428219		0.14134232460856438
1232		19.712350576068275		0.7262142896652222		1.0713938067221642		0.07092512192726136		0.14185024385452272
1233		19.64598912501242		0.7228320837020874		1.0692369171071052		0.07061710789203644		0.1412342157840729
1234		19.4956525079906		0.7348232865333557		1.0721078272306919		0.07080865800380706		0.14161731600761412
1235		19.433147539035417		0.7275277376174927		1.0656617821907997		0.07064436410069466		0.14128872820138932
1236		19.528453460079618		0.7340478897094727		1.073470749874115		0.07070737043023109		0.14141474086046218
1237		19.31205194303766		0.7284256815910339		1.0733108216297627		0.07065646227896213		0.14131292455792427
1238		19.24796123604756		0.7296055555343628		1.0699234321939946		0.07034413000047207		0.14068826000094414
1239		19.37397431000136		0.7257376909255981		1.069359756193161		0.07037174149751663		0.14074348299503325
1240		19.422236240003258		0.7330476641654968		1.0713859988164902		0.07234447208940983		0.14468894417881967
1241		19.4717275260482		0.7355547547340393		1.0686884697008132		0.0712181703209877		0.1424363406419754
1242		19.446751786977984		0.7242583632469177		1.0691646755564213		0.07206472507119178		0.14412945014238357
1243		19.40038332401309		0.7297335863113403		1.0682097839593887		0.07035932579636574		0.14071865159273148
1244		19.38685076602269		0.7336362600326538		1.0679820262205602		0.07222116923630238		0.14444233847260476
1245		19.37400075199548		0.7326828837394714		1.0696304472541809		0.070440492734313		0.140880985468626
1246		19.397162974928506		0.7301570773124695		1.0715410954797269		0.07055564833581447		0.14111129667162894
1247		19.258875675033778		0.7194728851318359		1.069674499746561		0.07026240597069264		0.14052481194138527
1248		19.432646954082884		0.7277018427848816		1.071456113858223		0.0740607599824667		0.1481215199649334
1249		19.48591962805949		0.7347994446754456		1.0713580930018425		0.07017980301678181		0.14035960603356362
1250		19.41948298504576		0.7239874601364136		1.0681804327774047		0.07083468169867993		0.14166936339735986
1251		19.335824660025537		0.7315354347229004		1.068208085451126		0.07140324536859989		0.14280649073719978
1252		19.382419180939905		0.728064775466919		1.0687563862013816		0.07030991945266724		0.14061983890533447
1253		19.449892463046126		0.7231258153915405		1.0695737059092523		0.07061659910678864		0.14123319821357727
1254		19.40644120692741		0.7229475378990173		1.0672993958866597		0.07048012792468071		0.14096025584936142
1255		19.42855910002254		0.7244632840156555		1.069718551005125		0.07049811508655549		0.14099623017311097
1256		19.50157208298333		0.7386432886123657		1.07073173101902		0.07057255918383598		0.14114511836767196
1257		19.7355496250093		0.7361559271812439		1.071298510414362		0.070426884162426		0.140853768324852
1258		19.852067850064486		0.7304151654243469		1.0704121849381925		0.07088491401970387		0.14176982803940774
1259		19.74770481104497		0.726347029209137		1.0684619324982165		0.0701078467398882		0.1402156934797764
1260		19.673918514046818		0.7332445383071899		1.0672951587450503		0.07038926452994347		0.14077852905988694
1261		19.737882782006636		0.7253033518791199		1.0693012808585167		0.07084947581291198		0.14169895162582397
1262		19.788949736976065		0.7221365571022034		1.0692527811217307		0.07193291307687759		0.14386582615375518
1263		19.66160636395216		0.720771849155426		1.067927128316164		0.06981944766044616		0.13963889532089233
1264		19.456576431985013		0.7275375723838806		1.0682349593424798		0.06997465239465236		0.13994930478930473
1265		19.55086984904483		0.7217006087303162		1.0672550379920005		0.0699769470334053		0.1399538940668106
1266		19.71714498498477		0.7264516353607178		1.065224778522253		0.07057270628511905		0.1411454125702381
1267		19.62911051895935		0.72828209400177		1.0703089425969123		0.07048500572741032		0.14097001145482063
1268		19.516887024976313		0.7263825535774231		1.0657998161458968		0.06980758766531944		0.13961517533063889
1269		19.293031412991695		0.7276368737220764		1.0660964223718643		0.06992708425223827		0.13985416850447654
1270		19.379898901912384		0.7249773740768433		1.0672079377913475		0.07739692592322826		0.15479385184645653
1271		19.741683096042834		0.7308886647224426		1.0643875871419906		0.06988451423346996		0.13976902846693992
1272		19.3634355639806		0.7299085855484009		1.070001220459938		0.07114319540560246		0.14228639081120492
1273		19.304809923982248		0.7232733368873596		1.064310260016918		0.06968537509143352		0.13937075018286704
1274		19.31720971292816		0.7324358224868774		1.0688204607486724		0.06986892594993115		0.1397378518998623
1275		19.36512881901581		0.7330324649810791		1.066723362441063		0.07073783814907074		0.14147567629814148
1276		19.354601643048227		0.7243277430534363		1.0669782729029655		0.07050504162013531		0.14101008324027062
1277		19.40896544593852		0.7228198051452637		1.0673475968658923		0.0700370632737875		0.140074126547575
1278		19.330779483076185		0.7329646944999695		1.0641335812962056		0.0698105582267046		0.1396211164534092
1279		19.555317369988188		0.7311512231826782		1.0669356120800972		0.07541822982430459		0.15083645964860917
1280		19.575993716949597		0.7280022501945496		1.066697064088583		0.06993381597697734		0.13986763195395469
1281		19.343394813942723		0.732352614402771		1.0670322287130356		0.07949523365497589		0.15899046730995178
1282		19.339262180030346		0.7238407731056213		1.0679370285367966		0.06974345633089542		0.13948691266179084
1283		19.49345179600641		0.7258123159408569		1.0673965900099278		0.06967568199336528		0.13935136398673056
1284		19.501449920004234		0.7229936718940735		1.0653246111655235		0.06958377653956413		0.13916755307912826
1285		19.442442183033563		0.7314971089363098		1.0656199070787429		0.06965428716242314		0.13930857432484628
1286		19.446014464949258		0.7313342094421387		1.0667063298892976		0.07066256229877473		0.14132512459754945
1287		19.4433659670176		0.719108521938324		1.0638728610897064		0.06967895714342594		0.13935791428685187
1288		19.681914265966043		0.7251419425010681		1.0667904541158677		0.06993487702608109		0.13986975405216218
1289		19.637299566995353		0.7265836596488953		1.0677401402461528		0.07489162701964379		0.14978325403928758
1290		19.306197143974714		0.7266945242881775		1.0632770107543468		0.06950994753539562		0.13901989507079124
1291		19.577726532006636		0.7203035950660706		1.0678524167895318		0.07011185719072818		0.14022371438145637
1292		19.48621127998922		0.7214099168777466		1.0654389368975163		0.06940143281221389		0.13880286562442778
1293		19.345242836046964		0.7262199521064758		1.0651638204705716		0.07801009237468243		0.15602018474936485
1294		19.491841073031537		0.7258855104446411		1.0665564965486527		0.07005575328469277		0.14011150656938554
1295		19.553029433940537		0.7252551317214966		1.068164387230873		0.07678006071746349		0.15356012143492698
1296		19.40338538796641		0.7243515253067017		1.0648788870072365		0.06951170018315316		0.1390234003663063
1297		19.650415749987587		0.7288722991943359		1.0652328915929794		0.06948887953460217		0.13897775906920434
1298		19.37215285503771		0.7274918556213379		1.063983949369192		0.06936285296976566		0.13872570593953132
1299		19.37130644498393		0.7201890349388123		1.0656876243841649		0.06951930374801159		0.13903860749602318
1300		19.366050650947727		0.7357549071311951		1.0653637054800986		0.06947224278748035		0.1389444855749607
1301		19.396425109007396		0.7291035652160645		1.0663253049063683		0.06942391087412834		0.1388478217482567
1302		19.425144520937465		0.7241535186767578		1.0628824254870415		0.06951971738934518		0.13903943477869035
1303		19.471886081038974		0.7284958958625793		1.0651805203664302		0.06913115521073342		0.13826231042146683
1304		19.50711250503082		0.7273877263069153		1.0647075177454948		0.06922885148227215		0.1384577029645443
1305		19.4634472070029		0.7315794229507446		1.0635868922531604		0.06959075910151005		0.1391815182030201
1306		19.49276740499772		0.7276662588119507		1.0636445679926871		0.06935668733119965		0.1387133746623993
1307		19.436330034048297		0.7291213870048523		1.0641938449943065		0.06916928824186325		0.1383385764837265
1308		19.58824873995036		0.7238994836807251		1.0643291956055165		0.069242115265131		0.138484230530262
1309		19.632450480014086		0.7300530076026917		1.0630724965548515		0.06914609369337558		0.13829218738675117
1310		19.602357398020104		0.7224426865577698		1.062823981795311		0.06907867259383202		0.13815734518766404
1311		19.342879128060304		0.7318074703216553		1.0632612718558312		0.06904608650803566		0.13809217301607132
1312		19.55548020498827		0.7276318073272705		1.0617447063791752		0.06971161729097367		0.13942323458194733
1313		19.60901874897536		0.7269799113273621		1.064552219982147		0.06932980519533158		0.13865961039066316
1314		19.730201922007836		0.7291887998580933		1.0634115631747245		0.06920121594965457		0.13840243189930915
1315		19.334890487021767		0.7334392070770264		1.065929211807251		0.06927643411159515		0.1385528682231903
1316		19.463029911043122		0.7259305119514465		1.0632239664518832		0.06923631189167499		0.13847262378334999
1317		19.41686454298906		0.7377200722694397		1.0619491941654682		0.06907161603569985		0.1381432320713997
1318		19.468192021013238		0.7242826223373413		1.0638805941450595		0.0692272762298584		0.1384545524597168
1319		19.47658060793765		0.7192763686180115		1.0618799160301686		0.06910149698257446		0.13820299396514893
1320		19.458322676015086		0.7264868021011353		1.0651714168703557		0.0691176155090332		0.1382352310180664
1321		19.531914292019792		0.719611644744873		1.0630690266644955		0.06903415926098823		0.13806831852197646
1322		19.499626855016686		0.727910578250885		1.0623966088056565		0.0690595265686512		0.1381190531373024
1323		19.59008776093833		0.7201024293899536		1.061657440342903		0.06886945820748806		0.13773891641497613
1324		19.63610725395847		0.7319338321685791		1.063792895696163		0.06913611793518067		0.13827223587036133
1325		19.554894292959943		0.7305837273597717		1.0642045576024055		0.06905167130231857		0.13810334260463714
1326		19.574104428989813		0.7313946485519409		1.0635566641449927		0.069024211114645		0.13804842222929
1327		19.445780358975753		0.7254703044891357		1.0628731584620477		0.07212703300416469		0.14425406600832938
1328		19.35856511699967		0.724750816822052		1.0628686139035224		0.07067743552327156		0.14135487104654312
1329		19.393674106919207		0.7222222685813904		1.0638409942960738		0.06900043860673905		0.1380008772134781
1330		19.599381271051243		0.7341907024383545		1.0614143976342678		0.07299147998988628		0.14598295997977256
1331		19.520938203088008		0.7217825651168823		1.0627032297813892		0.06991782825887204		0.13983565651774407
1332		19.56805099605117		0.7230631709098816		1.0615218029403686		0.0696316547691822		0.1392633095383644
1333		19.407469678903		0.7264546155929565		1.0620494323170184		0.06891780953109264		0.13783561906218528
1334		19.473718535038643		0.731048583984375		1.062892376408577		0.06909782673120499		0.13819565346240997
1335		19.50146698509343		0.7264338731765747		1.0611318594050407		0.06893759264647961		0.13787518529295922
1336		19.62503818992991		0.728412389755249		1.061441414693594		0.06885960240364075		0.1377192048072815
1337		19.42463050293736		0.7217569351196289		1.0628476731145382		0.06886257318258286		0.13772514636516572
1338		19.496737768989988		0.7257488965988159		1.060415077599287		0.06887047083377838		0.13774094166755677
1339		19.599912411998957		0.7337379455566406		1.0642587894785405		0.06892471867799758		0.13784943735599517
1340		19.481539709027857		0.7267875075340271		1.062234196829796		0.06891587270796298		0.13783174541592597
1341		19.56326883006841		0.723806619644165		1.0618911817336083		0.0700414045393467		0.1400828090786934
1342		19.584032626939006		0.7358444929122925		1.0614132333874702		0.07011675789952278		0.14023351579904555
1343		19.431013764929958		0.7274613380432129		1.0625860644817353		0.0688346173197031		0.1376692346394062
1344		19.433428723947145		0.7284438610076904		1.0611418886744977		0.06916901093721389		0.13833802187442779
1345		19.332440447993577		0.7202113270759583		1.0635004642534256		0.069167791852355		0.13833558370471
1346		19.426274258992635		0.725845456123352		1.0598770526635646		0.06875123550593853		0.13750247101187707
1347		19.355329049983993		0.7267189621925354		1.0641909827446938		0.06868517007529736		0.1373703401505947
1348		19.502360241953284		0.7215861678123474		1.0605240794289112		0.06870472196936607		0.13740944393873214
1349		19.649258606950752		0.7200790643692017		1.0623322574281693		0.06876762651801109		0.13753525303602218
1350		19.44538827694487		0.7238307595252991		1.061167831966877		0.06897799788117409		0.13795599576234818
1351		19.576179423951544		0.7219482660293579		1.0617039234805108		0.0686948238313198		0.1373896476626396
1352		19.715300522977486		0.7255584001541138		1.062189376232624		0.06892628046274185		0.1378525609254837
1353		19.49123215698637		0.7282041311264038		1.0612606306767465		0.06936684021353721		0.13873368042707443
1354		19.506992319016717		0.7240170240402222		1.062692712006569		0.0688639043211937		0.1377278086423874
1355		19.51296976499725		0.7283720374107361		1.0629298556745053		0.06885403053462505		0.1377080610692501
1356		19.669819916016422		0.714817464351654		1.0606975177073479		0.06931721414327621		0.13863442828655242
1357		19.82583574997261		0.7200320363044739		1.0631527796590328		0.06865956257283688		0.13731912514567376
1358		19.855600095004775		0.7292811274528503		1.0612676379156112		0.06893795054852962		0.13787590109705924
1359		19.618270770995878		0.717744767665863		1.0597537198400497		0.06870594950318336		0.13741189900636672
1360		19.65829739009496		0.7273331880569458		1.061979007461071		0.06884314411580562		0.13768628823161125
1361		19.64566773502156		0.7156431078910828		1.0604880215871335		0.06969096611142159		0.13938193222284317
1362		19.583014155970886		0.7285531759262085		1.0623861327695847		0.06946555968225002		0.13893111936450003
1363		19.661341032013297		0.7297195792198181		1.0603877895724774		0.06864740056097507		0.13729480112195014
1364		19.70160638995003		0.7288407683372498		1.0602912886786462		0.06864228995144367		0.13728457990288734
1365		19.75992258300539		0.7243356108665466		1.0601714841139316		0.06860267214179039		0.13720534428358078
1366		19.60420677100774		0.729236364364624		1.0607548991668225		0.068586143592		0.137172287184
1367		19.40635227796156		0.7237871885299683		1.0597183599328994		0.06851493560671806		0.13702987121343613
1368		19.45195711508859		0.7248599529266357		1.0618243694794178		0.06859082734286785		0.1371816546857357
1369		19.55726315197535		0.7135024666786194		1.060540578906536		0.06856865330338478		0.13713730660676957
1370		19.589063882944174		0.7238305807113647		1.0616612880241871		0.06859122417271138		0.13718244834542276
1371		19.549418485024944		0.723112940788269		1.0605671555101872		0.06879444691836833		0.13758889383673667
1372		19.492133222986013		0.7261891961097717		1.0606767411470412		0.06885066327750683		0.13770132655501366
1373		19.615597528987564		0.7348806262016296		1.0603068305373191		0.06931332376003266		0.13862664752006532
1374		19.59377684898209		0.7268024682998657		1.0591480740344525		0.06848719597756862		0.13697439195513725
1375		19.353999124956317		0.7201723456382751		1.0618457899045943		0.06856280148923397		0.13712560297846793
1376		19.300556977046654		0.7263898849487305		1.0590237236273288		0.06844608568549156		0.1368921713709831
1377		19.33042449899949		0.7275864481925964		1.0586580839288235		0.0685085590183735		0.137017118036747
1378		19.50690972909797		0.7186029553413391		1.0620916964054108		0.06851449075937271		0.13702898151874543
1379		19.58590789802838		0.7214334011077881		1.0602938480818271		0.06848139024376869		0.13696278048753738
1380		19.605793926049955		0.7237429618835449		1.0602549955558778		0.06849446218907833		0.13698892437815666
1381		19.6474725069711		0.7308014631271362		1.0598912632775306		0.06848673728704452		0.13697347457408904
1382		19.480848301085643		0.7261070013046265		1.0591425253486633		0.06847027705013752		0.13694055410027503
1383		19.5154564329423		0.7154070138931274		1.059942125054598		0.06846243097484112		0.13692486194968223
1384		19.56292258296162		0.7171401381492615		1.0581033758616447		0.06852463530004024		0.13704927060008049
1385		19.604981902055442		0.7271268367767334		1.0589230352580548		0.0684573416620493		0.1369146833240986
1386		19.560143704060465		0.7311426997184753		1.0608528476047516		0.06851933991611003		0.13703867983222007
1387		19.543140169000253		0.7246290445327759		1.0586596785473823		0.06946034570932388		0.13892069141864777
1388		19.471146336058155		0.7200116515159607		1.0608896399319172		0.06842149645984173		0.13684299291968346
1389		19.507999095949344		0.7247057557106018		1.0600989053964616		0.06839996768534183		0.13679993537068366
1390		19.517798791988753		0.7249974012374878		1.0592028812229632		0.06841820204555989		0.13683640409111977
1391		19.715096997097135		0.722963273525238		1.0591248463833332		0.06856007034778595		0.1371201406955719
1392		19.619821858941577		0.7203640341758728		1.0602344631278515		0.0684091397255659		0.1368182794511318
1393		19.486458931001835		0.7327613830566406		1.0605932372641564		0.06843769882321357		0.13687539764642714
1394		19.36866864701733		0.7230392694473267		1.0588704095268249		0.06846608381271363		0.13693216762542726
1395		19.492813593009487		0.7245830297470093		1.0600659446442127		0.06843769834339619		0.13687539668679238
1396		19.63856410700828		0.7280367612838745		1.0599036106681823		0.06836857122480869		0.13673714244961738
1397		19.50242407200858		0.7218403220176697		1.0593685611712933		0.06837122544944287		0.13674245089888573
1398		19.536130293039605		0.7258290648460388		1.0594746253263951		0.06835816478133201		0.13671632956266402
1399		19.566327937995084		0.7267983555793762		1.0611603429114818		0.0684337847828865		0.136867569565773
1400		19.711358590051532		0.7303485870361328		1.0602874552190305		0.06843324257135391		0.13686648514270783
1401		19.724596615997143		0.7186573147773743		1.0602242365860939		0.06835832403600216		0.13671664807200432
1402		19.369960515061393		0.7307011485099792		1.0588602702367307		0.06835741160809994		0.13671482321619988
1403		19.45730014005676		0.7275800108909607		1.0593379146504402		0.0684076962172985		0.136815392434597
1404		19.807564257993363		0.7238989472389221		1.0583938902795316		0.06834185159802438		0.13668370319604875
1405		19.575033082044683		0.7332695722579956		1.0603400790357589		0.06836240781247616		0.1367248156249523
1406		19.563273090985604		0.7243617177009583		1.061655052998066		0.0683920355707407		0.1367840711414814
1407		19.451704011997208		0.7266066074371338		1.0600808718049526		0.06840114241838455		0.1368022848367691
1408		19.413188601960428		0.7252933979034424		1.058181561114788		0.06834304277002812		0.13668608554005623
1409		19.743549049948342		0.7308814525604248		1.059050270344019		0.0683947939902544		0.1367895879805088
1410		19.568224192014895		0.7254785895347595		1.058978285434246		0.06831969255805015		0.1366393851161003
1411		19.508793208980933		0.7224959135055542		1.0577467522108555		0.06830553596913815		0.1366110719382763
1412		19.466191623941995		0.721530556678772		1.0606893446028232		0.0684069747388363		0.1368139494776726
1413		19.564894602051936		0.7245681881904602		1.0572306215047835		0.06835420964062214		0.13670841928124428
1414		19.47643826098647		0.7206109166145325		1.05916727506876		0.06830074090063572		0.13660148180127143
1415		19.448445049929433		0.7277618646621704		1.0584892920982838		0.06832156560122966		0.13664313120245933
1416		19.40307024505455		0.7255371809005737		1.059937112954855		0.06834679500758647		0.13669359001517295
1417		19.726102001965046		0.7184430956840515		1.0591369292747974		0.06829431243538857		0.13658862487077714
1418		19.652742741978727		0.7215920686721802		1.0599566999220849		0.06827523280978202		0.13655046561956405
1419		19.42946195404511		0.7261531949043274		1.058610500200987		0.06828999507427215		0.1365799901485443
1420		19.328050769981928		0.7177209258079529		1.0600721016716956		0.06830530884563923		0.13661061769127847
1421		19.386284927953966		0.7218025326728821		1.058691197785139		0.06824897175133228		0.13649794350266456
1422		19.379563829977997		0.7260770797729492		1.0580437885439395		0.06833421863019466		0.13666843726038932
1423		19.330724045983516		0.7278207540512085		1.0590503824579716		0.06825965451002121		0.13651930902004242
1424		19.49333386402577		0.7279898524284363		1.0592052131307126		0.06828630256950856		0.13657260513901712
1425		19.488532619085163		0.7214645743370056		1.0591744449603557		0.06827944588065148		0.13655889176130295
1426		19.378985169925727		0.7244323492050171		1.0599837925505637		0.0682744115203619		0.1365488230407238
1427		19.369699766044505		0.7298371195793152		1.0596164170742035		0.06825044690668583		0.13650089381337166
1428		19.430133329005912		0.7246267795562744		1.0580188262653352		0.06825234331786632		0.13650468663573265
1429		19.349360315944068		0.7232298254966736		1.057977870106697		0.0683169054210186		0.1366338108420372
1430		19.39950019598473		0.7206289768218994		1.0596118406283856		0.06824551988840104		0.13649103977680208
1431		19.42263098200783		0.7297456860542297		1.0589617810595036		0.06822501080930234		0.13645002161860467
1432		19.335092868073843		0.7208999991416931		1.057174574917555		0.06823025541007519		0.13646051082015037
1433		19.28038515895605		0.7238807678222656		1.0585779457843303		0.068204390463233		0.136408780926466
1434		19.374154954915866		0.7255503535270691		1.0590350498890877		0.0682447436183691		0.1364894872367382
1435		19.368424101965502		0.7279748320579529		1.0584326631736756		0.0681981127500534		0.1363962255001068
1436		19.36312395799905		0.7291138172149658		1.0583996007537841		0.06821717085242271		0.13643434170484542
1437		19.31276722403709		0.7243669629096985		1.05887559122324		0.0682769691556692		0.1365539383113384
1438		19.425492970040068		0.7167225480079651		1.0586725181913377		0.06819492492973804		0.13638984985947608
1439		19.415261014946736		0.7250080108642578		1.0574337430787086		0.06822077548503876		0.1364415509700775
1440		19.471155751030892		0.7287996411323547		1.058810831489563		0.0682290689021349		0.1364581378042698
1441		19.22040100407321		0.7246614694595337		1.0588884458732606		0.06819194754362107		0.13638389508724214
1442		19.308065322926268		0.7261461019515991		1.0594965457856655		0.06822514250874519		0.13645028501749037
1443		19.38150802196469		0.7238254547119141		1.0586137662708759		0.06822096942067146		0.13644193884134292
1444		19.3366169979563		0.736306369304657		1.059747658652067		0.0682156934350729		0.1364313868701458
1445		19.31764045509044		0.7297795414924622		1.0597922392570973		0.06817642632126808		0.13635285264253616
1446		19.273247299017385		0.7195020914077759		1.0586076519870757		0.06817306303977966		0.13634612607955932
1447		19.3589405589737		0.7215242981910706		1.0592466207492353		0.0681969358086586		0.1363938716173172
1448		19.27280526701361		0.7207393646240234		1.0586040393137932		0.06817961041629314		0.13635922083258628
1449		19.349582387018017		0.7263540625572205		1.0589652575731276		0.06818360097110271		0.13636720194220542
1450		19.499503679922782		0.7314949631690979		1.0580612430095673		0.06817351095080376		0.13634702190160752
1451		19.61353427602444		0.7201812863349915		1.0585253052055836		0.06818987973034382		0.13637975946068764
1452		19.642023257096298		0.7172103524208069		1.0584769215130807		0.06820113633871079		0.13640227267742158
1453		19.67319541890174		0.7335619926452637		1.0587560312068462		0.06817733415663242		0.13635466831326484
1454		19.328925000037998		0.7269639372825623		1.0592857587230204		0.06818122810423374		0.1363624562084675
1455		19.398531632032245		0.7262799739837646		1.0587200759863853		0.06818113020062447		0.13636226040124894
1456		19.427764802007005		0.7238790392875671		1.058023478447199		0.06821955555677414		0.13643911111354828
1457		19.33855095191393		0.7303488254547119		1.0607857941639423		0.0681777953863144		0.1363555907726288
1458		19.434399776975624		0.7244993448257446		1.0580297864842414		0.06818244868218899		0.13636489736437798
1459		19.611602788907476		0.7292945384979248		1.058961439987421		0.06817573156654835		0.1363514631330967
1460		19.76777504303027		0.7302136421203613		1.0577619616889953		0.06818336140215397		0.13636672280430795
1461		19.395439976011403		0.7257780432701111		1.058802838897705		0.06818113668560982		0.13636227337121964
1462		19.377023181994446		0.7279050350189209		1.0579854362165928		0.06817516004741192		0.13635032009482384
1463		19.273219825001433		0.7240186333656311		1.0590991834020616		0.06817472672462463		0.13634945344924926
1464		19.365092462976463		0.7254670262336731		1.056798222950697		0.06816499218046665		0.1363299843609333
1465		19.42775722895749		0.7209597229957581		1.058734952429533		0.06817180275321007		0.13634360550642013
1466		19.409422846045345		0.7308899760246277		1.0581967404067516		0.0681697948217392		0.1363395896434784
1467		19.59528925898485		0.7227310538291931		1.0575823576247692		0.06817488074600697		0.13634976149201394
1468		19.641609319020063		0.7235835194587708		1.0586999988496304		0.06817078340351582		0.13634156680703163
1469		19.494073549984023		0.7292187809944153		1.0594859354758264		0.068168038803339		0.136336077606678
1470		19.505205867928453		0.7212525010108948		1.060056735379696		0.06816897200345994		0.13633794400691987
1471		19.65849685901776		0.7243195176124573		1.0578168842685223		0.06816534399092197		0.13633068798184395
1472		19.556895319954492		0.722206711769104		1.0585575965833665		0.06816776126623153		0.13633552253246306
1473		19.352963009034283		0.7341289520263672		1.0605625922429562		0.06816419292092324		0.13632838584184648
1474		19.43664270604495		0.7258747220039368		1.0584593321120739		0.06816408720612525		0.1363281744122505
1475		19.394729597028345		0.7220413088798523		1.0591362921488285		0.06816105289757252		0.13632210579514503
1476		19.245589411933906		0.7272559404373169		1.058086956486702		0.06816789199113846		0.13633578398227691
1477		19.507079322007485		0.7268061637878418		1.0589860952293872		0.0681657484382391		0.1363314968764782
1478		19.473954041022807		0.7327930927276611		1.0598217289173604		0.06816007272005081		0.13632014544010163
1479		19.47321440500673		0.7263038754463196		1.0587590339279174		0.06815987480580807		0.13631974961161614
1480		19.488446927978657		0.717605710029602		1.058729426008463		0.06816060245037078		0.13632120490074157
1481		19.73055374296382		0.7229413390159607		1.060297044122219		0.068164142999053		0.136328285998106
1482		19.74386864702683		0.7227994203567505		1.0583060626757146		0.06816004748940468		0.13632009497880937
1483		19.57528785406612		0.7307320237159729		1.058336279885769		0.06815966372191906		0.13631932744383812
1484		19.525110800983384		0.7327902913093567		1.0594814974975586		0.06816020329892636		0.13632040659785272
1485		19.711089276941493		0.7263131737709045		1.057883986350298		0.06816187230050563		0.13632374460101127
1486		19.574736597947776		0.7196120619773865		1.0591409349262715		0.06816039370596409		0.13632078741192818
1487		19.881667663925327		0.7258942723274231		1.0571298456931115		0.06815942202210426		0.13631884404420852
1488		19.579620545962825		0.7239139080047607		1.0580990292966366		0.06815884604752064		0.13631769209504127
1489		19.61578469001688		0.7296785712242126		1.060392177579403		0.06815880364477635		0.1363176072895527
1490		19.67901173303835		0.7254517674446106		1.0585430976593495		0.06815982675850392		0.13631965351700784
1491		19.57067713199649		0.7285258173942566		1.058413120764494		0.06815910298228264		0.1363182059645653
1492		19.62598038802389		0.726965606212616		1.0611072621679305		0.06815900061428547		0.13631800122857093
1493		19.71398312796373		0.7303819060325623		1.0596460503971576		0.06815925957262516		0.1363185191452503
1494		19.620237969909795		0.7241952419281006		1.0591137219762803		0.06815928486287594		0.13631856972575188
1495		19.507295104907826		0.7113195657730103		1.0571794155204297		0.0681593507051468		0.1363187014102936
1496		19.562231953023		0.7304663062095642		1.0584578122901918		0.06815931838154793		0.13631863676309586
1497		19.53228029794991		0.7228381037712097		1.058922551420927		0.06815930121839046		0.13631860243678093
1498		19.509857095894404		0.7181116938591003		1.0603815294265746		0.06815930527746678		0.13631861055493355
1499		19.73729870398529		0.7272815704345703		1.0597827670133113		0.06815928584635257		0.13631857169270514