Epoch	Duration				Loss Step Train			Loss Full Train			Loss Step Test			Loss Full Test
0		18.420404568998492		18.347253799438477		19.372284323272705		21.913046992683412		43.826093985366825
1		18.868796385999303		17.89435577392578		18.18110555404663		5.802094708251953		11.604189416503907
2		19.035650739999255		16.10328483581543		16.720770861053467		2.440657231712341		4.881314463424682
3		18.953843117997167		8.887992858886719		8.96455417172432		1.3292928396224977		2.6585856792449953
4		19.05669581500115		9.978032112121582		9.952506132564544		1.225225839614868		2.450451679229736
5		19.12387571799627		9.183846473693848		9.162206692581178		1.1987808366775512		2.3975616733551024
6		19.18414127199503		10.121001243591309		9.89267203414917		1.2210097080230713		2.4420194160461426
7		19.168016052994062		11.164609909057617		11.148023723373413		1.1001888038635255		2.200377607727051
8		19.075353724998422		10.452231407165527		11.221256644592286		1.0121501121520997		2.0243002243041994
9		18.967974425002467		17.239702224731445		21.223676435699463		1.0258191849708558		2.0516383699417116
10		18.958004764004727		16.055849075317383		23.980655547943115		0.9240267423629761		1.8480534847259522
11		19.024475494996295		3.5860300064086914		5.772230435638428		0.8006102761745453		1.6012205523490906
12		19.067289749000338		1.7266345024108887		2.2584614610671996		1.1233983142852784		2.2467966285705567
13		19.175600440008566		1.64956796169281		2.121980629463196		1.2873455211162568		2.5746910422325135
14		18.991507890998037		1.5261375904083252		1.9706010204315185		0.7044429472923279		1.4088858945846559
15		19.032835613004863		1.4156649112701416		1.8392678646850587		0.5759944965362549		1.1519889930725098
16		19.1800926529977		1.4504691362380981		1.8719087547683715		0.896038923740387		1.792077847480774
17		19.23207554599503		1.3075120449066162		1.7099627012634278		0.5733006202697754		1.1466012405395507
18		19.30960470098944		1.477011799812317		1.87529094581604		0.5060207880496979		1.0120415760993957
19		19.144965355997556		1.2429653406143188		1.636265218963623		0.49132735188007354		0.9826547037601471
20		19.20013331300288		1.2302680015563965		1.6185948310279845		1.204685352897644		2.409370705795288
21		19.17866710999806		1.254204511642456		1.639289979991913		0.39115168924331667		0.7823033784866333
22		19.177678944004583		1.2332590818405151		1.610838676738739		0.3944857444524765		0.788971488904953
23		19.155329603992868		1.1908239126205444		1.5738410697650909		0.36491120352745055		0.7298224070549011
24		19.060877900992637		1.1803160905838013		1.5544390599155427		1.2730003802299499		2.5460007604598998
25		19.118009554003947		1.2925925254821777		1.672273511581421		0.37069633510112765		0.7413926702022553
26		19.00128476099053		1.1620192527770996		1.5373909151172638		0.33424709010124204		0.6684941802024841
27		19.135313745005988		1.2833706140518188		1.6533498938560487		0.45111172947883604		0.9022234589576721
28		19.0243795819988		1.1887247562408447		1.56237679646492		0.31750089992284775		0.6350017998456955
29		19.068462268987787		1.249417781829834		1.6207373489379884		0.7521630063533783		1.5043260127067566
30		19.093334470002446		1.1162590980529785		1.4904935889434814		0.3871204054951668		0.7742408109903336
31		19.26640502399823		1.17390775680542		1.5512700306034088		0.4097209701538086		0.8194419403076172
32		18.955349972995464		1.055677056312561		1.4298721098995208		0.2932049745559692		0.5864099491119384
33		19.176652078996995		1.2022898197174072		1.579140887031555		0.2858551541209221		0.5717103082418442
34		18.989867609998328		1.107688546180725		1.4763657655906677		0.30781687886714937		0.6156337577342987
35		19.25978646200383		1.0902693271636963		1.4567285485839845		0.5641862110853195		1.128372422170639
36		19.229859711995232		1.0816349983215332		1.4510270639705658		0.288563914847374		0.577127829694748
37		19.29513339701225		1.1293479204177856		1.4984032974529267		0.2754214575767517		0.5508429151535034
38		19.231295210993267		1.1725599765777588		1.5367645656871796		0.5269902144908905		1.053980428981781
39		19.102831626005354		1.11802077293396		1.4796070797348022		0.7452192846298218		1.4904385692596436
40		19.233406326995464		1.040183186531067		1.407802730112076		0.25954916081428525		0.5190983216285705
41		19.065329693999956		1.0449819564819336		1.4101951183319092		0.3160816025495529		0.6321632050991058
42		19.12769673099683		1.1094599962234497		1.4751682772541046		0.638971983575821		1.277943967151642
43		19.095510055005434		1.1602548360824585		1.5265812676429749		0.3019032886505127		0.6038065773010254
44		19.078009977994952		1.050275206565857		1.4201916351127624		0.39138507149219515		0.7827701429843903
45		19.072101084995666		1.2293115854263306		1.5845183845424653		0.4647893820285797		0.9295787640571594
46		19.051921108999522		1.1636831760406494		1.5221252163791656		0.6105277782201767		1.2210555564403534
47		19.04849273999571		1.1069066524505615		1.468531893606186		0.2734342620372772		0.5468685240745544
48		19.01933112400002		1.0423848628997803		1.408641592168808		0.24499148644208907		0.48998297288417814
49		19.051919940990047		1.1667969226837158		1.5255475986099243		0.23698468072414397		0.47396936144828794
50		19.021049927003332		1.0259190797805786		1.3906486665916442		0.2415792240023613		0.4831584480047226
51		19.037955630003125		1.055201768875122		1.4156859609413146		0.253797681760788		0.507595363521576
52		19.088307940997765		0.9777609705924988		1.343877555437088		0.3312584787607193		0.6625169575214386
53		19.07078226999147		1.0542588233947754		1.4169816624307632		0.8460631582975388		1.6921263165950775
54		19.01797450298909		1.1491472721099854		1.5072800376462936		0.23226597287654877		0.46453194575309753
55		19.07829178099928		1.044094204902649		1.406750381526947		0.2391456174135208		0.4782912348270416
56		19.143098776999977		1.0371756553649902		1.4004033416843413		0.25462878645658493		0.5092575729131699
57		19.17720780998934		1.0858904123306274		1.4471917577362061		0.3384988710045814		0.6769977420091629
58		19.10306355600187		1.0220762491226196		1.3852296487140656		0.36212117593288423		0.7242423518657685
59		19.091701105004176		1.0913074016571045		1.4560588060426711		0.21643007129430772		0.43286014258861544
60		19.084268340011477		1.0313001871109009		1.3941279553031922		0.22840448199510574		0.4568089639902115
61		19.045257976002176		1.0781991481781006		1.4393751371383667		0.21035428659915925		0.4207085731983185
62		19.201385742999264		0.9825966358184814		1.3521505382442474		0.2419071336388588		0.4838142672777176
63		19.14467685300042		1.0464328527450562		1.4083356604003907		0.26387974590063096		0.5277594918012619
64		19.07405109499814		1.023569941520691		1.3866466883945465		0.21278535846471786		0.4255707169294357
65		19.149521272993297		0.9620667695999146		1.3276536227178573		0.33187149753570555		0.6637429950714111
66		18.99693451100029		1.0442804098129272		1.4126664566230773		0.37455113921165467		0.7491022784233093
67		19.153925025995704		1.0604076385498047		1.4213476430606842		0.25901488851308824		0.5180297770261765
68		19.175929473989527		1.0813238620758057		1.4438425499296188		0.2032115624666214		0.4064231249332428
69		19.07845353599987		1.0419114828109741		1.3994024233198166		0.23530945233106612		0.47061890466213224
70		19.172982254996896		0.9554073214530945		1.317004613838196		0.24782623100280762		0.49565246200561525
71		19.067243796002003		1.011082410812378		1.373777425031662		0.23088557380437852		0.46177114760875704
72		19.039178815990454		1.0985634326934814		1.4526981632328033		0.19818061215877533		0.39636122431755066
73		19.219850460998714		1.0081135034561157		1.3685200821304322		0.31329678950309753		0.6265935790061951
74		19.21178098100063		0.9577819108963013		1.321735777258873		4.211948548460007		8.423897096920014
75		19.14691244599817		1.1654189825057983		1.5198092122983933		0.20802951724529267		0.41605903449058534
76		19.077370119004627		0.9647087454795837		1.3290685738897323		0.3572219099283218		0.7144438198566436
77		19.09565692799515		0.9771783947944641		1.3405942504930497		0.23865022354125975		0.4773004470825195
78		19.1775457529875		1.082700252532959		1.4458363270187378		0.1927071229159832		0.3854142458319664
79		19.101554370005033		1.0066958665847778		1.3693608800315857		0.29627162544727326		0.5925432508945465
80		19.377030786999967		1.1819990873336792		1.5343860680866241		1.6786781088829041		3.3573562177658083
81		19.310841436992632		1.04416823387146		1.4104538279008865		0.23092968503236772		0.46185937006473543
82		19.373207208001986		1.0017566680908203		1.3609138122558593		0.18779258502721788		0.37558517005443576
83		19.19816771899059		1.0672917366027832		1.4237777797031403		0.3820699334859848		0.7641398669719696
84		19.12948478499311		1.0860620737075806		1.4466128038692474		0.23686796352863312		0.47373592705726625
85		19.183123864990193		1.0148776769638062		1.3757161350774765		0.2074612933754921		0.4149225867509842
86		19.227469151999685		1.1193429231643677		1.4793103490591049		0.2584864510536194		0.5169729021072388
87		19.164350810999167		1.0304149389266968		1.389247284655571		0.29772711824178694		0.5954542364835739
88		19.256574454993824		0.959814190864563		1.325587249736786		0.48248561778068544		0.9649712355613709
89		19.333815818987205		1.0896618366241455		1.4442249473619462		0.1848773651599884		0.3697547303199768
90		19.27912529000605		1.0179308652877808		1.3807172639036178		0.3287288441300392		0.6574576882600784
91		19.184877112988033		0.9553177356719971		1.3184566327333451		0.19780307813286782		0.39560615626573564
92		19.17149119199894		0.9999032616615295		1.368178531808853		0.20225463473200797		0.40450926946401594
93		19.275907902003382		0.9742093682289124		1.335285105829239		0.2426825379371643		0.4853650758743286
94		19.186117428995203		1.0039000511169434		1.3656798722982406		0.19369878400564194		0.3873975680112839
95		19.416284177001216		1.026110291481018		1.3875635420656205		0.23770130667686462		0.47540261335372924
96		19.255719161999878		0.9784677028656006		1.3408379944562911		0.1842632149338722		0.3685264298677444
97		19.408374377002474		0.9704058170318604		1.331906724267006		0.20357843765616418		0.40715687531232836
98		19.479817362996982		1.0204579830169678		1.3782490536642074		0.21694593693614006		0.4338918738722801
99		19.239140694990056		0.9804472327232361		1.3425984835195541		0.1782189306139946		0.3564378612279892
100		19.247090442993795		1.01715087890625		1.3782183399820327		0.26368113923072817		0.5273622784614563
101		19.209123369000736		0.9506967067718506		1.3138033186912537		0.543680311512947		1.087360623025894
102		19.352328291992308		1.0638614892959595		1.4253365141534806		0.18361720950603486		0.3672344190120697
103		19.246408648992656		1.0781004428863525		1.4360951568841933		0.2684629390001297		0.5369258780002594
104		19.263906089006923		1.05760657787323		1.4145538754749298		0.22986109539270402		0.45972219078540805
105		19.40535851799359		0.9987004399299622		1.357590334610939		0.39419508798122405		0.7883901759624481
106		19.464326051995158		1.0887672901153564		1.4426143394041062		0.1844168752014637		0.3688337504029274
107		19.468641412007855		1.0309962034225464		1.3910985441160202		0.2984912145495415		0.596982429099083
108		19.577673557010712		0.9777576923370361		1.3394632762670518		0.19379969117045404		0.38759938234090807
109		19.46061103900138		0.9521511197090149		1.3144554540729523		0.2076396355509758		0.4152792711019516
110		19.396998202006216		1.0474306344985962		1.4109878147029877		0.24777711548805237		0.49555423097610474
111		19.251590391999343		1.0167057514190674		1.3725030798053741		0.30571580181121827		0.6114316036224365
112		19.403283948005992		0.910254716873169		1.2724664281606675		0.23148518983125688		0.46297037966251375
113		19.148254272993654		1.0526050329208374		1.410880768880844		0.17231448063850402		0.34462896127700804
114		19.190628673997708		0.969081461429596		1.3315948531770707		0.23695539600849153		0.47391079201698305
115		19.284263028006535		0.9433622360229492		1.308572184033394		0.2317279777765274		0.4634559555530548
116		19.41450132599857		1.0874885320663452		1.4408236757802964		1.1088123850345613		2.2176247700691225
117		19.281141343002673		1.0114805698394775		1.3731920660161971		0.1720588514626026		0.3441177029252052
118		19.290067370006		0.9224704504013062		1.2848742436742782		0.2821128361582756		0.5642256723165512
119		19.248030917005963		1.0372356176376343		1.3963267191791535		0.29707583938241006		0.5941516787648201
120		19.183393039988005		1.0575920343399048		1.4129816786575318		0.16591144288182258		0.33182288576364516
121		19.322943163002492		0.9567917585372925		1.3219174245119094		0.1829107455074787		0.3658214910149574
122		19.390676840994274		1.252669334411621		1.5874273938465118		0.21006514325141906		0.4201302865028381
123		19.47550755199336		0.9931256175041199		1.3508819421052933		0.38619848585128785		0.7723969717025757
124		19.17411539699242		0.9781767725944519		1.3422042806196213		0.32320525623559954		0.6464105124711991
125		19.203902790992288		1.4497127532958984		1.76759344520092		0.19950123242139817		0.39900246484279633
126		19.213654523991863		0.966492772102356		1.3281447682523728		0.2867588292121887		0.5735176584243774
127		19.20017077999364		0.9366653561592102		1.299487709479332		0.21833461290597916		0.43666922581195833
128		19.282819380008732		0.9956123232841492		1.3560975771331787		0.958403160393238		1.916806320786476
129		19.234475060991826		0.9374409914016724		1.3002283577442169		0.1628158512890339		0.3256317025780678
130		19.292946179004502		1.0451518297195435		1.4016223757839203		0.17909998586177825		0.3581999717235565
131		19.197555755003123		0.9703072905540466		1.3313069463825227		0.4762747146964073		0.9525494293928146
132		19.160108618001686		0.9328855276107788		1.2994872200345993		0.16689360008239745		0.3337872001647949
133		19.191844183995272		1.0543246269226074		1.4120472064208984		0.2574170935869217		0.5148341871738434
134		19.127926342000137		0.9060174822807312		1.270945799598694		0.1582569832146168		0.3165139664292336
135		19.186953804004588		1.0200519561767578		1.3772678374433518		0.16469572007656097		0.32939144015312194
136		19.213952118007		0.9854580163955688		1.3472882215690614		0.17601862558722495		0.3520372511744499
137		19.191451713995775		1.020263910293579		1.3744163577127457		1.2296671788930893		2.4593343577861786
138		19.19012593298976		0.9687302708625793		1.3350093199920654		0.8628093878507614		1.7256187757015229
139		19.209469077992253		0.982724666595459		1.3437279693317414		0.15906561455130577		0.31813122910261155
140		19.350863143001334		0.9352474808692932		1.2977128204345703		0.18704302216768265		0.3740860443353653
141		19.500388378000935		0.9731259346008301		1.3339503480672836		0.2220941839814186		0.4441883679628372
142		19.4735714510025		0.960326611995697		1.3153060877084732		0.18218225153684617		0.36436450307369234
143		19.45784822299902		0.8954723477363586		1.260759206404686		0.1566850566446781		0.3133701132893562
144		19.44478969600459		1.015198826789856		1.379610768122673		0.30117796702384947		0.6023559340476989
145		19.28477301300154		1.0179885625839233		1.3793157455778122		0.3068708923459053		0.6137417846918106
146		19.189199442000245		0.932633101940155		1.297921743030548		0.3100600863337517		0.6201201726675034
147		19.36527622700669		0.9836848974227905		1.3435200961542129		0.1714730548977852		0.3429461097955704
148		19.350152443003026		1.0106711387634277		1.3638038132572174		0.17864075163006782		0.35728150326013564
149		19.394515564010362		0.9679191708564758		1.3290964018964768		0.16452855347990988		0.32905710695981977
150		19.275275239007897		1.021736741065979		1.3815374250888826		0.25132305977344516		0.5026461195468903
151		19.317224743994302		1.0639532804489136		1.4201076920938491		0.20575958973765374		0.4115191794753075
152		19.302457735990174		0.9861758351325989		1.3448361758565903		0.15877619580030441		0.31755239160060883
153		19.26299120701151		1.0183364152908325		1.3713076875543595		0.1956388292491436		0.3912776584982872
154		19.346280317011406		0.9014467597007751		1.2664825362348557		0.22701169904470445		0.4540233980894089
155		19.37721438900917		1.0071132183074951		1.364606440820694		0.25071985929012297		0.5014397185802459
156		19.433418293003342		0.9348195195198059		1.2982548675107957		0.6875954083919525		1.375190816783905
157		19.511375912989024		0.9975056052207947		1.3636688598299027		0.22665518509149551		0.45331037018299103
158		19.52367600100115		0.9545416831970215		1.317114201283455		0.1738417294383049		0.3476834588766098
159		19.517525777991978		0.9490801095962524		1.3122622921848297		0.15171443831920622		0.30342887663841245
160		19.47012465199805		0.9411154389381409		1.3028567716264725		0.2463865381360054		0.4927730762720108
161		19.456830073002493		1.0661342144012451		1.426172038793564		0.2016803963005543		0.4033607926011086
162		19.246395595007925		0.8974894881248474		1.2615513531637192		0.2753821773827076		0.5507643547654152
163		19.391322577008395		0.8866629600524902		1.254988276591301		0.29058279749155047		0.5811655949831009
164		19.581554169999436		0.9507418274879456		1.309798316435814		0.20275571514368057		0.40551143028736114
165		19.471262790000765		1.043394684791565		1.4061768952846527		0.2689053724169731		0.5378107448339462
166		19.354845194000518		0.9179338812828064		1.2791682673740388		0.14889887243509292		0.29779774487018584
167		19.271407811000245		0.9474985599517822		1.3014885369300842		0.3105139683127403		0.6210279366254806
168		19.25498339200567		1.0157384872436523		1.3710056867408753		0.45131208815574647		0.9026241763114929
169		19.381310753000434		0.9618747234344482		1.3227042997121812		0.1990666560471058		0.3981333120942116
170		19.269063232000917		0.9662367105484009		1.324470596637726		0.19758611533641815		0.3951722306728363
171		19.314216115002637		0.9735921621322632		1.3325901232767106		0.14839247291088103		0.29678494582176207
172		19.27418019900506		1.0056352615356445		1.3644478822231292		0.15298857090473175		0.3059771418094635
173		19.19516541500343		0.9555658102035522		1.3169103375816344		0.1482882329761982		0.2965764659523964
174		19.17779443100153		1.022526741027832		1.3835123948478698		0.19965029246807098		0.39930058493614196
175		19.428565515001537		0.9812622666358948		1.338610736398697		0.16959827919602394		0.3391965583920479
176		19.353780270001153		0.9450109004974365		1.3089144625091553		0.17231393588781357		0.34462787177562715
177		19.297703738004202		0.9214271903038025		1.2877140075635911		0.15808909264802934		0.3161781852960587
178		19.463310823994107		1.038548231124878		1.3964570616579055		0.6103223509192467		1.2206447018384934
179		19.35630919999676		0.929459810256958		1.2914487159490586		0.9733648252487183		1.9467296504974365
180		19.28560994200234		0.9450010061264038		1.3093589854717254		0.14002275820374488		0.28004551640748976
181		19.308347689002403		0.9760506749153137		1.33498048081398		0.2639946061193943		0.5279892122387886
182		19.273156219001976		0.8933218717575073		1.2599446860694885		0.3833879863381386		0.7667759726762772
183		19.23603411098884		0.990829348564148		1.350574496026039		0.2416174077987671		0.4832348155975342
184		19.345763017990976		0.9383749961853027		1.3005310861444472		0.46453428626060483		0.9290685725212097
185		19.492324292994454		0.9494475722312927		1.31390416639328		0.2685269906282425		0.537053981256485
186		19.25396303499292		0.9762331247329712		1.3353619055891037		0.18448178383111954		0.3689635676622391
187		19.231787490003626		0.9668663740158081		1.3289966389513015		0.15169972135424614		0.3033994427084923
188		19.329634699010057		0.9392378926277161		1.298526171298027		0.1369260001540184		0.2738520003080368
189		19.526880625999183		1.0562649965286255		1.4141801679992676		0.19108926270604135		0.3821785254120827
190		19.503912897998816		1.0839802026748657		1.4360025981473923		0.2524589489877224		0.5049178979754448
191		19.389062143993215		0.951600968837738		1.3195034999465942		0.15443084579110145		0.3088616915822029
192		19.412312080996344		0.9792582392692566		1.3394748897743225		0.16154632632136345		0.3230926526427269
193		19.25614796699665		0.9692618250846863		1.3283502579784394		0.32754100358486177		0.6550820071697235
194		19.347121023005457		0.8935876488685608		1.2574294045209884		0.2538398803472519		0.5076797606945038
195		19.252972824004246		1.123066782951355		1.4755780690956115		0.23722404906749725		0.4744480981349945
196		19.288599090999924		0.9102226495742798		1.2741016646766663		0.14987571101784705		0.2997514220356941
197		19.314316144998884		0.8799147605895996		1.247473086824417		0.13347786437273026		0.26695572874546053
198		19.303921681988868		0.9884878396987915		1.3550074947929382		0.2027386920928955		0.405477384185791
199		19.43212241999572		0.9756036996841431		1.352470843448639		0.36803964146375656		0.7360792829275131
200		19.19055253500119		0.9649260640144348		1.324298101606369		0.3010056038737297		0.6020112077474594
201		19.188937483995687		0.9177923798561096		1.2819935844707488		0.41907221975326536		0.8381444395065307
202		19.565003233001335		0.9062360525131226		1.2713875389766693		0.28286539412736894		0.5657307882547379
203		19.55918327999825		0.9446753859519958		1.3119216273260117		0.1398949355483055		0.279789871096611
204		19.600183714006562		0.9286541938781738		1.2915622380399705		0.31469295515418055		0.6293859103083611
205		19.57461237499956		1.0487960577011108		1.403764667263031		0.16365416924357415		0.3273083384871483
206		19.44192663099966		1.09493887424469		1.4489990675783158		0.18645774405002594		0.3729154881000519
207		19.220193500994355		0.9368793368339539		1.3041776660013198		0.45346771742105485		0.9069354348421097
208		19.244425786993816		1.301981806755066		1.6290255182647706		0.14883565827012063		0.29767131654024126
209		19.441615116011235		0.8979545831680298		1.2636670176053046		0.20119588042497635		0.4023917608499527
210		19.510707027002354		0.873799741268158		1.2393914471769334		0.19231495680809021		0.38462991361618043
211		19.356632409995655		1.0453081130981445		1.399646710963249		0.15223506646752358		0.30447013293504716
212		19.26960082500591		0.9436457753181458		1.3053987799835205		0.1518472012460232		0.3036944024920464
213		19.229340328995022		0.9005513191223145		1.2613047850990295		0.25994347352981567		0.5198869470596313
214		19.26852226498886		1.0224326848983765		1.3743502061223984		0.136744335180521		0.273488670361042
215		19.220129049994284		0.929171085357666		1.2917940454506873		0.16391500851511956		0.3278300170302391
216		19.31082769900968		0.9939305782318115		1.359712295269966		0.782049013864994		1.564098027729988
217		19.31170158900204		0.9469837546348572		1.3077050741434098		0.5254847388505935		1.050969477701187
218		19.399948866004706		0.9496462345123291		1.3159579244947432		0.13190035340189935		0.2638007068037987
219		19.395046627003467		0.9823689460754395		1.340099954686165		0.19763284710645676		0.3952656942129135
220		19.345438268006546		0.9279618263244629		1.2886686184120177		0.37554606918096545		0.7510921383619309
221		19.298541916999966		0.9324436187744141		1.2973734020233154		0.1389170851767063		0.2778341703534126
222		19.39864461500838		0.9759829640388489		1.3352683315324783		0.8058560201704502		1.6117120403409004
223		19.393949792996864		0.978709876537323		1.3411785874938964		0.13365817596912383		0.26731635193824765
224		19.418079109003884		0.9315308332443237		1.2978462771105765		0.14169146715402603		0.28338293430805206
225		19.297486044990364		0.9183935523033142		1.282157573041916		0.7074640292882919		1.4149280585765838
226		19.311144093997427		0.956703245639801		1.3194428721094131		0.3486533167004585		0.697306633400917
227		19.216782083996804		0.9243875741958618		1.2885430866384506		0.45698897247910497		0.9139779449582099
228		19.414366432989482		0.9516479969024658		1.313938424267769		0.1787902323126793		0.3575804646253586
229		19.36730453900236		0.9859778881072998		1.33880612698555		0.15069515224695207		0.30139030449390414
230		19.29439864399319		0.9372127652168274		1.2983083615112305		0.16476322407722474		0.3295264481544495
231		19.380181835003896		0.9604669213294983		1.3199522915649413		0.1953019139289856		0.3906038278579712
232		19.303546896990156		0.9229648113250732		1.286253114616871		0.4796195650458336		0.9592391300916672
233		19.28008434700314		1.051105260848999		1.4053267911410332		0.3169985604643822		0.6339971209287644
234		19.14314289900358		0.9673581719398499		1.3296569820594788		0.13074449040293692		0.26148898080587385
235		19.1658537100011		0.923346221446991		1.280750270488262		0.13081990176439284		0.2616398035287857
236		19.523109431000194		0.9039657711982727		1.2652780519580842		0.22058914179801942		0.44117828359603883
237		19.852690468003857		1.0652215480804443		1.423574255132675		0.49068364098072054		0.9813672819614411
238		25.782423954005935		0.9158563017845154		1.282446383843422		0.18768929287195205		0.3753785857439041
239		21.927321613999084		0.9328387379646301		1.295160008749962		0.5798800192475319		1.1597600384950637
240		20.961395812992123		0.9450566172599792		1.3084392644643783		0.13158937311172486		0.2631787462234497
241		20.9248654969997		1.0018664598464966		1.3583946220970153		0.19181927545070648		0.38363855090141297
242		20.610801624003216		0.9238525629043579		1.2881136939573288		0.22872557872533797		0.45745115745067594
243		20.494731290003983		0.9479716420173645		1.3074714866495132		0.15255564817786216		0.3051112963557243
244		20.63647799201135		0.9200928807258606		1.28389721575737		0.1905213435947895		0.381042687189579
245		20.376391168989358		0.9541028738021851		1.3192273775839805		0.32923503719568253		0.6584700743913651
246		20.619938461997663		0.9913718700408936		1.3457937367534638		0.1711313983798027		0.3422627967596054
247		20.63525115000084		0.9274885058403015		1.2883881854701043		0.13167365364432335		0.2633473072886467
248		20.676356830997975		1.0647797584533691		1.4177776574373244		0.5890407013773918		1.1780814027547837
249		20.646149822001462		0.9563820958137512		1.3148179492378236		0.1543619380235672		0.3087238760471344
250		20.502999777003424		0.9859284162521362		1.3425267879414557		0.14416920084357263		0.28833840168714525
251		20.583351230001426		0.8795401453971863		1.2437474970006943		0.13259482982754708		0.26518965965509417
252		20.50502168199455		0.8955522179603577		1.2631800530147552		0.15433156712055207		0.30866313424110414
253		20.42999855200469		0.9147118330001831		1.2840828107833862		0.1310196182012558		0.2620392364025116
254		20.479301025989116		0.9509976506233215		1.3182546575927734		0.1258546281039715		0.251709256207943
255		20.504400511999847		0.9530579447746277		1.3131101987171172		0.5305796078562737		1.0611592157125473
256		20.467911405998166		1.0014864206314087		1.3590426536989213		0.12737070677876472		0.25474141355752944
257		20.63082650200522		0.931327760219574		1.2946957117319107		0.12756227819919586		0.2551245563983917
258		20.653595020994544		0.9908834099769592		1.3478471459269523		0.15785587459802627		0.31571174919605255
259		20.53959718499391		0.9334837794303894		1.291635612027645		0.123983066791296		0.247966133582592
260		20.608871766002267		0.9984308481216431		1.3577911558532716		0.25636072756648065		0.5127214551329613
261		20.59461294799985		1.0198615789413452		1.3787407541203498		0.12503821923732758		0.25007643847465516
262		20.40321815101197		0.8685131072998047		1.2294573625850678		0.12546395357251167		0.25092790714502333
263		20.497547934006434		0.9589784145355225		1.3165131700468062		0.2173660586476326		0.4347321172952652
264		20.56046841299394		1.0074260234832764		1.365652286477089		0.20650735003948212		0.41301470007896424
265		20.60463892799453		0.9163044095039368		1.2808469344377518		0.6616928672552109		1.3233857345104219
266		20.5606846199953		0.9154561758041382		1.27936581356287		0.4441598213851452		0.8883196427702904
267		20.607200626996928		0.953993558883667		1.319619778635502		0.6346879582881928		1.2693759165763856
268		20.69905353600916		0.9330862760543823		1.293487172009945		0.3731719129562378		0.7463438259124756
269		20.5841149679909		0.8888980150222778		1.2557663624334334		0.1805032595038414		0.3610065190076828
270		20.440123245003633		1.0252496004104614		1.384007435016632		0.23837265269756316		0.47674530539512633
271		20.43135770499066		0.8735882043838501		1.2379069244265557		0.37075527073144915		0.7415105414628983
272		20.479456667992054		0.9658970236778259		1.327541731801033		0.13389091779589654		0.2677818355917931
273		20.6466079820093		0.9364794492721558		1.2987466820955276		0.17110290933251382		0.34220581866502764
274		20.589342106002732		0.9130644798278809		1.2767166973018647		0.36861926778554915		0.7372385355710983
275		20.524603327998193		0.987034797668457		1.346903036465645		0.29653839166760443		0.5930767833352089
276		20.474786019010935		0.9102345108985901		1.2701718055057525		0.13450033322572708		0.26900066645145415
277		20.551970544998767		0.8984668254852295		1.259960391011238		0.1299473138988018		0.2598946277976036
278		20.503033296001377		1.006402611732483		1.3639202645254136		0.6753559767842293		1.3507119535684586
279		20.49119853800221		0.9763585925102234		1.3332409670066834		0.1294989023268223		0.2589978046536446
280		20.55438645101094		0.8982535004615784		1.261523827433586		0.7965011741876602		1.5930023483753204
281		20.770381613998325		1.0653916597366333		1.4166448474931717		0.2179512219786644		0.4359024439573288
282		20.678251448000083		0.9050107598304749		1.2694813614010811		0.12433366833925247		0.24866733667850494
283		20.569373100996017		0.9354532361030579		1.2947417657661437		0.3344823232293129		0.6689646464586257
284		20.535877892005374		0.9741746783256531		1.3325810895895958		0.20290993838310242		0.40581987676620485
285		20.504790056002093		0.899214506149292		1.2652090139055252		0.12475129128694534		0.24950258257389069
286		20.533150739007397		0.9664243459701538		1.3334927114319801		0.13882009117007255		0.2776401823401451
287		20.65977837900573		0.9394856691360474		1.3051878264808654		0.15304391974806786		0.3060878394961357
288		20.379045155990752		0.9770163297653198		1.3344176008486748		0.12637569851875305		0.2527513970375061
289		20.47365551198891		0.9472513198852539		1.3049216858506203		0.12454121047258378		0.24908242094516755
290		20.47286018599698		1.0100075006484985		1.3692142703962327		0.31267064125537875		0.6253412825107575
291		20.506935828001588		0.8815678954124451		1.2486194021248818		0.13138320642113685		0.2627664128422737
292		20.491999029007275		1.0151135921478271		1.3723995121479033		0.20357509491443634		0.4071501898288727
293		20.44619878800586		0.9204132556915283		1.2862817301893235		0.12404847252964973		0.24809694505929947
294		20.366957530000946		0.8965272307395935		1.2662628529787063		0.15443723302483559		0.30887446604967117
295		20.608781803006423		0.9795002937316895		1.3370019174718857		0.13463989688158035		0.2692797937631607
296		20.45106493899948		0.9150784015655518		1.2758902893853188		0.18315072546005248		0.36630145092010497
297		20.35980281799857		0.9232011437416077		1.2833143640756608		0.13774038276672362		0.27548076553344725
298		20.624313330001314		0.9033015370368958		1.268490537352562		0.41076368389725687		0.8215273677945137
299		20.380341624011635		1.007824420928955		1.365494014673233		0.12846679989099502		0.25693359978199004
300		20.520763432999956		0.9392997622489929		1.3017011701369285		0.3226528050661087		0.6453056101322174
301		20.641263940007775		0.8784661293029785		1.2415366898226738		0.1216529166817665		0.243305833363533
302		20.559358665996115		0.9479576945304871		1.3077777718830108		0.1659888899385929		0.3319777798771858
303		20.49050959800661		1.0554684400558472		1.4122184676790237		0.21300265101790428		0.42600530203580855
304		20.33109327200509		0.9366759657859802		1.3040867164325713		0.16841044365167618		0.33682088730335236
305		20.416293877991848		0.9492985010147095		1.3132581004905701		0.7703334975957871		1.5406669951915741
306		20.314846014007344		0.879578709602356		1.243726437251568		0.13453410277962685		0.2690682055592537
307		20.60075613600202		0.858910858631134		1.2219409250092506		0.585345259988308		1.170690519976616
308		20.50494080799399		0.9566217064857483		1.3179959402799606		0.28881223430633546		0.5776244686126709
309		20.61544265098928		0.9115092158317566		1.276524674012661		0.560610476076603		1.121220952153206
310		20.558387772005517		0.9643827676773071		1.3234091033744813		0.1257509608924389		0.2515019217848778
311		20.602995983994333		0.8885060548782349		1.2518845193052293		0.18470520107746125		0.3694104021549225
312		20.555788122001104		0.9521316289901733		1.3136557717180253		0.316187220287323		0.632374440574646
313		20.54395846699481		0.9848841428756714		1.341135261001587		0.12546955884695052		0.25093911769390104
314		20.559088674999657		0.8869079351425171		1.2477903298449515		1.0907820191860198		2.1815640383720396
315		20.465987080999184		0.9328654408454895		1.2946988846278191		0.2643528022289276		0.5287056044578552
316		20.49870436200581		1.0305808782577515		1.3829502165436744		0.1296963433265686		0.2593926866531372
317		20.550897652006825		0.8586539030075073		1.2243434776449202		0.45590156861543657		0.9118031372308731
318		20.55226699600462		0.9525639414787292		1.309872651245594		0.12351114785671234		0.24702229571342468
319		20.509494311001617		0.9010416865348816		1.2635600255298614		0.14097357180714606		0.28194714361429213
320		20.47943352800212		0.9660863876342773		1.3288888368034362		0.13533785617947577		0.27067571235895155
321		20.447294479003176		0.926194965839386		1.2821751824879646		0.14147771832346917		0.28295543664693834
322		20.410943105001934		0.9208499789237976		1.2795859837865828		0.12083509743213654		0.24167019486427307
323		20.35000980400946		0.9004053473472595		1.2643941176915168		0.1279994099199772		0.2559988198399544
324		20.57671733899042		0.9370990991592407		1.298076481909752		0.15784304233789445		0.3156860846757889
325		20.48636487699696		0.901110053062439		1.261820853652954		0.5809883286356926		1.1619766572713852
326		20.57375517100445		0.951377809047699		1.3076565198135377		0.39870873928070066		0.7974174785614013
327		20.45128102900344		0.9124760031700134		1.2775515552186967		0.12064506170749664		0.24129012341499328
328		20.421292661005282		0.8790533542633057		1.245107343597412		0.23586070271134377		0.47172140542268753
329		20.53491073800251		0.960162341594696		1.3219314639258384		0.19397660363912583		0.38795320727825167
330		20.516860527000972		1.0197654962539673		1.3818598519086838		0.1202816913306713		0.2405633826613426
331		20.43836949300021		0.8997618556022644		1.2645842151546478		0.13712927141785622		0.27425854283571244
332		20.384162264002953		1.0268727540969849		1.3829354180645943		0.12164731061458588		0.24329462122917175
333		20.316596958989976		0.9540632367134094		1.3174129839730262		0.149595361751318		0.299190723502636
334		20.458124106997275		0.9938331842422485		1.3546258699536324		0.18012967934012414		0.3602593586802483
335		20.527103986998554		1.0384622812271118		1.3929733978652954		0.17089799176454545		0.3417959835290909
336		20.45038822099741		1.0022245645523071		1.358501848104		0.20530455978512763		0.41060911957025525
337		20.424645865001366		0.967841625213623		1.331753155937195		0.14800113718509675		0.2960022743701935
338		20.562600029996247		0.8975218534469604		1.2600505246472358		0.1208210500895977		0.2416421001791954
339		20.599938874001964		0.865115225315094		1.2294989964151382		0.2484345346570015		0.496869069314003
340		20.56664804200409		0.9532565474510193		1.321818488793373		0.21632426785230638		0.43264853570461276
341		20.584263398006442		0.9816349744796753		1.342512319831848		0.12976539930701256		0.2595307986140251
342		20.428692964997026		0.868726372718811		1.234946756784916		0.17922601564526558		0.35845203129053116
343		20.504503589007072		0.9476533532142639		1.3061548394155502		0.1335927104949951		0.2671854209899902
344		20.574791939012357		0.9097646474838257		1.2722533097672462		0.138000532412529		0.276001064825058
345		20.45167919099913		0.9480292201042175		1.310155041639805		0.16486206045746804		0.3297241209149361
346		20.46107605699217		0.9067471623420715		1.2738094990468025		0.351796016895771		0.703592033791542
347		20.665363582011196		0.9170598387718201		1.2819117765641213		0.19624181329011917		0.39248362658023833
348		20.53738511100528		0.9792742729187012		1.3400321911644935		0.49954652842879294		0.9990930568575859
349		20.605767191009363		0.8837152719497681		1.248271066687107		0.11822640424966813		0.23645280849933625
350		20.427807608008152		0.9653149843215942		1.321942452597618		0.24107659797072412		0.48215319594144823
351		20.64185822100262		0.8782544136047363		1.2402270816349983		0.1309727178275585		0.261945435655117
352		20.553817378997337		0.9234616756439209		1.2892927272725105		0.12155059161186219		0.24310118322372437
353		20.665556790001574		0.8840035796165466		1.2508511352658271		0.33235479552745817		0.6647095910549163
354		20.443605513006332		0.9352666735649109		1.3028403663492203		0.9420553743839264		1.8841107487678528
355		20.521287356998073		0.9176375269889832		1.2793106634187699		0.1371603276014328		0.2743206552028656
356		20.549628502994892		0.9450329542160034		1.3046023113942147		0.1481869853913784		0.2963739707827568
357		20.43828215499525		0.8790018558502197		1.2411908681821824		0.14266235111355782		0.28532470222711565
358		20.32587153300119		0.8627459406852722		1.2275661779475213		0.35046368981599807		0.7009273796319961
359		20.42405341399717		0.9431275725364685		1.303834469397068		0.11976266452670098		0.23952532905340196
360		20.596501027001068		0.9418407082557678		1.3006922826361655		0.12069231181144714		0.24138462362289428
361		20.486668867990375		0.9199367165565491		1.2792722389173508		0.6428484322965146		1.2856968645930291
362		20.62124846500228		0.9940891861915588		1.3531711040115357		0.21536845007538796		0.4307369001507759
363		20.48642003200075		0.8832824230194092		1.2438426152443887		0.11731608173847198		0.23463216347694396
364		20.600088673003484		1.0626620054244995		1.412111079003811		0.19447997934818267		0.38895995869636535
365		20.53087203898758		1.0352280139923096		1.3958458396101		0.12123895906209946		0.24247791812419892
366		20.791030391003005		0.8843289613723755		1.2481815178012847		0.12221784123778343		0.24443568247556685
367		20.60549484900548		0.8755446672439575		1.2404137163090705		0.1502506199479103		0.3005012398958206
368		20.541254272990045		0.9252996444702148		1.2891557764315604		0.11829852187037468		0.23659704374074936
369		20.519846614988637		0.8877649903297424		1.2505018262338639		0.21148045319914818		0.42296090639829637
370		20.676082285004668		0.9024039506912231		1.263165398440361		0.17058157395124435		0.3411631479024887
371		20.565502145997016		0.9237867593765259		1.2823184445953368		0.2032602658569813		0.4065205317139626
372		20.87938058101281		0.8709756731987		1.240021914355755		0.20025509223937987		0.40051018447875975
373		20.889470654990873		0.9029264450073242		1.2662241812872888		0.12245104363560677		0.24490208727121354
374		20.615377513007843		0.914522111415863		1.27576977309227		0.3552760285556316		0.7105520571112632
375		20.630642939999234		0.9043623208999634		1.2700309087276458		0.6141185396552086		1.2282370793104171
376		20.545175681996625		0.9648260474205017		1.3247433951067924		0.14300125378370285		0.2860025075674057
377		20.39078444101324		0.8696677088737488		1.2351749719953538		0.47282837914228437		0.9456567582845687
378		20.48336029300117		0.9115715622901917		1.2762166434073448		0.636851902961731		1.273703805923462
379		20.372749987000134		0.925088107585907		1.2848295776700973		0.1368010869026184		0.2736021738052368
380		20.600486137002008		0.8515129685401917		1.2187447290325164		0.13660507056713103		0.27321014113426206
381		20.73518254699593		0.8958068490028381		1.2588090683293343		0.2416183499455452		0.4832366998910904
382		20.6310450710007		0.883810818195343		1.2502430926156043		1.1026155958950519		2.2052311917901037
383		20.468535293999594		0.9567987322807312		1.3181849355506896		0.11925425729751588		0.23850851459503175
384		20.496833234006772		0.9862437844276428		1.3434059259796143		0.11666542010903358		0.23333084021806716
385		20.580708127003163		0.8803787231445312		1.2443417218732833		0.11673819562196731		0.23347639124393463
386		20.51758297899505		0.89945387840271		1.2631152604150773		0.6864764450788498		1.3729528901576995
387		20.364380965998862		0.9124837517738342		1.273988846976757		0.19705439891815185		0.3941087978363037
388		20.38149953899847		0.9033370018005371		1.266330588312149		0.11841653099656105		0.2368330619931221
389		20.411558510997565		0.8898618817329407		1.2553880544042588		0.16593436323404312		0.33186872646808624
390		20.42928032700729		0.9169817566871643		1.2712721052837372		0.1907134136080742		0.3814268272161484
391		20.44373624699074		0.8643118739128113		1.2288236607241632		0.11821340941786766		0.23642681883573533
392		20.445990977008478		0.9473423361778259		1.3114959808373452		0.47724444248080256		0.9544888849616051
393		20.406088328993064		1.0297929048538208		1.3848992331457137		0.1641627143919468		0.3283254287838936
394		20.698785487009445		0.9001626372337341		1.2699724606895446		0.11874138288497925		0.2374827657699585
395		20.535439172992483		1.0100632905960083		1.3616912775611878		0.9271569514393806		1.8543139028787612
396		20.337837692990433		0.9265903830528259		1.2835940330696105		0.18065784618854522		0.36131569237709044
397		20.52111466799397		0.8970549702644348		1.2639197157144546		0.11783732472658158		0.23567464945316316
398		20.46260113500466		0.9026314616203308		1.270697028670311		0.4576614714384079		0.9153229428768158
399		20.46045628799766		0.9612526297569275		1.3240488470602036		0.3629572826862335		0.725914565372467
400		20.461028605001047		0.9308577179908752		1.2945110204696655		0.11672733511924743		0.23345467023849487
401		20.41580177099968		0.8825522661209106		1.2442567582178117		0.15559608688950538		0.31119217377901076
402		20.479082927005948		0.9864863157272339		1.3405329658198357		0.12212497297525406		0.2442499459505081
403		20.47366107298876		0.9232391119003296		1.2888020896530152		0.11602822675108909		0.23205645350217818
404		20.633179423995898		0.9527584910392761		1.3165386955928802		0.3564847863197327		0.7129695726394654
405		20.4212128460058		0.8914932012557983		1.2521224948954581		0.1244956871509552		0.2489913743019104
406		20.501174268996692		0.8969722390174866		1.26768349244833		0.13055009614229202		0.26110019228458403
407		20.440404940003646		0.9718757271766663		1.336505332736969		0.1409914895892143		0.2819829791784286
408		20.449998950003646		0.8875288963317871		1.2512139428305626		0.1475893119394779		0.2951786238789558
409		20.33100621899939		0.9705408215522766		1.3398108034968377		0.1551873988687992		0.3103747977375984
410		20.382305919003556		0.8715513944625854		1.235304240939617		0.37650967429876325		0.7530193485975265
411		20.525431613001274		0.9128385782241821		1.2758452161693572		0.2812590532898903		0.5625181065797806
412		20.57746735800174		0.8904619812965393		1.2541988574266434		0.6388599386930466		1.2777198773860932
413		20.560399414011044		0.8669673204421997		1.228043447830677		0.12792318698763847		0.25584637397527693
414		20.57189406400721		0.8889514803886414		1.2499237358307838		0.11743027264475822		0.23486054528951644
415		20.610737841008813		0.9660154581069946		1.3232007210350036		0.26235895782709123		0.5247179156541825
416		20.634690065009636		0.9572809338569641		1.3207047828149796		0.20958743193149568		0.41917486386299135
417		20.565182631005882		0.8820469975471497		1.245115271039009		0.13079916039705278		0.26159832079410555
418		20.417963799001882		0.8512005805969238		1.2187146295833589		0.11578639674186707		0.23157279348373414
419		20.42940428899601		0.9292559623718262		1.2854286524772645		0.25776616060137747		0.5155323212027549
420		20.656905878000543		0.9387367963790894		1.2982988916444778		0.12952122206687927		0.25904244413375854
421		20.467432411998743		0.8958192467689514		1.2560752006721496		0.15198684058189393		0.30397368116378787
422		20.634094976005144		0.9542735815048218		1.3106602230978013		0.15231507171392442		0.30463014342784883
423		20.54289174900623		0.8664705753326416		1.2352863925719262		0.1958238083779812		0.3916476167559624
424		20.533975626996835		0.8796267509460449		1.245097673509121		0.11691333217918873		0.23382666435837746
425		20.466836588995648		0.9127305150032043		1.2770829667663575		0.13033119361400605		0.2606623872280121
426		20.33121857099468		1.0307868719100952		1.3834481727480887		0.11805814349055291		0.23611628698110582
427		20.348835534998216		0.8745619058609009		1.2373016350626946		0.11286692800521851		0.22573385601043702
428		20.355384762995527		0.8788028955459595		1.2446783535790444		0.18283872925043107		0.36567745850086214
429		20.383117580990074		0.9450895190238953		1.30868907402277		0.15348874272704124		0.3069774854540825
430		20.5550834970054		0.8910642862319946		1.2583838113904		0.17789689437150955		0.3557937887430191
431		20.537153102995944		0.9055799841880798		1.2677635023212432		0.11031909796595574		0.22063819593191147
432		20.713711097996566		0.9086312055587769		1.2790488844251633		0.23676233545541764		0.4735246709108353
433		20.600346641993383		0.9499866962432861		1.3124877600646019		0.11189987197518349		0.22379974395036697
434		20.494731515005697		0.9411706924438477		1.3049265106391907		0.11683506180644035		0.2336701236128807
435		20.605557436996605		0.8715479969978333		1.2351084895014763		0.11876249540448189		0.23752499080896378
436		20.676845633002813		0.9167182445526123		1.280376371190548		0.13031810161471366		0.2606362032294273
437		20.625583091998124		0.923420786857605		1.2865348983764648		0.1667530339241028		0.3335060678482056
438		20.52890797900909		0.861725389957428		1.2295112192606925		0.87060684902668		1.74121369805336
439		20.470515325010638		0.9291412830352783		1.2942041354608536		0.1389424015522003		0.2778848031044006
440		20.468225504999282		0.9240097999572754		1.2866735187029839		1.5094313409805298		3.0188626819610596
441		20.44969163001224		0.9271745085716248		1.2885734052944184		0.11666035838723182		0.23332071677446364
442		20.42066148899903		0.8765429258346558		1.2373985680222512		0.12594306467175484		0.2518861293435097
443		20.50356032300624		0.8781204223632812		1.2437839304614067		0.11419542037248612		0.22839084074497223
444		20.50311390099523		0.9084771871566772		1.2678276777219772		0.21162626742720603		0.42325253485441205
445		20.63813632899837		0.8979097604751587		1.2634625518345832		0.1348557888507843		0.2697115777015686
446		20.674753928004066		0.9160001277923584		1.279726871922016		0.2514070682644844		0.5028141365289688
447		20.583472669008188		0.8735945820808411		1.2372743137574196		0.31739966126680375		0.6347993225336075
448		20.513856663994375		0.9372808337211609		1.2937565793848038		0.6074367595374585		1.214873519074917
449		20.4125805710064		0.9898099899291992		1.3511386116695403		0.11478248591423035		0.2295649718284607
450		20.464259585991385		0.8519331216812134		1.2136389130115508		0.1672880027770996		0.3345760055541992
451		20.47517333299038		0.9012302160263062		1.2605282689499855		0.11383692979812622		0.22767385959625244
452		20.638495744002284		0.8940224051475525		1.2563209519410132		0.11235963230729103		0.22471926461458205
453		20.665885954003897		0.9170709848403931		1.2806970173048973		0.913284913444519		1.826569826889038
454		20.58996987999126		0.8689733147621155		1.2370315577530862		0.6178103365421295		1.235620673084259
455		20.675959166997927		0.8395529985427856		1.20639579379797		0.2127801007270813		0.4255602014541626
456		20.69880477199331		0.9022884368896484		1.2626753263497352		0.11826565907597542		0.23653131815195083
457		20.775024017013493		0.8946067094802856		1.2547136882519723		0.11997137570381164		0.23994275140762328
458		20.446986811002716		0.9066672325134277		1.2727569298624992		0.1348295389175415		0.269659077835083
459		20.53004473200417		0.882015585899353		1.2432183129358292		0.3406082812011242		0.6812165624022484
460		20.460870504990453		0.943234920501709		1.3091518215227127		0.4542585432291031		0.9085170864582062
461		20.362315129008493		0.8802147507667542		1.2430329461860656		0.11132714107036591		0.22265428214073182
462		20.398566707997816		0.8997133374214172		1.265689321038723		0.16613344282507897		0.33226688565015794
463		20.39020951099519		0.8800943493843079		1.244943464949131		0.11191158636808396		0.22382317273616792
464		20.598100471004727		0.8864156603813171		1.250618521373272		0.11310572184324265		0.2262114436864853
465		20.59669181299978		0.9365952610969543		1.2984508327770232		0.20784772678613664		0.4156954535722733
466		20.701850499011925		0.8785655498504639		1.2406039316248894		1.1479833536088466		2.2959667072176932
467		20.724384903005557		1.0574426651000977		1.4107247156953813		0.13610390145778656		0.2722078029155731
468		20.58297969700652		0.9085323214530945		1.2718388004016876		0.3537624490976334		0.7075248981952668
469		20.57668954800465		0.8776167035102844		1.2415840678119658		0.31731149778962137		0.6346229955792427
470		20.500802772003226		0.9552688002586365		1.3115249742913246		0.27560234615802764		0.5512046923160553
471		20.520196839002892		0.8850326538085938		1.2564054291534423		0.19116933181881904		0.3823386636376381
472		20.625516102008987		0.8605976104736328		1.2261316967487335		0.1563976425230503		0.3127952850461006
473		20.55340060600429		0.9253443479537964		1.28836681268692		0.40966005465984345		0.8193201093196869
474		20.733901942003286		0.8521538972854614		1.2169505772280693		0.20157772383689881		0.40315544767379763
475		20.711848974009627		0.8902627229690552		1.2546781746435165		1.7053451006174087		3.4106902012348175
476		20.704562143000658		0.948835551738739		1.310790087389946		0.1392591705918312		0.2785183411836624
477		20.70827332700719		0.897087037563324		1.2660407052564622		0.31434209652543066		0.6286841930508613
478		20.830309992001276		0.8644152283668518		1.2295282269120216		0.11149148961305619		0.22298297922611238
479		20.77411436800321		0.8476341366767883		1.2126522101664543		0.25323322896957395		0.5064664579391479
480		20.612678998004412		0.9219995141029358		1.2823287388682365		0.11132434792518615		0.2226486958503723
481		20.67864046500472		0.8386338353157043		1.2072869730329514		0.10909002262949943		0.21818004525899887
482		20.641218897988438		0.9113157391548157		1.2767405356359482		0.49503692737221716		0.9900738547444343
483		20.522594337002374		0.8539044260978699		1.2165541270136833		0.135689824450016		0.271379648900032
484		20.406859558002907		0.8877577185630798		1.2480672666621209		0.1576074601173401		0.3152149202346802
485		20.736241445003543		0.8880717754364014		1.2532135348844529		1.274944541323185		2.54988908264637
486		20.549804701993708		0.9839378595352173		1.3418984753727914		0.18767652024626733		0.37535304049253465
487		20.656288689002395		0.8499390482902527		1.210821399049759		0.7302803258895874		1.4605606517791747
488		20.865609545988264		0.9155528545379639		1.279708712322712		0.1953505358338356		0.3907010716676712
489		20.554660624009557		0.842414915561676		1.2061186567544937		0.5747892995297909		1.1495785990595817
490		20.48104308100301		0.8941727876663208		1.2555218714427947		0.153022084993124		0.306044169986248
491		20.54630959899805		0.8596559166908264		1.225111253862381		0.11229497835040092		0.22458995670080184
492		20.5222301120084		0.9383740425109863		1.30045305621624		0.7843963458478451		1.5687926916956902
493		20.599508218001574		0.9002406597137451		1.2647428436422348		0.13820242578983308		0.27640485157966616
494		20.610668893990805		0.8696128129959106		1.240189412727356		0.35520260835886003		0.7104052167177201
495		20.49541538199992		0.9137169122695923		1.2707625165581704		0.11188415774703026		0.2237683154940605
496		20.397504086999106		0.8761171698570251		1.2385642072010041		0.19244855250716209		0.38489710501432417
497		20.505373313004384		1.0287221670150757		1.3875297961306572		0.5537347817897796		1.1074695635795593
498		20.56765919100144		0.8983417749404907		1.2636360594201088		0.11763533301949501		0.23527066603899002
499		20.536857906001387		0.8523197174072266		1.2149969688439368		0.12116205749511719		0.24232411499023437
500		20.444098590000067		0.9411048889160156		1.3035148114633561		0.1179254453241825		0.235850890648365
501		20.665278179003508		0.8898028135299683		1.2526570191264152		0.26691134125590327		0.5338226825118065
502		20.454443214010098		0.9335157871246338		1.2932401808547973		0.20060444544553757		0.40120889089107514
503		20.55147689100704		0.8658052682876587		1.2282314202737807		0.11160329763293267		0.22320659526586534
504		20.644224408999435		0.8600358366966248		1.2288727281069756		0.11332914997935295		0.2266582999587059
505		20.47488223100663		0.8525506854057312		1.2203931671643258		0.17159737430810929		0.34319474861621857
506		20.626586294005392		0.9062941074371338		1.2728320105934143		0.16084069743156434		0.3216813948631287
507		20.499936116000754		0.9054651260375977		1.2684931776022912		0.294829429769516		0.589658859539032
508		20.788498042005813		0.8680151104927063		1.23231973623991		0.14165593002438545		0.2833118600487709
509		20.548139435995836		0.8678944110870361		1.2374388921809196		0.11950849127769471		0.23901698255538942
510		20.509362998011056		0.8933731317520142		1.255970192258358		0.34291659638881683		0.6858331927776337
511		20.640124615994864		0.8790134787559509		1.2443740126895904		0.12663863884210586		0.2532772776842117
512		20.738219715000014		0.8324079513549805		1.1996532662534714		0.46470854904651643		0.9294170980930329
513		20.553882571010035		0.8795077204704285		1.2432806416893005		0.11708589399456978		0.23417178798913957
514		20.491825176999555		0.8992006182670593		1.2661132097816468		0.11634016707539559		0.23268033415079117
515		20.489191184999072		0.8769280314445496		1.2418075956177712		0.12065532569289207		0.24131065138578414
516		20.361134295992088		0.865141749382019		1.2319853255987168		0.15117929778695108		0.30235859557390216
517		20.526243999003782		0.8635965585708618		1.2318534435081483		0.11258625385165215		0.2251725077033043
518		20.466272518999176		0.9222067594528198		1.28638724691391		0.4124422133743763		0.8248844267487526
519		20.66090161098691		0.7983355522155762		1.1640062983059882		0.5641466667532921		1.1282933335065841
520		20.68969605800521		0.8210442662239075		1.187826140241623		0.2333187599658966		0.4666375199317932
521		20.641855453999597		0.8975947499275208		1.2630971560382842		0.13569835577011108		0.27139671154022216
522		20.602446418997715		0.8235127925872803		1.1869303078770637		0.16560953645706178		0.33121907291412356
523		20.717089547004434		0.8915665149688721		1.2495952736496925		0.12563408002257348		0.25126816004514696
524		20.5711506880034		0.8646462559700012		1.232421267952919		0.11174450118541718		0.22348900237083436
525		20.6655650419998		0.8396803140640259		1.2071484873652458		0.11215488040149212		0.22430976080298423
526		20.751253551003174		0.8821258544921875		1.249736798968315		0.10917824838757514		0.2183564967751503
527		20.556312539993087		0.8662502765655518		1.229193196206093		0.13767880935668944		0.2753576187133789
528		20.53528476700012		0.8861121535301208		1.2515947765088082		0.17047350744009018		0.34094701488018037
529		20.638225621994934		0.8626671433448792		1.222968356113434		0.5683864067614078		1.1367728135228157
530		20.703241694995086		0.9387602806091309		1.29898676666975		0.1272234368264675		0.254446873652935
531		20.671367098999326		0.9158200621604919		1.2802328262782097		0.17734217308163644		0.3546843461632729
532		20.539580597003805		0.8567182421684265		1.2248782283592223		0.3039395892739296		0.6078791785478592
533		20.657694715002435		0.8776092529296875		1.2440118093657493		0.7136258902251721		1.4272517804503442
534		20.65596937999362		0.9228206276893616		1.2768533532309532		0.12704278688430787		0.25408557376861574
535		20.507202634995338		0.8821678757667542		1.2471620119047164		0.1140666153371334		0.2281332306742668
536		20.67402838700218		0.8895986676216125		1.2524922498941422		0.12282786826491356		0.2456557365298271
537		20.65105066000251		0.8645322322845459		1.2314142825603485		0.15295172482132913		0.30590344964265825
538		20.542311017998145		0.8333425521850586		1.1991033622956275		0.19770306713581084		0.3954061342716217
539		20.41435603199352		0.9207556247711182		1.2826282954883574		0.11881712291240693		0.23763424582481385
540		20.59962898498634		0.8707541227340698		1.2360472888493539		0.10806198585927486		0.21612397171854972
541		20.70432154799346		0.850581169128418		1.21056714042902		0.11060576004385948		0.22121152008771897
542		20.686162430996774		0.8666180968284607		1.2318602870059014		0.11991560762524604		0.23983121525049209
543		20.78289494800265		0.8601223230361938		1.2245003641796113		0.11197552435994149		0.22395104871988297
544		20.675571005995153		0.9133864045143127		1.2790120684337616		0.11749162166118622		0.23498324332237244
545		20.635445824009366		0.868003785610199		1.2331203934335708		0.42829345061779023		0.8565869012355805
546		20.617907990003005		0.8962159156799316		1.2529960262036324		0.14867205110788345		0.2973441022157669
547		20.652172985996003		0.8529008626937866		1.2172017627048493		0.16617154336571693		0.33234308673143387
548		20.647869881009683		0.835418164730072		1.1967195865821838		0.2536599592626095		0.507319918525219
549		20.48363338400668		0.8812513947486877		1.244441041264534		0.3223260012447834		0.6446520024895668
550		20.315214788002777		0.8888919949531555		1.2488828022384644		0.12971980847120285		0.2594396169424057
551		20.4534653610026		0.8783496618270874		1.2408696029496193		0.11248832492232323		0.22497664984464646
552		20.495020167989423		0.839594841003418		1.1999765700387954		0.11157711488604545		0.2231542297720909
553		20.547141425995505		0.8860791325569153		1.2490907154536248		0.2776390520453453		0.5552781040906906
554		20.552222283993615		0.8275434970855713		1.19258080742836		0.1766928037047386		0.3533856074094772
555		20.595274152001366		0.9159772992134094		1.2771531506180762		0.20718124167919158		0.41436248335838316
556		20.758738534001168		0.8507871031761169		1.2176434512162209		0.14707733485102653		0.29415466970205306
557		20.575175078003667		0.8309596180915833		1.1961948660206794		0.10823357118070126		0.21646714236140252
558		20.487883425012114		0.8628346920013428		1.2250197879743576		0.23269561140537262		0.46539122281074524
559		20.45033908401092		0.8845229744911194		1.2500060776400566		0.16264855197668077		0.32529710395336153
560		20.508469159991364		0.8521955013275146		1.2163684006643296		0.12202543256878853		0.24405086513757707
561		20.529263564996654		0.8083848357200623		1.1772241216778756		0.7615555063664913		1.5231110127329825
562		20.531783858998097		0.9363890886306763		1.302165871913433		0.11757483903169631		0.23514967806339263
563		20.666219727994758		0.8184685111045837		1.186640160498619		0.18414663319587707		0.36829326639175414
564		20.705337769992184		0.8572600483894348		1.2217615305900573		0.11296767741441727		0.22593535482883453
565		20.66122827900108		0.8791291117668152		1.2454083485770227		0.10590253828763962		0.21180507657527925
566		20.559374661999755		0.8448217511177063		1.2113694025826454		0.15238309900164604		0.3047661980032921
567		20.537649513004		0.8438993692398071		1.2106741991233825		0.10300322409272195		0.2060064481854439
568		20.49289757499355		0.9236484169960022		1.2855365257620812		0.7236619611859322		1.4473239223718644
569		20.470897532009985		0.8596810698509216		1.2218473116230966		0.3926778427422047		0.7853556854844094
570		20.505061671006843		0.8575711250305176		1.2311732916140556		0.6834526633262634		1.3669053266525268
571		20.558297313997173		0.8577370643615723		1.223438659939766		0.1316407458126545		0.263281491625309
572		20.701883479996468		0.8675890564918518		1.2356618400406838		0.14870557238459586		0.2974111447691917
573		20.63641742200707		0.8996793031692505		1.270910600104332		0.4445204916000366		0.8890409832000732
574		20.53589090400783		0.8572898507118225		1.2208096185803414		0.10883563111126422		0.21767126222252844
575		20.812405916003627		0.8849019408226013		1.24398807035923		0.11106776841282845		0.2221355368256569
576		20.657342064994737		0.8454257845878601		1.2104780861592292		0.10624951650798321		0.21249903301596643
577		20.618463687002077		0.841937780380249		1.204156238040924		0.2365509050130844		0.4731018100261688
578		20.637432571995305		0.8400442600250244		1.2059324900698662		0.10399106751084328		0.20798213502168655
579		20.619526339010918		0.8441929221153259		1.2093165307092666		0.2214808823466301		0.4429617646932602
580		20.607609822996892		0.8652245998382568		1.2350865406394005		0.10889517060518265		0.2177903412103653
581		20.428063319996		0.8877647519111633		1.2514046316075325		0.12491250327825547		0.24982500655651094
582		20.55169148600544		0.8461804389953613		1.2118294715595246		0.16292748094797135		0.3258549618959427
583		20.58352841400483		0.8575544357299805		1.2205891062164307		0.2939020938813686		0.5878041877627372
584		20.657634161994793		0.830385684967041		1.200521577732563		0.1417747961461544		0.2835495922923088
585		20.63282280600106		0.8331592082977295		1.2005416675162315		1.8460151834189893		3.6920303668379786
586		20.791484307002975		0.9257436990737915		1.2874107416796685		0.1483099248111248		0.2966198496222496
587		20.7096903789934		0.8619298934936523		1.2222644230151176		0.1404583204627037		0.2809166409254074
588		20.73178127799474		0.8396716117858887		1.2042323549365996		0.1054608854085207		0.2109217708170414
589		20.61210072299582		0.8533594608306885		1.2171310131835937		0.10835550628900528		0.21671101257801056
590		20.492799258994637		0.8698041439056396		1.2324347299790381		0.12148842913508415		0.2429768582701683
591		20.740651318003074		0.8491794466972351		1.211131000738144		0.179440485227108		0.358880970454216
592		20.739820666000014		0.9065567851066589		1.2716460590600966		0.6368610949337482		1.2737221898674964
593		20.808399936009664		0.8369905948638916		1.2026075025439262		0.5866896485626698		1.1733792971253396
594		20.622175967000658		0.8398122191429138		1.204870296394825		0.10527323896288872		0.21054647792577744
595		20.497948856995208		0.888344407081604		1.2504338798451424		0.11016267019510269		0.22032534039020538
596		20.768959183988045		0.8665378093719482		1.2286465995144844		0.22124600503444672		0.44249201006889344
597		20.85212701599812		0.9415954351425171		1.2935466782808305		1.9277239932537078		3.8554479865074156
598		20.795540677994723		0.9392237067222595		1.2881160842108728		0.17870162484645843		0.35740324969291687
599		20.743974682001863		0.862360417842865		1.227098659286499		0.12026632258892059		0.24053264517784118
600		20.625795890999143		0.8391784429550171		1.2009539707136154		0.11094119465947151		0.22188238931894302
601		20.53301102000114		0.9063597321510315		1.2647635979175567		0.10412311973571778		0.20824623947143556
602		20.637389725990943		0.8633793592453003		1.222633143556118		0.14773692117333412		0.29547384234666824
603		20.54532955099421		0.8737856149673462		1.2451474386930466		0.15027226085066794		0.3005445217013359
604		20.62346576800337		0.8151678442955017		1.181799739701748		0.10068153987526894		0.20136307975053788
605		20.826162822995684		0.8817226886749268		1.248385114939213		0.10591720632612706		0.2118344126522541
606		20.654114267003024		0.8143267631530762		1.1787337017393111		0.10384026170372963		0.20768052340745927
607		20.52967811799317		0.8593329191207886		1.2274833098125457		0.12100155307650566		0.24200310615301132
608		20.531778856005985		0.8658201098442078		1.2299761014437676		0.1381974299311638		0.2763948598623276
609		20.62721836900164		0.8595080375671387		1.224841725001335		0.11536547269821167		0.23073094539642333
610		20.68249722699693		0.8685178160667419		1.226121102142334		0.1023471815764904		0.2046943631529808
611		20.71459129800496		0.8519108295440674		1.2194854774808883		0.14158483163118363		0.28316966326236725
612		20.773650778995943		0.8517734408378601		1.2152640035319329		0.11762871069312096		0.23525742138624192
613		20.71236400998896		0.8305239677429199		1.1939389961791038		0.1239268160223961		0.2478536320447922
614		20.608631640992826		0.8696885108947754		1.2374919517445564		0.27297398347258567		0.5459479669451713
615		20.376286715007154		0.9216254949569702		1.2840943470454216		0.14685834767222405		0.2937166953444481
616		20.543368329002988		0.8446645736694336		1.2104408794331551		0.23667535571455955		0.4733507114291191
617		20.49791886100138		0.8294123411178589		1.1914758034777642		0.11339020084142686		0.2267804016828537
618		20.479319359001238		0.8443444967269897		1.2098413113093376		0.6657405244588852		1.3314810489177704
619		20.466945599997416		0.8032361268997192		1.1713290181016922		0.11043806733489037		0.22087613466978073
620		20.500095858995337		0.8439319133758545		1.2093784017753602		0.11162437322735787		0.22324874645471574
621		20.545518585000536		0.8616915345191956		1.226148423960209		0.10578966759443283		0.21157933518886565
622		20.78371660799894		0.8124353885650635		1.1811123308205604		0.11002331916689873		0.22004663833379745
623		20.709294891988975		0.8237276077270508		1.189789524040222		0.10708478848338127		0.21416957696676253
624		20.707790457992814		0.8288989067077637		1.197920358850956		0.10818101037740707		0.21636202075481414
625		20.67434234698885		0.8388672471046448		1.206590144007206		0.1006925953477621		0.2013851906955242
626		20.68243949400494		0.835739254951477		1.1975548575019836		0.20397643011808395		0.4079528602361679
627		20.686579199988046		0.8476804494857788		1.2161482403826713		0.10833887986540794		0.21667775973081588
628		20.55841528098972		0.8557066917419434		1.2236227063536644		0.1522447241485119		0.3044894482970238
629		20.52166674900218		0.8578374981880188		1.2232179695820808		0.138332121309638		0.276664242619276
630		20.58330561099865		0.8161511421203613		1.1822806713104248		0.2522423756957054		0.5044847513914108
631		20.537152324002818		0.8497007489204407		1.2203723493051528		0.15973486460447311		0.31946972920894623
632		20.620580978007638		0.8726273775100708		1.2370019454598427		0.12059553545117378		0.24119107090234757
633		20.58734287400148		0.8190253973007202		1.1848254728722571		0.11702246366143226		0.23404492732286453
634		20.624208384993835		0.8480269908905029		1.2163241061735153		0.2569522589981556		0.5139045179963112
635		20.50861348300532		0.7993752360343933		1.1636850496935844		0.10071458406746388		0.20142916813492776
636		20.56516913800442		0.8697302341461182		1.2344097733950614		0.14103906866908072		0.28207813733816145
637		20.543966708995868		0.8569761514663696		1.224985395245552		0.10707415969669819		0.21414831939339637
638		20.496277423007996		0.8789419531822205		1.2394786681699752		0.391590974855423		0.783181949710846
639		20.71967509899696		0.809242844581604		1.171232978270054		0.09955776276290416		0.19911552552580833
640		20.565365981994546		0.8147258162498474		1.1827035281920433		0.5012416483163834		1.0024832966327668
641		20.54673200599791		0.8494446873664856		1.2157486192369462		0.10016758081316948		0.20033516162633896
642		20.643554847993073		0.8505135774612427		1.2150683432769775		0.105747859030962		0.211495718061924
643		20.624454272998264		0.8140669465065002		1.1817164577126502		0.4432858612596989		0.8865717225193978
644		20.77322344201093		0.8317386507987976		1.1898434410476684		0.17524007136821748		0.35048014273643496
645		20.800532152992673		0.8455912470817566		1.2113124125623702		0.10447094946801662		0.20894189893603324
646		20.706047919986304		0.8457918763160706		1.2090150257873535		0.16333651382923126		0.3266730276584625
647		20.62821692500438		0.8011438846588135		1.1659134669589997		0.4069307614386082		0.8138615228772164
648		20.633221986994613		0.8991349935531616		1.270276703042984		0.10205974996685982		0.20411949993371964
649		20.57164270200883		0.8268545269966125		1.1907910404348374		0.12853831485509873		0.25707662971019746
650		20.498941131998436		0.8593061566352844		1.2189345385432244		0.19086167194247247		0.38172334388494494
651		20.61378911099746		0.8293552994728088		1.1954274417209625		0.15079062196016313		0.30158124392032626
652		20.76731473999098		0.8156612515449524		1.1802133635997771		0.22114028405547143		0.44228056811094285
653		20.539905366997118		0.8591669797897339		1.2288742418527603		0.2670475408554077		0.5340950817108154
654		20.608893222990446		0.8057726621627808		1.1701484255242347		0.10147849043607712		0.20295698087215425
655		20.647353716005455		0.8868322968482971		1.2516062116575242		0.10357024378478527		0.20714048756957054
656		20.50180310200085		0.782549262046814		1.1481211875724793		0.12291681492328643		0.24583362984657287
657		20.553938630997436		0.8434467911720276		1.2118966396355628		0.865917564201355		1.73183512840271
658		20.458086505997926		0.8455920815467834		1.2107051041007042		0.10183478634655475		0.2036695726931095
659		20.519563002992072		0.8493304252624512		1.2147687534356117		0.10267982715964317		0.20535965431928635
660		20.602383293997264		0.817095160484314		1.1838358693861961		0.10842651292085648		0.21685302584171295
661		20.509457959997235		0.8071394562721252		1.1770533466672897		0.23025928619503974		0.4605185723900795
662		20.559123617000296		0.8484178781509399		1.221483727376461		0.1365745280623436		0.2731490561246872
663		20.506569903998752		0.825604259967804		1.1927577071404456		0.09957477251887321		0.19914954503774643
664		20.516953831000137		0.8559933304786682		1.2253479557704925		0.11470487174391747		0.22940974348783494
665		20.596365039993543		0.8369621634483337		1.200065489461422		0.1405709399163723		0.2811418798327446
666		20.635768777996418		0.8345131278038025		1.1975372790670396		0.10754858938753604		0.2150971787750721
667		20.604683587007457		0.8314111232757568		1.1977563221883774		0.10028360356986522		0.20056720713973045
668		20.65777024801355		0.8531930446624756		1.2161363276720047		0.12887655727863312		0.25775311455726624
669		20.84814692600048		0.8537323474884033		1.2183644328713417		0.09961927056610584		0.19923854113221168
670		20.650858923996566		0.8268128037452698		1.1930233295035362		0.12771810750365256		0.2554362150073051
671		20.444131655996898		0.806487500667572		1.1758145503568649		0.4276752683341503		0.8553505366683006
672		20.710600575999706		0.8317438960075378		1.1969896565341949		0.12260301263928414		0.24520602527856827
673		87.69201192799665		0.862960159778595		1.227637306690216		0.12978696432709694		0.2595739286541939
674		20.77162014199712		0.8150931596755981		1.1775873259711265		0.27185073389410974		0.5437014677882195
675		77.78749466700538		0.8223806619644165		1.185240654103756		0.09816312671601772		0.19632625343203544
676		20.758363601999008		0.8119884729385376		1.1778021342134475		0.14957029305100442		0.29914058610200883
677		20.659854771001847		0.844917893409729		1.2103013382911683		0.10100714276432991		0.20201428552865983
678		20.607698990002973		0.7989267110824585		1.1628723697733878		0.10317048182189464		0.2063409636437893
679		20.7200965469965		0.7954310774803162		1.1598989205479622		0.0973016480743885		0.194603296148777
680		20.541797193000093		0.8596276640892029		1.2230239912605285		0.09742202270328998		0.19484404540657996
681		20.674739175010473		0.802207350730896		1.169556514558792		0.10781025813817978		0.21562051627635956
682		20.79116365700611		0.8367278575897217		1.198400053255558		0.12232335668802262		0.24464671337604524
683		20.853283435993944		0.8443006277084351		1.209864621448517		0.17960178207159042		0.35920356414318083
684		20.9198018060124		0.818413257598877		1.1916142517328263		0.09812484548091889		0.19624969096183778
685		20.78752479600371		0.9130144119262695		1.2714291753053666		0.11833495025038719		0.23666990050077438
686		20.813540199000272		0.828460693359375		1.1961230789709092		0.09760183281898499		0.19520366563796998
687		20.81699426198611		0.8224201202392578		1.1868877469539643		0.1194355730354786		0.2388711460709572
688		20.770460257001105		0.802555501461029		1.1674687496829033		0.10385737363398075		0.2077147472679615
689		20.738015431998065		0.8669375777244568		1.2304211493754387		0.10220223098397255		0.2044044619679451
690		20.623539478998282		0.867462158203125		1.2287313730335236		0.1760978215187788		0.3521956430375576
691		20.520674487997894		0.8099168539047241		1.1763631484413146		0.1092056337594986		0.2184112675189972
692		20.452192279000883		0.8251507878303528		1.1900746143627168		0.10784778555333614		0.21569557110667228
693		20.441119209004682		0.8102115392684937		1.1765951487731934		0.10465055081546307		0.20930110163092613
694		20.421804108991637		0.8379532694816589		1.2069912408804893		0.3449857634603977		0.6899715269207954
695		20.51904782000929		0.8249763250350952		1.1889223737311363		0.1814946462869644		0.3629892925739288
696		20.74527391800075		0.8816617727279663		1.245014209740162		0.13878061893582344		0.2775612378716469
697		20.83020322000084		0.8252275586128235		1.1900013674902916		0.1004040587157011		0.2008081174314022
698		20.727545713001746		0.827064037322998		1.196086296401024		0.1837080582499504		0.3674161164999008
699		20.587223102003918		0.8209605813026428		1.1940437176060676		0.12668862111270426		0.2533772422254085
700		20.629176121001365		0.8580591678619385		1.2212092314720153		0.10364293265342713		0.20728586530685425
701		20.506897233994096		0.7989292144775391		1.166781618335247		0.2087327325284481		0.4174654650568962
702		20.57162661899929		0.8404701948165894		1.2081216269159316		0.14855250644683837		0.29710501289367675
703		20.512570186998346		0.8189917802810669		1.1799905905127526		0.24510302315950394		0.4902060463190079
704		20.674247623988776		0.8251821398735046		1.1903087962937355		0.10960552942752838		0.21921105885505676
705		20.714869411996915		0.8359923362731934		1.2005609163832665		0.09967521398961544		0.1993504279792309
706		20.699472403997788		0.8038977980613708		1.1720813572335242		0.09986833910048008		0.19973667820096017
707		20.744695543995476		0.8086880445480347		1.1799901348876953		0.23040451954603194		0.4608090390920639
708		20.738252078997903		0.839979350566864		1.205909286518097		0.12651728549003602		0.25303457098007204
709		20.725691657004063		0.811173677444458		1.1747595034956932		0.10438780510127545		0.2087756102025509
710		20.789307456987444		0.8338990211486816		1.1997598112344743		0.10276890624761581		0.20553781249523162
711		20.681708767995588		0.8578119874000549		1.2200911566710473		0.10122597229778767		0.20245194459557533
712		20.780351852998137		0.8007591962814331		1.1696842321825027		0.0978292291611433		0.1956584583222866
713		20.612789253995288		0.8216107487678528		1.1850603102493287		0.18612983248233794		0.3722596649646759
714		20.449300594991655		0.8401914834976196		1.2038212609910965		0.42578814039826396		0.8515762807965279
715		20.553624236999894		0.8592407703399658		1.2189694988822937		0.09847257220447063		0.19694514440894126
716		20.570583430002443		0.8171607851982117		1.1810152630472184		0.09783463119864463		0.19566926239728927
717		20.777632141995127		0.8433266878128052		1.2032433815836907		0.13959324614405633		0.27918649228811265
718		20.726324881004984		0.8095521926879883		1.1799075829362868		0.10864632958173752		0.21729265916347504
719		20.87917338400439		0.8325381278991699		1.2012200271844864		0.22206414380073547		0.44412828760147094
720		20.728153783013113		0.7983106970787048		1.1645174195361137		0.10038668713867664		0.20077337427735328
721		20.670976362001966		0.8155000805854797		1.1886374014496803		0.16665348222255708		0.33330696444511415
722		20.572713570989436		0.8354595899581909		1.2021404688715935		0.11370864734947682		0.22741729469895364
723		20.688808130988036		0.8315010070800781		1.19538553596735		0.09769555737376213		0.19539111474752427
724		20.563187254985678		0.8010956048965454		1.1656527405786514		0.5094555423259736		1.0189110846519471
725		20.623349674991914		0.8625157475471497		1.2255388321352005		0.1418076022386551		0.2836152044773102
726		20.530220292988815		0.8296936750411987		1.1942798289179801		0.8044783389925957		1.6089566779851914
727		20.86979143199278		0.8526679277420044		1.2169086829566955		0.2555626512527466		0.5111253025054932
728		20.595197268994525		0.8210557103157043		1.1900872190380096		0.10724916672408581		0.21449833344817162
729		20.55675832500856		0.8334517478942871		1.1995016048049927		0.11331561700701713		0.22663123401403426
730		20.556404344999464		0.8018059730529785		1.166763939356804		0.4076117713570595		0.815223542714119
731		20.72042446299747		0.8361210227012634		1.2023813853359222		0.09730691551864147		0.19461383103728294
732		20.726856999011943		0.7939293384552002		1.15705306691885		0.18682634949088098		0.37365269898176195
733		20.706198308995226		0.8490198850631714		1.2149087706136703		0.10409328278303147		0.20818656556606294
734		20.57291258199257		0.8065763115882874		1.1709554555654527		0.15824805915951728		0.31649611831903457
735		20.627181023010053		0.8317170143127441		1.1943524819040299		0.09725700384378433		0.19451400768756866
736		20.444009701997857		0.7990587949752808		1.161024266409874		0.1236875559926033		0.2473751119852066
737		20.465192554009263		0.8532040119171143		1.2196462164783477		0.099115617364645		0.19823123472929
738		20.52710101599223		0.8312138915061951		1.2012918655562401		0.09873488650918007		0.19746977301836013
739		20.763874582000426		0.8077249526977539		1.172376300520897		0.11441724052429199		0.22883448104858398
740		20.615865148007288		0.8460071086883545		1.2150042623519897		0.4961224114596844		0.9922448229193688
741		20.708659940995858		0.8120718598365784		1.1790872162532806		0.1103233414709568		0.2206466829419136
742		20.798448100002133		0.8425358533859253		1.2038961483073234		0.10544972825348377		0.21089945650696754
743		20.760329386001104		0.8203351497650146		1.1879143892908097		0.10910008301734925		0.2182001660346985
744		20.717665850999765		0.7921380400657654		1.1612382847857474		0.10366818655133248		0.20733637310266495
745		21.06279480899684		0.8408283591270447		1.2097733392882346		0.12536843005418777		0.25073686010837554
746		20.662223770996206		0.8127899765968323		1.1772470787644387		0.12996586235165597		0.25993172470331194
747		20.535543662001146		0.8295164704322815		1.2004464918112754		0.10868334623873234		0.21736669247746468
748		20.69966226600809		0.7752940654754639		1.1380822828435897		0.13423919158577918		0.26847838317155837
749		20.725697979010874		0.831109344959259		1.1954618611621857		0.2729909351706505		0.545981870341301
750		20.55228566599544		0.8300206661224365		1.1976381680059434		0.4519552439212799		0.9039104878425598
751		20.6822877300001		0.8026112914085388		1.1688532465314865		0.10602711763679981		0.21205423527359962
752		20.67899742499867		0.8208843469619751		1.1955362532448768		0.2887684317171574		0.5775368634343148
753		20.744762759000878		0.8103436231613159		1.1816129431915283		0.2004944460272789		0.4009888920545578
754		20.543603804006125		0.8022321462631226		1.168031144399643		0.1296355418473482		0.2592710836946964
755		20.771178198992857		0.8166016340255737		1.1830661758780479		0.10816621942222118		0.21633243884444237
756		20.753481081992504		0.8173120021820068		1.1837120903778076		0.10232149628400802		0.20464299256801605
757		20.62215403500886		0.7993189096450806		1.1656421860671042		0.10094611168503762		0.20189222337007523
758		20.623968742991565		0.8027831315994263		1.1661017956471442		0.12346629768908024		0.24693259537816048
759		20.545901652993052		0.7735570073127747		1.143199914662838		0.11956640206575393		0.23913280413150786
760		20.805634909003857		0.8614981770515442		1.225718740787506		0.0982439180612564		0.1964878361225128
761		20.55859523099207		0.82513427734375		1.1869365732288362		0.13967510271668435		0.2793502054333687
762		20.672455239997362		0.7960706949234009		1.1585425264787674		0.16312047674059868		0.32624095348119736
763		20.733841594003025		0.8334455490112305		1.1974333484220505		0.10675986272692681		0.21351972545385361
764		20.582780923010432		0.7922927141189575		1.1590413743686676		0.13347249372005462		0.26694498744010925
765		20.521395730000222		0.7976841330528259		1.1615946029376985		0.14744295560121537		0.29488591120243074
766		20.58353431901196		0.7796704769134521		1.1440310276699066		0.10734134740233421		0.21468269480466842
767		20.505167352006538		0.806509256362915		1.1711731556987763		0.1662598575770855		0.332519715154171
768		20.593418306991225		0.8027409911155701		1.1693156901073456		0.09660910634994507		0.19321821269989015
769		20.56273287300428		0.792912483215332		1.165369725329876		0.09629579217135906		0.19259158434271811
770		20.52967098299996		0.8170399069786072		1.1811923411417007		0.09594922074079514		0.19189844148159027
771		20.573634629996377		0.7998663187026978		1.1759086176085471		0.13833227103352547		0.27666454206705093
772		20.61941177600238		0.77427077293396		1.1426464104413987		0.09630231158435344		0.19260462316870688
773		20.58469938801136		0.8074620366096497		1.1777018988728523		0.13245707383155822		0.26491414766311644
774		20.592405032002716		0.7836610078811646		1.1504074088740348		0.14334131011366844		0.28668262022733687
775		20.72380518600403		0.786162793636322		1.1559755279517174		0.11807318395376205		0.2361463679075241
776		20.60661582100147		0.7842147350311279		1.156889933927059		0.11141107624471187		0.22282215248942375
777		20.600923058009357		0.7924375534057617		1.159044221982956		0.15921999727487565		0.3184399945497513
778		20.57409700199787		0.7953698039054871		1.1631977869105339		0.8547963543593884		1.7095927087187768
779		20.599662600987358		0.7891929745674133		1.156590459792614		0.09553614085316658		0.19107228170633317
780		20.53559762700752		0.8283190131187439		1.194161530086994		0.18087207006812095		0.3617441401362419
781		20.693680490003317		0.7898842692375183		1.155719358212948		0.14850217233300209		0.29700434466600417
782		20.69709001100273		0.7881606221199036		1.1514195970964431		0.10746601992845535		0.2149320398569107
783		20.77081445499789		0.7811903953552246		1.14917990190506		0.09405587967932225		0.1881117593586445
784		20.7891411800083		0.7999832630157471		1.1681705684375763		0.6484742572546005		1.296948514509201
785		20.617629511994892		0.808619499206543		1.1724113447332383		0.10015615461170674		0.20031230922341348
786		20.505162626999663		0.7916820645332336		1.1602347284460068		0.12963701811432837		0.25927403622865675
787		20.555929798996658		0.7887511253356934		1.1598399300837516		0.10085678168535232		0.20171356337070465
788		20.577797397010727		0.8383521437644958		1.2031109921979903		0.1966155917108059		0.3932311834216118
789		20.618490553009906		0.7851197719573975		1.154149407763481		0.09526509665548802		0.19053019331097604
790		20.65587302199856		0.7975112795829773		1.164895647480488		0.09589168766736984		0.1917833753347397
791		20.668786462993012		0.8304494619369507		1.191324239382744		0.12490801268815994		0.2498160253763199
792		20.751578890005476		0.8073517680168152		1.1773964233517646		0.10566622284054757		0.21133244568109513
793		20.811854507992393		0.7912847399711609		1.157992419166565		0.1094356806665659		0.2188713613331318
794		20.589501706999727		0.8369110822677612		1.2022352542209624		0.1302291013598442		0.2604582027196884
795		20.807321072003106		0.8303854465484619		1.1992044077420234		0.12197586447000504		0.24395172894001008
796		20.567496096002287		0.7952123880386353		1.1650206400799752		0.11508739375770093		0.23017478751540185
797		20.740415653999662		0.8137242794036865		1.1830097334337235		0.5139115401983261		1.0278230803966522
798		20.73496489301033		0.793865978717804		1.1606403252005577		0.0950210412979126		0.1900420825958252
799		20.699011381002492		0.7921316027641296		1.1544401819610595		0.1006563946068287		0.2013127892136574
800		20.661690170003567		0.7802305221557617		1.1464497853136062		0.09467432846426964		0.18934865692853928
801		20.611980843998026		0.8053323030471802		1.1708137556982041		0.12358815920948982		0.24717631841897963
802		20.751817501004552		0.8031231164932251		1.171064499747753		0.17132322758436203		0.34264645516872405
803		20.77491010799713		0.792323887348175		1.1578808907365798		0.09579706606268883		0.19159413212537765
804		20.854088462001528		0.7854739427566528		1.1508038664770126		0.18995838978290558		0.37991677956581116
805		20.85829464100243		0.7846853733062744		1.1535205914640427		0.09311400491297245		0.1862280098259449
806		20.738974812004017		0.8109298348426819		1.1780319544029236		0.09328497657179832		0.18656995314359665
807		20.71801378300006		0.7772341966629028		1.1429209529137612		0.0934703322261572		0.1869406644523144
808		20.72768682699825		0.7831689715385437		1.1496483258318901		0.16684756116271018		0.33369512232542037
809		20.784097559007932		0.7905309200286865		1.1575819385433197		0.09525989082753658		0.19051978165507316
810		20.96800927199365		0.7939590215682983		1.16296606477499		0.19930809280872344		0.3986161856174469
811		20.77060832999996		0.8130227327346802		1.1837948949003219		0.09536592858433723		0.19073185716867447
812		20.518522924001445		0.807233989238739		1.1743444805645942		0.09700918563604355		0.1940183712720871
813		20.835087100989767		0.7794774174690247		1.14426461550951		0.09734480056166649		0.19468960112333297
814		20.55538229200465		0.8111763000488281		1.1741105115413666		0.09383801818192006		0.18767603636384012
815		20.46421967599599		0.7840997576713562		1.1509042270350456		0.11693352228105068		0.23386704456210136
816		20.710982258999138		0.7825024724006653		1.147443944568634		0.1083270033955574		0.2166540067911148
817		20.794639800995355		0.8032293319702148		1.1697650876259804		0.09887620919942856		0.19775241839885713
818		20.811203821998788		0.7894177436828613		1.1577704366016388		0.16121073544025422		0.32242147088050843
819		21.211461433005752		0.7761734127998352		1.1420965730929376		0.0930398501932621		0.1860797003865242
820		20.660257059993455		0.7741317749023438		1.1419860624074936		0.4984285004258156		0.9968570008516312
821		20.526903352991212		0.7983481884002686		1.1625627350139618		0.3356461234271526		0.6712922468543052
822		20.533525107995956		0.8121815323829651		1.177285879292488		0.21083058992028236		0.4216611798405647
823		20.446663964001345		0.7769521474838257		1.1439528988814354		0.10270256803631783		0.20540513607263566
824		20.501464246000978		0.805589497089386		1.1760585187649726		0.11071658654510975		0.2214331730902195
825		20.455908177013043		0.770700216293335		1.1383897668623923		0.10331271098852157		0.20662542197704314
826		20.613925477009616		0.8327203989028931		1.2017111752581597		0.1451211612522602		0.2902423225045204
827		20.543563086001086		0.7872951626777649		1.1582217191553117		0.1092882551163435		0.218576510232687
828		20.724715110001853		0.7763597965240479		1.1408261635494232		0.0978093933403492		0.1956187866806984
829		20.72009715400054		0.8005318641662598		1.1641744658184052		0.09392588943243027		0.18785177886486054
830		20.83144126800471		0.7874162793159485		1.1587073137187958		0.0927563432276249		0.1855126864552498
831		20.5735836620006		0.7883591055870056		1.1582910188937188		0.09967147549390792		0.19934295098781585
832		20.679680140005075		0.7824413776397705		1.148230184187889		0.09502773472368717		0.19005546944737434
833		20.756011842007865		0.7748588919639587		1.1406168262815475		0.10126527816653251		0.20253055633306502
834		20.828737787000136		0.801998496055603		1.1644637386846541		0.09439304324388505		0.1887860864877701
835		20.798521577002248		0.7930002808570862		1.1598378938150407		0.09536106300950051		0.19072212601900101
836		20.669268396988628		0.7795104384422302		1.1495960527396203		0.10754364954829217		0.21508729909658433
837		20.81759401599993		0.7761203646659851		1.1475350250029563		0.10141931201815606		0.20283862403631212
838		20.74804471200332		0.7732394337654114		1.1364609015488625		0.20084295914769174		0.40168591829538347
839		20.726682477994473		0.7975893616676331		1.161676769051552		0.10990109140574932		0.21980218281149863
840		20.728820065996842		0.7822203636169434		1.147979048192501		0.0954600931495428		0.1909201862990856
841		20.835815632992308		0.8093140125274658		1.1746868464684486		0.12268173878192902		0.24536347756385804
842		20.71595256999717		0.7559581995010376		1.1251300185775757		0.10384839614033699		0.20769679228067398
843		20.87723670199921		0.8366997241973877		1.2008773452472687		0.09345947900414467		0.18691895800828934
844		20.783659306995105		0.7715855836868286		1.1375500490760804		0.08991145177185536		0.17982290354371072
845		20.774658835987793		0.7752630114555359		1.1417268001914025		0.7954890167653561		1.5909780335307122
846		20.636109564002254		0.7925170660018921		1.159607067735195		0.09221997105777263		0.18443994211554526
847		20.595094360003714		0.7852674722671509		1.1519925217199325		0.357392672175169		0.714785344350338
848		20.688169308996294		0.7919014692306519		1.1520736261463165		0.09512962746620178		0.19025925493240356
849		20.63695366898901		0.7957875728607178		1.1587354033660888		0.17654357256889344		0.3530871451377869
850		20.755795155011583		0.7786949872970581		1.1411136532664299		0.10530287357866765		0.2106057471573353
851		20.706492683995748		0.7861707806587219		1.1540473008084298		0.14297294231951238		0.28594588463902476
852		20.75727384899801		0.8233634233474731		1.1890954732203483		0.1141337869733572		0.2282675739467144
853		20.69213303500146		0.7688401937484741		1.1352650870084762		0.2927125939130783		0.5854251878261566
854		20.742201707005734		0.7794166803359985		1.149353290090561		0.09120571745932102		0.18241143491864203
855		20.656937966006808		0.7680344581604004		1.1310287308573723		0.2556636059105396		0.5113272118210792
856		20.821356098007527		0.8469607830047607		1.2110658753466605		0.1322602508485317		0.2645205016970634
857		20.584020671987673		0.7803856730461121		1.1455056640410424		0.11308401564359664		0.2261680312871933
858		20.59448311199958		0.8053932785987854		1.166805174715519		0.0956148431867361		0.1912296863734722
859		20.640552698998363		0.7750871777534485		1.1383380577349662		0.12378168716728687		0.24756337433457373
860		20.757455489001586		0.7885703444480896		1.1538430466341973		0.11954150041043758		0.23908300082087516
861		20.798264256998664		0.7574459910392761		1.1201973156142235		0.19567075459957123		0.39134150919914246
862		20.85468553600367		0.7812952995300293		1.148726078288555		0.09174650352299213		0.18349300704598426
863		20.70986970399099		0.8467310070991516		1.213588387079239		0.13172918946146964		0.2634583789229393
864		20.732019521004986		0.7803710103034973		1.1464126450967789		0.09211646421253682		0.18423292842507363
865		20.756745550999767		0.7945180535316467		1.1606350890874864		0.09494689842462539		0.18989379684925078
866		20.70280786100193		0.7892282605171204		1.1499305908727646		0.09042194624245167		0.18084389248490335
867		20.611211840005126		0.7683525681495667		1.1386283557343484		0.09115204530060292		0.18230409060120584
868		20.65224280700204		0.7878328561782837		1.155992595489025		0.4935936442017555		0.987187288403511
869		20.77901475300314		0.8231518268585205		1.1890369148039819		0.09144737342894077		0.18289474685788154
870		20.66058026200335		0.7726943492889404		1.136870766608715		0.09443508760631085		0.1888701752126217
871		20.86155300999235		0.7857569456100464		1.1525114252758026		0.0962389558583498		0.1924779117166996
872		20.85488286500913		0.7874971032142639		1.153129224910736		0.10328510381877422		0.20657020763754844
873		20.884203753987094		0.77890545129776		1.1457752129006387		0.28669400298595427		0.5733880059719085
874		20.826407226006268		0.8115979433059692		1.1802520104289056		0.14961760005354882		0.29923520010709764
875		20.82887350799865		0.8032459020614624		1.1674755545926094		0.09579517093002796		0.1915903418600559
876		20.705493532994296		0.7762966156005859		1.146085662562847		0.10887361307442188		0.21774722614884376
877		20.749014400003944		0.7753937840461731		1.1444958202528954		0.17226823657751084		0.34453647315502167
878		20.747834674009937		0.7864798903465271		1.1537088945555687		0.09317981127500534		0.18635962255001068
879		20.880847181993886		0.7725990414619446		1.1379813315272331		0.09165804499685765		0.1833160899937153
880		20.660449686998618		0.7670667171478271		1.135691367468834		0.09697326263785362		0.19394652527570724
881		20.705741690006107		0.7636694312095642		1.1287616094326973		0.1087113670706749		0.2174227341413498
882		20.700614218992996		0.7848474979400635		1.1432638778471946		0.25476573811173436		0.5095314762234687
883		20.694173852010863		0.7709087133407593		1.1356220586562156		0.09606014945209027		0.19212029890418053
884		20.679103538001073		0.7796173095703125		1.1436438780903817		0.2241303988277912		0.4482607976555824
885		20.89189283399901		0.7508803606033325		1.117254524075985		0.09902250998616219		0.19804501997232438
886		20.865266945998883		0.7831092476844788		1.1542796146917342		0.10331349609792233		0.20662699219584466
887		20.844584788006614		0.768225908279419		1.1333304068541528		0.10704783063828945		0.2140956612765789
888		20.827720208995743		0.7855658531188965		1.156184438934326		0.09885176749527455		0.1977035349905491
889		20.784020592007437		0.7604485154151917		1.1223939272260666		0.3307018085241318		0.6614036170482636
890		20.659401559008984		0.7848767638206482		1.152291567363739		0.09183084986507893		0.18366169973015786
891		20.712153883010615		0.8122001886367798		1.1754353111577034		0.1028092882156372		0.2056185764312744
892		20.70026019398938		0.7869513034820557		1.1532239917969704		0.08885132917165756		0.1777026583433151
893		20.53662717199768		0.7508466839790344		1.1169360982131957		0.11782557583451271		0.23565115166902542
894		20.589282665008795		0.7872917652130127		1.1540234476566316		0.09247463434040547		0.18494926868081094
895		20.697294621000765		0.7799514532089233		1.142801679699421		0.08982970362901688		0.17965940725803375
896		20.757796637990396		0.7704008221626282		1.139431729335785		0.08914108791351319		0.17828217582702638
897		20.76704992199666		0.8000237941741943		1.1666291110873221		0.08934562832713128		0.17869125665426255
898		20.824949670990463		0.7775036692619324		1.140275395989418		0.09013172958493233		0.18026345916986466
899		20.883791652013315		0.7923819422721863		1.1578270637226105		0.28379931873083114		0.5675986374616623
900		20.91648913100653		0.7675555348396301		1.1331793160247803		0.15381353901028633		0.30762707802057265
901		20.818535035999957		0.7753918766975403		1.1425970773148537		0.09048060275912286		0.1809612055182457
902		20.74670930900902		0.7669934034347534		1.1368046927165985		0.09284963663220405		0.1856992732644081
903		20.932041552005103		0.7857886552810669		1.1551570509028435		0.08986337401866913		0.17972674803733826
904		20.845811549006612		0.7755749821662903		1.138540805351734		0.09014570984840393		0.18029141969680787
905		20.670651873995666		0.7903876304626465		1.1618376142048836		0.1408014998614788		0.2816029997229576
906		20.56984220800223		0.7686120271682739		1.1374431973528862		0.08953278650939464		0.17906557301878928
907		20.744903152997722		0.7660658359527588		1.1330807121682167		0.150682152479887		0.301364304959774
908		20.96157335799944		0.7681667804718018		1.1378382641386986		0.29581402947306634		0.5916280589461327
909		20.682792831998086		0.765204906463623		1.1298155866599082		0.15655882588028908		0.31311765176057815
910		20.682555364997825		0.7506510615348816		1.1215664729189874		0.0913624995648861		0.1827249991297722
911		20.741580742993392		0.7950153946876526		1.1637846265268326		0.1251702600091696		0.2503405200183392
912		20.817721186991548		0.7500895261764526		1.1146800905370713		0.12157291624248028		0.24314583248496055
913		20.810418901994126		0.7628577351570129		1.128328921289444		0.11754526439905166		0.23509052879810333
914		20.754966196007445		0.7624775767326355		1.1289266556048394		0.1089206194549799		0.2178412389099598
915		20.671276048000436		0.7654910683631897		1.134517715947628		0.10929165609478951		0.21858331218957902
916		20.780785167007707		0.7575154304504395		1.1240638768959046		0.2780692111670971		0.5561384223341942
917		20.56308556300064		0.7739700078964233		1.1413964991569518		0.08891526497900486		0.17783052995800971
918		20.650113316994975		0.7628283500671387		1.1267831058549882		0.10877202022075654		0.21754404044151307
919		20.622018262991332		0.7610279321670532		1.1262849538493156		0.08882749637067318		0.17765499274134636
920		20.678696311995736		0.7645609974861145		1.1290596229696275		0.19668960404992103		0.39337920809984206
921		20.864111485992908		0.7634730935096741		1.1279771910452843		0.10331656175255775		0.2066331235051155
922		20.863398565998068		0.7574342489242554		1.1232887219095231		0.0905168816626072		0.1810337633252144
923		20.751077829001588		0.7689333558082581		1.1332918027043342		0.1891997904419899		0.3783995808839798
924		20.87922967999475		0.7907561659812927		1.1570050570344925		0.10124816283285618		0.20249632566571235
925		20.877838543005055		0.7692702412605286		1.1355540416049956		0.23554304935336112		0.47108609870672224
926		20.81456240999978		0.7800940275192261		1.1466015976524353		0.08911368480324745		0.1782273696064949
927		20.73049127100967		0.7831041812896729		1.1447060246992111		0.08998097219467163		0.17996194438934326
928		20.761275181008386		0.7813988924026489		1.1472835045313836		0.08906162794530392		0.17812325589060785
929		20.809063747001346		0.7484952807426453		1.1143999929738044		0.09447044539153576		0.18894089078307152
930		20.79908730200259		0.7741549015045166		1.1439787980937959		0.09285079766511917		0.18570159533023833
931		20.7414481779997		0.7551132440567017		1.1264777876496315		0.08838584804832936		0.17677169609665871
932		20.832176261988934		0.766921877861023		1.1273745666503907		0.0901494082570076		0.1802988165140152
933		20.856634041003417		0.7739121913909912		1.142164593051672		0.1257179226011038		0.2514358452022076
934		20.86413516900211		0.7545318603515625		1.1215449903583528		0.0901940114825964		0.1803880229651928
935		20.85966887100949		0.7607392072677612		1.1272954202723504		0.0882629385471344		0.1765258770942688
936		20.746072369001922		0.7541981935501099		1.1219861351704596		0.08929201649129391		0.17858403298258782
937		20.762275175002287		0.7519753575325012		1.1199621960353852		0.18682595760822296		0.3736519152164459
938		20.79290915899037		0.7592374086380005		1.1229517705583572		0.2316049645960331		0.4632099291920662
939		20.82379566700547		0.7688680291175842		1.1367207086253166		0.10773928209543228		0.21547856419086456
940		20.720978425000794		0.7608060836791992		1.1281418321061134		0.09031984027028084		0.18063968054056168
941		20.614397975004977		0.7743053436279297		1.1361456099915503		0.09257711562514305		0.1851542312502861
942		20.829609020001953		0.7608793377876282		1.127048853099346		0.1283586017370224		0.2567172034740448
943		20.854844428991782		0.7712543606758118		1.138935191025734		0.09924828988611697		0.19849657977223395
944		20.663968353008386		0.759098470211029		1.1212506128168107		0.20751979702711104		0.4150395940542221
945		20.638702384007047		0.7526046633720398		1.1186803113508224		0.09099748790860177		0.18199497581720353
946		20.733290745993145		0.7529981136322021		1.1161621954607963		0.08957657263875007		0.17915314527750015
947		20.724302218004595		0.7573260068893433		1.1246740221905709		0.10976579882800579		0.21953159765601157
948		20.697776062006596		0.7581816911697388		1.1223797553420067		0.08809877200126648		0.17619754400253296
949		20.7885911790072		0.7563635110855103		1.1198480410003662		0.14195304924845695		0.2839060984969139
950		20.849226092002937		0.7783387303352356		1.1438703221654891		0.09026586896181106		0.18053173792362212
951		20.693904146988643		0.7557030320167542		1.1188024812865258		0.09252348386347294		0.18504696772694587
952		20.749768629000755		0.766993522644043		1.1309786880469321		0.11193105019629002		0.22386210039258003
953		20.92900807899423		0.7632467150688171		1.127507658007145		0.09063843493461608		0.18127686986923217
954		20.760018397006206		0.7606384754180908		1.126332575521469		0.09084593136906624		0.18169186273813248
955		20.733553778991336		0.7505798935890198		1.115415147881508		0.11649574276208878		0.23299148552417756
956		20.83522864698898		0.7734062075614929		1.1381896616292		0.08994901758730411		0.17989803517460823
957		20.970608793009887		0.7521258592605591		1.1183983847475052		0.09002926799952984		0.1800585359990597
958		20.81106037700374		0.7609370350837708		1.1268502681350707		0.08803510077893734		0.17607020155787467
959		20.665496858011466		0.7753835916519165		1.1421955382585525		0.09165485388934612		0.18330970777869224
960		20.779120634993888		0.7720106840133667		1.136854140920639		0.08920190620422364		0.17840381240844727
961		20.78413682698738		0.7591909766197205		1.12230344404459		0.08955154702961445		0.1791030940592289
962		20.641766343003837		0.7576340436935425		1.1246583174085618		0.08820719890594482		0.17641439781188964
963		20.60919318201195		0.7542445659637451		1.1184204192757607		0.1080183193653822		0.2160366387307644
964		20.706411204999313		0.7436192035675049		1.1076664527392388		0.1227633522003889		0.2455267044007778
965		20.689996779998182		0.7589263916015625		1.1224834919512272		0.08932039237618446		0.17864078475236891
966		20.588288454993744		0.7368454337120056		1.1023562709355355		0.08972266375720502		0.17944532751441003
967		20.821364043993526		0.7525584697723389		1.1171787998986245		0.08888892568349838		0.17777785136699675
968		20.833216764993267		0.7497001886367798		1.113580368580818		0.09354170584380626		0.18708341168761253
969		20.953059268998913		0.7631502747535706		1.1257574358570577		0.089618268597126		0.179236537194252
970		20.97051600299892		0.7575638294219971		1.1264853446769714		0.10543757344186307		0.21087514688372613
971		20.863821548991837		0.7693248987197876		1.1340225984668733		0.08733086899220943		0.17466173798441886
972		20.981989745996543		0.7464396953582764		1.1149377994918823		0.08904059916138649		0.17808119832277297
973		20.95396613900084		0.7602099776268005		1.1233803499484063		0.1505265289723873		0.3010530579447746
974		20.82055395199859		0.7532691955566406		1.1192245910143852		0.2445045039176941		0.4890090078353882
975		20.806136943996535		0.7483375668525696		1.1121557886433602		0.09021270534992218		0.18042541069984436
976		20.633686304005096		0.7390177249908447		1.1057186246848107		0.0925724391222		0.1851448782444
977		20.670765421993565		0.7477641701698303		1.1124781122255325		0.1546220352768898		0.3092440705537796
978		20.77828325200244		0.7562116384506226		1.1210287885403634		0.08837681362628937		0.17675362725257873
979		20.73525637399871		0.7497022747993469		1.1169698940491677		0.09522280375659466		0.1904456075131893
980		20.650931523006875		0.7494730353355408		1.1141509195876123		0.08799950685799122		0.17599901371598245
981		20.92697756800044		0.7609763741493225		1.127752219477892		0.11017146763205528		0.22034293526411056
982		21.016133887009346		0.7600342631340027		1.1241282021415233		0.08740997507870198		0.17481995015740395
983		20.8524076249887		0.747876763343811		1.1097705323982239		0.08709583563804627		0.17419167127609253
984		20.92828089199611		0.752656877040863		1.1152104169583321		0.17045745297372342		0.34091490594744683
985		20.118530936000752		0.7467713356018066		1.1125994486653805		0.08739431483447552		0.17478862966895103
986		21.458555331992102		0.7468501329421997		1.1101746824002265		0.08843218246400357		0.17686436492800714
987		19.999714876990765		0.7539337277412415		1.115879031059742		0.09114057936668396		0.18228115873336792
988		19.86530877300538		0.7424007058143616		1.1084390756630897		0.09099569679498673		0.18199139358997346
989		22.05730206098815		0.7626351118087769		1.1292510846447945		0.14470453512072562		0.28940907024145124
990		20.83521290399949		0.7593657374382019		1.1237534768366815		0.11814932566285133		0.23629865132570266
991		19.64209444799053		0.750368595123291		1.1148804725027084		0.3855148430764675		0.771029686152935
992		19.915190044994233		0.7495297193527222		1.1143206501603127		0.09434590774476528		0.18869181548953057
993		19.70296256900474		0.7658477425575256		1.1284298493266105		0.08782894586920738		0.17565789173841476
994		19.63561127599678		0.7456837296485901		1.1095450097680093		0.08833392994701862		0.17666785989403724
995		19.602311474998714		0.7589913010597229		1.1249047448706626		0.09008466044962406		0.18016932089924811
996		19.57615685899509		0.7464048266410828		1.107574243929386		0.18988170947134494		0.3797634189426899
997		19.725741425005253		0.7861355543136597		1.1450228926038741		0.08756421355903149		0.17512842711806298
998		19.686645681998925		0.7785137295722961		1.1436188977384567		0.08761538308858871		0.17523076617717742
999		19.423723280997365		0.7512097358703613		1.1149708207714557		0.11092994248867034		0.2218598849773407
1000		19.505150323995622		0.748181164264679		1.111476619746685		0.08706188150644302		0.17412376301288604
1001		19.722138190001715		0.7518458366394043		1.1209475943160057		0.08871808047294617		0.17743616094589235
1002		19.520656255990616		0.7414304614067078		1.1089467129564285		0.09661651923060417		0.19323303846120835
1003		19.323061821007286		0.7440863251686096		1.1102147211813926		0.08891670770049095		0.1778334154009819
1004		19.661447420003242		0.7443468570709229		1.1083513717842102		0.09156612828671933		0.18313225657343865
1005		19.64587554198806		0.74909508228302		1.11434276689291		0.10287299369573594		0.20574598739147187
1006		20.08662753801036		0.7466006875038147		1.1085465080237389		0.15380972734093665		0.3076194546818733
1007		20.229411890002666		0.7528742551803589		1.122366980639696		0.08990791073441505		0.1798158214688301
1008		20.007267118009622		0.7566787600517273		1.1221331257152558		0.14172830251455307		0.28345660502910613
1009		20.21605275699403		0.755577027797699		1.1211181788706779		0.10704585038423538		0.21409170076847076
1010		20.18451150500914		0.745916485786438		1.1117669804000854		0.11640999479293823		0.23281998958587646
1011		20.163384555999073		0.7382584810256958		1.1053588939881325		0.09171410564184189		0.18342821128368378
1012		20.149829682006384		0.7494160532951355		1.1144616755890846		0.10656551364660263		0.21313102729320527
1013		20.25832898999215		0.7624474167823792		1.1263294323635102		0.09240116083025933		0.18480232166051866
1014		20.09243722600513		0.751193642616272		1.1125976287031174		0.13359082601070404		0.2671816520214081
1015		20.192387176008197		0.7488334774971008		1.1154752993488313		0.08681217620968819		0.17362435241937638
1016		20.10295766899071		0.7549455165863037		1.1185956761360167		0.15038483473956585		0.3007696694791317
1017		20.29806174800615		0.7448167204856873		1.1091605032861234		0.08772201263606548		0.17544402527213096
1018		20.091053736003232		0.7381759881973267		1.1029776701021194		0.0870076816946268		0.1740153633892536
1019		20.070419140989543		0.7509316205978394		1.1176969462311268		0.08589040504992008		0.17178081009984017
1020		20.05188729299698		0.7533785700798035		1.1175480013251304		0.09347694284617901		0.18695388569235802
1021		20.016551145003177		0.7518113255500793		1.116948669062853		0.08630276379585267		0.17260552759170533
1022		20.1004630959942		0.7469644546508789		1.110438517730236		0.08816413401961326		0.17632826803922652
1023		20.38184678700054		0.7462140321731567		1.111145317617655		0.08999305351674557		0.17998610703349113
1024		20.321155320008984		0.7361115217208862		1.099828130209446		0.08719780480563641		0.17439560961127282
1025		20.307156730996212		0.7502378821372986		1.1103533645820618		0.08602522463500499		0.17205044927000998
1026		20.20246520699584		0.7394975423812866		1.102824522306919		0.22536745578050613		0.45073491156101225
1027		20.182344296001247		0.7545307874679565		1.1231620420062542		0.09756763498187065		0.1951352699637413
1028		20.1662019600044		0.7424864172935486		1.1086888467526437		0.0904483379393816		0.1808966758787632
1029		20.36823280500539		0.7473596930503845		1.1120582911014556		0.0864519062846899		0.1729038125693798
1030		20.286889068011078		0.7379709482192993		1.1007749651062488		0.08691931363642216		0.17383862727284433
1031		20.048289277998265		0.7563281655311584		1.1202189769220352		0.11834678344726562		0.23669356689453125
1032		19.99436440199497		0.7442498207092285		1.1066497676408291		0.09107742323577404		0.1821548464715481
1033		20.092137811006978		0.7305143475532532		1.0947448497390746		0.09850466910600662		0.19700933821201325
1034		20.16462460398907		0.7370116114616394		1.101843814446926		0.09694464513659477		0.19388929027318955
1035		20.266084663002403		0.7346053123474121		1.098927350447178		0.09123692846298218		0.18247385692596435
1036		20.18392439201125		0.7427336573600769		1.107022373253107		0.2253209426909685		0.450641885381937
1037		20.112342644002638		0.7451387047767639		1.108012953248024		0.0989666337698698		0.1979332675397396
1038		20.173895870000706		0.7464596629142761		1.1082470458090306		0.08644587797224522		0.17289175594449044
1039		20.11061100200459		0.7399063110351562		1.1001868832612038		0.0851889748096466		0.1703779496192932
1040		19.949948616995243		0.7563457489013672		1.1193295349025727		0.09053483809530735		0.1810696761906147
1041		20.144196779001504		0.7418408393859863		1.1075163706243039		0.09790440857112408		0.19580881714224815
1042		20.124670796009013		0.7418838739395142		1.1078400215411186		0.08547511755824089		0.17095023511648177
1043		20.14155342700542		0.7349976301193237		1.0999029487884044		0.08881891418695449		0.17763782837390898
1044		20.22486002399819		0.7487698793411255		1.1157785270118714		0.08904608919024468		0.17809217838048935
1045		20.173759659999632		0.7398359179496765		1.1074329852771758		0.08769262671768666		0.1753852534353733
1046		20.22155336198921		0.7444744110107422		1.1093841762685777		0.08890770658254624		0.17781541316509247
1047		20.144355838987394		0.741479218006134		1.1063541871058942		0.12673476299345493		0.25346952598690986
1048		20.178296728990972		0.7439752221107483		1.1094616054093838		0.08695642664432526		0.17391285328865053
1049		20.236309335989063		0.7463147640228271		1.1122367177796364		0.08614087510704994		0.1722817502140999
1050		20.297997760993894		0.7503681778907776		1.1131883629608155		0.13035671582818031		0.26071343165636063
1051		20.361478211998474		0.7457677721977234		1.1106850603449345		0.08775441592633725		0.1755088318526745
1052		20.435931925996556		0.7453889846801758		1.1135158176875115		0.08833914640843868		0.17667829281687736
1053		20.110615392011823		0.7467421889305115		1.1099709062814713		0.09220991664230824		0.18441983328461647
1054		20.19773559999885		0.7326899766921997		1.0968114600110055		0.08610913776159286		0.17221827552318572
1055		20.15319136499602		0.7357047200202942		1.1035835338807105		0.08790086515545845		0.1758017303109169
1056		20.173540560004767		0.7350680232048035		1.1021254687094688		0.11602316042184829		0.23204632084369659
1057		20.05332435001037		0.737966001033783		1.1025812716531753		0.0936629629254341		0.1873259258508682
1058		20.20176178899419		0.7361707091331482		1.0948995668625832		0.08550065251886844		0.1710013050377369
1059		20.284007816007943		0.7422462105751038		1.1078268552565576		0.08978429783284664		0.17956859566569328
1060		20.279866760000004		0.7326323390007019		1.0980977635288238		0.0854624359101057		0.1709248718202114
1061		20.318236075996538		0.7433685064315796		1.1064648236143588		0.10926699951291084		0.21853399902582168
1062		20.41277327600983		0.7418104410171509		1.1058293833875656		0.08722660030722618		0.17445320061445235
1063		20.37672869200469		0.7526696920394897		1.1179487567734718		0.10078610295951367		0.20157220591902733
1064		20.328708211993217		0.745404839515686		1.1068171067476273		0.08615815683603287		0.17231631367206574
1065		20.223630556996795		0.7529520988464355		1.115884652981758		0.08740601430237294		0.17481202860474587
1066		20.158011704988894		0.7321733236312866		1.0939976993608476		0.08626845411360264		0.17253690822720527
1067		20.104710875995806		0.7412452697753906		1.1038612013435363		0.08808763189017772		0.17617526378035545
1068		20.113326120990678		0.7421166896820068		1.1070021684968472		0.08529344718158245		0.1705868943631649
1069		20.204418569002883		0.7358155250549316		1.1012479400634765		0.10246476773917675		0.2049295354783535
1070		20.208825670997612		0.7489991188049316		1.1111470265626908		0.10022008308172226		0.2004401661634445
1071		20.166539931000443		0.7340540289878845		1.0977613590431214		0.09009867931604386		0.18019735863208772
1072		20.082555849003256		0.7333539724349976		1.0971600154399872		0.08726628107726574		0.17453256215453147
1073		20.158392470009858		0.73903489112854		1.1059340544581413		0.17297501336932183		0.34595002673864367
1074		20.177057844994124		0.7387793064117432		1.1059684021496772		0.09023035014867782		0.18046070029735564
1075		20.01255141099682		0.7573443651199341		1.123506321554184		0.11019243691563606		0.22038487383127212
1076		20.07632097300666		0.7320654988288879		1.0964637995302677		0.08741492392420769		0.17482984784841538
1077		20.25491886200325		0.7378360629081726		1.0994117211973666		0.08707467785179615		0.1741493557035923
1078		20.19616077801038		0.7332871556282043		1.0925332667136192		0.08842060981690883		0.17684121963381766
1079		20.231826614995953		0.7405989170074463		1.1023785811567306		0.20682563105523585		0.4136512621104717
1080		20.245524891011883		0.7480370998382568		1.113603998670578		0.09923037938177585		0.1984607587635517
1081		20.256916081008967		0.7361862063407898		1.1023149544763564		0.09698178618252278		0.19396357236504555
1082		20.24403739599802		0.7306514382362366		1.092837606048584		0.08836656180918216		0.17673312361836432
1083		20.17160751200572		0.7330798506736755		1.0986938736391068		0.0867910003989935		0.173582000797987
1084		20.124153682001634		0.744141697883606		1.1080764566969872		0.08905553683042526		0.17811107366085052
1085		20.124481489008758		0.7318911552429199		1.094269451738596		0.08561410008072853		0.17122820016145707
1086		20.32591384999978		0.7327045798301697		1.0937040769755841		0.17066786238253118		0.34133572476506235
1087		20.222765623999294		0.747488260269165		1.109298460239172		0.12478307409882546		0.2495661481976509
1088		20.168316602997947		0.7414970397949219		1.1038710487449168		0.08771068323850632		0.17542136647701265
1089		20.184769123996375		0.7390056848526001		1.10058978828907		0.0856802934318781		0.1713605868637562
1090		20.169813257991336		0.7353377342224121		1.1014255144023894		0.08608944382071496		0.1721788876414299
1091		20.233920604005107		0.7362884879112244		1.099818102426529		0.08663381196558476		0.1732676239311695
1092		20.195758883011877		0.739810585975647		1.103954963927269		0.0902011897444725		0.180402379488945
1093		20.27680042400607		0.729108989238739		1.0930363368868827		0.09036434981822968		0.18072869963645935
1094		20.154061116001685		0.7353169918060303		1.0998635572636128		0.0928254531800747		0.1856509063601494
1095		20.362287730997195		0.7277193665504456		1.0895583158254623		0.08839470455348492		0.17678940910696983
1096		20.255394460007665		0.7290971875190735		1.0915012610149384		0.09648527733385563		0.19297055466771126
1097		20.249381578003522		0.7410464882850647		1.1065638128578663		0.08606141404807567		0.17212282809615134
1098		20.374600440991344		0.7490288019180298		1.1122561413919925		0.08689749372899533		0.17379498745799066
1099		20.102301306993468		0.733797550201416		1.092715193194151		0.08612122058868409		0.17224244117736817
1100		20.130037832990638		0.7416000366210938		1.1052682250595092		0.08785224311351776		0.17570448622703552
1101		20.265889900998445		0.7350115180015564		1.099052869129181		0.09343884984254837		0.18687769968509674
1102		20.359834363000118		0.734186053276062		1.0972945595777035		0.08907468633055687		0.17814937266111375
1103		20.239927923001233		0.7235305905342102		1.0868690636062621		0.08639465489983558		0.17278930979967116
1104		20.311466871004086		0.7337483167648315		1.099834378527403		0.10961357615888119		0.21922715231776238
1105		20.378432746001636		0.7316716909408569		1.0910156424665451		0.08797673128545284		0.1759534625709057
1106		20.333103005003068		0.7325979471206665		1.0954359277164936		0.09727871017456055		0.1945574203491211
1107		20.204877791999024		0.7434524893760681		1.1063568237102033		0.09412084104418754		0.18824168208837508
1108		20.10106361399812		0.7331106066703796		1.0947555545330048		0.08670448358654975		0.1734089671730995
1109		20.220351071999175		0.7326615452766418		1.0948983958351612		0.08687685203254222		0.17375370406508445
1110		20.23397173298872		0.7427374124526978		1.1056459131622314		0.08605736947953702		0.17211473895907403
1111		20.272137892010505		0.7321142554283142		1.0937627308773994		0.08455592889487744		0.16911185778975488
1112		20.177141427993774		0.730248749256134		1.0944328703475		0.08612826738357544		0.1722565347671509
1113		20.33377068101254		0.7296823859214783		1.0925383609426023		0.08860952491760254		0.1772190498352051
1114		20.345824889009236		0.7263400554656982		1.0890219273114203		0.08677978019118308		0.17355956038236617
1115		20.2886371610075		0.7326306700706482		1.0938326525592803		0.08643909982442856		0.17287819964885712
1116		20.3851123219938		0.7265899777412415		1.087903965432644		0.16098296525776387		0.32196593051552774
1117		20.151395657012472		0.735079824924469		1.1024271114230155		0.08641837679147721		0.17283675358295442
1118		20.145873621004284		0.7291694283485413		1.0899511599242688		0.08588763384222985		0.1717752676844597
1119		20.200775589997647		0.7308449745178223		1.0997071849370004		0.0992987139493227		0.1985974278986454
1120		20.29455320899433		0.730689287185669		1.0926761205291748		0.24050492249131203		0.48100984498262406
1121		20.10871558499639		0.7286033630371094		1.0939190591692924		0.0864933231562376		0.1729866463124752
1122		20.436708099994576		0.7237570285797119		1.0863269165217877		0.08545587756633759		0.17091175513267517
1123		20.193730206010514		0.7248216271400452		1.0899434839725495		0.08585378743112088		0.17170757486224175
1124		20.30030709299899		0.729157567024231		1.0916732138073444		0.08894279645383359		0.17788559290766717
1125		20.22553532999882		0.7401872277259827		1.1072407222938538		0.09068566471040249		0.18137132942080497
1126		20.183255925003323		0.7347778081893921		1.0947240065336228		0.09185423830151558		0.18370847660303116
1127		20.221491492004134		0.7291510105133057		1.0914137093186378		0.08596956789493561		0.17193913578987122
1128		20.091447602011613		0.7305254340171814		1.0981515269994735		0.08525308903455735		0.1705061780691147
1129		20.168702274997486		0.7286781072616577		1.0877661774766445		0.09059226348400116		0.18118452696800233
1130		20.071742085987353		0.7260103821754456		1.0885562327730656		0.08633469015359879		0.17266938030719758
1131		20.000510636993567		0.7328412532806396		1.093544626735449		0.08690041664838791		0.17380083329677581
1132		19.97903640299046		0.727200984954834		1.0912872806179523		0.11160102895498276		0.22320205790996553
1133		20.3832944619935		0.7242886424064636		1.0880268734550476		0.08630644026994705		0.1726128805398941
1134		20.422348869993584		0.7346689701080322		1.0955241433048248		0.08582390760183334		0.17164781520366668
1135		20.322514522995334		0.7227123379707336		1.0866473262357712		0.10596628585755825		0.2119325717151165
1136		20.335361151999678		0.7284085750579834		1.092889787735939		0.0941392060905695		0.188278412181139
1137		80.61522880700068		0.7278352379798889		1.089758245279789		0.08720363330245018		0.17440726660490036
1138		20.185321416007355		0.726405918598175		1.085459095196724		0.08600248726606369		0.17200497453212737
1139		20.128361804992892		0.726806640625		1.0870384604251384		0.08727624400556087		0.17455248801112175
1140		20.038877901009982		0.7243465185165405		1.0831925066447259		0.0888514330714941		0.1777028661429882
1141		20.077213177995873		0.7203091979026794		1.0826590783166885		0.08631918414831162		0.17263836829662324
1142		20.05024636600865		0.7283972501754761		1.0887182828330995		0.08601152739822865		0.1720230547964573
1143		20.3190878519963		0.7250464558601379		1.08727090762496		0.08598818845450878		0.17197637690901757
1144		20.31881778499519		0.7308759093284607		1.0911072436499596		0.08689295974075795		0.1737859194815159
1145		20.40261831699172		0.7269274592399597		1.0904356147027017		0.10363866388499737		0.20727732776999475
1146		20.377983268001117		0.7265607714653015		1.0881718565797807		0.08587667669057845		0.1717533533811569
1147		20.350544554006774		0.7325655221939087		1.0968303191697597		0.08584750519394875		0.1716950103878975
1148		20.1848930260021		0.7273094058036804		1.0881867646849155		0.13373832060098648		0.26747664120197295
1149		20.146188789993175		0.7274098992347717		1.0895503474235535		0.08708665485978126		0.17417330971956252
1150		20.243270947001292		0.7230610251426697		1.0832529373192787		0.08559871897101402		0.17119743794202805
1151		20.285992559001897		0.7236981987953186		1.0838365852832794		0.08703760556280613		0.17407521112561225
1152		20.173552075997577		0.72279292345047		1.0875639132225514		0.08954201312661171		0.17908402625322342
1153		20.251702285007923		0.7381455302238464		1.0981476097691059		0.08549653682112694		0.17099307364225388
1154		20.1057704440027		0.7234550714492798		1.088508122855425		0.08503619223833084		0.17007238447666168
1155		20.11561042300309		0.7218236327171326		1.0852994694626332		0.08562195490002632		0.17124390980005263
1156		20.133416296012		0.723647952079773		1.0855582000219821		0.08726889882087707		0.17453779764175414
1157		20.187114214990288		0.7255799770355225		1.0883862817394734		0.10278775953352451		0.20557551906704902
1158		20.143018544011284		0.7263458371162415		1.0900863985013962		0.08485091574490071		0.16970183148980142
1159		20.16115647299739		0.7237817049026489		1.085932210714817		0.0989445888221264		0.1978891776442528
1160		20.32020535999618		0.7217655181884766		1.0825465338873863		0.08454678429961204		0.1690935685992241
1161		20.348747373005608		0.7262853980064392		1.0854540800762176		0.08710739186406136		0.1742147837281227
1162		20.483775853004772		0.7245284914970398		1.084924829609394		0.08757569163143634		0.1751513832628727
1163		20.345560556001146		0.7264978885650635		1.0864564639163017		0.0847806839466095		0.169561367893219
1164		20.290404152998235		0.7231277227401733		1.0849952752625942		0.08772537325620651		0.17545074651241302
1165		20.330950893010595		0.7277759909629822		1.0889087662363053		0.08533905067145825		0.1706781013429165
1166		20.24071060999995		0.7209435105323792		1.082807403179407		0.08692385628819466		0.1738477125763893
1167		20.216337531004683		0.7225976586341858		1.0831173388528823		0.08546645652651787		0.17093291305303573
1168		20.150735249000718		0.7281777262687683		1.090566631168127		0.08699879127442836		0.17399758254885672
1169		20.122114522004267		0.7300843000411987		1.0913972947394848		0.08892896210551261		0.17785792421102523
1170		20.176461865994497		0.7176384329795837		1.0776554074668885		0.08630577169656753		0.17261154339313506
1171		20.36984502999985		0.7238513827323914		1.0842420887529851		0.0863590977191925		0.172718195438385
1172		20.459990642004414		0.726062536239624		1.0870626856231689		0.08610073446035385		0.1722014689207077
1173		20.3919128109992		0.7253422737121582		1.0850200779628754		0.08525478193163871		0.17050956386327742
1174		20.469073487998685		0.7273395657539368		1.0887615990746022		0.08822796965539455		0.1764559393107891
1175		20.291864005994285		0.7209631204605103		1.0852298711812496		0.08577313881218433		0.17154627762436866
1176		20.24874619700131		0.7202045321464539		1.0806292173933982		0.08613012131154538		0.17226024262309075
1177		20.26699533200008		0.7225931286811829		1.0841644229638576		0.08733214870989323		0.17466429741978645
1178		20.144450332009		0.7198560237884521		1.0815337351083756		0.08500511241853237		0.17001022483706474
1179		20.325655407999875		0.7228878736495972		1.0832977745854855		0.08898310236036777		0.17796620472073554
1180		20.277896602012333		0.7260121703147888		1.087687937568426		0.0874964733928442		0.1749929467856884
1181		20.194694532008725		0.7228714823722839		1.0846605766773223		0.11774400472342968		0.23548800944685935
1182		20.171874512001523		0.7361270189285278		1.0978449908697605		0.0864509923517704		0.1729019847035408
1183		20.45029149999027		0.7330071926116943		1.0970594818294048		0.08859780339896679		0.17719560679793359
1184		20.333134672997403		0.7221662402153015		1.0875279522645473		0.08990823428630829		0.17981646857261657
1185		20.218924996996066		0.7214117646217346		1.0816841298162938		0.08565927953124046		0.17131855906248092
1186		20.178258411004208		0.7245650887489319		1.0883893839550018		0.13768736532628537		0.27537473065257073
1187		20.133564952004235		0.7195457816123962		1.0817580384552479		0.08584063857495784		0.17168127714991568
1188		20.25807448499836		0.7300103902816772		1.090624358421564		0.08617097853422165		0.1723419570684433
1189		20.136809784991783		0.722359836101532		1.0843145082807542		0.09553933031260967		0.19107866062521933
1190		20.173245213009068		0.7232645153999329		1.0839320335948468		0.08643746444880962		0.17287492889761924
1191		20.18996043599327		0.7223188877105713		1.0842320954740048		0.09166346604824066		0.18332693209648132
1192		20.29693310499715		0.72427898645401		1.0822074793565273		0.09618246528804303		0.19236493057608606
1193		20.419446622996475		0.7213955521583557		1.0856996367561818		0.08561870683729648		0.17123741367459297
1194		20.298982433989295		0.7224745750427246		1.0810712297606468		0.08657085778415204		0.17314171556830407
1195		20.26886779499182		0.7268720269203186		1.0846162403869628		0.0873325791567564		0.1746651583135128
1196		20.337045533990022		0.7237973213195801		1.084768180230856		0.08812273664474488		0.17624547328948975
1197		20.380667935998645		0.720986545085907		1.0828206495118142		0.08518344865441323		0.17036689730882645
1198		20.131448788000853		0.7188173532485962		1.079728217920065		0.08520193254053593		0.17040386508107186
1199		20.17550929400022		0.7216610908508301		1.0799900809442997		0.09752135441303253		0.19504270882606506
1200		20.165206402001786		0.7235984802246094		1.0875911132490634		0.08520016183555126		0.17040032367110253
1201		20.132245045999298		0.7191377282142639		1.0807134991157055		0.10046316431164741		0.20092632862329482
1202		20.23533079099434		0.7249895334243774		1.0858518510377406		0.13867543999254703		0.27735087998509406
1203		20.17765417600458		0.7236250638961792		1.0821333946657181		0.08500254556238651		0.17000509112477302
1204		20.161974144997657		0.7193474769592285		1.079845269691944		0.08573071661889553		0.17146143323779106
1205		20.222995194999385		0.7243952751159668		1.085682742832899		0.0873891056329012		0.1747782112658024
1206		20.157084436999867		0.7184349298477173		1.0809118939185143		0.08601608126759529		0.17203216253519057
1207		20.133318438995047		0.7217817902565002		1.0840883305835725		0.08449367137849331		0.16898734275698662
1208		20.00683942400792		0.7194225788116455		1.081886354712248		0.08666703163981437		0.17333406327962875
1209		20.137457255012123		0.7190977931022644		1.0794572322022915		0.08592893533110618		0.17185787066221236
1210		20.274293529990246		0.7181476354598999		1.0788299205684662		0.08644482950270176		0.1728896590054035
1211		20.224115356992115		0.7190459966659546		1.0785128290879726		0.08889218683242797		0.17778437366485594
1212		20.25102250299824		0.719321072101593		1.0796964555215836		0.08560850170254708		0.17121700340509416
1213		20.295918456002255		0.7209597229957581		1.0785588016736507		0.0866769917011261		0.1733539834022522
1214		20.419574469997315		0.722632646560669		1.0826050167882442		0.0853516729772091		0.1707033459544182
1215		20.377466648002155		0.7206301093101501		1.0806380461025238		0.0878961215943098		0.1757922431886196
1216		77.53889170299226		0.717324435710907		1.0799661707186698		0.08632161427140236		0.17264322854280473
1217		20.161887542999466		0.7180024981498718		1.0782426987874507		0.1219784577280283		0.2439569154560566
1218		20.10368257398659		0.7183404564857483		1.0793814104127883		0.08550242176949978		0.17100484353899956
1219		20.104274208992138		0.7209616303443909		1.077955278544426		0.08575987800359726		0.17151975600719452
1220		20.458035764997476		0.7207707762718201		1.0829324736070634		0.08708106972575187		0.17416213945150374
1221		20.403672040993115		0.7194380164146423		1.07733570089221		0.08948345601260663		0.17896691202521325
1222		20.313761095996597		0.7213694453239441		1.0820219526207446		0.08628662265241147		0.17257324530482293
1223		20.099810661005904		0.7196266055107117		1.0799060565674306		0.11201395750641822		0.22402791501283645
1224		20.314856116005103		0.7176921963691711		1.0789086814165116		0.09185284623205661		0.18370569246411322
1225		20.250561952998396		0.7209455966949463		1.0783773128819465		0.11376649931073189		0.22753299862146378
1226		20.318060307996348		0.7196927666664124		1.0830174362242222		0.08494619490504265		0.1698923898100853
1227		20.39339346300403		0.7165970206260681		1.07775875918746		0.0855328822940588		0.1710657645881176
1228		20.24088040800416		0.7278310060501099		1.085549396585226		0.08475727701485157		0.16951455402970314
1229		20.185241459010285		0.716890811920166		1.0762764983749389		0.08717822297513485		0.1743564459502697
1230		20.381144995000795		0.7174654603004456		1.0747201831793785		0.08549278135299683		0.17098556270599366
1231		20.45603448600741		0.7205581068992615		1.0776219073724747		0.08634987720549106		0.17269975441098212
1232		20.458484507005778		0.7158334255218506		1.0732528016245366		0.15968825272619724		0.3193765054523945
1233		20.32105434499681		0.717512309551239		1.0778944309449197		0.10476431372463703		0.20952862744927406
1234		20.386631625995506		0.7216658592224121		1.0809132241129875		0.08704631415903569		0.17409262831807137
1235		20.352895904012257		0.7199491262435913		1.0782282722997665		0.09352615172863006		0.18705230345726012
1236		20.363206470996374		0.7222611308097839		1.0805096626901627		0.08498636104762554		0.16997272209525108
1237		20.267450719999033		0.719332218170166		1.0793436052072047		0.08525118809342384		0.1705023761868477
1238		20.101981961997808		0.718113899230957		1.0772106267786026		0.08498234559297561		0.16996469118595123
1239		20.160053955987678		0.7230900526046753		1.0826832806229592		0.08557543765306473		0.17115087530612946
1240		20.415697876989725		0.7185873985290527		1.0791925172317027		0.08633120712339878		0.17266241424679757
1241		20.39964191200852		0.7190490365028381		1.0785935125744344		0.0864278146892786		0.1728556293785572
1242		20.32221772300545		0.7182995080947876		1.0771044974160195		0.0861964447826147		0.1723928895652294
1243		20.40694677599822		0.7210069298744202		1.079493959556818		0.08553178086280823		0.17106356172561646
1244		20.351306860000477		0.7200132012367249		1.0788258359658718		0.085044687089324		0.170089374178648
1245		20.345632262004074		0.7220802307128906		1.0822870024359226		0.08754887589812278		0.17509775179624557
1246		20.1976000059949		0.7169055938720703		1.0768201723074913		0.09413770170509815		0.1882754034101963
1247		20.241806427002302		0.7137749791145325		1.0748767224264144		0.0860009352773428		0.1720018705546856
1248		20.11953161600104		0.719178318977356		1.077863093892336		0.08795891871154309		0.17591783742308617
1249		20.23977918100718		0.7237613201141357		1.0828764349031448		0.0878032356441021		0.1756064712882042
1250		20.021858562002308		0.7164462804794312		1.0747714922094345		0.08479007444381714		0.16958014888763429
1251		20.14825926699268		0.7174363136291504		1.077247083518505		0.08459514337778092		0.16919028675556183
1252		20.292625788002624		0.7162193059921265		1.0734734525597096		0.17228995155394078		0.34457990310788156
1253		20.259240090003004		0.719423234462738		1.0790273275721074		0.08511697001755238		0.17023394003510475
1254		20.47537450598611		0.716308057308197		1.0735865519046783		0.08626933878958225		0.1725386775791645
1255		20.326014227990527		0.7162104249000549		1.0772610337805748		0.08511072875261307		0.17022145750522613
1256		20.316558755002916		0.718296229839325		1.075052973088026		0.08598142152428627		0.17196284304857254
1257		20.30462578398874		0.7216137051582336		1.0780434158480168		0.08570978899002075		0.1714195779800415
1258		20.23545064299833		0.7192765474319458		1.078439692208767		0.08545812104046345		0.1709162420809269
1259		20.06757589499466		0.7152931094169617		1.0748011534416675		0.08600798133015633		0.17201596266031266
1260		20.35497374398983		0.7188982367515564		1.0750370068502426		0.08635483481585979		0.17270966963171958
1261		20.544129585992778		0.7158814072608948		1.076506250526905		0.08613556318581105		0.1722711263716221
1262		20.583130193990655		0.7146504521369934		1.0760846650803089		0.08662602804601192		0.17325205609202385
1263		20.54983639100101		0.716334879398346		1.077023036751747		0.08609979170262813		0.17219958340525626
1264		20.355779625009745		0.7179508209228516		1.0761695462155343		0.08611913650035859		0.17223827300071717
1265		20.419027972995536		0.7145785093307495		1.0730378876173496		0.08565681535601616		0.17131363071203232
1266		20.445910125999944		0.7150833606719971		1.074889885739088		0.08799926148951054		0.17599852297902108
1267		20.280762834998313		0.7192838191986084		1.081892986960411		0.08614277038276195		0.1722855407655239
1268		20.444292329993914		0.7156844139099121		1.0729549409985542		0.09025604882538318		0.18051209765076637
1269		20.33272845800093		0.7155709862709045		1.0749130421411992		0.08542217038869858		0.17084434077739716
1270		20.371430093000527		0.7200338244438171		1.0772085474181174		0.08901012699604034		0.17802025399208068
1271		20.1669750840083		0.7171097993850708		1.0726555589842797		0.08624885476231575		0.1724977095246315
1272		20.22850559100334		0.7173857092857361		1.0762890892112256		0.08573196249306202		0.17146392498612403
1273		20.42011392400309		0.7151733636856079		1.0753475253653526		0.08857181376516819		0.17714362753033638
1274		20.444874056003755		0.7194749116897583		1.078701777379513		0.08657361904978753		0.17314723809957505
1275		20.3667532249965		0.7194346785545349		1.0758385452747345		0.08591520479619504		0.17183040959239007
1276		20.300780379009666		0.717862069606781		1.0746786655354499		0.08586259687840939		0.17172519375681877
1277		20.109736686994438		0.7164474129676819		1.0741475309324264		0.08599052746295929		0.17198105492591859
1278		20.089809931989294		0.7169283628463745		1.071780773192644		0.08445211383700371		0.16890422767400742
1279		20.24609895699541		0.7189846038818359		1.075766801291704		0.08779887365102768		0.17559774730205535
1280		20.26125107400003		0.7168558239936829		1.0735629717814923		0.08562855996191501		0.17125711992383003
1281		20.12823862300138		0.7176404595375061		1.0738035101914405		0.13558284308314322		0.27116568616628645
1282		20.317558349997853		0.714627742767334		1.0726365314388275		0.08862448816001416		0.1772489763200283
1283		20.306023263998213		0.7160810232162476		1.0733202384722234		0.08647190118730068		0.17294380237460136
1284		20.28873710500193		0.7152963280677795		1.0735204087853432		0.08794247593283654		0.17588495186567307
1285		20.122710711992113		0.7211635112762451		1.0779319348502159		0.08549398400485515		0.1709879680097103
1286		20.085433811007533		0.7161364555358887		1.0735138213074207		0.0869697335779667		0.1739394671559334
1287		20.222460857999977		0.7156589031219482		1.0751683042240143		0.08776095501184464		0.17552191002368928
1288		20.25830105600471		0.7167927026748657		1.0759839296531677		0.08579555394053459		0.17159110788106918
1289		20.11061501200311		0.713208019733429		1.0726342381870746		0.0878152231156826		0.1756304462313652
1290		20.24963135299913		0.7153970003128052		1.0733882593369484		0.08640841472148895		0.1728168294429779
1291		20.175956072998815		0.7140146493911743		1.0719172163963318		0.0861077113300562		0.1722154226601124
1292		20.240453481004806		0.7153907418251038		1.0723712004756927		0.08819232347011566		0.17638464694023132
1293		20.375420885000494		0.7142220139503479		1.0693188667154312		0.08554120373725892		0.17108240747451783
1294		20.426101334000123		0.7134870290756226		1.0727228383409977		0.08505317160487175		0.1701063432097435
1295		20.387677510996582		0.7161915302276611		1.075075467493534		0.08559942166209221		0.17119884332418442
1296		20.358932414004812		0.7151762843132019		1.0737599673628806		0.09790743148326873		0.19581486296653747
1297		20.110339192004176		0.7150828838348389		1.0731542839479447		0.08613385045528411		0.17226770091056823
1298		20.389650805998826		0.7168469429016113		1.0733328487801552		0.08773446169197559		0.17546892338395118
1299		20.149955198998214		0.7141661047935486		1.07251893430233		0.0855779113829136		0.1711558227658272
1300		20.22863768399111		0.7167934775352478		1.073580791245699		0.08631315198242664		0.1726263039648533
1301		20.27976207798929		0.7158044576644897		1.071530613679886		0.08571271493136882		0.17142542986273765
1302		20.302054453000892		0.7124987244606018		1.0716939398562908		0.08704281478524208		0.17408562957048415
1303		20.337588643989875		0.7167268395423889		1.0752244503998756		0.08583015387952328		0.17166030775904656
1304		20.289601576005225		0.7145871520042419		1.0706104061925412		0.1112452939838171		0.2224905879676342
1305		20.30800679899403		0.7166545391082764		1.074286013636589		0.08568248843550683		0.17136497687101365
1306		20.30330253500142		0.716860830783844		1.071586853415966		0.08655638833045959		0.17311277666091918
1307		20.44278042599035		0.716033399105072		1.074000640938282		0.08600853884518146		0.17201707769036292
1308		20.314942311000777		0.714223325252533		1.0712398100090026		0.08556305641531944		0.1711261128306389
1309		20.20230820500001		0.7167617082595825		1.0708198648166656		0.0933207114726305		0.186641422945261
1310		20.181415024999296		0.7129807472229004		1.0705859899699688		0.08630734599232674		0.17261469198465348
1311		20.229279619001318		0.7156802415847778		1.0717810763895512		0.08584439539909362		0.17168879079818725
1312		20.2097571510094		0.714771568775177		1.0715630127310753		0.08608704278171063		0.17217408556342126
1313		20.231296714991913		0.713893711566925		1.0715923585689069		0.08485343368202448		0.16970686736404897
1314		20.161568519004504		0.7145668864250183		1.0724518421447278		0.08674644753038883		0.17349289506077767
1315		20.276856740994845		0.7173493504524231		1.073181569929123		0.08587570979297161		0.17175141958594323
1316		20.261199451007997		0.7150172591209412		1.0717532672476768		0.0863301705956459		0.1726603411912918
1317		20.418552066010307		0.7188531756401062		1.0736645423424245		0.0885726173400879		0.1771452346801758
1318		20.469020342003205		0.7144155502319336		1.0696476305925846		0.08588933912515641		0.17177867825031282
1319		20.49270385201089		0.7163702845573425		1.075370988111496		0.08649318657815457		0.17298637315630913
1320		20.407513083991944		0.7135619521141052		1.0700644169211389		0.10109752022922039		0.20219504045844078
1321		20.39597984800639		0.7119439840316772		1.0709313505351543		0.08575765134096146		0.17151530268192292
1322		20.192569555001683		0.714769184589386		1.0707674042892457		0.08534268721044064		0.17068537442088128
1323		20.47773899200547		0.7145583629608154		1.07146984613657		0.08696151643693448		0.17392303287386895
1324		20.49466492301144		0.7151780128479004		1.0701607747888564		0.08562602287828923		0.17125204575657846
1325		20.272517124991282		0.7159116864204407		1.0695726770949363		0.09335114777684211		0.18670229555368423
1326		20.370815388989286		0.713158130645752		1.0692126333224774		0.08754268160462379		0.17508536320924759
1327		20.553346607994172		0.714881956577301		1.070297269062996		0.08630885595083236		0.17261771190166472
1328		20.488466805007192		0.7140240669250488		1.0707963015913964		0.09331762208342552		0.18663524416685104
1329		20.305927547000465		0.7143056988716125		1.0718372192752361		0.08554889221191406		0.17109778442382811
1330		20.387179865996586		0.7165968418121338		1.0704510762500763		0.08579662204980851		0.17159324409961701
1331		20.29545466900163		0.7128496170043945		1.0710791180706025		0.08667744611501693		0.17335489223003386
1332		20.295562735991552		0.7144231796264648		1.0708606120741366		0.08638046852648258		0.17276093705296516
1333		20.2589676839998		0.7145179510116577		1.0715020722055435		0.08665090302824974		0.17330180605649947
1334		20.379864653004915		0.7157881855964661		1.0714744665038585		0.08554517755806446		0.1710903551161289
1335		20.30307195399655		0.7151151299476624		1.0682222913241386		0.08607042002379894		0.1721408400475979
1336		20.236007593004615		0.7136390209197998		1.069103106893301		0.08662928639650345		0.1732585727930069
1337		20.365415018997737		0.7140340209007263		1.0699653924703598		0.10334746980369092		0.20669493960738183
1338		20.267684674006887		0.7158234715461731		1.0710560921728611		0.08581161957383156		0.17162323914766311
1339		20.347957904989016		0.7147427201271057		1.0708948312819004		0.08576539278328418		0.17153078556656837
1340		20.43640097300522		0.712920606136322		1.0714221410775184		0.08570604893267154		0.1714120978653431
1341		20.416930135994335		0.7130805850028992		1.0703620680618287		0.08599639252722263		0.17199278505444526
1342		20.264935182989575		0.7143200039863586		1.0695184090781211		0.08686358997523784		0.17372717995047568
1343		20.203362740008743		0.7150004506111145		1.0697300188648702		0.08602948183119297		0.17205896366238593
1344		20.246914154995466		0.715867817401886		1.069514623913765		0.08600591461360454		0.1720118292272091
1345		20.180272971003433		0.7135388851165771		1.0716038187658787		0.085796626624465		0.17159325324893
1346		20.363104175994522		0.713792085647583		1.0687270064759256		0.0860409478366375		0.172081895673275
1347		20.400434766997932		0.7137614488601685		1.0694052306628228		0.08694666062295436		0.17389332124590873
1348		20.36658529700071		0.7130630016326904		1.0685791841936112		0.08675275507271289		0.17350551014542578
1349		20.303424105004524		0.7126862406730652		1.0695008395409584		0.08658293788135052		0.17316587576270104
1350		20.250125270991703		0.7136776447296143		1.0707971926510333		0.08677993095815181		0.17355986191630363
1351		20.321655095991446		0.7130689024925232		1.071061498565674		0.08604217946827411		0.17208435893654822
1352		20.352805169008207		0.7136203050613403		1.0686122436213494		0.08634429177641868		0.17268858355283737
1353		20.342751714997576		0.7143054604530334		1.070687137451172		0.08557812706828118		0.17115625413656235
1354		20.41237214001012		0.7126566171646118		1.0677355955803394		0.08550221383869648		0.17100442767739296
1355		20.312428971999907		0.7150068283081055		1.0700557275950908		0.08614165640622377		0.17228331281244755
1356		20.370768295004382		0.7112041711807251		1.068142192928791		0.08614255659878253		0.17228511319756507
1357		20.33891181999934		0.7147416472434998		1.0709472980320454		0.08523285085856915		0.1704657017171383
1358		20.177505469997413		0.7147151231765747		1.0690769696998597		0.08641516789793968		0.17283033579587936
1359		20.218495624008938		0.711541473865509		1.0677348915624618		0.08576304826438427		0.17152609652876855
1360		20.269425985010457		0.71717768907547		1.0702682546305657		0.08589066421985626		0.17178132843971253
1361		20.195731435989728		0.7109910845756531		1.0681021118342877		0.08547517389953137		0.17095034779906274
1362		20.310780043000705		0.7159968614578247		1.0705133082985878		0.08612157022058964		0.17224314044117928
1363		20.31351073300175		0.714481770992279		1.0674474463772774		0.08584383641183377		0.17168767282366754
1364		20.29056150300312		0.7138195633888245		1.0690418780851365		0.08632375555932521		0.17264751111865043
1365		20.241294425999513		0.714544415473938		1.0692776116144658		0.09232044532001019		0.18464089064002037
1366		20.260577933993773		0.7158825397491455		1.0698106303727626		0.08578632553517819		0.17157265107035638
1367		20.2420111560059		0.7140326499938965		1.0708415869629384		0.08599863857626915		0.1719972771525383
1368		20.227524471003562		0.7136489748954773		1.0670300752592088		0.08780481184720992		0.17560962369441985
1369		20.159089378008503		0.7108694911003113		1.0698973493158817		0.08603699463605881		0.17207398927211762
1370		20.249833555993973		0.7128257751464844		1.068084281167984		0.08600582597255707		0.17201165194511414
1371		20.3216933629883		0.7136543393135071		1.0687759595727921		0.08660627816617489		0.17321255633234978
1372		20.388477530999808		0.7150537371635437		1.0698388117086888		0.08576047388315201		0.17152094776630403
1373		20.46415386800072		0.7161567211151123		1.0691005713260173		0.08597447513341903		0.17194895026683807
1374		20.343406283995137		0.7139108180999756		1.068454514271021		0.08584026441723108		0.17168052883446216
1375		20.268264215003		0.7134736776351929		1.0693621551966668		0.08541783168315888		0.17083566336631775
1376		20.211946358991554		0.7151036262512207		1.0693982932269572		0.0859358516573906		0.1718717033147812
1377		20.257825039996533		0.7133875489234924		1.0678472861421109		0.08651189587414265		0.1730237917482853
1378		20.303950895002345		0.7133508324623108		1.0688748707020284		0.08577625839114189		0.17155251678228378
1379		20.263546857007896		0.7138463258743286		1.0675278039419651		0.08572643168866634		0.17145286337733268
1380		20.31646106300468		0.7140663862228394		1.0691848751044273		0.08559246382415295		0.1711849276483059
1381		20.464710576998186		0.7145470380783081		1.0664165379190444		0.08850663999319076		0.17701327998638153
1382		20.46764922600414		0.7131849527359009		1.0676727573728562		0.0858464923620224		0.1716929847240448
1383		20.44004034200043		0.7131500840187073		1.0701855138027667		0.08562633478045463		0.17125266956090926
1384		20.531595367006958		0.7134921550750732		1.0684206499946118		0.0855986577615142		0.1711973155230284
1385		20.436883387999842		0.7149006724357605		1.0704955845415591		0.08512181149125099		0.17024362298250198
1386		20.523349451003014		0.7130041122436523		1.0677776276433468		0.08586009270846844		0.17172018541693687
1387		20.44189413099957		0.7140766978263855		1.0688586474978923		0.08625620486140251		0.17251240972280502
1388		20.349697644007392		0.7135062217712402		1.0689132903349399		0.08680043795406818		0.17360087590813636
1389		20.31699607700284		0.7131919264793396		1.0679111151230336		0.0852887106731534		0.1705774213463068
1390		20.278935754002305		0.7151705026626587		1.0691057674396038		0.0860154897093773		0.1720309794187546
1391		20.383788298990112		0.7124115228652954		1.0667027394509316		0.08571508423238992		0.17143016846477985
1392		20.49608705099672		0.7114530205726624		1.0672815197181702		0.08591951504945755		0.1718390300989151
1393		20.396875741003896		0.7181510925292969		1.0697760927975177		0.08564771084487438		0.17129542168974876
1394		20.442664820002392		0.7135446071624756		1.0688205867242813		0.08590653813779354		0.1718130762755871
1395		20.454012476009666		0.7140995860099792		1.0685571888375283		0.0901047584682703		0.1802095169365406
1396		20.46813766800915		0.7132998108863831		1.067447888752222		0.08640704241096973		0.17281408482193947
1397		20.338868680992164		0.7135990262031555		1.0697874000370502		0.0859271457850933		0.1718542915701866
1398		20.33999690201017		0.7148621082305908		1.0687365449523927		0.0863424550384283		0.1726849100768566
1399		20.279358384999796		0.7126537561416626		1.0691055442261697		0.08598247150629759		0.17196494301259518
1400		20.360564139991766		0.7139933705329895		1.0668823750555516		0.08533481189906597		0.17066962379813194
1401		20.301033582989476		0.7129402756690979		1.0697247987985612		0.08545464134514331		0.17090928269028663
1402		20.422781893008505		0.7154073119163513		1.0686019737660886		0.0856392483741045		0.171278496748209
1403		20.444255579001037		0.716170072555542		1.0686253500664233		0.08771748980879783		0.17543497961759566
1404		20.558681567010353		0.7134875655174255		1.0673196671187877		0.08567585952281952		0.17135171904563903
1405		20.441310863010585		0.7166805267333984		1.068366333810091		0.0856891583263874		0.1713783166527748
1406		20.38323669199599		0.7129735946655273		1.0667852700817586		0.08560066174566745		0.1712013234913349
1407		20.328486925995094		0.7152032852172852		1.067785437823534		0.08604361848533154		0.17208723697066308
1408		20.20703894100734		0.7143363356590271		1.0675898707258702		0.08721303178071976		0.17442606356143953
1409		20.192727000991		0.716070294380188		1.0680391135168075		0.08551808896660805		0.1710361779332161
1410		20.23072306100221		0.7152674794197083		1.0679200150084496		0.08596691333055496		0.17193382666110993
1411		20.205169086999376		0.7145001888275146		1.0674153536438942		0.08569711609333754		0.17139423218667507
1412		20.30004684999585		0.7115063071250916		1.0672242292571068		0.08560863700211048		0.17121727400422096
1413		20.421785195998382		0.7133008241653442		1.0674686912071705		0.08555156395435333		0.17110312790870666
1414		20.41077222400054		0.7130923867225647		1.0666294075274467		0.08560024608969688		0.17120049217939376
1415		20.382655768989935		0.713883638381958		1.0671703827011585		0.08554846879094839		0.17109693758189679
1416		20.405436253990047		0.7124924063682556		1.0674514541709423		0.08566767916828394		0.17133535833656788
1417		20.447928303998196		0.7132787108421326		1.069579441319704		0.08565042094290257		0.17130084188580513
1418		20.429580600000918		0.712584912776947		1.0677802324473857		0.0856699739843607		0.1713399479687214
1419		20.313173754009767		0.7139374017715454		1.0672708342301847		0.08563808772861957		0.17127617545723914
1420		20.33537322698976		0.7125741243362427		1.0680393338453769		0.08582603538185359		0.17165207076370717
1421		20.331107566991705		0.714271068572998		1.066982197355032		0.08598938684612513		0.17197877369225026
1422		20.38669437399949		0.7158093452453613		1.0680180329203606		0.08568005781322717		0.17136011562645434
1423		20.461580126997433		0.7145211696624756		1.0667900718295573		0.0853510255843401		0.1707020511686802
1424		20.46745372499572		0.7131189107894897		1.0665455723571777		0.08581088933944703		0.17162177867889405
1425		20.440462601996842		0.7140040397644043		1.0684202915942669		0.08580020291060209		0.17160040582120417
1426		20.21774987599929		0.714392900466919		1.0690493786656856		0.08582144183814526		0.17164288367629052
1427		20.406564109012834		0.7140637040138245		1.0665829856860638		0.0857508333221078		0.1715016666442156
1428		20.390487597003812		0.7134295701980591		1.0674166962981224		0.0852934847548604		0.1705869695097208
1429		20.50832793698646		0.7151918411254883		1.0684836756455898		0.08555365684330464		0.17110731368660928
1430		20.515497565007536		0.7119855284690857		1.0668277387607097		0.08660374639034271		0.17320749278068542
1431		20.73755599099968		0.7154880166053772		1.067844974348545		0.08592435528635979		0.17184871057271958
1432		20.210294278003857		0.7144425511360168		1.0677614772903918		0.08590113189816474		0.17180226379632949
1433		20.27042339000036		0.7140355110168457		1.0688082144892215		0.08572037991285324		0.17144075982570647
1434		20.251642096991418		0.7140786647796631		1.067742087365389		0.08555216235220432		0.17110432470440864
1435		20.332159870988107		0.7132052779197693		1.0650541091370582		0.08562417253106833		0.17124834506213665
1436		20.30862876000174		0.7143959999084473		1.0667172011983395		0.085718814329803		0.171437628659606
1437		20.38130232100957		0.7128794193267822		1.067239686410427		0.08574619813561439		0.17149239627122878
1438		20.42733535199659		0.7120316028594971		1.0666566161084174		0.0855091251641512		0.1710182503283024
1439		20.309482162003405		0.7127445340156555		1.0669976857042314		0.08590393624454737		0.17180787248909474
1440		20.264069989993004		0.7148719429969788		1.0679288579940796		0.0855368305593729		0.1710736611187458
1441		20.230215718998807		0.7140452861785889		1.0663935136544704		0.08569560321271419		0.17139120642542838
1442		20.28027156200551		0.7129883170127869		1.0666319196200371		0.08579452638328075		0.1715890527665615
1443		20.31024553300813		0.7142235040664673		1.0661666548466682		0.08576046641767025		0.1715209328353405
1444		20.21820516399748		0.7169886827468872		1.0682991241919995		0.08566132622659206		0.17132265245318412
1445		20.33711309399223		0.7136898040771484		1.0669411479270459		0.08564290516972542		0.17128581033945084
1446		20.340908662008587		0.7128509283065796		1.067362077037096		0.0856170590132475		0.171234118026495
1447		20.448525896994397		0.7131727337837219		1.0672629018306732		0.08569339716136455		0.1713867943227291
1448		20.415655050004716		0.7130630016326904		1.0690587734925747		0.08577860225141049		0.17155720450282097
1449		20.28125949500827		0.7132757902145386		1.0666449196887016		0.08570751591175794		0.1714150318235159
1450		20.23444957799802		0.713333010673523		1.06506444496274		0.08568085526525974		0.1713617105305195
1451		20.226503345009405		0.7121922373771667		1.0677349264657496		0.0856965022623539		0.1713930045247078
1452		20.174488071992528		0.7138954997062683		1.0681800326085091		0.08554111234396695		0.1710822246879339
1453		20.25836293499742		0.7144624590873718		1.067119327800274		0.08570543013811112		0.17141086027622224
1454		20.372773570998106		0.7142531871795654		1.068205638654232		0.08570765668153763		0.17141531336307525
1455		20.307946269997046		0.7130483388900757		1.0663741809916496		0.0857589655637741		0.1715179311275482
1456		20.34615990400198		0.7113843560218811		1.0663617196655273		0.0856275971353054		0.1712551942706108
1457		20.368115616001887		0.716791570186615		1.0692033368396758		0.08545887281000614		0.17091774562001227
1458		20.153661335993093		0.7131237983703613		1.067711362155676		0.08566770426928998		0.17133540853857995
1459		20.17786293399695		0.7148739695549011		1.06650534815073		0.0856350810945034		0.1712701621890068
1460		20.202616918002605		0.7131710052490234		1.0658543919026853		0.08558019283562898		0.17116038567125796
1461		20.21932219500013		0.7140924334526062		1.0671902624213696		0.08566233984231948		0.17132467968463896
1462		20.29738357399765		0.7125113010406494		1.0669255651533605		0.08563414748460055		0.1712682949692011
1463		20.352537387007033		0.713715672492981		1.0683951447081566		0.08569073757529258		0.17138147515058516
1464		20.43123506900156		0.7128751277923584		1.0655213017499447		0.08566553030312062		0.17133106060624123
1465		20.24226690499927		0.7141134142875671		1.0676693106627464		0.0856226750612259		0.1712453501224518
1466		20.2545499419939		0.7138282060623169		1.0645148088908196		0.08558997640311718		0.17117995280623435
1467		20.309165942002437		0.7126173973083496		1.0660167491555215		0.08568125926554203		0.17136251853108406
1468		20.26028353199945		0.7123227119445801		1.0672955193817615		0.08570710446685553		0.17141420893371107
1469		20.447147201004555		0.7137176990509033		1.0689075335335732		0.08565984423458577		0.17131968846917153
1470		20.38462222101225		0.7135139107704163		1.0676108845961094		0.08563421486318111		0.17126842972636222
1471		20.33262482601276		0.7131253480911255		1.0672476185166835		0.08568306548595428		0.17136613097190856
1472		20.30284986400511		0.7131860852241516		1.0669611552274227		0.08571540867239237		0.17143081734478474
1473		20.426544189991546		0.7143837213516235		1.0681520881998539		0.0856785144150257		0.1713570288300514
1474		20.552899622009136		0.7129051089286804		1.0663752373981477		0.08565508650839329		0.17131017301678658
1475		20.485182201999123		0.7132783532142639		1.0668631304705143		0.08563276410251856		0.17126552820503713
1476		20.385051852994366		0.7122913599014282		1.0662386304664613		0.08560055498182774		0.17120110996365548
1477		20.38874920499802		0.7138577103614807		1.0672373705029488		0.08565099917948246		0.17130199835896492
1478		20.27735406300053		0.7138463258743286		1.066802673766613		0.08564763664454221		0.17129527328908442
1479		20.428874011005973		0.7142858505249023		1.0674603295719625		0.0856583728402853		0.1713167456805706
1480		20.34987215900037		0.713656485080719		1.0685080948400498		0.08565994982421399		0.17131989964842798
1481		20.250122530997032		0.7122787833213806		1.0673674982583523		0.08566039997339249		0.17132079994678498
1482		20.134170163990348		0.7139537334442139		1.0680576074600219		0.08565315334647894		0.17130630669295788
1483		20.332731640999555		0.7143791317939758		1.0672839319479466		0.08563989420831203		0.17127978841662406
1484		20.190831091007567		0.7155477404594421		1.067391068031788		0.08565551885217428		0.17131103770434855
1485		20.384140319001745		0.7154571413993835		1.0674548211860657		0.08565980778932572		0.17131961557865144
1486		20.349649707000935		0.7134035229682922		1.0670697077190876		0.08565416439771652		0.17130832879543303
1487		20.39110977499513		0.7144173383712769		1.0667953920912743		0.08566425050348044		0.17132850100696087
1488		20.42017722199671		0.7129306793212891		1.0667334040296077		0.08565613565742969		0.17131227131485938
1489		20.419917352992343		0.714575469493866		1.0662819822490215		0.08565549297332764		0.17131098594665528
1490		20.362156927003525		0.7135149836540222		1.0674484928297996		0.08565456656813622		0.17130913313627244
1491		20.413137932002428		0.7145555019378662		1.06940866871953		0.08564590178132057		0.17129180356264115
1492		20.4124434950063		0.7146733403205872		1.066904294153452		0.08564702162742614		0.17129404325485229
1493		20.331511566997506		0.7137757539749146		1.0667357492232323		0.08564817239642143		0.17129634479284286
1494		20.403342407007585		0.7144033908843994		1.0686176725804806		0.08564824259579182		0.17129648519158364
1495		20.36574573200778		0.7110008597373962		1.066647441123724		0.08564594346880913		0.17129188693761827
1496		20.27335529899574		0.7140917181968689		1.0669193098747731		0.08564652682244778		0.17129305364489555
1497		20.39633371499076		0.7115575671195984		1.0659704982686042		0.08564662444293498		0.17129324888586997
1498		20.366351314005442		0.7133605480194092		1.0674056567788124		0.08564682008624076		0.17129364017248153
1499		20.22026409499813		0.7138972282409668		1.0691737007808686		0.08564654170572758		0.17129308341145516