Epoch	Duration				Loss Step Train			Loss Full Train			Loss Step Test			Loss Full Test
0		86.84981514200001		14.738255500793457		15.74982322555542		1.5492511953353882		3.0985023906707765
1		21.437557762000097		13.739477157592773		15.06272715171814		1.9932253414154053		3.9864506828308106
2		62.26030438399994		10.130400657653809		11.461683641738892		1.7127596628189088		3.4255193256378176
3		21.18582295400006		20.804759979248047		21.513742988204957		1.1208249948501587		2.2416499897003175
4		21.526168941999913		28.654644012451172		27.765985095481874		1.0440071173667909		2.0880142347335817
5		21.58472918299981		30.569347381591797		30.37359406234741		1.096809919834137		2.193619839668274
6		21.58581499999991		39.792762756347656		38.59274530937195		1.2894151294708251		2.5788302589416503
7		21.67007727400005		40.67639923095703		40.15244187446594		1.3837485389709472		2.7674970779418944
8		21.645175951000056		36.99689865112305		34.98857205673218		1.029621888065338		2.059243776130676
9		21.654480620999948		14.135405540466309		16.386199104232787		0.9243787403106689		1.8487574806213378
10		21.59845567100001		5.599909782409668		8.827747085418702		0.736494939661026		1.472989879322052
11		21.630489786		5.428276538848877		8.661972044563294		0.690051116323471		1.380102232646942
12		21.57275122300007		4.819853782653809		7.836804669322968		0.6348654887676239		1.2697309775352479
13		21.721175422999977		4.2385406494140625		6.912569210472107		0.6819228826522827		1.3638457653045655
14		21.718262248999963		3.6549489498138428		5.886730929927826		0.713878472661972		1.427756945323944
15		21.71044416199993		3.3881635665893555		5.4377414972877505		0.7222541996955871		1.4445083993911743
16		21.544603198000004		3.2066733837127686		5.078252669754028		0.5933185097455979		1.1866370194911957
17		21.38703380900006		3.158766269683838		4.898376878871917		0.6070340788125992		1.2140681576251984
18		21.598356299999978		3.007219076156616		4.65752486120224		0.5708006209611892		1.1416012419223784
19		21.522741447000044		2.925847053527832		4.481354645328522		0.5935720715761185		1.187144143152237
20		21.60513961399988		2.8224196434020996		4.343402159137725		0.576668253326416		1.153336506652832
21		21.521032505999983		2.737867832183838		4.171724804344177		0.6178281803369522		1.2356563606739044
22		21.09133999300002		2.6906142234802246		4.090571771755219		0.6447876031398774		1.2895752062797547
23		21.3576310630001		2.6733293533325195		4.035472221984863		0.5470396055221558		1.0940792110443116
24		21.466750881000053		2.585984230041504		3.9051223928260805		0.5485845924377442		1.0971691848754883
25		21.58663405199991		2.5285542011260986		3.839434796295166		0.5782323006153107		1.1564646012306214
26		21.26681370999995		2.5087764263153076		3.785558572254181		0.5816754380941391		1.1633508761882783
27		21.023656474000063		2.492610454559326		3.7752310182762145		0.5663770526885986		1.1327541053771972
28		21.37137441599998		2.5022642612457275		3.7694373715400697		0.6174559231758118		1.2349118463516235
29		21.414598334999937		2.4275095462799072		3.6580738017845156		0.5545538357019425		1.109107671403885
30		21.408128153000007		2.477123260498047		3.726151671142578		0.5777761111974716		1.1555522223949433
31		21.511809585000037		2.445718765258789		3.656430269832611		0.5182174387693406		1.0364348775386811
32		21.610146860999976		2.3974061012268066		3.6124660714912413		0.5330066722631455		1.066013344526291
33		21.57024826299994		2.409151077270508		3.629271383152008		0.5345117390155792		1.0690234780311585
34		21.55614211200009		2.370227336883545		3.563571143779755		0.5460314280748367		1.0920628561496735
35		21.548707551999996		2.383251428604126		3.5868966721343996		0.5163621559619903		1.0327243119239806
36		21.244493150000153		2.370515823364258		3.5576095400238037		0.5774117846727371		1.1548235693454743
37		21.57607043200005		2.369722843170166		3.5505888264274597		0.5111442400932312		1.0222884801864625
38		21.76896749499997		2.3821048736572266		3.5606862116622926		0.515510171699524		1.031020343399048
39		21.796993601000167		2.371198892593384		3.5565699168205263		0.5110543751716614		1.0221087503433228
40		21.85391806100006		2.3203675746917725		3.4972103170394897		0.7034163091897965		1.406832618379593
41		21.840740829000197		2.372065544128418		3.5351080708122256		0.5141004641056061		1.0282009282112121
42		21.819561958999884		2.4037466049194336		3.5768153915786742		0.5570440535306931		1.1140881070613862
43		21.848223368000163		2.331838607788086		3.5000601277160643		0.6600870645046234		1.3201741290092468
44		21.752646740000046		2.303795337677002		3.4497612894439698		0.5256627312660217		1.0513254625320434
45		21.7284234990002		2.289647340774536		3.4437232441139223		0.5605072006464005		1.121014401292801
46		21.74190326900043		2.296962261199951		3.4455962887382507		0.5404502684831619		1.0809005369663238
47		21.744634988000143		2.294342517852783		3.4328893928718567		0.5604333508968353		1.1208667017936707
48		21.759491274000084		2.295691967010498		3.4310454746627808		0.5154656141042709		1.0309312282085419
49		21.773996458000056		2.295877456665039		3.4430620467567445		0.520216152048111		1.040432304096222
50		21.89290704699988		2.2961463928222656		3.4297067821884157		0.5210424395084381		1.0420848790168762
51		21.8018241689997		2.270918846130371		3.392369243812561		0.49322138502597807		0.9864427700519561
52		21.841175759999715		2.2712841033935547		3.3913805724143984		0.49496073503494264		0.9899214700698853
53		21.771238374000404		2.2939229011535645		3.4280322287178038		0.5227199999332428		1.0454399998664856
54		21.704364741999598		2.240743637084961		3.362223107089996		0.49103152296543123		0.9820630459308625
55		21.7895489980001		2.2442374229431152		3.3774565682029722		0.49239562475681303		0.9847912495136261
56		21.781622898000023		2.2573986053466797		3.3902830678749085		0.5102903916597367		1.0205807833194733
57		21.746146188999774		2.2429115772247314		3.3707991419410708		0.4896564225673676		0.9793128451347352
58		21.868233624999903		2.2456958293914795		3.368992962360382		0.533661403799057		1.067322807598114
59		21.68256645299971		2.2421793937683105		3.3672444661712646		0.5293826083660126		1.0587652167320252
60		21.74465503600004		2.241598129272461		3.3602837034225463		0.5014307844161987		1.0028615688323974
61		21.756958148000194		2.234811782836914		3.352031216278076		0.4854158847332001		0.9708317694664002
62		21.731156716999976		2.2305123805999756		3.346235950565338		0.4890968806028366		0.9781937612056733
63		21.71850299200014		2.2234482765197754		3.338782328338623		0.47745571575164797		0.9549114315032959
64		21.704617290999977		2.20489764213562		3.3165868182373046		0.5552346695423126		1.1104693390846252
65		21.823478662999605		2.2295918464660645		3.3531639991569517		0.4767541484117508		0.9535082968235016
66		21.857950715000243		2.195749044418335		3.291519986896515		0.5210754757642746		1.0421509515285492
67		21.841466901999866		2.187244415283203		3.278981787033081		0.4810317253112793		0.9620634506225586
68		21.74502934300017		2.172287940979004		3.2699459997177125		0.5114798278808593		1.0229596557617187
69		21.761835219000204		2.1675186157226562		3.271465496635437		0.4721991466522217		0.9443982933044434
70		21.943326219000028		2.1574015617370605		3.2587188121795654		0.4900540842294693		0.9801081684589386
71		21.956321333000233		2.183924913406372		3.2778099898719786		0.4668338212490082		0.9336676424980164
72		22.022172150000188		2.161623001098633		3.265296419582367		0.46885579721927645		0.9377115944385529
73		21.94006208699966		2.131437063217163		3.2188605935668946		0.46295230801105497		0.9259046160221099
74		22.00950565500034		2.178769111633301		3.2789601478004458		0.6322480257749558		1.2644960515499115
75		21.924782412999775		2.1489925384521484		3.2292792356681823		0.4639744501829147		0.9279489003658294
76		21.925329074000274		2.137415885925293		3.2216527002716067		0.46343928122520445		0.9268785624504089
77		21.96358509699985		2.1574110984802246		3.22185514421463		0.46160709495544433		0.9232141899108887
78		21.97355376700034		2.126222848892212		3.208540315437317		0.49040145833492277		0.9808029166698455
79		21.978195437000068		2.14387845993042		3.213247730064392		0.4854006515264511		0.9708013030529022
80		21.892125703000147		2.100102186203003		3.156711486759186		0.49811020867824557		0.9962204173564911
81		21.689822928000012		2.118117332458496		3.192210767745972		0.44943400943279266		0.8988680188655853
82		21.72504965400003		2.1013662815093994		3.1680618908691405		0.47852077260017395		0.9570415452003479
83		21.769213574999867		2.1045303344726562		3.165976502342224		0.5097527260065079		1.0195054520130158
84		21.92637052400005		2.0989830493927		3.1668895702934265		0.45804063374996185		0.9160812674999237
85		21.826037107000047		2.065911293029785		3.136076095275879		0.45874460873603823		0.9174892174720765
86		21.90635533900013		2.082118034362793		3.138620591545105		0.46106473865509034		0.9221294773101807
87		21.877575434999926		2.0605876445770264		3.111019533843994		0.44858251643180846		0.8971650328636169
88		21.774265943000046		2.076601266860962		3.123566570034027		0.4957319345474243		0.9914638690948486
89		21.871067052999933		2.0555343627929688		3.109884752407074		0.43958590168952943		0.8791718033790589
90		21.94053681100013		2.0628278255462646		3.100571020832062		0.46184730780124666		0.9236946156024933
91		21.877826931000072		2.040280818939209		3.0837853737449645		0.4420768947839737		0.8841537895679474
92		21.709368096999697		2.1176857948303223		3.1708284606361388		0.4737147130489349		0.9474294260978698
93		21.228225200999987		2.038562536239624		3.0639500472068786		0.44593373124599456		0.8918674624919891
94		21.584413572999892		2.027305841445923		3.0561392525863647		0.4437347839355469		0.8874695678710938
95		21.643954312000005		2.0279159545898438		3.0618637617874147		0.4822597551822662		0.9645195103645324
96		21.665221242999905		1.9978541135787964		3.0204481135368346		0.44864568884372713		0.8972913776874543
97		21.35544613000002		2.0038132667541504		3.0230685968971254		0.4626823266029358		0.9253646532058716
98		21.020390673999827		1.9938859939575195		3.012843099746704		0.43928327913284304		0.8785665582656861
99		21.267609610999898		2.0147643089294434		3.038082214756012		0.44123399159908294		0.8824679831981659
100		21.819817467999655		2.0343589782714844		3.061104372882843		0.5186810373067856		1.0373620746135712
101		21.825290360000054		1.968292236328125		2.971484430522919		0.4450208530664444		0.8900417061328888
102		21.7832066320002		1.9824010133743286		2.9943328015327455		0.46198814039230346		0.9239762807846069
103		21.29902539199975		1.9621700048446655		2.9526098085021975		0.43911915481090547		0.8782383096218109
104		21.73968955400005		1.9637293815612793		2.9762843823051455		0.43911836371421814		0.8782367274284363
105		21.722887412999626		1.9510804414749146		2.9444960258865356		0.4310795780658722		0.8621591561317444
106		21.61219033400039		1.9659863710403442		2.9648806053352357		0.4329387303352356		0.8658774606704712
107		21.709584145999997		1.9534755945205688		2.9461616673088074		0.47835903029441834		0.9567180605888367
108		21.700894931999755		1.9603052139282227		2.9490301124954224		0.4815052253007889		0.9630104506015777
109		21.867996330000096		1.932315468788147		2.900756824493408		0.43519620113372803		0.8703924022674561
110		21.930909236999923		1.9128338098526		2.8913874458885194		0.4327154222011566		0.8654308444023132
111		22.088016919999973		1.9204857349395752		2.890382503147125		0.43644206612110137		0.8728841322422027
112		21.949406954000096		1.9297621250152588		2.9099124545478823		0.47612351553440097		0.9522470310688019
113		22.035015123999983		1.9076213836669922		2.8796561975860597		0.42095088975429534		0.8419017795085907
114		21.94251486500025		1.921331524848938		2.8872632842063903		0.4172785595178604		0.8345571190357208
115		21.975899049999953		1.886771559715271		2.8600578750038146		0.4200619252920151		0.8401238505840302
116		21.894704258000274		1.9086534976959229		2.8737594606399535		0.4297708113193512		0.8595416226387024
117		21.931615386999965		1.8847949504852295		2.839259786376953		0.42434149975776675		0.8486829995155335
118		22.00186892099964		1.8876032829284668		2.8511869132614134		0.594573671746254		1.189147343492508
119		22.02963336799985		1.901176929473877		2.8557239399528505		0.41786021094322207		0.8357204218864441
120		21.905243072999838		1.8932380676269531		2.8393511708259584		0.43128129875659943		0.8625625975131989
121		21.978418274999967		1.9118592739105225		2.8702450274848936		0.41869271886348725		0.8373854377269745
122		21.827661295000325		1.8686344623565674		2.8217240497779845		0.427687423324585		0.85537484664917
123		21.939744407000035		1.8828966617584229		2.8310176872444153		0.4101409398317337		0.8202818796634674
124		21.76225243900035		1.8867177963256836		2.8316716063880922		0.41813475937843325		0.8362695187568665
125		21.81846322599995		1.8738112449645996		2.8162034722709657		0.4525059308052063		0.9050118616104126
126		21.81655967200004		1.8789538145065308		2.8326779173088075		0.4153377122163773		0.8306754244327545
127		21.935666173999834		1.8976492881774902		2.8415105322647096		0.4280260830879211		0.8560521661758422
128		21.955846154000028		1.8772478103637695		2.8171205316352843		0.4250064654827118		0.8500129309654236
129		21.921703088999948		1.8858569860458374		2.8263043262672425		0.4236447452545166		0.8472894905090332
130		21.911439682000037		1.8683689832687378		2.8083614838790893		0.4311554612159729		0.8623109224319458
131		22.014010469999903		1.852968692779541		2.7873557763290404		0.42364388723373414		0.8472877744674683
132		21.866882822000207		1.8848848342895508		2.829190342502594		0.42157504630088805		0.8431500926017761
133		21.975455713999963		1.8518763780593872		2.7995070126152037		0.41194309248924255		0.8238861849784851
134		21.990886031999707		1.8659268617630005		2.7928364322280883		0.40812512052059174		0.8162502410411835
135		21.923132714000076		1.8807711601257324		2.814412631416321		0.41686112143993376		0.8337222428798675
136		21.90809344199988		1.8435946702957153		2.7701962035560608		0.41695821914672854		0.8339164382934571
137		21.927046212000278		1.852918028831482		2.788576181678772		0.4348536406993866		0.8697072813987732
138		21.789768181000454		1.8583247661590576		2.7888933866500856		0.4553481402158737		0.9106962804317474
139		21.818959146999987		1.852603554725647		2.7921237828063963		0.4031555189371109		0.8063110378742218
140		21.819775352999386		1.8379501104354858		2.753896774635315		0.5085997560739517		1.0171995121479034
141		21.792758397999933		1.8592031002044678		2.7917633358192444		0.4066741384267807		0.8133482768535614
142		21.809721034000177		1.8418759107589722		2.771845619831085		0.4017343858718872		0.8034687717437744
143		21.786788119000448		1.840526819229126		2.7475380710220336		0.41640107541084287		0.8328021508216857
144		21.84629712700007		1.8739043474197388		2.809046021118164		0.40221865627765657		0.8044373125553131
145		21.981717654000022		1.8424376249313354		2.7743908418273926		0.41444538435935974		0.8288907687187195
146		22.08648333200017		1.8513191938400269		2.790799486217499		0.40845702736377715		0.8169140547275543
147		21.93253028500021		1.8474401235580444		2.7714163921356203		0.4068632132768631		0.8137264265537262
148		21.90892992099998		1.8155766725540161		2.729670165786743		0.45858760313987734		0.9171752062797547
149		22.017812287999732		1.887521505355835		2.8041192095184324		0.4076230703353882		0.8152461406707764
150		21.95990625899958		1.8216325044631958		2.744408168067932		0.4049112576007843		0.8098225152015686
151		21.96464715699949		1.8450502157211304		2.77118426404953		0.39895504920482633		0.7979100984096527
152		21.95340762000069		1.8213865756988525		2.746209632587433		0.4349591871976852		0.8699183743953705
153		22.107356786999844		1.8498319387435913		2.76802866065979		0.4228573328971863		0.8457146657943726
154		21.91614792600012		1.8316261768341064		2.7408755269908904		0.3997783622503281		0.7995567245006562
155		21.957436685000175		1.8268424272537231		2.741736468639374		0.3978672504901886		0.7957345009803772
156		21.933860349000497		1.8144677877426147		2.721199470500946		0.40677106382846834		0.8135421276569367
157		21.95427613999982		1.8397810459136963		2.7599555559158326		0.39577514054775237		0.7915502810955047
158		22.07227645799958		1.821158528327942		2.7249030910491943		0.4321296778678894		0.8642593557357788
159		22.031306120999943		1.8226677179336548		2.7377009268951418		0.4482048989057541		0.8964097978115082
160		21.969600432000334		1.8238739967346191		2.7305524264335634		0.48337806675434114		0.9667561335086823
161		21.937158832000023		1.8422324657440186		2.745368462791443		0.4645841246604919		0.9291682493209839
162		21.945804052999847		1.8309003114700317		2.7465188650894166		0.4319747376918793		0.8639494753837585
163		21.935331636000228		1.8071386814117432		2.713849236869812		0.4189911001205444		0.8379822002410888
164		21.97916525599976		1.860883116722107		2.76323408203125		0.4538694202899933		0.9077388405799866
165		21.92870601499999		1.8026511669158936		2.7169590679359437		0.39475422830581663		0.7895084566116333
166		21.773559981999824		1.8546626567840576		2.7719432797050474		0.4163101886034012		0.8326203772068024
167		21.87678422799945		1.8359699249267578		2.7554455320358278		0.39380690376758576		0.7876138075351715
168		21.848961030000282		1.8151980638504028		2.7185160174560545		0.41970733444690705		0.8394146688938141
169		21.85063427499972		1.8102258443832397		2.719293531227112		0.4030649807214737		0.8061299614429474
170		21.777048515999923		1.8084073066711426		2.7159732819747924		0.44527094194889066		0.8905418838977813
171		21.693147592999594		1.81501042842865		2.725817473087311		0.4428592176437378		0.8857184352874756
172		21.76842421999936		1.8126018047332764		2.73077731880188		0.48433906106948854		0.9686781221389771
173		21.752207656999417		1.804165005683899		2.7025120884132385		0.4193445953130722		0.8386891906261444
174		21.811348496999926		1.798983097076416		2.6887818217372894		0.39910962357521057		0.7982192471504211
175		21.938021537999703		1.8149425983428955		2.732796073856354		0.3959019898891449		0.7918039797782898
176		21.505935830999988		1.8099613189697266		2.7197605393409727		0.3986935517072678		0.7973871034145356
177		21.9156112820001		1.797990322113037		2.697298382778168		0.3920528721809387		0.7841057443618774
178		21.928632905000086		1.7856526374816895		2.6916372269248963		0.3905072987318039		0.7810145974636078
179		21.888865054000235		1.7892496585845947		2.6849696063423156		0.39058285455703734		0.7811657091140747
180		21.89688698200007		1.8022770881652832		2.6966123693656923		0.3980909652233124		0.7961819304466248
181		21.925564113999826		1.7994085550308228		2.697132897090912		0.40356014387607575		0.8071202877521515
182		21.836835266999515		1.780513882637024		2.6834081640243532		0.3974158208370209		0.7948316416740417
183		22.023417604000315		1.8020334243774414		2.7019550214767456		0.393062047123909		0.786124094247818
184		21.983230572999673		1.825644850730896		2.7336424792099		0.402436674618721		0.804873349237442
185		21.989747794999857		1.8230524063110352		2.715487317695618		0.39778292548656463		0.7955658509731293
186		22.03575824499967		1.7930423021316528		2.6790670050811767		0.4164024006128311		0.8328048012256623
187		22.02586823099955		1.8032610416412354		2.7001711443328857		0.39664316620826723		0.7932863324165345
188		21.991115232000084		1.8011842966079712		2.705793505783081		0.40337847006320954		0.8067569401264191
189		22.049510142000145		1.7974963188171387		2.7002910564613343		0.3896961230278015		0.779392246055603
190		21.998666408000645		1.7889066934585571		2.674640872993469		0.3945042970180511		0.7890085940361022
191		21.941789812000025		1.8041490316390991		2.693188721485138		0.4170312308549881		0.8340624617099762
192		21.959417783999925		1.8051522970199585		2.698562890491486		0.4073469343662262		0.8146938687324524
193		21.96595594200062		1.7933398485183716		2.684910072040558		0.3862830749034882		0.7725661498069764
194		21.99771416600015		1.7752881050109863		2.664530567302704		0.3885296317577362		0.7770592635154724
195		22.09590176799975		1.7739434242248535		2.6553046847724913		0.40221098136901856		0.8044219627380371
196		22.16277706299934		1.7934316396713257		2.680764935398102		0.3888787505149841		0.7777575010299682
197		22.13594361200012		1.7816686630249023		2.664975628929138		0.39314087810516357		0.7862817562103271
198		22.09760827700029		1.7773197889328003		2.6629511219787596		0.4157046636104584		0.8314093272209168
199		22.09277164499963		1.784558653831482		2.676203908996582		0.39366880490779876		0.7873376098155975
200		22.232712213000013		1.7975598573684692		2.6901338661766054		0.3870488817214966		0.7740977634429932
201		22.122146187		1.7804579734802246		2.6670055939483643		0.3910337461709976		0.7820674923419952
202		22.072499052999774		1.8161675930023193		2.7049760876655577		0.3936292366504669		0.7872584733009338
203		22.091648645000532		1.7753486633300781		2.658216442070007		0.38472824349403384		0.7694564869880677
204		22.16864808399987		1.7670576572418213		2.659662727422714		0.4016433093309402		0.8032866186618804
205		22.107359603999612		1.7912628650665283		2.679725804986954		0.41526864447593687		0.8305372889518737
206		22.14049451000028		1.798296332359314		2.6858030616950987		0.3867334722042084		0.7734669444084168
207		22.202682839999397		1.7738288640975952		2.660357737827301		0.38695224921703336		0.7739044984340667
208		22.10153837500002		1.783360481262207		2.6763420263671875		0.3892223181247711		0.7784446362495422
209		22.166720006000105		1.7898807525634766		2.678374002609253		0.3933979595899582		0.7867959191799164
210		22.198142793999978		1.789546251296997		2.6746952169799805		0.3815099341869354		0.7630198683738708
211		22.204173492000336		1.7906405925750732		2.680946445474625		0.38346135120391844		0.7669227024078369
212		22.204067792000387		1.8101472854614258		2.690931460762024		0.3842054400920868		0.7684108801841736
213		22.09790780700041		1.7831988334655762		2.670076786766052		0.3861407267808914		0.7722814535617828
214		22.13604489699992		1.8008275032043457		2.691570341043472		0.38408375477790835		0.7681675095558167
215		22.006991356999606		1.7726657390594482		2.650819664669037		0.40308166353702546		0.8061633270740509
216		21.974351382999885		1.7648853063583374		2.6429206922912596		0.40476086161136626		0.8095217232227325
217		21.996594231000017		1.786625623703003		2.6664203111076357		0.4031162065029144		0.8062324130058288
218		22.046102762999908		1.7805545330047607		2.6649550382995604		0.392187929391861		0.784375858783722
219		22.035457969000163		1.7673122882843018		2.643656675491333		0.4019539548397064		0.8039079096794128
220		22.054786688000604		1.766075849533081		2.6525801705360412		0.4650568721294403		0.9301137442588806
221		22.103441301999737		1.7719635963439941		2.6563322210884093		0.41821381273269653		0.8364276254653931
222		22.225871940000616		1.7646771669387817		2.650973218975067		0.37964638986587523		0.7592927797317505
223		22.20093836400065		1.7718360424041748		2.6500157688522337		0.40484020779132845		0.8096804155826569
224		22.22916817300029		1.7670286893844604		2.65657819524765		0.38300339567661285		0.7660067913532257
225		22.17123773200001		1.7569420337677002		2.642022060432434		0.4007306090593338		0.8014612181186676
226		22.22922749999998		1.775295615196228		2.6671523133277892		0.3830696074485779		0.7661392148971558
227		22.117927876000067		1.7663025856018066		2.6437869291305542		0.39367360787391664		0.7873472157478333
228		22.079671131000396		1.7594207525253296		2.635141473751068		0.3921229453086853		0.7842458906173706
229		22.072430645999702		1.7762340307235718		2.6516849039936066		0.38560121171474454		0.7712024234294891
230		22.057138344000123		1.7711145877838135		2.6457529084968567		0.3960929386854172		0.7921858773708343
231		22.12107977100004		1.7843372821807861		2.672050513153076		0.3873799199581146		0.7747598399162292
232		22.080583015999764		1.7762722969055176		2.66520736328125		0.4239653633117676		0.8479307266235352
233		22.05760070300039		1.757161021232605		2.634996333589554		0.38805826609134675		0.7761165321826935
234		22.03856104099941		1.769841194152832		2.6477892436790467		0.4366808828115463		0.8733617656230926
235		22.01083542000015		1.744594931602478		2.6172551798439025		0.40327558209896086		0.8065511641979217
236		22.10884875299962		1.769599437713623		2.652106258010864		0.38212716999053953		0.7642543399810791
237		22.082216701000107		1.7559248208999634		2.649418709049225		0.3795852619409561		0.7591705238819122
238		21.999360676000833		1.7403154373168945		2.6219656453323363		0.3849625239133835		0.769925047826767
239		21.782505578999917		1.7454767227172852		2.6314649880695344		0.3816113991737366		0.7632227983474732
240		21.817055538000204		1.7599775791168213		2.6504645735168455		0.3802169816970825		0.760433963394165
241		21.737446238999837		1.7516082525253296		2.6312790849018097		0.39105365352630617		0.7821073070526123
242		21.79895546300031		1.7904599905014038		2.6725117477416993		0.38091443068981173		0.7618288613796235
243		21.70404838200011		1.7595953941345215		2.6265996701049805		0.3908314291715622		0.7816628583431244
244		21.78349743600029		1.7534923553466797		2.6288532863235474		0.4352461703300476		0.8704923406600952
245		21.80188521800028		1.7705892324447632		2.6435556750774385		0.39331074545383454		0.7866214909076691
246		21.286170471999867		1.7752951383590698		2.652609945755005		0.3877160489320755		0.775432097864151
247		21.717506665000656		1.7661445140838623		2.6419814032840727		0.3844892183303833		0.7689784366607666
248		21.721013765999487		1.7499946355819702		2.6173676230621337		0.3803509341001511		0.7607018682003022
249		21.758701300999746		1.763959288597107		2.6401639243507384		0.3763005103111267		0.7526010206222534
250		21.693938313000217		1.7597925662994385		2.6349537884521483		0.4315762361288071		0.8631524722576142
251		21.768003528999543		1.7672539949417114		2.642538530769348		0.4097473661661148		0.8194947323322296
252		21.285723277000216		1.7655891180038452		2.6388364353752136		0.42667725307941434		0.8533545061588287
253		21.68734584499998		1.7496501207351685		2.618570691270828		0.41256846854686735		0.8251369370937347
254		21.75641516199994		1.7780135869979858		2.6588526079940795		0.37580865280628206		0.7516173056125641
255		21.80862677100049		1.7419376373291016		2.6116913644695283		0.432635262799263		0.865270525598526
256		22.104660885000158		1.7695271968841553		2.641770446214676		0.38742887301445006		0.7748577460289001
257		22.085004128000037		1.7649363279342651		2.6474961190605164		0.40720589771270754		0.8144117954254151
258		22.10113470200031		1.7791321277618408		2.659673258552551		0.37480600991249086		0.7496120198249817
259		22.065013047999855		1.760604977607727		2.639140881729126		0.5352767279148102		1.0705534558296204
260		22.14025843899981		1.7542338371276855		2.6182171411705015		0.3851249564409256		0.7702499128818512
261		22.104155187999822		1.7675260305404663		2.636995482406616		0.3815346489906311		0.7630692979812622
262		22.149147045000063		1.7622554302215576		2.638127303056717		0.38274864964485167		0.7654972992897033
263		22.11142774000018		1.7494027614593506		2.623440862035751		0.37927437393665314		0.7585487478733063
264		22.067482230000678		1.7747148275375366		2.6444339301776885		0.45990631465911863		0.9198126293182373
265		22.082872988999952		1.7642419338226318		2.6318294565391542		0.3737718579530716		0.7475437159061432
266		22.054956224000307		1.767985224723816		2.6471307508182527		0.38508882188796995		0.7701776437759399
267		22.07569113199952		1.7467138767242432		2.6166932175064086		0.43341745297908785		0.8668349059581757
268		22.01430606699978		1.7469204664230347		2.6150895771598814		0.39360687942504885		0.7872137588500977
269		22.159372009000435		1.7663089036941528		2.6297881466293336		0.42707621462345124		0.8541524292469025
270		22.098864364999827		1.7495943307876587		2.625051392726898		0.39875596091747284		0.7975119218349457
271		22.06705618399974		1.750816822052002		2.616565560245514		0.37359941375255584		0.7471988275051117
272		22.08230567099963		1.7515194416046143		2.6256166339588165		0.3785149532556534		0.7570299065113067
273		21.930163186000755		1.7370821237564087		2.5968208054828645		0.41632531852722165		0.8326506370544433
274		21.86300479000056		1.7595927715301514		2.6243334386730193		0.3715234313249588		0.7430468626499176
275		22.097544950000156		1.7495290040969849		2.6329001800632477		0.4141585771560669		0.8283171543121338
276		22.13169169699995		1.7418748140335083		2.605115541353226		0.37518191447258		0.75036382894516
277		22.11172437699952		1.7496846914291382		2.615591229839325		0.39151461651325226		0.7830292330265045
278		22.111483339999722		1.7396204471588135		2.6061445258712768		0.4038776867389679		0.8077553734779358
279		22.114047508000112		1.7289552688598633		2.5931070079517364		0.37450959842205045		0.7490191968441009
280		22.21336662399972		1.7512757778167725		2.6158911934852602		0.37608896296024324		0.7521779259204865
281		22.22987426600048		1.737314224243164		2.6125254291343687		0.385399382519722		0.770798765039444
282		22.16241138800069		1.737665057182312		2.601263012685776		0.4654271440029144		0.9308542880058288
283		22.048442766000335		1.7439416646957397		2.6168903266334533		0.3733274511098862		0.7466549022197724
284		22.204803884000285		1.7407137155532837		2.6038547759246824		0.3778212736606598		0.7556425473213196
285		22.183167555000182		1.735170602798462		2.6036430304431915		0.4148082046508789		0.8296164093017578
286		22.248544594999657		1.744916319847107		2.6093123321437837		0.3767734688282013		0.7535469376564026
287		22.15847200799999		1.7376567125320435		2.5964475254535677		0.4271308180332184		0.8542616360664368
288		22.208261791999576		1.7685463428497314		2.63129767701149		0.39755507333278656		0.7951101466655731
289		22.19946733500001		1.7325468063354492		2.6013521021461488		0.3741843199491501		0.7483686398983002
290		22.15677348400004		1.7334322929382324		2.5869812221431734		0.3697497535943985		0.739499507188797
291		22.17731725000067		1.7368882894515991		2.5922566442584993		0.3706611070394516		0.7413222140789032
292		22.198072740000498		1.7263091802597046		2.5810038574790957		0.3661763090610504		0.7323526181221008
293		22.11845080399962		1.7215607166290283		2.5852379157543184		0.369244279384613		0.738488558769226
294		22.09927976200015		1.7507050037384033		2.6154360988616943		0.36796565890312194		0.7359313178062439
295		22.096345551000013		1.7333232164382935		2.597705354127884		0.3859657421350479		0.7719314842700958
296		22.157235188999948		1.7344728708267212		2.597203454723358		0.3940808291196823		0.7881616582393646
297		22.13507629600008		1.7260432243347168		2.592656362018585		0.374739297580719		0.749478595161438
298		22.178107448000446		1.7362353801727295		2.5965046354579924		0.3757803807973862		0.7515607615947724
299		22.082550352		1.7470899820327759		2.610408563785553		0.367389159655571		0.734778319311142
300		22.022567748000256		1.7430102825164795		2.6035179142856597		0.3684498487234116		0.7368996974468232
301		21.994023938000282		1.744526982307434		2.601242273759842		0.372042321562767		0.744084643125534
302		22.049380237999685		1.7419854402542114		2.605166649799347		0.381109566783905		0.76221913356781
303		21.991831946000275		1.7266693115234375		2.593104149837494		0.37000865132808686		0.7400173026561737
304		22.02711186200031		1.7332245111465454		2.595007375793457		0.3654526493549347		0.7309052987098694
305		21.969034755000393		1.7371845245361328		2.5991413077259065		0.37188251667022704		0.7437650333404541
306		22.002169418999983		1.7238446474075317		2.596243871650696		0.37559856603145597		0.7511971320629119
307		22.010721974999797		1.7697778940200806		2.644645641736984		0.37327608733177187		0.7465521746635437
308		22.008088847999716		1.7409260272979736		2.599212875099182		0.3716382088184357		0.7432764176368714
309		21.949341970000205		1.731463074684143		2.588264844379425		0.3837279815673828		0.7674559631347656
310		22.028092348000428		1.7487362623214722		2.6122857846450804		0.3843775493383408		0.7687550986766816
311		21.9785948309991		1.7397702932357788		2.6062703714847566		0.37273952786922454		0.7454790557384491
312		21.742572350000046		1.737869143486023		2.592255037660599		0.37706951303482056		0.7541390260696411
313		21.943578448000153		1.7500277757644653		2.609523941640854		0.3826754455566406		0.7653508911132813
314		21.92703692499981		1.7508841753005981		2.619064190797806		0.3913387613773346		0.7826775227546692
315		21.913415220999923		1.7331465482711792		2.592519579639435		0.36643815157413484		0.7328763031482697
316		21.873182397000164		1.7267694473266602		2.585100449371338		0.38178842382431033		0.7635768476486207
317		21.839769744000478		1.7163594961166382		2.5845673718833924		0.379573638176918		0.759147276353836
318		21.89463759499995		1.7498687505722046		2.614039062652588		0.39997518632411955		0.7999503726482391
319		21.885519046999434		1.747704029083252		2.606172767086029		0.37295705735683443		0.7459141147136689
320		21.769769712999732		1.7269147634506226		2.5784162915706634		0.3657326812982559		0.7314653625965118
321		21.93612531599956		1.7214597463607788		2.5850425680351257		0.3753858086824417		0.7507716173648834
322		21.926205373999437		1.7303558588027954		2.5961773033714293		0.3660501714706421		0.7321003429412842
323		21.431931052000436		1.7202723026275635		2.575962738676071		0.36572624678611754		0.7314524935722351
324		21.90746152199972		1.7499688863754272		2.6213325291633605		0.37294094393253324		0.7458818878650665
325		21.958527397999205		1.7211755514144897		2.577351157798767		0.4090254011631012		0.8180508023262024
326		22.025870553999994		1.746840000152588		2.612258857631683		0.3675728313684464		0.7351456627368927
327		22.04832088600051		1.7371121644973755		2.5937780811119078		0.3751795889377594		0.7503591778755188
328		21.96317278599963		1.7243133783340454		2.5879960848522185		0.4596632153272629		0.9193264306545258
329		22.129921865000142		1.7485363483428955		2.6168222165203097		0.3889775009870529		0.7779550019741058
330		22.24742424299984		1.7267427444458008		2.5883999420833588		0.6819802884340286		1.3639605768680572
331		22.266333850000592		1.7137575149536133		2.5683818377494814		0.412688868689537		0.825377737379074
332		22.272445239999797		1.7465696334838867		2.6040871010017397		0.3687612096786499		0.7375224193572998
333		22.161608676999094		1.7221946716308594		2.5899729718780518		0.36162213721275327		0.7232442744255065
334		22.14158584100005		1.7194002866744995		2.5692002555656432		0.3779569914340973		0.7559139828681946
335		22.09875650200047		1.7465355396270752		2.603408822889328		0.39904666981697084		0.7980933396339417
336		22.063439278999795		1.7239865064620972		2.585476257162094		0.3706634769678116		0.7413269539356232
337		22.09820482199939		1.7557471990585327		2.618807548446655		0.3661240073442459		0.7322480146884918
338		22.067625110001245		1.7169256210327148		2.566915307073593		0.36707643117904665		0.7341528623580933
339		22.0800108479998		1.7296079397201538		2.5929107888698577		0.36692282576560975		0.7338456515312195
340		21.939413164000143		1.7089011669158936		2.5755990902996064		0.3613187044143677		0.7226374088287354
341		21.594861603000027		1.7159606218338013		2.579100981836319		0.4246827389717102		0.8493654779434204
342		22.12007776700011		1.7320058345794678		2.6028001376628875		0.3857386048793793		0.7714772097587586
343		22.029734136000116		1.709546685218811		2.5694171008872986		0.36311495604515076		0.7262299120903015
344		22.026695795000705		1.7210808992385864		2.585698336019516		0.3680478425502777		0.7360956851005555
345		22.00337665599909		1.7202521562576294		2.5844822548866273		0.36029708533287047		0.7205941706657409
346		22.094904790999863		1.7308098077774048		2.5878404400062562		0.3778268136024475		0.755653627204895
347		22.209803687999738		1.7234563827514648		2.578233557472229		0.4141984974384308		0.8283969948768616
348		22.266374051998355		1.737423062324524		2.5928347362041473		0.3783518773317337		0.7567037546634674
349		22.150326209000923		1.7275176048278809		2.5776715901851652		0.36837774469852447		0.7367554893970489
350		22.277356626000255		1.7548719644546509		2.6083969814109804		0.39500094273090364		0.7900018854618073
351		22.219583913998576		1.7302747964859009		2.586839763660431		0.3892372780799866		0.7784745561599732
352		22.029249597999296		1.7197846174240112		2.5831785536289216		0.381385759305954		0.762771518611908
353		22.138413017999483		1.712855577468872		2.5672723803043365		0.35928655319213865		0.7185731063842773
354		22.07028163999894		1.7187315225601196		2.57473773021698		0.41948689892292024		0.8389737978458405
355		22.121605614000146		1.7259365320205688		2.594169364786148		0.3731145584344864		0.7462291168689728
356		22.138380220998442		1.7286949157714844		2.590796011171341		0.38229893136024473		0.7645978627204895
357		22.035545869999623		1.7123445272445679		2.570561903152466		0.3886698444366455		0.777339688873291
358		22.084830771998895		1.7091920375823975		2.5685996117687226		0.39616557970046995		0.7923311594009399
359		22.11856754800101		1.7161571979522705		2.5774993858623505		0.3797391827344894		0.7594783654689788
360		22.032347014999687		1.7219171524047852		2.578550546016693		0.3698164625167847		0.7396329250335694
361		22.099171435000244		1.7273967266082764		2.571920214548111		0.382799774312973		0.765599548625946
362		22.121718868000244		1.734906792640686		2.5877824668979645		0.38538923666477204		0.7707784733295441
363		22.074649832999057		1.7322403192520142		2.595958754386902		0.4020356914520264		0.8040713829040528
364		22.097628744000758		1.7098108530044556		2.5668382103061678		0.38232736518383026		0.7646547303676605
365		22.04605385099967		1.713683843612671		2.5612525452804564		0.36498942623138425		0.7299788524627685
366		21.9797430919989		1.7305039167404175		2.5907506189632414		0.3704495402574539		0.7408990805149078
367		21.985777305999363		1.711540699005127		2.5708262468624117		0.36283481097221376		0.7256696219444275
368		22.043656169000315		1.7406306266784668		2.6036563563632966		0.36680908467769624		0.7336181693553925
369		22.166214703998776		1.720937728881836		2.5722196497154237		0.3610660246372223		0.7221320492744446
370		22.097365989000537		1.7143183946609497		2.5757567029190063		0.45444354135990145		0.9088870827198029
371		22.19147060599971		1.7280216217041016		2.5925105702972413		0.3847184838294983		0.7694369676589966
372		22.155851679999614		1.7513182163238525		2.600428391056061		0.387772625374794		0.775545250749588
373		22.13757933600027		1.720023274421692		2.5750168144607546		0.4027022022008896		0.8054044044017792
374		22.107778540001163		1.7125881910324097		2.566602879705429		0.3615141404390335		0.723028280878067
375		22.050811446000807		1.733998417854309		2.588363576517105		0.35889299795627594		0.7177859959125519
376		22.114917901999434		1.7214123010635376		2.5646438068962096		0.3697978186607361		0.7395956373214722
377		22.070942918000583		1.7199444770812988		2.5749532384490967		0.3608879891395569		0.7217759782791138
378		21.97840203799933		1.711972951889038		2.569407859916687		0.35703617470264437		0.7140723494052887
379		21.96879571699901		1.7236006259918213		2.572100835208893		0.3773306663751602		0.7546613327503204
380		22.092290324000714		1.7263107299804688		2.5757232224655153		0.3600382309913635		0.720076461982727
381		22.174699007000527		1.7071014642715454		2.5656429909133913		0.3626459756374359		0.7252919512748718
382		22.110965209001733		1.7111830711364746		2.5651958187866213		0.40798483264446256		0.8159696652889251
383		22.076450910000858		1.7047497034072876		2.5764453510379792		0.4493764429092407		0.8987528858184815
384		21.934297368001353		1.7266042232513428		2.578606577453613		0.36156199221611024		0.7231239844322205
385		21.8517953949995		1.7012499570846558		2.547428243970871		0.37650468168258666		0.7530093633651733
386		21.826661920000333		1.7285895347595215		2.594380695915222		0.39258870227336884		0.7851774045467377
387		21.933524482001303		1.720253825187683		2.568332475385666		0.35895881848335265		0.7179176369667053
388		22.050403505998474		1.7128138542175293		2.567928151254654		0.39310615513324737		0.7862123102664947
389		22.022617825999987		1.7491669654846191		2.611312593536377		0.3600426124095917		0.7200852248191834
390		21.94963090500096		1.7361007928848267		2.5776947952079774		0.357766073846817		0.715532147693634
391		21.905147913999826		1.7070060968399048		2.559889608831406		0.36898941078186037		0.7379788215637207
392		21.82642153300003		1.7201565504074097		2.590227562074661		0.36246086905002595		0.7249217381000519
393		21.758296395999423		1.7152085304260254		2.5726375764846803		0.3967835960149765		0.793567192029953
394		21.74204169999939		1.7075154781341553		2.5537119486808777		0.4284070547103882		0.8568141094207764
395		21.81608748599865		1.7207159996032715		2.580101629638672		0.35686788246631623		0.7137357649326325
396		21.862620526000683		1.7252044677734375		2.5805949394607546		0.3831982630252838		0.7663965260505676
397		21.881339559999105		1.7181819677352905		2.5791670284461974		0.3890362927675247		0.7780725855350494
398		21.81819402200017		1.7142832279205322		2.570265288734436		0.3761026894330978		0.7522053788661957
399		21.21755112199935		1.705793023109436		2.552459361553192		0.3711083600521088		0.7422167201042176
400		21.987857296000584		1.7149440050125122		2.580567296934128		0.37667582290172574		0.7533516458034515
401		21.98967435099985		1.713694453239441		2.569610614681244		0.3778374977350235		0.755674995470047
402		22.22208471200065		1.7114014625549316		2.563403230333328		0.3564600599527359		0.7129201199054718
403		22.115774038999007		1.7069090604782104		2.559080807504654		0.35834561548233035		0.7166912309646607
404		21.92954837599973		1.7125494480133057		2.5792706247901918		0.38720397176742555		0.7744079435348511
405		21.993134698001086		1.7325955629348755		2.5949591724300385		0.371501388835907		0.743002777671814
406		22.00071661900074		1.714351773262024		2.5631100779151916		0.3643902374505997		0.7287804749011993
407		21.9917416520002		1.7087332010269165		2.567701875553131		0.36080044729709626		0.7216008945941925
408		21.992528366001352		1.7097790241241455		2.55919677069664		0.41163137588500975		0.8232627517700195
409		21.99784146499951		1.710710883140564		2.5589562920951843		0.548563806438446		1.097127612876892
410		21.975757398000496		1.7257919311523438		2.5782741385364534		0.36379765026569366		0.7275953005313873
411		21.961052442999062		1.7082682847976685		2.567313562526703		0.3686423506498337		0.7372847012996674
412		22.091726894999738		1.7132539749145508		2.5666498023319244		0.35793227005004885		0.7158645401000977
413		22.093441872000767		1.6950902938842773		2.549508039970398		0.36546355125904084		0.7309271025180817
414		22.031419700999322		1.7146161794662476		2.5631508104133607		0.36072428545951846		0.7214485709190369
415		22.04090835700117		1.718121886253357		2.5765999328136444		0.3742302708864212		0.7484605417728424
416		22.026096805000634		1.711344599723816		2.5701574646663667		0.3648684131145477		0.7297368262290954
417		21.97371553300036		1.7114149332046509		2.563913099269867		0.3721417046546936		0.7442834093093872
418		22.23439416200017		1.6985646486282349		2.554172540149689		0.37148797445297244		0.7429759489059449
419		22.24429561299985		1.7038160562515259		2.55560433177948		0.353895680475235		0.70779136095047
420		22.248228982		1.7314444780349731		2.5917717195224763		0.3686796393632889		0.7373592787265778
421		22.255561321999267		1.6897680759429932		2.5413211394309996		0.36140226962566374		0.7228045392513275
422		22.31784111199886		1.6993281841278076		2.5512131170368195		0.433841125702858		0.867682251405716
423		22.277000705998944		1.702608585357666		2.5505200112056734		0.36963186118602753		0.7392637223720551
424		22.181413772999804		1.7119719982147217		2.5688009250831603		0.3700453349351883		0.7400906698703766
425		22.124597557000016		1.701536774635315		2.563804602394104		0.3609526123523712		0.7219052247047424
426		22.09961403499983		1.6978133916854858		2.5540066130542756		0.3569906451463699		0.7139812902927398
427		22.089265362999868		1.6858468055725098		2.533487132329941		0.359633620429039		0.719267240858078
428		22.134203506999256		1.7154664993286133		2.568200710926056		0.3711400814771652		0.7422801629543304
429		22.095215240999096		1.7037053108215332		2.55449752450943		0.3597680956602097		0.7195361913204193
430		22.038587633000134		1.704682469367981		2.5562940510845182		0.3618497314453125		0.723699462890625
431		21.997830047001116		1.7041122913360596		2.5421780665779115		0.3612386526346207		0.7224773052692414
432		22.046540987999833		1.7213609218597412		2.5799903935813906		0.3546428894042969		0.7092857788085938
433		21.97523706499851		1.7009981870651245		2.543715386018753		0.39375354373455046		0.7875070874691009
434		22.295544913000413		1.7096052169799805		2.5550413805675505		0.3566945991754532		0.7133891983509064
435		22.19705967200025		1.7042057514190674		2.5620730770206452		0.35251144297122955		0.7050228859424591
436		22.149886186000003		1.7061488628387451		2.5648351084709167		0.3603817598104477		0.7207635196208954
437		21.74165298400112		1.711781620979309		2.56679216381073		0.36418633201122286		0.7283726640224457
438		22.11453008799981		1.7059029340744019		2.5537347255706786		0.36750810990333554		0.7350162198066711
439		21.82457661800072		1.7156307697296143		2.574586322145462		0.35934849894046783		0.7186969978809357
440		22.288586250000662		1.7000707387924194		2.551702251710892		0.355503475689888		0.711006951379776
441		21.97290793799948		1.7092022895812988		2.5578178211688996		0.36432438287734986		0.7286487657546997
442		22.080362155998955		1.71490478515625		2.5716990796375274		0.40805305876731873		0.8161061175346375
443		22.196344872998452		1.7051857709884644		2.5530147303295134		0.36787127389907837		0.7357425477981567
444		22.227958393001245		1.698516845703125		2.5399175352096557		0.3582337614059448		0.7164675228118896
445		22.219776167999953		1.733427882194519		2.5879997076797485		0.3557613754749298		0.7115227509498596
446		22.163714080999853		1.7027530670166016		2.554076816778183		0.3555299109458923		0.7110598218917846
447		22.12627885099937		1.6993004083633423		2.555689714603424		0.3520769785881043		0.7041539571762085
448		22.143832645000657		1.6890578269958496		2.5536648136520386		0.3696395151615143		0.7392790303230286
449		22.105748608000795		1.6951063871383667		2.5479137725639345		0.36494678857326507		0.7298935771465301
450		22.132359906998317		1.6934072971343994		2.542385447597504		0.38680036704540255		0.7736007340908051
451		22.110829709999962		1.6931700706481934		2.5482544619846346		0.35655467019081116		0.7131093403816223
452		22.20330130900038		1.7026615142822266		2.5472349951171873		0.3669218386173248		0.7338436772346496
453		22.217624732998956		1.710936188697815		2.5709357220077513		0.39564203028678896		0.7912840605735779
454		22.180118332000347		1.695421814918518		2.548956074962616		0.39401446185112		0.78802892370224
455		22.019118033998893		1.7327083349227905		2.5881803497695923		0.41800218501091		0.83600437002182
456		22.072851136999816		1.702913522720337		2.5492741314792635		0.3617268557786942		0.7234537115573884
457		22.09426092299873		1.6938209533691406		2.5479418743991853		0.3715202487230301		0.7430404974460602
458		21.44449250999969		1.7140487432479858		2.5655533227443694		0.38599990565776826		0.7719998113155365
459		21.82044119300008		1.7283680438995361		2.582448639249802		0.390055504822731		0.780111009645462
460		21.823555242999646		1.7035053968429565		2.550647634868622		0.3540294128894806		0.7080588257789612
461		21.847635557000103		1.6952944993972778		2.5406815680027006		0.35058858335018156		0.7011771667003631
462		21.81217244599975		1.7076594829559326		2.554757598247528		0.3645305274248123		0.7290610548496246
463		21.868241528		1.7166329622268677		2.572768962469101		0.3605080186367035		0.721016037273407
464		21.92236309600048		1.696810007095337		2.548339593744278		0.3669453195810318		0.7338906391620637
465		21.884512658998574		1.6943113803863525		2.541157153491974		0.35626280481815337		0.7125256096363067
466		21.34068961400044		1.700860857963562		2.546178567276001		0.4217695784807205		0.843539156961441
467		21.820617557999867		1.7003587484359741		2.557427028131485		0.3591302767753601		0.7182605535507202
468		21.786702396000692		1.6894161701202393		2.538973883037567		0.3787901132583618		0.7575802265167236
469		21.8183342049997		1.699923038482666		2.5417038547801973		0.35535974061489106		0.7107194812297821
470		21.8025454969993		1.7190217971801758		2.574353090028763		0.38883842537403107		0.7776768507480621
471		21.92887027299912		1.7033789157867432		2.5483409998512268		0.3502798942565918		0.7005597885131836
472		21.90863827100111		1.6923857927322388		2.5424628164196013		0.35579860248565676		0.7115972049713135
473		21.892199875001097		1.6967064142227173		2.5578266338157656		0.3523165503740311		0.7046331007480622
474		21.967411741999967		1.7002724409103394		2.5473091128730774		0.35374004032611844		0.7074800806522369
475		22.105529746000684		1.6816999912261963		2.5291577691745757		0.3623966312170029		0.7247932624340058
476		22.14574194099987		1.6999446153640747		2.5496982883262636		0.3506682214260101		0.7013364428520202
477		22.057288678999612		1.6969033479690552		2.542992483844757		0.3712294620037079		0.7424589240074158
478		22.00071754400051		1.696282982826233		2.538921310300827		0.4299820687055588		0.8599641374111175
479		22.03601239099953		1.6907414197921753		2.5321307209682464		0.3869554294347763		0.7739108588695526
480		21.942941376999443		1.698453664779663		2.552593000612259		0.3553740375757217		0.7107480751514434
481		21.96575109600053		1.69466233253479		2.541786992664337		0.35076265225410463		0.7015253045082093
482		21.941977395999857		1.695277452468872		2.543955564746857		0.35757192318439485		0.7151438463687897
483		21.954588352999053		1.6970876455307007		2.5533710713768007		0.39107713549137113		0.7821542709827423
484		21.94936544399934		1.6906324625015259		2.5433647730731965		0.38152823059558866		0.7630564611911773
485		21.952690546000667		1.6941180229187012		2.535906822223663		0.3803778524160385		0.760755704832077
486		21.968631291998463		1.715814232826233		2.576254426698685		0.35039445235729216		0.7007889047145843
487		22.14792355999998		1.6878046989440918		2.5269075570774078		0.3487430311441421		0.6974860622882842
488		22.11767899699953		1.6955927610397339		2.5471223980236055		0.3601586354970932		0.7203172709941864
489		21.98261650599852		1.7092536687850952		2.5620186908721925		0.3553490624904633		0.7106981249809265
490		21.932092850998743		1.6777209043502808		2.5309634149837494		0.35600764091014864		0.7120152818202973
491		21.918541390999962		1.6883589029312134		2.5295248581123353		0.35256035335063934		0.7051207067012787
492		21.96367745200041		1.6961554288864136		2.5478630141448972		0.3801957726955414		0.7603915453910828
493		22.071634544001427		1.6918710470199585		2.54146622385025		0.3519205661058426		0.7038411322116852
494		22.147464629999376		1.6909146308898926		2.546059211483002		0.35214946224689486		0.7042989244937897
495		22.113474853000298		1.69808030128479		2.5403144666862487		0.3622771996974945		0.724554399394989
496		22.31308015399918		1.6978486776351929		2.5590873191833494		0.35449749641418454		0.7089949928283691
497		22.36849914100094		1.693053960800171		2.547431577272415		0.3491602065086365		0.698320413017273
498		22.19264440599909		1.700616478919983		2.551459471654892		0.3520385994195938		0.7040771988391876
499		22.20136762400034		1.6869076490402222		2.5435665085029604		0.35634669923782347		0.7126933984756469
500		22.164876331000414		1.6982810497283936		2.54800650809288		0.3495082824230194		0.6990165648460388
501		22.30701850999867		1.6980944871902466		2.5510281124305725		0.35255900328159334		0.7051180065631867
502		22.28164723700138		1.6811978816986084		2.5201238522911074		0.3577267182350159		0.7154534364700318
503		22.15756487300132		1.6862300634384155		2.5326397041130067		0.3686501483678818		0.7373002967357636
504		22.236974773999464		1.6808316707611084		2.527413664598465		0.41933513889312746		0.8386702777862549
505		22.16863269299938		1.6944211721420288		2.54252740860939		0.3760848729610443		0.7521697459220886
506		22.0779295680004		1.7022457122802734		2.558704850111008		0.35087146203517916		0.7017429240703583
507		22.063564795000275		1.691950798034668		2.546527594461441		0.353926438164711		0.707852876329422
508		22.051491254998837		1.6843857765197754		2.5232043681335448		0.35842012901306153		0.7168402580261231
509		22.200370679000116		1.6949001550674438		2.536565919713974		0.36742576892375944		0.7348515378475189
510		22.151834901998882		1.7041881084442139		2.552940192461014		0.3644293302297592		0.7288586604595184
511		22.1698145140017		1.7008771896362305		2.553879484386444		0.43816461644172666		0.8763292328834533
512		22.094944320999275		1.6726887226104736		2.5185735694026947		0.35593939990997314		0.7118787998199463
513		22.004040413999974		1.682985782623291		2.532183052778244		0.3519095915555954		0.7038191831111908
514		22.039497708001363		1.6887141466140747		2.532285113315582		0.3469349152803421		0.6938698305606842
515		22.05983235900021		1.6847251653671265		2.5306425953865053		0.3691117108106613		0.7382234216213226
516		22.054861095000888		1.6909749507904053		2.5300534321308135		0.3621946586608887		0.7243893173217774
517		22.055708043999402		1.687602162361145		2.5376327736186983		0.36678437700271604		0.7335687540054321
518		22.169992920998993		1.6798797845840454		2.5238173645973205		0.35501919717788694		0.7100383943557739
519		22.17646395799966		1.691759467124939		2.5337175536060332		0.4045115307331085		0.809023061466217
520		22.17010591899998		1.7026457786560059		2.549755746421814		0.37063836650848386		0.7412767330169677
521		22.236348395999812		1.6990402936935425		2.55174700173378		0.35141018195152285		0.7028203639030457
522		22.212184980999155		1.693971872329712		2.5458474121952057		0.3590677894592285		0.718135578918457
523		22.31297313899995		1.682572603225708		2.5220843452739716		0.358434267950058		0.716868535900116
524		22.177037773000848		1.689968228340149		2.534180525455475		0.38689176790714264		0.7737835358142853
525		21.793499732999408		1.6829984188079834		2.526534081993103		0.36651621413230895		0.7330324282646179
526		22.139776403000724		1.686542272567749		2.5356009844493865		0.35222944111824034		0.7044588822364807
527		22.152707557999747		1.6937674283981323		2.5453919221496584		0.3584181895494461		0.7168363790988922
528		22.162208731000646		1.6888824701309204		2.540002920923233		0.36948653790950775		0.7389730758190155
529		22.208072805000484		1.683560848236084		2.525072845077515		0.35341860482692716		0.7068372096538543
530		22.12372931000027		1.6776500940322876		2.5192866575813295		0.3479397709846497		0.6958795419692994
531		22.007348063998506		1.6879502534866333		2.5348968878269194		0.3786949647426605		0.757389929485321
532		21.931665170000997		1.7135002613067627		2.5639644716358183		0.35782512385845183		0.7156502477169037
533		21.892963350001082		1.6856863498687744		2.5267590626716614		0.35398580729961393		0.7079716145992279
534		21.94780585999979		1.6875377893447876		2.541249165725708		0.3742697604894638		0.7485395209789276
535		21.847674696000468		1.6933289766311646		2.5428380060482025		0.36066905496120455		0.7213381099224091
536		21.85071140599939		1.6890010833740234		2.532202739648819		0.34650423219203946		0.6930084643840789
537		21.9267475380002		1.6870982646942139		2.5322829521369936		0.3587415029525757		0.7174830059051513
538		21.977055335999466		1.6947005987167358		2.540730475502014		0.3459024044275284		0.6918048088550568
539		21.916550141000698		1.6904972791671753		2.539467435541153		0.3493415846824646		0.6986831693649292
540		21.979978461000428		1.6819981336593628		2.5191604169654847		0.3640606651544571		0.7281213303089142
541		21.947087778000423		1.6849125623703003		2.542754887199402		0.3772252561092377		0.7544505122184754
542		21.95984458500061		1.6998276710510254		2.5509257724571226		0.3515346055269241		0.7030692110538482
543		21.99273323000125		1.6766916513442993		2.5082308516216276		0.36906600675582885		0.7381320135116577
544		21.973343027000737		1.6798151731491089		2.5126006410121917		0.34989990594387055		0.6997998118877411
545		21.658754311998564		1.6818764209747314		2.5225357146549223		0.3544261985778809		0.7088523971557618
546		21.962725741999748		1.6932218074798584		2.5441322173309326		0.39413689198493956		0.7882737839698791
547		21.956378042001234		1.677941083908081		2.5229654760169984		0.36438947796821597		0.7287789559364319
548		22.237771260000954		1.6746143102645874		2.513507919368744		0.3549303213119507		0.7098606426239014
549		22.253544981000232		1.686234474182129		2.53392689245224		0.38651408269405363		0.7730281653881073
550		22.190034291999837		1.6836918592453003		2.5170273243236543		0.3640449500322342		0.7280899000644684
551		22.13837400400007		1.6779685020446777		2.519847521686554		0.3760310055732727		0.7520620111465454
552		22.04033737499958		1.6927783489227295		2.53670707034111		0.3500308757066727		0.7000617514133454
553		22.041374361000635		1.7016820907592773		2.54522842502594		0.3748728089332581		0.7497456178665162
554		22.06723319500088		1.6952452659606934		2.5447278776931763		0.35024354667663576		0.7004870933532715
555		22.082474708000518		1.691997766494751		2.543069204015732		0.3800275746822357		0.7600551493644714
556		22.077144163999037		1.6711525917053223		2.5125573131847383		0.3566624255180359		0.7133248510360718
557		22.077615649001018		1.6859413385391235		2.541175876379013		0.3523325169801712		0.7046650339603424
558		22.098038791000363		1.6823880672454834		2.53951712477684		0.35643670248985293		0.7128734049797059
559		22.09909457499998		1.6911561489105225		2.538438755207062		0.35484854328632354		0.7096970865726471
560		22.015960210999765		1.6835238933563232		2.51981751376152		0.35907830021381376		0.7181566004276275
561		22.02932110099937		1.6940251588821411		2.5383529084968566		0.3503833756685257		0.7007667513370514
562		22.027603218000877		1.6740163564682007		2.511681340675354		0.347555144572258		0.695110289144516
563		22.06895081500079		1.681358814239502		2.5296651157665253		0.3471175129890442		0.6942350259780884
564		22.05618965800022		1.6999316215515137		2.5393803197956086		0.35432245750427244		0.7086449150085449
565		21.997993427999972		1.680784821510315		2.519108377122879		0.3605262283325195		0.721052456665039
566		22.18568626099841		1.674696683883667		2.5126439504718783		0.35742439682483673		0.7148487936496735
567		22.137543150000056		1.6813346147537231		2.530666401348114		0.3486513648033142		0.6973027296066284
568		22.325204040000244		1.687241554260254		2.5314710839939116		0.35421741735935214		0.7084348347187043
569		22.13910018199931		1.6922341585159302		2.5358464904308318		0.3478648395776749		0.6957296791553498
570		22.152965621000476		1.6955047845840454		2.541333109474182		0.3474712970495224		0.6949425940990448
571		22.11483851399862		1.6816471815109253		2.5239749939727782		0.37427284388542176		0.7485456877708435
572		22.10508892300095		1.6910884380340576		2.5428399217414857		0.34967133078575136		0.6993426615715027
573		22.084474207000312		1.6810206174850464		2.521715493183136		0.3505146088838577		0.7010292177677154
574		22.087345338999512		1.6846503019332886		2.5297048973178864		0.3494902680635452		0.6989805361270904
575		22.087002935000783		1.6707563400268555		2.5232786157226563		0.36891834523677824		0.7378366904735565
576		80.42765686100029		1.674026370048523		2.510985425834656		0.3534776520013809		0.7069553040027619
577		22.016924915000345		1.6882888078689575		2.526445703125		0.3501951991319656		0.7003903982639312
578		22.073409829999946		1.6730527877807617		2.517096504011154		0.35637356398105624		0.7127471279621125
579		22.06546866500139		1.6786808967590332		2.521421642541885		0.34723760421276095		0.6944752084255219
580		21.99248424000143		1.7010871171951294		2.5468547218418123		0.347071221446991		0.694142442893982
581		22.191987307998716		1.6806896924972534		2.5204444015979766		0.3458189426422119		0.6916378852844238
582		22.24726460200145		1.6742490530014038		2.5124780124282835		0.37084255549907685		0.7416851109981537
583		22.16287323599863		1.6858692169189453		2.5327777288532256		0.3684403818845749		0.7368807637691498
584		22.150612885001465		1.6782448291778564		2.51333403219223		0.3548487590789795		0.709697518157959
585		22.07055255100022		1.691927433013916		2.533637047929764		0.40594027910232544		0.8118805582046509
586		22.14684847100034		1.6751744747161865		2.5229949721431733		0.3491209147453308		0.6982418294906616
587		22.223894269000084		1.6773632764816284		2.5194336954116823		0.36402219099998473		0.7280443819999695
588		22.119036684000093		1.6709685325622559		2.521816664838791		0.3444917073249817		0.6889834146499634
589		22.17483225399883		1.6765698194503784		2.52281361287117		0.3483873007535934		0.6967746015071868
590		22.23485567699936		1.6761554479599		2.5159434814548494		0.3504300778865814		0.7008601557731629
591		22.150609690001147		1.6698570251464844		2.5004704061794283		0.3452962964534759		0.6905925929069519
592		22.173276666000675		1.6838109493255615		2.5293063425922395		0.4143447054386139		0.8286894108772278
593		22.039178532000733		1.6697380542755127		2.5145056083011625		0.3547051999807358		0.7094103999614716
594		22.03569319899907		1.6898702383041382		2.5284663733196258		0.3482845774412155		0.696569154882431
595		22.00105692100078		1.6675742864608765		2.508807259016037		0.35931078271865846		0.7186215654373169
596		22.008758295000007		1.6847842931747437		2.5339175435256958		0.3469691200017929		0.6939382400035858
597		22.005960016000245		1.6886930465698242		2.52918521944046		0.3821078996181488		0.7642157992362976
598		22.009012980999614		1.6838699579238892		2.530324520959854		0.34785063700675967		0.6957012740135193
599		22.008094013999653		1.6790279150009155		2.5225171144771577		0.3569100121021271		0.7138200242042542
600		22.039329597000687		1.6754260063171387		2.5185837046051027		0.3908088449478149		0.7816176898956299
601		21.93710397200084		1.673865795135498		2.522773751974106		0.3494103776693344		0.6988207553386688
602		21.87772874700022		1.6747092008590698		2.520406726779938		0.3856014783620834		0.7712029567241668
603		21.807018262999918		1.676493525505066		2.5166863292217254		0.35885011193752286		0.7177002238750457
604		21.389060423000046		1.6904499530792236		2.545141072731018		0.3461524720191956		0.6923049440383912
605		21.84109942699979		1.6680285930633545		2.5194724469852448		0.34718545925617217		0.6943709185123443
606		21.964145623998775		1.6785513162612915		2.5256429382801056		0.3472910719633102		0.6945821439266204
607		22.013888166999095		1.6688830852508545		2.5081205296993256		0.3457484268426895		0.691496853685379
608		21.948089592000542		1.682820439338684		2.5294964978027346		0.3465312346458435		0.693062469291687
609		21.967102927999804		1.6759593486785889		2.518435495386124		0.3449397980213165		0.689879596042633
610		21.938823428999967		1.6797071695327759		2.518831732339859		0.3478165744543076		0.6956331489086152
611		21.861921449000874		1.675713062286377		2.512602910518646		0.37955343313217166		0.7591068662643433
612		21.93534275499951		1.6720490455627441		2.5117106079769136		0.3588751747608185		0.717750349521637
613		22.01839810399906		1.6725026369094849		2.52208648065567		0.3464995896100998		0.6929991792201996
614		21.95234420399902		1.6854174137115479		2.5243780676364898		0.3475684990644455		0.695136998128891
615		63.54747794499963		1.6742733716964722		2.510809430513382		0.35300801968574524		0.7060160393714905
616		22.10554673000115		1.668548822402954		2.5078693077754974		0.35816756885051726		0.7163351377010345
617		78.45900015900042		1.6832221746444702		2.5213388970184325		0.34763090431690213		0.6952618086338043
618		22.277243664999332		1.6716707944869995		2.513443296995163		0.3463539767503738		0.6927079535007477
619		22.283707870999933		1.6780476570129395		2.5222651696968077		0.3415922284603119		0.6831844569206238
620		22.28251086199998		1.6740756034851074		2.510752276620865		0.36027045516967776		0.7205409103393555
621		22.30931988300108		1.6655876636505127		2.512987274837494		0.35212494883537293		0.7042498976707459
622		22.18357534000097		1.672859787940979		2.5211188934898376		0.3451447242259979		0.6902894484519958
623		22.16669741700025		1.6794209480285645		2.5190629647159577		0.3492686855554581		0.6985373711109162
624		22.179522600999917		1.6723926067352295		2.5117258860969542		0.3451645868062973		0.6903291736125946
625		22.06563495299997		1.6766077280044556		2.5160955102062226		0.3635784513950348		0.7271569027900696
626		22.180459727000198		1.6807698011398315		2.5210784626483917		0.36003786697387696		0.7200757339477539
627		22.268915472001027		1.672162413597107		2.5129181077861786		0.37666782948970795		0.7533356589794159
628		22.25186676699923		1.6716049909591675		2.5048342700004578		0.3463441410064697		0.6926882820129394
629		21.922035483999935		1.6620830297470093		2.5092765982532503		0.37811198148727415		0.7562239629745483
630		22.27321536599993		1.673080563545227		2.5284931193828584		0.3463167955160141		0.6926335910320282
631		22.207157489001474		1.675074815750122		2.4987480257415773		0.3487923018217087		0.6975846036434173
632		22.351805690999754		1.6667335033416748		2.506161332855225		0.34480665938854216		0.6896133187770843
633		22.40829752100035		1.6660174131393433		2.506739509077072		0.34838275668621066		0.6967655133724213
634		22.379287505998946		1.674269199371338		2.5131998753547666		0.3461525222301483		0.6923050444602966
635		22.455616892999387		1.678262710571289		2.5203884246253967		0.3446046400308609		0.6892092800617218
636		22.406075631999556		1.672264814376831		2.511029819612503		0.34633459882736206		0.6926691976547241
637		22.264130367999314		1.6809759140014648		2.52582970659256		0.3552801275253296		0.7105602550506592
638		22.182158958999935		1.6786599159240723		2.5165932731342315		0.34872575941085815		0.6974515188217163
639		22.308714556000268		1.6799155473709106		2.522707172164917		0.34617107131481173		0.6923421426296235
640		22.2562422230003		1.670303225517273		2.5031505797958373		0.39285597257614135		0.7857119451522827
641		22.26158545100043		1.6718076467514038		2.509824296388626		0.3710578431606293		0.7421156863212586
642		22.243194134000078		1.6704213619232178		2.510286638479233		0.351508998298645		0.70301799659729
643		22.232377149999593		1.671847939491272		2.504088140516281		0.342173401427269		0.684346802854538
644		22.358884695000597		1.6687151193618774		2.5138239196777343		0.34497558920383453		0.6899511784076691
645		22.235886972001026		1.6746046543121338		2.5102336317920684		0.35315888063907624		0.7063177612781525
646		22.184753875999377		1.6935057640075684		2.5258816157722475		0.35228406388759614		0.7045681277751923
647		22.249529726999754		1.6896451711654663		2.5350311493110658		0.35247934420108795		0.7049586884021759
648		22.353167724999366		1.6673659086227417		2.517088124580383		0.354286288690567		0.708572577381134
649		22.30097706900051		1.6696308851242065		2.5169182392024996		0.3721723659038544		0.7443447318077088
650		22.35137700999985		1.6749563217163086		2.5108965357780457		0.3663126142024994		0.7326252284049988
651		22.13037062500007		1.6647210121154785		2.501207278470993		0.37630070180892944		0.7526014036178589
652		22.13856353399933		1.687389850616455		2.5289184429073335		0.3590174702167511		0.7180349404335022
653		22.23250101799931		1.6692731380462646		2.5083369891929626		0.3432631507396698		0.6865263014793396
654		22.262534720000986		1.6659324169158936		2.5029851850414278		0.34481426811218263		0.6896285362243653
655		78.89591140199991		1.6661428213119507		2.5069234280872346		0.345517303776741		0.691034607553482
656		22.180614201000935		1.6742241382598877		2.5098670571136474		0.3626766034126282		0.7253532068252564
657		22.274265996000395		1.6651705503463745		2.4990983800411226		0.3547180946826935		0.709436189365387
658		22.205921078000756		1.6702146530151367		2.5040578072738646		0.3742968032836914		0.7485936065673828
659		22.1768156979997		1.667694330215454		2.506204215450287		0.35253808157444		0.70507616314888
660		22.186648400000195		1.671229362487793		2.505535923347473		0.3415917242527008		0.6831834485054016
661		22.18885086299997		1.669328212738037		2.504180667142868		0.3486637244939804		0.6973274489879608
662		22.189661051999792		1.6792248487472534		2.5137262636470794		0.34230457990169527		0.6846091598033905
663		22.134620688999348		1.6644823551177979		2.505358528242111		0.3398667187213898		0.6797334374427796
664		22.14485603200046		1.6677520275115967		2.4991879113292694		0.3474859425544739		0.6949718851089478
665		22.184470944999703		1.6766036748886108		2.5135237843990326		0.3436081605195999		0.6872163210391998
666		22.40499601099873		1.6698038578033447		2.511975172653198		0.3486549379825592		0.6973098759651184
667		22.279705831000683		1.6554722785949707		2.4927694853305815		0.3468289015054703		0.6936578030109406
668		22.23874293800145		1.6745890378952026		2.5118728149700167		0.34788467786312105		0.6957693557262421
669		22.201921656000195		1.6579046249389648		2.4898349992370608		0.34417872090339663		0.6883574418067933
670		22.248863597998934		1.6696473360061646		2.5104304402256012		0.3633765818357468		0.7267531636714936
671		22.320247687999654		1.6698517799377441		2.512971329641342		0.3910291692495346		0.7820583384990692
672		22.16023500099982		1.6697007417678833		2.5029043750667572		0.35192021243572236		0.7038404248714447
673		21.900506605999908		1.6590640544891357		2.4972804145622254		0.3424660120248795		0.684932024049759
674		21.88775064500078		1.669058084487915		2.5048491377830504		0.3604896647453308		0.7209793294906616
675		21.88759479700093		1.664164662361145		2.5036322528839112		0.3472895044326782		0.6945790088653564
676		21.920302848000574		1.6665780544281006		2.5021780586338043		0.34648442389965056		0.6929688477993011
677		22.08673905500109		1.6792420148849487		2.523799124097824		0.34092717971801756		0.6818543594360351
678		22.134192509998684		1.667748212814331		2.5044388018417356		0.34531343183517454		0.6906268636703491
679		22.22933411700069		1.6628549098968506		2.5022938774204255		0.3455632500886917		0.6911265001773834
680		22.014041669001017		1.6816799640655518		2.515941104488373		0.3522997530221939		0.7045995060443878
681		22.06198653299907		1.6687111854553223		2.5061676768398287		0.3433912103891373		0.6867824207782746
682		22.00723679100338		1.6626474857330322		2.5020445765209196		0.3436675734996796		0.6873351469993592
683		21.995426706998842		1.6681663990020752		2.51726334192276		0.35088546330928805		0.7017709266185761
684		22.018006763999438		1.663128137588501		2.4884301964378355		0.37398866202831266		0.7479773240566253
685		21.92973670900028		1.6723188161849976		2.5060956979751587		0.38533879308700564		0.7706775861740113
686		21.92172964099882		1.6672041416168213		2.48857799993515		0.35484489629268645		0.7096897925853729
687		21.943156458000885		1.6712846755981445		2.5120503819274904		0.3686538244962692		0.7373076489925384
688		21.98754906999966		1.6721402406692505		2.509497920589447		0.34218148245811464		0.6843629649162293
689		22.336788261000038		1.6625072956085205		2.4991740006542207		0.3657737913608551		0.7315475827217102
690		22.253673266997794		1.674103856086731		2.511635488138199		0.3709780712604523		0.7419561425209046
691		22.25335672000074		1.666743278503418		2.5003620996570586		0.35404739987850187		0.7080947997570037
692		22.238719480999862		1.6674323081970215		2.506611469898224		0.34604983172416687		0.6920996634483337
693		22.218343108997942		1.6663565635681152		2.5098960105323793		0.3518920095682144		0.7037840191364289
694		22.12933191799675		1.6651324033737183		2.4933616877269746		0.3514382095336914		0.7028764190673829
695		22.094380652997643		1.6682254076004028		2.5017691275787355		0.3581636979818344		0.7163273959636688
696		22.175908092998725		1.667455792427063		2.512083680458069		0.34615161774158476		0.6923032354831695
697		22.249105834001966		1.6645324230194092		2.503718705253601		0.3399094401836395		0.679818880367279
698		22.183170993001113		1.6671597957611084		2.5009391001319887		0.3407948945760727		0.6815897891521454
699		21.672854176998953		1.665897011756897		2.491903591737747		0.34196503052711485		0.6839300610542297
700		22.072341615999903		1.663259744644165		2.501673747797012		0.3505696062088013		0.7011392124176026
701		22.075472221000382		1.6684938669204712		2.5097748960113524		0.3698630263566971		0.7397260527133942
702		22.22340735599937		1.666547179222107		2.5026072332000733		0.3403895311117172		0.6807790622234344
703		22.19804131100318		1.6657181978225708		2.5032443703079226		0.3589073791742325		0.717814758348465
704		22.097208980001597		1.6734803915023804		2.5065062159442903		0.34363819093704223		0.6872763818740845
705		22.099343524998403		1.6712592840194702		2.514454335670471		0.3419596103191376		0.6839192206382751
706		22.14628691100006		1.668371319770813		2.501487373638153		0.39502424767017363		0.7900484953403473
707		22.240253829997528		1.6835404634475708		2.5248755397319793		0.3449047566413879		0.6898095132827758
708		22.232517849999567		1.6580935716629028		2.48930898522377		0.34563554027080534		0.6912710805416107
709		22.18982551299996		1.6693779230117798		2.5068335361099243		0.3419231482028961		0.6838462964057922
710		22.190385676000005		1.6743272542953491		2.508132131443024		0.34103011631965635		0.6820602326393127
711		22.315174789000594		1.6650031805038452		2.497381247253418		0.338846834897995		0.67769366979599
712		22.35918926999875		1.6651748418807983		2.502839747838974		0.34194831869602205		0.6838966373920441
713		22.344837417000235		1.6583054065704346		2.489479891614914		0.3543267413854599		0.7086534827709198
714		22.273734649003018		1.6634877920150757		2.507428632879257		0.3516116451740265		0.703223290348053
715		22.281049241999426		1.6767088174819946		2.5111588654136656		0.3884439444541931		0.7768878889083862
716		22.29259792599987		1.6739076375961304		2.511960241355896		0.3639873283624649		0.7279746567249298
717		22.280341153000336		1.6578978300094604		2.4948007759857176		0.36805376007556917		0.7361075201511383
718		22.282665045000613		1.6595593690872192		2.4927892580127717		0.34345367023944856		0.6869073404788971
719		22.139300216000265		1.6632885932922363		2.4936882643795015		0.3414977890014648		0.6829955780029296
720		22.190594141000474		1.6619175672531128		2.4978786720371247		0.34778809111118314		0.6955761822223663
721		22.12202306600011		1.662157416343689		2.503595974292755		0.3504369363307953		0.7008738726615906
722		22.120266873997025		1.6552214622497559		2.4988796699237823		0.3405193989753723		0.6810387979507446
723		22.335198135999235		1.6629215478897095		2.496606552553177		0.3431262658596039		0.6862525317192077
724		22.210586213997885		1.6674402952194214		2.502545403957367		0.3690320600748062		0.7380641201496124
725		22.154490157998225		1.6608167886734009		2.496376110496521		0.33848154001235964		0.6769630800247193
726		22.215432097000303		1.6655665636062622		2.5071250299739836		0.34699229793548586		0.6939845958709717
727		22.205911082000966		1.670151710510254		2.506160649356842		0.34167319412231445		0.6833463882446289
728		22.158145499000966		1.659582257270813		2.4895337829494477		0.3431248454332352		0.6862496908664704
729		22.37747340900023		1.6634788513183594		2.495952724227905		0.3402663395404816		0.6805326790809632
730		22.255510692000826		1.6662429571151733		2.499616225309372		0.33990200374126434		0.6798040074825287
731		22.2248974360009		1.6521292924880981		2.4768141460704802		0.3414970608949661		0.6829941217899322
732		22.170595563999086		1.6573621034622192		2.486466907377243		0.3432082527160645		0.686416505432129
733		22.242104207998636		1.6611716747283936		2.4915345703983305		0.3437528023004532		0.6875056046009064
734		22.136181066998688		1.6583585739135742		2.488431547050476		0.3418714659452438		0.6837429318904876
735		22.12883761500052		1.6672271490097046		2.5035659518146516		0.3616427379846573		0.7232854759693146
736		22.136167605000082		1.6544421911239624		2.479145244760513		0.33843108603954314		0.6768621720790863
737		22.269972065998445		1.6600552797317505		2.4979967816734314		0.34208093593120575		0.6841618718624115
738		22.293108136000228		1.6691371202468872		2.5031972044372557		0.3409833604812622		0.6819667209625244
739		22.262949888998264		1.6583693027496338		2.487736442089081		0.34244814808368684		0.6848962961673737
740		22.21122176300196		1.65728759765625		2.4839933755779264		0.3438902741193771		0.6877805482387542
741		22.2068226779993		1.656495213508606		2.4858563335990906		0.347516539978981		0.695033079957962
742		22.273199368999485		1.669519305229187		2.5030602064037324		0.3529246828556061		0.7058493657112122
743		22.250981619999948		1.6650935411453247		2.5091598577976226		0.3424952118873596		0.6849904237747192
744		22.15816241400171		1.6628295183181763		2.4915369426822664		0.35224421145915985		0.7044884229183197
745		22.115845904001617		1.6689424514770508		2.500813401670456		0.3423777320384979		0.6847554640769958
746		22.042491096002777		1.667101502418518		2.505346962118149		0.343280290222168		0.686560580444336
747		22.084018203997402		1.6592216491699219		2.5022541629123687		0.33874263298511503		0.6774852659702301
748		22.138194296996517		1.6539008617401123		2.4895173523426055		0.3374749128341675		0.674949825668335
749		22.112852647002		1.6569485664367676		2.488107882223129		0.3413073699235916		0.6826147398471832
750		22.07676029600043		1.6608703136444092		2.509359715166092		0.3421367354631424		0.6842734709262848
751		22.067869749000238		1.6688323020935059		2.50958089761734		0.34413760948181155		0.6882752189636231
752		22.13479492999977		1.6653927564620972		2.5002528033447264		0.3767148993730545		0.753429798746109
753		22.057944446001784		1.663278341293335		2.5072003999996184		0.3512134219408035		0.702426843881607
754		22.188089057999605		1.649994134902954		2.4844223174095155		0.3395339959383011		0.6790679918766022
755		21.885133510997548		1.6564966440200806		2.4896922638225556		0.3440796740531921		0.6881593481063842
756		21.60039038100149		1.6694341897964478		2.506258308134079		0.3401974692821503		0.6803949385643006
757		21.969476178997866		1.6714365482330322		2.5074484446430207		0.5036785199165345		1.007357039833069
758		21.5389682870009		1.6638460159301758		2.509978427991867		0.33923514037132263		0.6784702807426453
759		21.977015330998256		1.6643798351287842		2.499288278942108		0.34149226155281065		0.6829845231056213
760		22.00642387699918		1.6564674377441406		2.483283920955658		0.3420778762102127		0.6841557524204254
761		22.04490340600023		1.651871681213379		2.4826392178344725		0.34485670912265776		0.6897134182453155
762		22.131353217999276		1.6567631959915161		2.4972654039478304		0.3727604494333267		0.7455208988666534
763		22.14191035499971		1.6599079370498657		2.4962223846721647		0.3449809344768524		0.6899618689537048
764		22.218688002998533		1.6558555364608765		2.4840271026420595		0.342825966334343		0.685651932668686
765		22.192110625001078		1.6576722860336304		2.496040761241913		0.3564278914690018		0.7128557829380036
766		22.261487677998957		1.6602916717529297		2.4927962600421907		0.34277264902591703		0.6855452980518341
767		22.37887577100264		1.660832166671753		2.489273389377594		0.3457321179866791		0.6914642359733582
768		22.26117955099835		1.6604928970336914		2.48940867354393		0.33886789672374723		0.6777357934474945
769		22.327818300000217		1.6571229696273804		2.477164488334656		0.3409474004507065		0.681894800901413
770		22.308089982998354		1.66843843460083		2.5014263313674925		0.37209708387851714		0.7441941677570343
771		22.262436855002306		1.6656466722488403		2.494847507362366		0.3552931664943695		0.710586332988739
772		22.228405731999374		1.6571632623672485		2.49082208489418		0.33743057732582094		0.6748611546516419
773		22.179696169001545		1.6604026556015015		2.496149557104111		0.33924531862735746		0.6784906372547149
774		22.212873839998792		1.650089144706726		2.480411714286804		0.34087553372383117		0.6817510674476623
775		22.34719923299781		1.6666001081466675		2.5025461531448365		0.33865271382331846		0.6773054276466369
776		22.243231131000357		1.6622909307479858		2.491087782831192		0.35753762924671173		0.7150752584934235
777		22.203969169997436		1.6478843688964844		2.4738198130321503		0.3449445972204208		0.6898891944408416
778		22.163743605997297		1.656868577003479		2.496474179391861		0.3389488535881042		0.6778977071762085
779		22.213009446997603		1.6678264141082764		2.505203340406418		0.3621068848133087		0.7242137696266174
780		22.108917397999903		1.655754804611206		2.486409620103836		0.34837925059795377		0.6967585011959075
781		22.165626804999192		1.665252923965454		2.498907342529297		0.344131555724144		0.688263111448288
782		22.19208044699917		1.6495040655136108		2.472286838607788		0.3809547083854675		0.761909416770935
783		22.20577571100148		1.6688718795776367		2.5050457807254793		0.35207598490715025		0.7041519698143005
784		22.138869749996957		1.6512506008148193		2.478717083263397		0.34452299664020536		0.6890459932804107
785		22.25456778700027		1.6533551216125488		2.4923546679115294		0.34182585632801055		0.6836517126560211
786		22.26227548300085		1.6543331146240234		2.490243136358261		0.3561171337842941		0.7122342675685882
787		22.331202424997173		1.6649364233016968		2.497046273021698		0.33612968773841856		0.6722593754768371
788		22.377683769002033		1.6638425588607788		2.491735445537567		0.33984194383621213		0.6796838876724243
789		22.3550520280005		1.6626229286193848		2.503080235309601		0.4202452728509903		0.8404905457019806
790		22.292017533000035		1.6559782028198242		2.489014619474411		0.33716138360500336		0.6743227672100067
791		22.3431218730002		1.6537418365478516		2.489968960943222		0.3452591614961624		0.6905183229923249
792		22.22680145799677		1.6618332862854004		2.497941489315033		0.33898488535881044		0.6779697707176209
793		22.14226807399973		1.6604663133621216		2.4935947696781158		0.36011926465034483		0.7202385293006897
794		22.214966920000734		1.6517611742019653		2.4817141545581816		0.33660111980438234		0.6732022396087647
795		22.264957235998736		1.6557308435440063		2.492269049062729		0.3540984412908554		0.7081968825817108
796		22.176865205001377		1.6541492938995361		2.493542100162506		0.34135688843727113		0.6827137768745423
797		22.229853344997537		1.6637059450149536		2.5028155580329896		0.3458563563585281		0.6917127127170563
798		22.217604534998827		1.6578078269958496		2.4905355314922333		0.33615762009620664		0.6723152401924133
799		22.14641289700012		1.6602224111557007		2.4955984030914307		0.3456643947839737		0.6913287895679474
800		22.2279998289996		1.6611183881759644		2.4993168945217135		0.33769427289962767		0.6753885457992553
801		22.108202946998063		1.6551096439361572		2.4785677597236635		0.34989889249801637		0.6997977849960327
802		22.162587157003145		1.6553465127944946		2.4843006826686858		0.345937264919281		0.691874529838562
803		22.229049595000106		1.6529816389083862		2.4798625785255433		0.380131476354599		0.760262952709198
804		22.223913508001715		1.655096173286438		2.5015949984931947		0.3430322511434555		0.686064502286911
805		22.203390331000264		1.6563647985458374		2.493237055168152		0.3357082920074463		0.6714165840148926
806		22.29189500999928		1.6550122499465942		2.4859061254310606		0.35729106426239016		0.7145821285247803
807		21.897287691997917		1.653854489326477		2.4853319499874114		0.3389823395252228		0.6779646790504456
808		22.227745058000437		1.64851975440979		2.477782538690567		0.3353978107690811		0.6707956215381622
809		22.3960560159976		1.6520304679870605		2.483474403705597		0.3411969369888306		0.6823938739776612
810		22.370063475002098		1.6583062410354614		2.4915321895599365		0.3423398173570633		0.6846796347141266
811		22.39216644100088		1.6461677551269531		2.469354088335037		0.33569830594062805		0.6713966118812561
812		22.322496854998462		1.6616593599319458		2.4939721330070497		0.33712959406375886		0.6742591881275177
813		22.30661948100169		1.6551532745361328		2.485046645259857		0.36777350053787233		0.7355470010757447
814		21.965862037999614		1.6496083736419678		2.481306568613052		0.3461129416704178		0.6922258833408356
815		22.275221575000614		1.6520918607711792		2.4819938258934022		0.33677836344242096		0.6735567268848419
816		22.392498820001492		1.6516056060791016		2.4790815441417693		0.3477082711219788		0.6954165422439575
817		21.791362904998095		1.6552609205245972		2.4926408557510378		0.3362843530654907		0.6725687061309814
818		22.196092205998866		1.651768445968628		2.4882786011886595		0.34546336097717284		0.6909267219543457
819		21.896509362999495		1.6518735885620117		2.486737982006073		0.33623345837593077		0.6724669167518615
820		21.885940819000098		1.65189528465271		2.4808854474163056		0.3415810256242752		0.6831620512485505
821		22.052336143999128		1.6558870077133179		2.4849554222011565		0.3411429371833801		0.6822858743667602
822		21.469899723000708		1.6546541452407837		2.491940825242996		0.3556838056325912		0.7113676112651824
823		22.131587312000192		1.6513593196868896		2.48241626707077		0.34296674332618715		0.6859334866523743
824		22.054176941997866		1.6536407470703125		2.488005507555008		0.3356481781244278		0.6712963562488556
825		21.808710254998005		1.6646183729171753		2.4989628639793398		0.3427274170398712		0.6854548340797424
826		21.395786654000403		1.6555540561676025		2.4851584935474396		0.365683230471611		0.731366460943222
827		22.17601425199973		1.6550302505493164		2.483036767654419		0.3522368923664093		0.7044737847328186
828		22.026642684999388		1.6504395008087158		2.4817348180770873		0.3327521466970444		0.6655042933940888
829		22.132857977998356		1.6517192125320435		2.475586998004913		0.33584276173114774		0.6716855234622955
830		22.07526603899896		1.6562411785125732		2.4862291574954987		0.3380182636976242		0.6760365273952484
831		22.147580810000363		1.6532882452011108		2.47677664557457		0.35475907764434816		0.7095181552886963
832		22.12536622799962		1.6544543504714966		2.48177457570076		0.33565870015621185		0.6713174003124237
833		21.595035823997023		1.6560672521591187		2.481913826627731		0.3422921480178833		0.6845842960357666
834		22.079456019000645		1.6510602235794067		2.487970497236252		0.3438707677841186		0.6877415355682372
835		22.28137276599955		1.6518481969833374		2.4774318262290955		0.33851959898471834		0.6770391979694367
836		22.2434637189981		1.663635015487671		2.5007264976978303		0.3384134798526764		0.6768269597053528
837		22.31981678900047		1.654453992843628		2.4901901047325135		0.3353755553483963		0.6707511106967926
838		21.952158734999102		1.6568132638931274		2.4850733879470823		0.3381306024312973		0.6762612048625946
839		22.27126193499862		1.6497427225112915		2.4772804006290436		0.33631486053466797		0.6726297210693359
840		22.324122528996668		1.6577574014663696		2.4875768038654327		0.3351056044578552		0.6702112089157104
841		22.360624842000107		1.6527472734451294		2.4864195538234712		0.33571027197837827		0.6714205439567565
842		22.390539411000645		1.6578755378723145		2.4817888075351715		0.335802698802948		0.671605397605896
843		22.34351134499957		1.6630648374557495		2.493694030714035		0.33444500155448914		0.6688900031089783
844		22.303271496999514		1.6521472930908203		2.483925481586456		0.358037126326561		0.716074252653122
845		22.288552187001187		1.6501201391220093		2.476647938899994		0.3412706843614578		0.6825413687229156
846		22.200292403002095		1.6550898551940918		2.491127328042984		0.3376530336856842		0.6753060673713684
847		22.178989169002307		1.653672456741333		2.482134923362732		0.33525856833457945		0.6705171366691589
848		22.252624029002618		1.6547497510910034		2.486841603012085		0.35826457548141477		0.7165291509628295
849		22.401612270998157		1.6513395309448242		2.487549802675247		0.3389516613960266		0.6779033227920532
850		22.25634885600084		1.648533821105957		2.4711871102905274		0.3593648164510727		0.7187296329021454
851		22.280856392000715		1.6538233757019043		2.4843300617313386		0.33571019620895387		0.6714203924179077
852		22.32177171299918		1.6555355787277222		2.4915342548274992		0.3458513162851334		0.6917026325702668
853		22.29269630700219		1.6568375825881958		2.484262959423065		0.33818687520027163		0.6763737504005433
854		22.40986716200132		1.6525713205337524		2.4794691088294982		0.33575081803798673		0.6715016360759735
855		22.343073693002225		1.650995135307312		2.4913288887405396		0.33757214806079866		0.6751442961215973
856		22.35949417899974		1.6526877880096436		2.481757897357941		0.34119878149032595		0.6823975629806519
857		22.243080219999683		1.6483376026153564		2.4775720980930327		0.36078361077308657		0.7215672215461731
858		22.241989819998707		1.65188729763031		2.4779097363948823		0.3360807891845703		0.6721615783691406
859		22.253536332002113		1.6497676372528076		2.4872849068927767		0.3506329792022705		0.701265958404541
860		22.27028026300104		1.6449342966079712		2.4734660457420348		0.3353571627140045		0.670714325428009
861		22.158666678998998		1.658212423324585		2.485286493291855		0.3352376657485962		0.6704753314971924
862		22.26726162900013		1.6474586725234985		2.477230871047974		0.33804490885734556		0.6760898177146911
863		22.306720569999015		1.6528491973876953		2.4789111598873137		0.3356257448911667		0.6712514897823334
864		22.267169983999338		1.6532198190689087		2.472758802461624		0.341762969326973		0.683525938653946
865		22.210003461997985		1.6519341468811035		2.4846158245372774		0.33370145337581636		0.6674029067516327
866		22.358272421999573		1.643057942390442		2.4837346155261995		0.3385749605178833		0.6771499210357667
867		22.305055267999705		1.6483299732208252		2.474438432273865		0.336425622010231		0.672851244020462
868		21.750920776001294		1.6518988609313965		2.485609026956558		0.336489563703537		0.672979127407074
869		22.40356722999786		1.6471034288406372		2.4791009118556975		0.33393411898612974		0.6678682379722595
870		22.310679957001412		1.6449135541915894		2.4687237848091126		0.3347755764484405		0.669551152896881
871		22.24506967600246		1.6460742950439453		2.4659698601531983		0.3423386435508728		0.6846772871017456
872		22.366151845002605		1.6486644744873047		2.475942626686096		0.33692153587341306		0.6738430717468261
873		22.29305972899965		1.6543360948562622		2.48441697640419		0.3404360071659088		0.6808720143318177
874		22.330383067001094		1.6458550691604614		2.472986101589203		0.3389721347093582		0.6779442694187164
875		21.811401659000694		1.6479750871658325		2.4744340355300904		0.35787396779060365		0.7157479355812073
876		22.250886960999196		1.6539438962936401		2.4873103538322447		0.334456964302063		0.668913928604126
877		22.234252833000937		1.6464385986328125		2.471693322286606		0.33340580623149874		0.6668116124629975
878		22.198145028		1.6496144533157349		2.4748877861881255		0.3346372343301773		0.6692744686603546
879		22.20823277800082		1.6501353979110718		2.470034700231552		0.3343187546014786		0.6686375092029572
880		22.273891674998595		1.6555781364440918		2.4831098938941953		0.3409538829803467		0.6819077659606934
881		22.21584051800164		1.6509217023849487		2.4801951800251008		0.34223451855182646		0.6844690371036529
882		22.30090261999794		1.6450200080871582		2.469939986772537		0.3422031131029129		0.6844062262058258
883		22.35885647699979		1.6491663455963135		2.4688101488304137		0.3342295107841492		0.6684590215682984
884		22.217897095997614		1.650712251663208		2.4836877766895293		0.33444889612197876		0.6688977922439575
885		22.298384113000793		1.6456812620162964		2.4830643253803255		0.33499588296413424		0.6699917659282685
886		22.305968323998968		1.649634838104248		2.465019191007614		0.33422259938716886		0.6684451987743377
887		22.013416194000456		1.6615489721298218		2.4908844493579863		0.3472014159440994		0.6944028318881988
888		21.988107666998985		1.6498754024505615		2.4780297832870484		0.3360170824766159		0.6720341649532318
889		22.399560411002312		1.6402887105941772		2.464787220153809		0.3444890866994858		0.6889781733989716
890		22.38299257700055		1.657942771911621		2.486264185037613		0.3497312940597534		0.6994625881195068
891		22.134517245998723		1.646425724029541		2.4693802472400663		0.33347201933860776		0.6669440386772155
892		22.170560964001197		1.6456507444381714		2.4709350738239286		0.33812863962650297		0.6762572792530059
893		22.10490759499953		1.6452752351760864		2.475430533504486		0.3332735186100006		0.6665470372200012
894		21.625554035003006		1.6537249088287354		2.480272568616867		0.3342184801340103		0.6684369602680206
895		22.17605623200143		1.6503504514694214		2.4810612747383116		0.34110998084545135		0.6822199616909027
896		22.086979060000886		1.6445775032043457		2.477474908332825		0.3343188738584518		0.6686377477169037
897		22.194284026001696		1.6439378261566162		2.4759286558914186		0.33916749861240386		0.6783349972248077
898		22.173361007000494		1.649414300918579		2.4690362838554383		0.3511633824110031		0.7023267648220062
899		21.34423512900321		1.6476587057113647		2.467177976512909		0.337299649477005		0.67459929895401
900		21.941615481002373		1.6477693319320679		2.4790103257942198		0.3488589955329895		0.697717991065979
901		22.200575361999654		1.6487822532653809		2.4733153372955323		0.3336576907634735		0.667315381526947
902		22.117529551996995		1.6472846269607544		2.4756260694122316		0.33374014880657193		0.6674802976131439
903		22.10451822399773		1.6547818183898926		2.4798271099567413		0.3339419004201889		0.6678838008403778
904		22.09593971999857		1.6601272821426392		2.4894155569553376		0.33604430294036863		0.6720886058807373
905		21.52582506100225		1.650795578956604		2.4824459234809875		0.33487481563091276		0.6697496312618255
906		21.58435291600108		1.6455259323120117		2.4690616644477843		0.33944392478466034		0.6788878495693207
907		22.06120580700008		1.6422840356826782		2.472381363325119		0.33660418350696564		0.6732083670139313
908		22.01631036800245		1.649021029472351		2.476901842260361		0.33328419532775877		0.6665683906555175
909		22.26848975300163		1.6451207399368286		2.4750164868068696		0.3365487230539322		0.6730974461078644
910		22.256450439999753		1.6506965160369873		2.4658263109874725		0.355269558596611		0.710539117193222
911		22.254872103003436		1.6539877653121948		2.487556263370514		0.3361574738740921		0.6723149477481842
912		22.287099612996826		1.6497180461883545		2.4842984045505525		0.3323672885417938		0.6647345770835876
913		22.24860036800237		1.652177095413208		2.4830827313423156		0.3336620363950729		0.6673240727901458
914		22.32264819500051		1.6527315378189087		2.472886515712738		0.338192330121994		0.676384660243988
915		21.89561957999831		1.648930311203003		2.4752837380981445		0.3461708664417267		0.6923417328834534
916		22.29456283900072		1.6479439735412598		2.4747535489368437		0.3333582773208618		0.6667165546417236
917		22.265222071997414		1.6493496894836426		2.471156955757141		0.33225646135807035		0.6645129227161407
918		22.29832586700286		1.6461174488067627		2.476516958112717		0.34078852174282076		0.6815770434856415
919		22.48815952699806		1.6485486030578613		2.47262658867836		0.3390638379812241		0.6781276759624482
920		22.435645867000858		1.6464157104492188		2.4688135266304014		0.33611820068359377		0.6722364013671875
921		22.4381304180024		1.6467552185058594		2.4702527564811705		0.33759317128658295		0.6751863425731659
922		22.37642277499981		1.6440938711166382		2.46935408285141		0.3328119686603546		0.6656239373207092
923		22.406081200002518		1.6466081142425537		2.469999857816696		0.36281593267917633		0.7256318653583527
924		22.36583460300244		1.6477594375610352		2.469160961008072		0.3477145306110382		0.6954290612220764
925		22.38605880799878		1.6501723527908325		2.4767328612709045		0.33638075079917906		0.6727615015983581
926		22.221512555999652		1.6462944746017456		2.462947998008728		0.33895836391448975		0.6779167278289795
927		22.279457299999194		1.6445385217666626		2.472921691055298		0.34235874128341676		0.6847174825668335
928		22.354429180999432		1.6421856880187988		2.4657646433162688		0.337234490275383		0.674468980550766
929		22.430463262000558		1.643666386604309		2.4700124233055116		0.33990322506427767		0.6798064501285553
930		22.420720686001005		1.6491165161132812		2.4685815462207796		0.338039866065979		0.676079732131958
931		22.436779501000274		1.6495771408081055		2.463431880159378		0.3348232821941376		0.6696465643882752
932		22.443938426997192		1.642845869064331		2.472007415189743		0.34332442717552186		0.6866488543510437
933		22.3784825670009		1.6412991285324097		2.4575069046020506		0.3329590712070465		0.665918142414093
934		22.321285526999418		1.6495157480239868		2.4781754663944247		0.33387411646842957		0.6677482329368591
935		22.207631026001764		1.6436896324157715		2.469294146680832		0.33478400700092315		0.6695680140018463
936		22.269788722998783		1.6523385047912598		2.467780813484192		0.332765669131279		0.665531338262558
937		22.282458346999192		1.6467124223709106		2.4750525920963287		0.3483927175998688		0.6967854351997376
938		22.29167965799934		1.6414940357208252		2.4585331463718414		0.3328791530609131		0.6657583061218262
939		22.300251483997272		1.648626685142517		2.478744131708145		0.33252160077095033		0.6650432015419007
940		22.336760966001748		1.6490309238433838		2.470429061822891		0.3606155495882034		0.7212310991764068
941		22.2342515249984		1.6459816694259644		2.468961502714157		0.33305370299816134		0.6661074059963227
942		22.27627828000186		1.6469577550888062		2.476444673490524		0.33325257501602173		0.6665051500320435
943		22.324553760998242		1.6454777717590332		2.466365489549637		0.3356604576587677		0.6713209153175353
944		22.26405953500216		1.6395922899246216		2.465802499818802		0.33407466950416564		0.6681493390083313
945		22.374678595999285		1.647112250328064		2.4724001010131835		0.3351415298461914		0.6702830596923828
946		22.330063650999364		1.6497687101364136		2.469522638397217		0.33628460202217103		0.6725692040443421
947		22.188670401003037		1.6473568677902222		2.466465860900879		0.3331370057821274		0.6662740115642548
948		22.213545918002637		1.6410666704177856		2.458940874137878		0.3332501525640488		0.6665003051280975
949		22.247877707002772		1.6476116180419922		2.469744531879425		0.33456712386608123		0.6691342477321625
950		22.18710891000228		1.6485320329666138		2.4656996299743654		0.33300530686378477		0.6660106137275695
951		22.199119541000982		1.6588802337646484		2.4977626685333254		0.3393775496482849		0.6787550992965699
952		22.166743922000023		1.649816632270813		2.4765572278308867		0.3341829918861389		0.6683659837722778
953		21.844220997001685		1.6473455429077148		2.465256225337982		0.3325295266866684		0.6650590533733368
954		22.012495708000642		1.6412198543548584		2.470311382446289		0.33434671437740326		0.6686934287548065
955		22.147564438997506		1.6364407539367676		2.455652370557785		0.3338957211732864		0.6677914423465728
956		22.450403479997476		1.6485843658447266		2.4698680139827727		0.331730041217804		0.663460082435608
957		22.354699445000733		1.6475160121917725		2.464849243173599		0.3366278738975525		0.673255747795105
958		22.336350546000176		1.6389189958572388		2.4544116380310057		0.3324252577781677		0.6648505155563355
959		22.37594329700005		1.6393804550170898		2.4716567817401884		0.3409104737997055		0.681820947599411
960		22.30371830900185		1.6461702585220337		2.4726661183547973		0.35074945847988126		0.7014989169597625
961		22.353974056997686		1.6416294574737549		2.4732958219242094		0.333736890912056		0.667473781824112
962		22.26013776900072		1.647610068321228		2.457651695423126		0.3620335287570953		0.7240670575141906
963		22.29967738800042		1.6443032026290894		2.467113894519806		0.3333699872016907		0.6667399744033814
964		22.305692357000225		1.6530020236968994		2.4707979677677154		0.34132114708423617		0.6826422941684723
965		22.08417138200093		1.64423406124115		2.464794127044678		0.3358699209690094		0.6717398419380188
966		22.278448004999518		1.644919514656067		2.4691502668094634		0.3321359743595123		0.6642719487190246
967		22.235266848998435		1.6423063278198242		2.4694012047863008		0.33259515328407285		0.6651903065681457
968		22.180286400001933		1.6438097953796387		2.4635818089485166		0.33208636181354523		0.6641727236270905
969		22.056373870000243		1.6396406888961792		2.4685348349189757		0.33177025804519655		0.6635405160903931
970		22.07832853400032		1.6434338092803955		2.4598311585330963		0.3315260528802872		0.6630521057605744
971		22.06351495099807		1.6412571668624878		2.4585283008098604		0.3353131687641144		0.6706263375282288
972		22.041249669000536		1.6442152261734009		2.4679070778369905		0.3333811478853226		0.6667622957706452
973		21.497954278002		1.6475651264190674		2.4635920335865023		0.3322933491230011		0.6645866982460022
974		21.998199803001626		1.6486730575561523		2.469544717874527		0.33969379370212555		0.6793875874042511
975		22.008969517999503		1.6473201513290405		2.4749327383995054		0.3325765944004059		0.6651531888008118
976		22.05465315600304		1.6457539796829224		2.4656056924533845		0.33383310744762423		0.6676662148952485
977		22.098574912000913		1.6456471681594849		2.4643153721523285		0.33123624699115756		0.6624724939823151
978		22.163859966000018		1.6492418050765991		2.4761792995548246		0.34071802904605863		0.6814360580921173
979		22.226646734001406		1.638431191444397		2.4549825214004515		0.33202198758125306		0.6640439751625061
980		22.16366018700137		1.6473418474197388		2.470772215166092		0.3331146826505661		0.6662293653011322
981		22.23672351300047		1.6463582515716553		2.4701369287872312		0.33192246086597443		0.6638449217319489
982		22.297205176000716		1.6450090408325195		2.4639486690711974		0.34211826665401457		0.6842365333080291
983		22.336579377999442		1.6430296897888184		2.4671875658893585		0.33401203336715696		0.6680240667343139
984		22.325924051001493		1.6379141807556152		2.461772227449417		0.3323047813415527		0.6646095626831054
985		22.28055925100125		1.64201021194458		2.459647536096573		0.33646328270435333		0.6729265654087067
986		22.26565077900159		1.6395846605300903		2.4535900469875336		0.3372964786291122		0.6745929572582244
987		22.246853107997595		1.6437605619430542		2.4697704356479644		0.331019326710701		0.662038653421402
988		22.24646575800216		1.648756980895996		2.4684982824134827		0.3397594297409058		0.6795188594818116
989		22.331674148001184		1.6375877857208252		2.45755212100029		0.3320144404411316		0.6640288808822632
990		22.370112317999883		1.6456494331359863		2.472607008237839		0.33244369785785677		0.6648873957157135
991		22.275286213000072		1.6424225568771362		2.464495008020401		0.33153591458797455		0.6630718291759491
992		22.30157251499986		1.6512771844863892		2.4722635295677184		0.3387257906675339		0.6774515813350678
993		22.26407655300136		1.64388108253479		2.4627309379196167		0.33150775172710417		0.6630155034542083
994		22.440533798002434		1.6405678987503052		2.4621473230838777		0.3313353021144867		0.6626706042289734
995		22.336477886001376		1.6420034170150757		2.462227047281265		0.33913383424282073		0.6782676684856415
996		22.406776507003087		1.6412941217422485		2.4714964653682707		0.33389402074813845		0.6677880414962769
997		22.343810895999923		1.6327710151672363		2.4514777226924895		0.3319008811712265		0.663801762342453
998		22.33367260399973		1.6411411762237549		2.4617418000221254		0.33353769347667694		0.6670753869533539
999		22.369959061998088		1.6442140340805054		2.463392097187042		0.3350453209877014		0.6700906419754028
1000		21.750837699997646		1.6455879211425781		2.4655488226795197		0.3316790274620056		0.6633580549240112
1001		22.222821521001606		1.6446117162704468		2.467269882965088		0.33114494302272796		0.6622898860454559
1002		22.306503712999984		1.6501080989837646		2.4722603306388855		0.3334465042352676		0.6668930084705352
1003		22.380623436998576		1.6399809122085571		2.4548053022193908		0.3372094893217087		0.6744189786434174
1004		22.32509152000057		1.6435095071792603		2.46737956287384		0.3371948361635208		0.6743896723270416
1005		22.37680274200102		1.6466443538665771		2.471152465953827		0.3357691962718964		0.6715383925437928
1006		22.323844190999807		1.6436232328414917		2.4644437787818907		0.3302565850019455		0.660513170003891
1007		22.242313445000036		1.6366323232650757		2.4556365530872344		0.33199614527225496		0.6639922905445099
1008		22.373314398999355		1.6421629190444946		2.464998787918091		0.36180041086673737		0.7236008217334747
1009		22.402329962002113		1.6431801319122314		2.4614591814899445		0.3375793389797211		0.6751586779594422
1010		22.29031521700017		1.640132188796997		2.460508949136734		0.3476589784622192		0.6953179569244384
1011		22.200579631000437		1.6440556049346924		2.463510403690338		0.33467042324543		0.66934084649086
1012		22.27116162999664		1.6439162492752075		2.4714404690265654		0.3322606324672699		0.6645212649345398
1013		22.268017387999862		1.637794852256775		2.460858887386322		0.3351209072113037		0.6702418144226074
1014		22.23711994000041		1.6365749835968018		2.4596666112709045		0.33208880059719087		0.6641776011943817
1015		21.698206987999583		1.642798900604248		2.4605269248580934		0.33496394197940826		0.6699278839588165
1016		22.242561189999833		1.6328336000442505		2.4504963612365724		0.33127360055446625		0.6625472011089325
1017		22.367342924000695		1.6431176662445068		2.469935613527298		0.3364491241931915		0.672898248386383
1018		22.24532955399991		1.6420561075210571		2.459499812231064		0.33424670226573944		0.6684934045314789
1019		22.304840394001076		1.6373099088668823		2.468516116437912		0.34587627980709074		0.6917525596141815
1020		22.276013560000138		1.6373307704925537		2.453850546474457		0.330884285235405		0.66176857047081
1021		22.414922612002556		1.6451478004455566		2.463742193593979		0.346326283454895		0.69265256690979
1022		22.414320038002188		1.6328036785125732		2.4518334598350524		0.33274638533592227		0.6654927706718445
1023		22.276769743999466		1.6482046842575073		2.4695801646327973		0.3583795706987381		0.7167591413974762
1024		22.36240811799871		1.6385055780410767		2.4595475796222686		0.3330859506130219		0.6661719012260438
1025		22.20785420699758		1.6439237594604492		2.4728250939369203		0.33121323075294495		0.6624264615058899
1026		22.267610486000194		1.6373926401138306		2.4488370062732696		0.3452998490333557		0.6905996980667114
1027		22.36644259699824		1.6431964635849		2.456596034669876		0.3309096940755844		0.6618193881511688
1028		22.377915289998782		1.6405572891235352		2.4620047141933443		0.33730310900211335		0.6746062180042267
1029		22.393848218998755		1.6370230913162231		2.4502734079933166		0.33185254993438723		0.6637050998687745
1030		22.322763954998663		1.6377333402633667		2.463076356468201		0.33020104320049287		0.6604020864009857
1031		22.268172689000494		1.6426091194152832		2.4643321542549135		0.3324982861042023		0.6649965722084046
1032		21.83428444400124		1.6397331953048706		2.452641006717682		0.33285569486618044		0.6657113897323609
1033		21.801620315000036		1.6404087543487549		2.4551183318805694		0.33015515584945676		0.6603103116989135
1034		22.303137840001		1.6388757228851318		2.4555782693195343		0.331274755358696		0.662549510717392
1035		22.36792371500269		1.641562819480896		2.4613994198226927		0.33329644317626955		0.6665928863525391
1036		22.331714918000216		1.6432380676269531		2.458519931201935		0.33051636307239535		0.6610327261447907
1037		22.201827119999507		1.640601634979248		2.457774064245224		0.3315600021600723		0.6631200043201446
1038		22.146284416001436		1.6426624059677124		2.4626330450725558		0.3354567580699921		0.6709135161399842
1039		21.67779897500077		1.6390284299850464		2.463510589208603		0.3302289724588394		0.6604579449176788
1040		22.05481984799917		1.6402097940444946		2.462777806510925		0.33215701029300687		0.6643140205860137
1041		22.02239032199941		1.6403026580810547		2.453724721097946		0.3327431106090546		0.6654862212181092
1042		22.07559337699786		1.6401097774505615		2.4564164421367645		0.32926959981918336		0.6585391996383667
1043		21.520469939998293		1.6440930366516113		2.4641052727222443		0.3299623680114746		0.6599247360229492
1044		22.065747684999224		1.6410757303237915		2.4509748755931855		0.32994507627487185		0.6598901525497437
1045		22.28791019399796		1.6363707780838013		2.4477390265369414		0.33005662124156954		0.6601132424831391
1046		22.108906424000452		1.6351070404052734		2.4561930778217316		0.32935454316139223		0.6587090863227845
1047		21.988681296999857		1.6347988843917847		2.4589152864456176		0.3307874958992004		0.6615749917984008
1048		22.069075745999726		1.6387650966644287		2.460533538208008		0.33155686361789705		0.6631137272357941
1049		22.17472323399852		1.6348598003387451		2.452788454065323		0.33349546785354617		0.6669909357070923
1050		22.15246925899919		1.640610933303833		2.458267363615036		0.33056379890441895		0.6611275978088379
1051		22.050062284000887		1.6395394802093506		2.4588538512992857		0.33229760253429413		0.6645952050685883
1052		22.11947058700025		1.645706057548523		2.4640881124019622		0.3293102704286575		0.658620540857315
1053		21.911617076002585		1.643813967704773		2.465192620315552		0.33108307967185974		0.6621661593437195
1054		22.333105934998457		1.6428325176239014		2.4682381587982176		0.3311871163606644		0.6623742327213288
1055		22.371035623000353		1.6385544538497925		2.454704988994598		0.3345547998905182		0.6691095997810363
1056		22.412468902999535		1.6361334323883057		2.4563402464389803		0.3308091401576996		0.6616182803153992
1057		22.333735995998723		1.638461709022522		2.456278219537735		0.32999432463645934		0.6599886492729187
1058		22.348191985001904		1.642237663269043		2.45910766251564		0.3291343267917633		0.6582686535835266
1059		22.37144874599835		1.6417464017868042		2.451822858133316		0.3335190658330917		0.6670381316661834
1060		22.36353801599762		1.6388354301452637		2.4539355522346495		0.33418886003494264		0.6683777200698853
1061		22.348909806001757		1.6333205699920654		2.4519570830440522		0.3301998677253723		0.6603997354507446
1062		22.34531103200061		1.6446269750595093		2.459161752882004		0.3288102025270462		0.6576204050540924
1063		22.33268617199792		1.6321955919265747		2.454276941280365		0.33058340113162993		0.6611668022632599
1064		22.296061381999607		1.6385447978973389		2.4486430490779876		0.3288015967607498		0.6576031935214997
1065		22.224875201998657		1.6362390518188477		2.4538373167705534		0.3301732855319977		0.6603465710639954
1066		22.267375846000505		1.639648199081421		2.45863109790802		0.32970019948482515		0.6594003989696503
1067		22.209489733999362		1.6344246864318848		2.4525416218185425		0.345236351108551		0.690472702217102
1068		22.2671976849997		1.6430352926254272		2.465731055250168		0.32891369326114656		0.6578273865222931
1069		22.329447601001448		1.6397104263305664		2.457893528385162		0.33469895529747007		0.6693979105949401
1070		22.22093329600102		1.6307852268218994		2.455727201786041		0.33804452404975893		0.6760890480995179
1071		22.31738327200219		1.637900710105896		2.4483799159908295		0.32961666519641875		0.6592333303928375
1072		22.279379431998677		1.6357725858688354		2.4612869565773012		0.3294009434700012		0.6588018869400024
1073		22.22977579700091		1.6431214809417725		2.4510575400352477		0.329953999376297		0.659907998752594
1074		22.258754332000535		1.6428782939910889		2.453354447250366		0.33505191223621367		0.6701038244724273
1075		22.317422815998725		1.6406422853469849		2.4565835030460357		0.331464478802681		0.662928957605362
1076		22.37414385900047		1.6384888887405396		2.4522616943359377		0.3433139469146729		0.6866278938293457
1077		21.777037183001084		1.6406229734420776		2.455111620874405		0.32885203676223757		0.6577040735244751
1078		22.304437548998976		1.6328142881393433		2.449465337057114		0.3293838135957718		0.6587676271915436
1079		22.3109716129984		1.6338599920272827		2.4524541475105286		0.3403541220664978		0.6807082441329956
1080		22.394915452998248		1.6370865106582642		2.461413099555969		0.3290398048877716		0.6580796097755433
1081		22.446496698001283		1.6353565454483032		2.4549823318004607		0.3300181327342987		0.6600362654685974
1082		22.427815122002357		1.6377568244934082		2.461529267063141		0.3292032045125961		0.6584064090251922
1083		22.390766900000017		1.6427116394042969		2.4589489484500886		0.329531942653656		0.659063885307312
1084		22.366643943998497		1.6390914916992188		2.4541774835205077		0.3294394708395004		0.6588789416790009
1085		22.469280559002073		1.6331164836883545		2.448204221992493		0.3308325380086899		0.6616650760173798
1086		22.49820049200207		1.6336909532546997		2.452349743890762		0.3293295861721039		0.6586591723442078
1087		22.444178196001303		1.6376495361328125		2.4544525112819673		0.3288060305595398		0.6576120611190795
1088		22.573115794999467		1.6353520154953003		2.4510898664474485		0.33173061084747313		0.6634612216949463
1089		22.349987753001187		1.633821964263916		2.4517791758728027		0.3300148146867752		0.6600296293735504
1090		22.39020335299938		1.6403002738952637		2.4592842271327973		0.3295329366922379		0.6590658733844758
1091		22.341940562000673		1.6449581384658813		2.464365536708832		0.3298864623069763		0.6597729246139526
1092		22.346669579001173		1.6401996612548828		2.4599343262195585		0.3292247156381607		0.6584494312763214
1093		22.531985361001716		1.6351171731948853		2.452480383749008		0.3286159327507019		0.6572318655014038
1094		22.479218780998053		1.6411243677139282		2.4604197781658175		0.3293352344751358		0.6586704689502716
1095		22.489599845001067		1.6432793140411377		2.461673831996918		0.32901752965450287		0.6580350593090057
1096		22.547331357000076		1.6360901594161987		2.4591215723991393		0.3284393953323364		0.6568787906646728
1097		22.518805892999808		1.637611985206604		2.4571456550884245		0.3279724217891693		0.6559448435783386
1098		22.454776482998568		1.632851004600525		2.4481484416294097		0.33309458737373354		0.6661891747474671
1099		21.907651583002007		1.6399805545806885		2.4672096758937836		0.33182953383922575		0.6636590676784515
1100		22.02722410000206		1.6347219944000244		2.447657038383484		0.3296581638336182		0.6593163276672364
1101		22.41996901099992		1.6351741552352905		2.4530309772586825		0.33076501631736754		0.6615300326347351
1102		22.53598804500143		1.6426900625228882		2.4636648716640472		0.3294050700187683		0.6588101400375366
1103		22.5617232279983		1.6376100778579712		2.4538997874832154		0.3314464199304581		0.6628928398609162
1104		22.597578477998468		1.6413452625274658		2.4577264345264433		0.32882487850189207		0.6576497570037841
1105		22.545104248001735		1.6395500898361206		2.4616294363117217		0.3292177925109863		0.6584355850219726
1106		22.558383634001075		1.6376540660858154		2.4501973492527007		0.32944487833976743		0.6588897566795349
1107		22.560962602001382		1.6375057697296143		2.45321340801239		0.33589384031295777		0.6717876806259155
1108		22.526922395001748		1.6407124996185303		2.4600028624248504		0.33053868961334226		0.6610773792266845
1109		22.37940526500097		1.6337138414382935		2.449081724910736		0.32847474236488344		0.6569494847297669
1110		22.101474079998297		1.6396942138671875		2.4532466220378875		0.3302513177394867		0.6605026354789734
1111		22.196184197000548		1.6384869813919067		2.451976955375671		0.32907057893276215		0.6581411578655243
1112		22.18289236200144		1.6330665349960327		2.4404366781806948		0.32969295642375945		0.6593859128475189
1113		22.137312915998336		1.6366239786148071		2.4525797555541993		0.32860919885635376		0.6572183977127075
1114		21.782800123000925		1.6411925554275513		2.464539727563858		0.3284499436378479		0.6568998872756958
1115		22.22534993499721		1.635340929031372		2.4516493334865572		0.32828883063793185		0.6565776612758637
1116		83.93544398900121		1.6430730819702148		2.4596622855949404		0.32924493713378905		0.6584898742675781
1117		22.23016357099914		1.6407848596572876		2.4619106026268005		0.33626891860961916		0.6725378372192383
1118		22.17636094899717		1.6349502801895142		2.4507796923828127		0.32903585548400877		0.6580717109680175
1119		22.0133752010006		1.6368764638900757		2.4429553326034545		0.3286851425409317		0.6573702850818633
1120		22.157892978997552		1.6362775564193726		2.450254575634003		0.32910204548835753		0.6582040909767151
1121		22.15841329899922		1.6386502981185913		2.4542009735107424		0.3291234649658203		0.6582469299316406
1122		22.165424654998787		1.6368107795715332		2.454120896425247		0.3322125962972641		0.6644251925945281
1123		22.186387089001073		1.6388771533966064		2.452136685600281		0.3279617870569229		0.6559235741138458
1124		22.355638174001797		1.6375703811645508		2.452390684776306		0.3307480002403259		0.6614960004806518
1125		22.365629165997234		1.6348285675048828		2.450024704475403		0.3299073659420013		0.6598147318840026
1126		22.390088916999957		1.6390821933746338		2.462326203804016		0.33109194831848143		0.6621838966369629
1127		22.306780410999636		1.6335889101028442		2.4490635048770906		0.3284959645986557		0.6569919291973114
1128		22.336410387997603		1.6387965679168701		2.4570035562992096		0.3282412384033203		0.6564824768066406
1129		22.31536640700142		1.633124828338623		2.4504024078559876		0.3281732635498047		0.6563465270996094
1130		22.377719240997976		1.6314442157745361		2.443467596063614		0.32938810603618623		0.6587762120723725
1131		21.953356917001656		1.64004647731781		2.4558492157649994		0.3285516719579697		0.6571033439159394
1132		22.468795674998546		1.6389038562774658		2.456940103521347		0.3285234975814819		0.6570469951629638
1133		22.29672603599829		1.6381837129592896		2.4474867612171174		0.3283893208742142		0.6567786417484284
1134		22.39740592599992		1.633407473564148		2.449829492454529		0.32733180565834047		0.6546636113166809
1135		22.30601491299967		1.638407588005066		2.4482107733821867		0.33320123794078826		0.6664024758815765
1136		22.443329924000864		1.6434904336929321		2.4635419753742216		0.328258486032486		0.656516972064972
1137		22.389680571999634		1.6350719928741455		2.4463725467205046		0.3282986040830612		0.6565972081661224
1138		22.223633239002083		1.6321512460708618		2.452397578296661		0.3283036166667938		0.6566072333335876
1139		22.291626242997154		1.6342849731445312		2.4514120835971833		0.3278319353580475		0.655663870716095
1140		22.290920310999354		1.6309541463851929		2.4393500144004823		0.3302625351905823		0.6605250703811646
1141		22.236287673000334		1.639470100402832		2.458568329143524		0.3285161523342133		0.6570323046684265
1142		22.25496694300091		1.6315937042236328		2.449474781303406		0.3302372599363327		0.6604745198726654
1143		22.29131076200065		1.6337307691574097		2.445389103746414		0.33564756133556367		0.6712951226711273
1144		79.84682351799711		1.6416600942611694		2.4491081931972505		0.3281083097219467		0.6562166194438934
1145		22.389567713998986		1.6374657154083252		2.4464992607688902		0.3371944989204407		0.6743889978408814
1146		22.138360877001105		1.6390193700790405		2.456568833360672		0.33178258876800537		0.6635651775360107
1147		22.46105893999993		1.6365289688110352		2.455225667219162		0.3283370103359222		0.6566740206718444
1148		22.47220424400075		1.635429859161377		2.450792661075592		0.3285388875246048		0.6570777750492096
1149		22.45477162500174		1.6362614631652832		2.458289011106491		0.33033033685684204		0.6606606737136841
1150		22.510113213000295		1.6435714960098267		2.4633502084636687		0.3296655314445496		0.6593310628890992
1151		22.40996784500021		1.6310842037200928		2.4496904733181		0.327777482509613		0.655554965019226
1152		22.355173595999076		1.6413460969924927		2.4577739520168302		0.3273225239276886		0.6546450478553772
1153		22.371775035997416		1.636081337928772		2.4512568192863466		0.3270159473180771		0.6540318946361542
1154		22.462608460999036		1.6331441402435303		2.442018138523102		0.32854131631851197		0.6570826326370239
1155		22.46992404000048		1.6371800899505615		2.4491134030914306		0.3285644459486008		0.6571288918972016
1156		22.460230766999302		1.6373262405395508		2.44720215218544		0.33086736454963683		0.6617347290992737
1157		22.470878457002982		1.6394561529159546		2.4541726600551605		0.3295365212202072		0.6590730424404144
1158		22.434352714000852		1.636274814605713		2.4470653256130217		0.32788265812397005		0.6557653162479401
1159		22.417224380002153		1.6390808820724487		2.4553414800167084		0.32684234879016877		0.6536846975803375
1160		22.423284245000104		1.6315369606018066		2.4387508310604096		0.328146906876564		0.656293813753128
1161		22.477526917999057		1.633226990699768		2.448973469581604		0.32837228236198424		0.6567445647239685
1162		22.43867648699961		1.6320652961730957		2.446044208431244		0.32806788692474365		0.6561357738494873
1163		22.38432720700075		1.6343936920166016		2.45696472281456		0.32765355257987977		0.6553071051597595
1164		22.362123205999524		1.6344267129898071		2.4534471101284026		0.3276382845640182		0.6552765691280364
1165		22.400488027000392		1.6395162343978882		2.4482708746433257		0.32830051193237303		0.6566010238647461
1166		21.972479061998456		1.635015606880188		2.4510463118171693		0.32757943873405454		0.6551588774681091
1167		22.420681790001254		1.638869047164917		2.462436209039688		0.3297119552373886		0.6594239104747772
1168		22.4051453150023		1.6370623111724854		2.4504842254829406		0.33071077857017517		0.6614215571403503
1169		22.30016070500278		1.6358885765075684		2.450102025270462		0.32747439510822296		0.6549487902164459
1170		21.750378636999812		1.6363873481750488		2.4537400366973876		0.32762164158821105		0.6552432831764221
1171		22.339172719999624		1.6331770420074463		2.442087436466217		0.3276930060625076		0.6553860121250152
1172		22.39541630000167		1.6302368640899658		2.44373918841362		0.32775641379356385		0.6555128275871277
1173		22.305417248000595		1.6350165605545044		2.4555065184211733		0.3269347856283188		0.6538695712566376
1174		22.29698829500194		1.630610704421997		2.4428700197029114		0.3276655434846878		0.6553310869693756
1175		22.28967147200092		1.641554832458496		2.448200560321808		0.32741187546253203		0.6548237509250641
1176		22.39451121199818		1.631482481956482		2.44710455286026		0.3277470869541168		0.6554941739082336
1177		22.11533112500183		1.64039945602417		2.453636757926941		0.32759172778129575		0.6551834555625915
1178		22.25011493400234		1.6403353214263916		2.4490527355194094		0.3290281327724457		0.6580562655448914
1179		22.295259831000294		1.6352949142456055		2.446543507003784		0.32707383234500886		0.6541476646900177
1180		22.134230979001586		1.6315419673919678		2.439063924617767		0.32742901496887206		0.6548580299377441
1181		22.24276420499882		1.634587049484253		2.452350987558365		0.3285820108652115		0.657164021730423
1182		22.345828964000248		1.6277225017547607		2.4398336675834655		0.3274172593355179		0.6548345186710358
1183		22.290598521998618		1.6295918226242065		2.4354134024333955		0.3268878059387207		0.6537756118774414
1184		22.217575307997322		1.6394484043121338		2.4550861495494845		0.3277050643444061		0.6554101286888122
1185		22.119229231000645		1.6314582824707031		2.442911192140579		0.3292542209148407		0.6585084418296814
1186		22.2727356639989		1.6339646577835083		2.446108926372528		0.32919836559295657		0.6583967311859131
1187		22.210655427999882		1.6292723417282104		2.442089686431885		0.32817495603561403		0.6563499120712281
1188		22.289588217998244		1.6330296993255615		2.445098831205368		0.328893966960907		0.657787933921814
1189		22.20150672899763		1.6382702589035034		2.444797858695984		0.32659208800792694		0.6531841760158539
1190		21.67095888699987		1.6399900913238525		2.4585363059425354		0.327400333070755		0.65480066614151
1191		22.20921385800102		1.6285459995269775		2.439744268112183		0.3279411133527756		0.6558822267055512
1192		22.144702088000486		1.63190758228302		2.440872819709778		0.33248586390018464		0.6649717278003693
1193		22.272278780001216		1.6378930807113647		2.4445961385917663		0.32912953214645385		0.6582590642929077
1194		22.371937252999487		1.6324435472488403		2.445041166629791		0.3270746610164642		0.6541493220329284
1195		22.362977297001635		1.6385340690612793		2.4490799792957305		0.3275542548418045		0.655108509683609
1196		22.36664455400023		1.6388647556304932		2.450039841079712		0.3279166091918945		0.655833218383789
1197		22.458607437001774		1.6344196796417236		2.447658306016922		0.32695935752391814		0.6539187150478363
1198		22.474272936997295		1.6341403722763062		2.447864569196701		0.32857847597599027		0.6571569519519805
1199		22.46188669500043		1.6417914628982544		2.4586875089359284		0.32659483640193937		0.6531896728038787
1200		22.454913046		1.6337924003601074		2.44439863656044		0.32736941242218015		0.6547388248443603
1201		22.482526962998236		1.6359575986862183		2.4554484199619293		0.3265326602220535		0.653065320444107
1202		22.39205600599962		1.6399415731430054		2.4585672585582734		0.3270169798851013		0.6540339597702026
1203		22.366585045998363		1.6323360204696655		2.4485353070259093		0.3283367343664169		0.6566734687328338
1204		22.37181367499943		1.6343104839324951		2.4444638296031953		0.3267766595363617		0.6535533190727234
1205		22.349246582998603		1.6395008563995361		2.444644449415207		0.3270806926250458		0.6541613852500916
1206		22.45956080900214		1.633835792541504		2.445979017305374		0.3271964712381363		0.6543929424762726
1207		22.40960357000222		1.6393886804580688		2.449286929397583		0.32744357867240903		0.6548871573448181
1208		22.393199824000476		1.635353684425354		2.4438025975608824		0.3292256501197815		0.658451300239563
1209		22.39828296899941		1.636678695678711		2.4519542171859743		0.327824968290329		0.655649936580658
1210		22.375764305001212		1.6365177631378174		2.4530573009300234		0.3277456787586212		0.6554913575172424
1211		22.393921221999335		1.6351830959320068		2.4562880119228363		0.3267217575788498		0.6534435151576996
1212		22.402573325998674		1.6389199495315552		2.451554126405716		0.3272029816865921		0.6544059633731842
1213		22.410953457998403		1.633618712425232		2.4559770249557493		0.3263219820737839		0.6526439641475678
1214		22.431842261001293		1.6384572982788086		2.4553763359832765		0.32813112285137175		0.6562622457027435
1215		22.44304576200011		1.6358696222305298		2.4549284468555452		0.32709187257289885		0.6541837451457977
1216		22.432560779001506		1.6383812427520752		2.4469294134235384		0.32944453296661375		0.6588890659332275
1217		22.4085568829978		1.6279217004776		2.441597512655258		0.32702041749954225		0.6540408349990845
1218		22.424982649001322		1.6318275928497314		2.4445443388175963		0.3282952150583267		0.6565904301166534
1219		22.245267362999584		1.6318914890289307		2.444150879640579		0.32704010791778565		0.6540802158355713
1220		22.321300940002402		1.6436374187469482		2.4585768637847902		0.33014820058345795		0.6602964011669159
1221		21.740706017000775		1.6357479095458984		2.4528308010292053		0.326113982462883		0.652227964925766
1222		22.27622989900192		1.6332021951675415		2.449342696990967		0.3270286199331284		0.6540572398662567
1223		22.235693421000178		1.63434636592865		2.447180034723282		0.32707626185417177		0.6541525237083435
1224		22.25236558100005		1.6288756132125854		2.43727990319252		0.3260568556547165		0.652113711309433
1225		21.879615288002242		1.6289516687393188		2.4381880043506623		0.3263446808576584		0.6526893617153168
1226		22.30571942199822		1.6373746395111084		2.4459995460319517		0.3262344352722168		0.6524688705444336
1227		22.267835037000623		1.6377004384994507		2.4444137840270996		0.3260916301727295		0.652183260345459
1228		22.44188161599959		1.628067970275879		2.4437863328266145		0.3266002893447876		0.6532005786895752
1229		22.500580869997066		1.633392333984375		2.4482640746593476		0.33124516665935516		0.6624903333187103
1230		22.471485964997555		1.6309325695037842		2.440458510828018		0.32718917021751404		0.6543783404350281
1231		22.45382623000114		1.6346908807754517		2.447526844406128		0.32636948578357694		0.6527389715671539
1232		22.487106907999987		1.6311044692993164		2.444133299293518		0.32621361784935		0.6524272356987
1233		22.375617395002337		1.6310300827026367		2.4409679903316497		0.3266340231180191		0.6532680462360382
1234		22.301026376000664		1.6317524909973145		2.441661489362717		0.327244509935379		0.654489019870758
1235		22.311612336998223		1.6266732215881348		2.437375234899521		0.32733103914260864		0.6546620782852173
1236		22.30613745699884		1.633960485458374		2.447818944349289		0.32606433863639833		0.6521286772727967
1237		22.344244540003274		1.6319104433059692		2.442885819721222		0.3264270614862442		0.6528541229724883
1238		22.231951495999965		1.6335035562515259		2.4469146870803833		0.3261652625322342		0.6523305250644684
1239		22.208184978000645		1.6360591650009155		2.4473310778808592		0.3265003867149353		0.6530007734298706
1240		22.35229405499922		1.6303280591964722		2.4360953089714052		0.3275808441162109		0.6551616882324218
1241		22.251737015998515		1.6279679536819458		2.448241304292679		0.32606815052032473		0.6521363010406495
1242		22.259684153999842		1.6341185569763184		2.4543937976932524		0.32619862051010134		0.6523972410202027
1243		22.23921123800028		1.6336771249771118		2.4446281224155424		0.3262011463880539		0.6524022927761078
1244		22.246286581997992		1.62734854221344		2.4385501332378388		0.32756183240413667		0.6551236648082733
1245		22.24530942799902		1.6352126598358154		2.457591906118393		0.3262069457054138		0.6524138914108276
1246		21.84078119499827		1.6344389915466309		2.4544538100337983		0.3267509714126587		0.6535019428253174
1247		22.27528944900041		1.634478211402893		2.4423505269527435		0.3260186909198761		0.6520373818397522
1248		22.528111670002545		1.6381016969680786		2.453231256980896		0.32606111998558046		0.6521222399711609
1249		22.20139979799933		1.6323093175888062		2.443977353448868		0.32690262215137483		0.6538052443027497
1250		22.004614291003236		1.6336430311203003		2.4481468485355378		0.32672568888664244		0.6534513777732849
1251		22.08938579199821		1.6336513757705688		2.444800918598175		0.327023032450676		0.654046064901352
1252		22.239808921000076		1.627708077430725		2.444011587638855		0.32603156068325045		0.6520631213665009
1253		21.626617228001123		1.6352609395980835		2.452470299396515		0.32642158591747283		0.6528431718349457
1254		22.176928857999883		1.6353394985198975		2.4403982603263854		0.32670836544036863		0.6534167308807373
1255		21.69622567299666		1.6311900615692139		2.444574832315445		0.32615108518600466		0.6523021703720093
1256		22.200780978000694		1.6283704042434692		2.4409059839344023		0.32605132768154144		0.6521026553630829
1257		22.15806032600085		1.6297756433486938		2.44302614320755		0.32801489641666415		0.6560297928333283
1258		22.160079940000287		1.6336661577224731		2.450139582567215		0.3259180603265762		0.6518361206531524
1259		22.15624242100239		1.630783200263977		2.4400328216934204		0.32583863785266876		0.6516772757053375
1260		22.03194586400059		1.6300554275512695		2.441954672279358		0.32609679100513456		0.6521935820102691
1261		22.108785910000734		1.627590537071228		2.4441296342658996		0.32808895399570465		0.6561779079914093
1262		22.13585886600049		1.6374751329421997		2.445563924627304		0.32634703176021573		0.6526940635204315
1263		22.176618477999		1.6413236856460571		2.453104283571243		0.32812794795036315		0.6562558959007263
1264		22.20035643799929		1.6323357820510864		2.4534861717700958		0.3259747806549072		0.6519495613098144
1265		22.169148790999316		1.6267355680465698		2.431602138090134		0.3325071815490723		0.6650143630981445
1266		22.42748888099959		1.634015440940857		2.4441318458652495		0.3263742068767548		0.6527484137535096
1267		22.438958891001676		1.6301565170288086		2.4387337277030943		0.3262057788133621		0.6524115576267242
1268		22.437111559000186		1.632446527481079		2.4435860583400726		0.3257068808555603		0.6514137617111206
1269		22.471247901001334		1.634913682937622		2.4492387675857543		0.328190234875679		0.656380469751358
1270		22.262497626998083		1.6284568309783936		2.4381466074085236		0.32577996587753294		0.6515599317550659
1271		22.049672232999		1.6314492225646973		2.4461518842983248		0.3264992569208145		0.652998513841629
1272		22.285293390003062		1.6303304433822632		2.437091827430725		0.326260320353508		0.652520640707016
1273		22.292175341000984		1.6262263059616089		2.4304610034275056		0.3266020312547684		0.6532040625095368
1274		22.3438036439984		1.6326837539672852		2.4486672135448457		0.3257443788051605		0.651488757610321
1275		22.310066582998843		1.629145860671997		2.4364225630760195		0.3257480240106583		0.6514960480213166
1276		22.263464980002027		1.633143424987793		2.4488392162227632		0.3260920759677887		0.6521841519355774
1277		22.338079928002117		1.6308444738388062		2.4355587317085265		0.3257864630460739		0.6515729260921478
1278		22.24966137699812		1.6354937553405762		2.448989516210556		0.3255642197608948		0.6511284395217896
1279		22.23640823000096		1.6367919445037842		2.4461809084892274		0.32634454069137575		0.6526890813827515
1280		21.891252730001725		1.6305259466171265		2.441505235595703		0.3254200214147568		0.6508400428295136
1281		22.241737051997916		1.6334270238876343		2.4460567486572264		0.32664764347076414		0.6532952869415283
1282		22.288641180999548		1.6305286884307861		2.435662393159866		0.3258369930744171		0.6516739861488342
1283		22.33068565299982		1.6270160675048828		2.4440772996520996		0.3254091955184937		0.6508183910369874
1284		22.462548028997844		1.6294656991958618		2.436977795791626		0.32582590775489806		0.6516518155097961
1285		22.25485177399969		1.6305471658706665		2.4428636494541167		0.32550737550258635		0.6510147510051727
1286		22.45642227799908		1.629084825515747		2.4425362792778014		0.32542728617191313		0.6508545723438263
1287		22.510545499000727		1.634437918663025		2.445368238506317		0.32551719982624056		0.6510343996524811
1288		22.51174581899977		1.635151982307434		2.4444832365894316		0.32554780774116515		0.6510956154823303
1289		22.504635053999664		1.6330883502960205		2.448934459991455		0.3255911871671677		0.6511823743343353
1290		22.49667067199698		1.6297701597213745		2.446010449848175		0.32554668011665344		0.6510933602333069
1291		22.51425644900155		1.6336050033569336		2.446592213411331		0.3258834737300873		0.6517669474601746
1292		22.497601810999186		1.6316895484924316		2.443460157403946		0.32554746236801146		0.6510949247360229
1293		22.418821977000334		1.6283246278762817		2.4397381584358215		0.3254256251335144		0.6508512502670288
1294		22.377043152002443		1.6282110214233398		2.433386379327774		0.32567894899845123		0.6513578979969025
1295		22.265874618999078		1.6329832077026367		2.4470081768989562		0.32639730541706086		0.6527946108341217
1296		22.32303357699857		1.6325862407684326		2.4506942215251923		0.3283861827850342		0.6567723655700684
1297		22.303204752002785		1.62997305393219		2.44831522813797		0.32549782423973084		0.6509956484794617
1298		22.357648414999858		1.6290980577468872		2.4409841325759887		0.32581770558357237		0.6516354111671447
1299		22.322618397000042		1.62862229347229		2.4396041364860537		0.32532631533145906		0.6506526306629181
1300		22.441234396002983		1.6281309127807617		2.4441254806137085		0.32564937546253203		0.6512987509250641
1301		22.366382950000116		1.6321829557418823		2.4440976154232024		0.32559657428264616		0.6511931485652923
1302		22.37601121499756		1.6322294473648071		2.442773295145035		0.32570798864364625		0.6514159772872925
1303		22.071465704997536		1.6337307691574097		2.451055874032974		0.32556765003204347		0.6511353000640869
1304		22.487303560999862		1.6296762228012085		2.4435468328285217		0.32563414371013644		0.6512682874202729
1305		22.313310145000287		1.6301252841949463		2.4398556090831756		0.32555245051383974		0.6511049010276795
1306		22.339808142998663		1.6248246431350708		2.435213887042999		0.3252959217309952		0.6505918434619904
1307		22.3581961389973		1.631834626197815		2.4458853378772734		0.325585094833374		0.651170189666748
1308		22.399694284998986		1.6296188831329346		2.43918200797081		0.32575228130817413		0.6515045626163483
1309		22.43280540900014		1.6332818269729614		2.443941084737778		0.3255944570302963		0.6511889140605926
1310		22.33848524199857		1.6295278072357178		2.4390829706287382		0.32585069591999055		0.6517013918399811
1311		22.352356784998847		1.6305220127105713		2.446265333814621		0.32539349701404574		0.6507869940280915
1312		22.387242398002854		1.627091884613037		2.439570776090622		0.3254560068368912		0.6509120136737824
1313		22.405802880999545		1.6331607103347778		2.4501213584423067		0.32594749705791476		0.6518949941158295
1314		21.82694085299954		1.6251213550567627		2.4393279607772826		0.3260186653137207		0.6520373306274414
1315		22.27412654100044		1.6323328018188477		2.436832055940628		0.32548960399627686		0.6509792079925537
1316		22.283871935000207		1.625014066696167		2.4396098676204683		0.3251997227191925		0.650399445438385
1317		22.280600470003264		1.625346064567566		2.4370415799331666		0.3258591076135635		0.651718215227127
1318		21.784083360002114		1.6334538459777832		2.44633751701355		0.3252805851697922		0.6505611703395844
1319		22.39758467300271		1.634274959564209		2.443414579257965		0.32552787806987765		0.6510557561397553
1320		22.472643146000337		1.631687045097351		2.448088257141113		0.32527216103076934		0.6505443220615387
1321		22.53885780500059		1.6299575567245483		2.4315488676166535		0.3251831463813782		0.6503662927627564
1322		22.14466184900084		1.6282869577407837		2.4396016145801545		0.3251809593915939		0.6503619187831878
1323		22.087647794000077		1.6339013576507568		2.452175634431839		0.32499990379810334		0.6499998075962067
1324		22.087408947001677		1.6258111000061035		2.4440397608852384		0.3253629524469376		0.6507259048938752
1325		22.09167119799895		1.6326000690460205		2.4410546595191955		0.32517880091667173		0.6503576018333435
1326		22.104569375998835		1.6289401054382324		2.4488614887428284		0.325231858086586		0.650463716173172
1327		22.038023851000617		1.6282278299331665		2.4345074526023867		0.32519976341724394		0.6503995268344879
1328		22.02819584399913		1.6359573602676392		2.450557648973465		0.3252510624408722		0.6505021248817444
1329		22.13815208500091		1.632472038269043		2.439470181798935		0.32508599116802217		0.6501719823360443
1330		22.222978514000715		1.6280614137649536		2.4413819411849977		0.3250854591608047		0.6501709183216094
1331		22.096780603998923		1.6286700963974		2.443604412918091		0.3249328724861145		0.649865744972229
1332		22.07100408399856		1.6317954063415527		2.438674875917435		0.3251401634216309		0.6502803268432618
1333		22.225531618001696		1.627288818359375		2.445379879760742		0.3253285586595535		0.650657117319107
1334		22.179740896997828		1.6276915073394775		2.4397596330738067		0.3253413073539734		0.6506826147079467
1335		22.193304963999253		1.6359919309616089		2.4486876137447355		0.32528502085208894		0.6505700417041779
1336		22.218294700000115		1.628157138824463		2.4406108011627197		0.3262846249818802		0.6525692499637604
1337		22.059879838001507		1.6309746503829956		2.4361530614852906		0.3251917894363403		0.6503835788726806
1338		21.814035216000775		1.6293026208877563		2.4372781721305845		0.3250473143339157		0.6500946286678314
1339		22.36435376499867		1.6260225772857666		2.4340914316082		0.324987654709816		0.649975309419632
1340		22.343503313997644		1.6271439790725708		2.435079934015274		0.3251208081007004		0.6502416162014008
1341		22.29659571200318		1.6346731185913086		2.4448406781768797		0.32522039194107055		0.6504407838821411
1342		22.332939270996576		1.6306257247924805		2.4424565693473816		0.32477001757621765		0.6495400351524353
1343		22.296564681997552		1.6288737058639526		2.438732905435562		0.32492625613212583		0.6498525122642517
1344		22.236835667001287		1.6265093088150024		2.4354605093860626		0.3250484746217728		0.6500969492435456
1345		22.295282152001164		1.6313533782958984		2.440576556634903		0.3256135665893555		0.651227133178711
1346		22.31911080899954		1.629949927330017		2.4400258459854127		0.32529428598880766		0.6505885719776153
1347		22.297416784000234		1.6314955949783325		2.437878397922516		0.3251933897972107		0.6503867795944214
1348		22.240403334999428		1.6321429014205933		2.43568576004982		0.3248333390235901		0.6496666780471801
1349		22.35381079799845		1.6315281391143799		2.44534249830246		0.3248571949481964		0.6497143898963929
1350		22.422781418998056		1.626754641532898		2.438023408355713		0.3247932085037231		0.6495864170074462
1351		22.46679852300076		1.6339513063430786		2.4414800544166564		0.3249442308664322		0.6498884617328644
1352		22.419630495998717		1.6369571685791016		2.446430945901871		0.3250097917556763		0.6500195835113526
1353		22.470977040000434		1.628165602684021		2.43581096575737		0.3248367701768875		0.649673540353775
1354		22.426125904999935		1.6283602714538574		2.4351822293663026		0.324928777551651		0.649857555103302
1355		22.47724869800004		1.625885248184204		2.426352999687195		0.3252082672357559		0.6504165344715118
1356		22.017212923001352		1.6323201656341553		2.44111183467865		0.3248292601585388		0.6496585203170776
1357		22.3417535640001		1.631543517112732		2.4371385324287416		0.32493784906864165		0.6498756981372833
1358		22.372386547998758		1.6222463846206665		2.440397803554535		0.32487465019226075		0.6497493003845215
1359		21.732560884000122		1.6355794668197632		2.447738404998779		0.32497414457798		0.64994828915596
1360		22.45996296800149		1.633950114250183		2.449396056213379		0.3247255267381668		0.6494510534763336
1361		22.243817188998946		1.6323248147964478		2.441759908809662		0.3247866163730621		0.6495732327461242
1362		22.33317978999912		1.627321481704712		2.439496895132065		0.32490565733909604		0.6498113146781921
1363		22.44541772499724		1.6309202909469604		2.4406925508594512		0.3247569393157959		0.6495138786315918
1364		22.418815855999128		1.6292084455490112		2.4375429187011717		0.32464731185436246		0.6492946237087249
1365		22.43920314099887		1.6308393478393555		2.4371239427280424		0.32515065500736234		0.6503013100147247
1366		22.50444998000239		1.631854772567749		2.435126553888321		0.32472396306991574		0.6494479261398315
1367		22.394320931998664		1.630682349205017		2.4406409502983095		0.3249589485645294		0.6499178971290588
1368		22.354124784000305		1.6295591592788696		2.432341062345505		0.3249016137361527		0.6498032274723053
1369		22.242092120999587		1.633292317390442		2.4318518574905394		0.32474267692565917		0.6494853538513183
1370		22.47158496299744		1.6268560886383057		2.440493038520813		0.324779510474205		0.64955902094841
1371		21.784335213000304		1.6315138339996338		2.437786643342972		0.3249195136785507		0.6498390273571014
1372		22.25613490500109		1.629082441329956		2.4375011993503573		0.32477632167339326		0.6495526433467865
1373		22.28393961799884		1.6287333965301514		2.438154834060669		0.3252031367778778		0.6504062735557556
1374		21.763594394000393		1.6328707933425903		2.446000120754242		0.3250125659942627		0.6500251319885254
1375		22.277095364999695		1.6360284090042114		2.442897959051132		0.32489278411865236		0.6497855682373047
1376		22.236340243001905		1.632512092590332		2.443815675058365		0.32466859052181246		0.6493371810436249
1377		21.704791045998718		1.628591775894165		2.44549098528862		0.3245386381626129		0.6490772763252258
1378		22.32030805300019		1.632104516029358		2.442162623386383		0.3246044357538223		0.6492088715076446
1379		22.314501204000408		1.6319329738616943		2.4359719041252137		0.32462324624061584		0.6492464924812317
1380		22.269208405003155		1.6346323490142822		2.4456330153369903		0.32466081459522245		0.6493216291904449
1381		22.305365805001202		1.6303006410598755		2.4435760000133513		0.3245110879421234		0.6490221758842468
1382		22.421914862003177		1.6289085149765015		2.4359120175457		0.3248341409921646		0.6496682819843292
1383		22.293210842999542		1.6337226629257202		2.4438846376132966		0.3245706467628479		0.6491412935256958
1384		22.436560885998915		1.6326617002487183		2.4358862315177916		0.3246196146249771		0.6492392292499543
1385		22.35580957699858		1.626293659210205		2.4351566243839264		0.3246397985935211		0.6492795971870422
1386		22.30936399699931		1.6248503923416138		2.434640421638489		0.3247001305580139		0.6494002611160278
1387		22.339284274999955		1.6270437240600586		2.432206209373474		0.32454965002536773		0.6490993000507355
1388		22.33846665300007		1.6310590505599976		2.444425389995575		0.3245959824562073		0.6491919649124146
1389		22.354219611002918		1.629312515258789		2.4445723003196718		0.3248845965862274		0.6497691931724549
1390		22.29468224499942		1.6264007091522217		2.4399612414073943		0.3245596913337708		0.6491193826675415
1391		22.27613864900195		1.632620930671692		2.449447903614044		0.32453040935993194		0.6490608187198639
1392		21.737618318002205		1.6320240497589111		2.4417284671974184		0.32449615087509154		0.6489923017501831
1393		22.2915393100011		1.6270757913589478		2.4479666191577913		0.3245044930934906		0.6490089861869812
1394		22.310056102996896		1.624218225479126		2.436938198041916		0.32445672345161436		0.6489134469032287
1395		22.187171977999242		1.6285655498504639		2.4458042306232453		0.32447906184196473		0.6489581236839295
1396		22.187271713999507		1.6329013109207153		2.44408744802475		0.32468640751838684		0.6493728150367737
1397		22.23572639199847		1.6314243078231812		2.442709421348572		0.32468439371585844		0.6493687874317169
1398		22.25270482400083		1.633913516998291		2.442475031080246		0.32443901410102843		0.6488780282020569
1399		22.132278117998794		1.6294313669204712		2.4310496020412447		0.3244667014122009		0.6489334028244018
1400		22.0899946119971		1.6288994550704956		2.4343647927856447		0.3245503897428513		0.6491007794857026
1401		21.61548143300024		1.6335738897323608		2.4316608310985566		0.3245897377729416		0.6491794755458832
1402		22.189442377002706		1.6253923177719116		2.4529372620296477		0.32436035697460175		0.6487207139492035
1403		21.64962595199904		1.6254404783248901		2.440141843729019		0.3245096955060959		0.6490193910121917
1404		22.246904444000393		1.6314160823822021		2.4386265264701845		0.32438785750865934		0.6487757150173187
1405		22.21801806899748		1.6312586069107056		2.4389021004962923		0.3245267306089401		0.6490534612178802
1406		22.17564056399715		1.6260570287704468		2.4371934885025026		0.3245198570728302		0.6490397141456604
1407		22.22447802300303		1.6295138597488403		2.440034095249176		0.32433942499160767		0.6486788499832153
1408		22.25635420999606		1.6351500749588013		2.441816009044647		0.32450826942920685		0.6490165388584137
1409		22.212779597997724		1.6294091939926147		2.4420718235874177		0.32429841723442077		0.6485968344688415
1410		22.27880272999755		1.6260837316513062		2.4363432114982606		0.32434248218536377		0.6486849643707275
1411		22.343716282004607		1.6228288412094116		2.434676717596054		0.3243750060558319		0.6487500121116638
1412		20.495870539998577		1.632175326347351		2.4440105752372743		0.32438720433712004		0.6487744086742401
1413		20.38768017500115		1.629337191581726		2.444500144815445		0.32422640347480775		0.6484528069496155
1414		20.328347859998757		1.633554458618164		2.4453517386436463		0.32447740981578826		0.6489548196315765
1415		20.320107797000674		1.6263419389724731		2.436434355926514		0.32459827852249146		0.6491965570449829
1416		20.31212273800338		1.6267093420028687		2.4411430580043794		0.3243476656198502		0.6486953312397004
1417		20.327039399999194		1.6267445087432861		2.431864226064682		0.32432718381881714		0.6486543676376343
1418		20.33267160399555		1.6378473043441772		2.4412548784542083		0.324413914847374		0.648827829694748
1419		20.34012879900547		1.628749132156372		2.443295710668564		0.324581912446022		0.649163824892044
1420		20.262710126997263		1.6296460628509521		2.436914836149216		0.32435738656520846		0.6487147731304169
1421		20.28391759400256		1.6270755529403687		2.438106226501465		0.32443700592517855		0.6488740118503571
1422		20.42857926099532		1.636552095413208		2.4482025795555113		0.3242938631772995		0.648587726354599
1423		20.408733934003976		1.623032569885254		2.438074434299469		0.32435939693450927		0.6487187938690185
1424		20.391973443001916		1.6263346672058105		2.4401219886112213		0.32430806834697723		0.6486161366939545
1425		20.258367091002583		1.6334333419799805		2.4469021080684663		0.3244168386220932		0.6488336772441864
1426		20.342699490996893		1.6264934539794922		2.433422142086029		0.324419128036499		0.648838256072998
1427		20.349962497995875		1.6229504346847534		2.4281622575855257		0.32429403917789457		0.6485880783557891
1428		20.188378016995557		1.6309250593185425		2.4402072900772094		0.3243778319835663		0.6487556639671326
1429		20.164522177001345		1.6285206079483032		2.4295247497653962		0.3242680252313614		0.6485360504627228
1430		20.16823874900001		1.6259207725524902		2.4341709188365934		0.3243595129728317		0.6487190259456634
1431		20.226849129001494		1.6302179098129272		2.4466750126361845		0.32427249445915224		0.6485449889183045
1432		20.223202966997633		1.6194877624511719		2.4298160098075865		0.32418467106819154		0.6483693421363831
1433		20.24517141099932		1.6306957006454468		2.4405563634490965		0.3242125684261322		0.6484251368522644
1434		20.23087257300358		1.6331918239593506		2.438835040550232		0.32432267713546753		0.6486453542709351
1435		20.28274257999874		1.6268268823623657		2.439585905704498		0.32430913064479827		0.6486182612895965
1436		20.25039849300083		1.6289159059524536		2.4371935015296935		0.32423443837165833		0.6484688767433167
1437		20.27825232399482		1.6328201293945312		2.439165485639572		0.3242502290010452		0.6485004580020904
1438		20.28915793699707		1.6315652132034302		2.442030415639877		0.3242530312538147		0.6485060625076294
1439		20.21184335399448		1.6298385858535767		2.437915583591461		0.3242208153963089		0.6484416307926179
1440		20.17854385499959		1.6293649673461914		2.4431691259384154		0.32437942309379575		0.6487588461875915
1441		20.26413535100437		1.6294217109680176		2.4420359262371063		0.32427725923061373		0.6485545184612275
1442		20.22768916899804		1.6215052604675293		2.432284768066406		0.324277676153183		0.648555352306366
1443		20.224258336005732		1.6265121698379517		2.4376609445667268		0.32425156178474424		0.6485031235694885
1444		20.19760800599761		1.626112461090088		2.445986165456772		0.3243491446495056		0.6486982892990112
1445		20.31061297300039		1.6284065246582031		2.437778040885925		0.32424831762313844		0.6484966352462769
1446		20.344436314997438		1.6340925693511963		2.4365802773189547		0.32422292523384094		0.6484458504676819
1447		20.213392048994137		1.6295232772827148		2.4384591530036928		0.3241869626760483		0.6483739253520966
1448		20.187978506000945		1.6323906183242798		2.443837142591476		0.32417487857341765		0.6483497571468353
1449		20.245083836998674		1.6286160945892334		2.44012361328125		0.3241834484577179		0.6483668969154358
1450		20.326487554004416		1.6232389211654663		2.43540048122406		0.32416957590579987		0.6483391518115997
1451		20.34625671699905		1.6356115341186523		2.452972519426346		0.3242186543464661		0.6484373086929321
1452		20.302096253995842		1.631942629814148		2.433177328853607		0.32426540110111235		0.6485308022022247
1453		20.27996845999587		1.6246984004974365		2.4398084120082855		0.32418773663043976		0.6483754732608795
1454		20.211110579002707		1.6233628988265991		2.425395992937088		0.32421471781730654		0.6484294356346131
1455		20.144955573996413		1.6263036727905273		2.4363238064670565		0.32425731980800626		0.6485146396160125
1456		20.17345763400226		1.6294389963150024		2.4425277962875365		0.32416764607429505		0.6483352921485901
1457		20.21918336700037		1.6343178749084473		2.4464599112796783		0.3242014345884323		0.6484028691768646
1458		20.268245548999403		1.6250863075256348		2.4327817369270326		0.32424466910362243		0.6484893382072449
1459		20.287098576998687		1.6267949342727661		2.4358178478336336		0.3242324794054031		0.6484649588108062
1460		20.34018134800135		1.6262295246124268		2.437804954442978		0.32421149859428405		0.6484229971885681
1461		20.36273667599744		1.627494215965271		2.43639678401947		0.3241858323097229		0.6483716646194458
1462		20.374841381002625		1.6280962228775024		2.4378808367061615		0.3241958063840866		0.6483916127681733
1463		20.28503157399973		1.6279785633087158		2.433395049123764		0.32421090290546417		0.6484218058109283
1464		20.246417431000737		1.6300324201583862		2.4402704341697694		0.3242230620145798		0.6484461240291596
1465		20.284024120999675		1.63314950466156		2.4422915025424956		0.3241362896203995		0.648272579240799
1466		20.25742227400042		1.6211540699005127		2.432473980407715		0.3242057807445526		0.6484115614891052
1467		20.19514820400218		1.6292977333068848		2.440626657333374		0.3242011193037033		0.6484022386074066
1468		20.185372603998985		1.6355606317520142		2.4432214233779908		0.3242009647607803		0.6484019295215606
1469		20.11373347699555		1.6256732940673828		2.4355308569049834		0.32416227684021		0.64832455368042
1470		20.139536920003593		1.6239173412322998		2.432646259431839		0.32416570401191713		0.6483314080238343
1471		20.25009435800166		1.6275877952575684		2.4347513221359254		0.32415661005973817		0.6483132201194763
1472		20.259437184999115		1.6308695077896118		2.4462718635749816		0.3241944443464279		0.6483888886928558
1473		20.323815509997075		1.6264721155166626		2.4334794600486753		0.3241584251642227		0.6483168503284454
1474		20.306474323995644		1.6304094791412354		2.4426907585525512		0.3241642689943314		0.6483285379886627
1475		20.313668624003185		1.628509283065796		2.4411526480865477		0.3241696717262268		0.6483393434524536
1476		20.350461752997944		1.6305296421051025		2.4386936549663543		0.3241311024427414		0.6482622048854828
1477		20.404044589995465		1.6256927251815796		2.4388850354862215		0.32415713086128234		0.6483142617225647
1478		20.285799878001853		1.6242257356643677		2.43743016872406		0.3241442547559738		0.6482885095119476
1479		20.282807250994665		1.6313227415084839		2.4393256202316285		0.324149081158638		0.648298162317276
1480		20.26877789900027		1.6340121030807495		2.443301033067703		0.324172918844223		0.648345837688446
1481		20.308127359996433		1.6276696920394897		2.439999257926941		0.3241883483886719		0.6483766967773438
1482		20.34199493300548		1.636110544204712		2.4425994929885864		0.32417886896133424		0.6483577379226685
1483		20.412649255005817		1.628874659538269		2.437153930826187		0.32417299017906187		0.6483459803581237
1484		20.32066437100002		1.6280866861343384		2.430041628332138		0.32417285902500154		0.6483457180500031
1485		20.404578136003693		1.6274586915969849		2.4333300758266447		0.3241574996948242		0.6483149993896484
1486		20.43100367599982		1.6254587173461914		2.4348671552562715		0.3241661009550095		0.648332201910019
1487		20.378079579997575		1.6247421503067017		2.4414142306137085		0.3241682698249817		0.6483365396499634
1488		20.36258614200051		1.6318585872650146		2.447243596315384		0.3241546039581299		0.6483092079162598
1489		20.44250124500104		1.6303812265396118		2.4456967157649996		0.3241692925453186		0.6483385850906372
1490		20.29871482499584		1.6296290159225464		2.4439230949401853		0.32416437933444975		0.6483287586688995
1491		20.223123524003313		1.6326467990875244		2.4459737086868287		0.32415606849193573		0.6483121369838715
1492		20.187350746004086		1.6308271884918213		2.442219381046295		0.3241632375001907		0.6483264750003814
1493		20.0999688899974		1.6280932426452637		2.440425852813721		0.32416263144016266		0.6483252628803253
1494		20.105847151993657		1.627962589263916		2.4354616400527953		0.32416388585567474		0.6483277717113495
1495		20.213798468997993		1.6345778703689575		2.4467349065113067		0.3241629976987839		0.6483259953975677
1496		20.152381920001062		1.6231218576431274		2.429649966392517		0.32416342229843137		0.6483268445968627
1497		20.230160974999308		1.6292260885238647		2.441103380241394		0.3241635386705399		0.6483270773410797
1498		20.216432763998455		1.6286097764968872		2.4361600146865845		0.3241635110855103		0.6483270221710206
1499		20.319335123997007		1.6323611736297607		2.440626986274719		0.3241634246110916		0.6483268492221832