Epoch	Duration				Loss Step Train			Loss Full Train			Loss Step Test			Loss Full Test
0		19.912935771018965		21.258026123046875		21.690663106307984		2.7330059043884276		5.466011808776855
1		19.712055080017308		19.599437713623047		19.67417245346069		1.9644086227416993		3.9288172454833985
2		20.13632919700467		14.774005889892578		14.77061515581131		1.5957311367034912		3.1914622734069824
3		20.330156376003288		13.00058364868164		13.196340152015686		1.4026768117904662		2.8053536235809324
4		19.94327646799502		12.06512451171875		12.185318920593263		1.630133417892456		3.260266835784912
5		20.876786577980965		16.666580200195312		15.70803440273285		1.079092522239685		2.15818504447937
6		20.38372035001521		13.169881820678711		12.863779426307678		1.4804002784729005		2.960800556945801
7		20.78313101499225		12.776750564575195		12.563178672294617		0.9985626363754272		1.9971252727508544
8		20.986650478997035		11.005110740661621		10.379640305480956		0.9966155025482177		1.9932310050964355
9		20.98631357398699		13.016453742980957		12.477856044883728		0.9970659316062928		1.9941318632125855
10		20.267100597993704		11.288480758666992		10.932312842254639		1.0259378177642822		2.0518756355285643
11		21.140460745984456		14.144073486328125		13.328870436172485		1.0018109659194947		2.0036219318389894
12		20.469370823993813		25.539432525634766		22.86285739545822		1.0603982573509216		2.1207965147018433
13		19.872583894000854		16.21437644958496		14.999308869934081		1.0031157174110412		2.0062314348220824
14		20.006665808992693		20.825870513916016		18.907159938774107		1.0422963161468506		2.084592632293701
15		20.844209763017716		25.97236442565918		23.32840208961487		0.9983696664810181		1.9967393329620362
16		19.995407730981242		41.507320404052734		38.91286657299042		1.1116620183944703		2.2233240367889406
17		19.969822298997315		21.3989315032959		20.699974703674318		1.002551809692383		2.005103619384766
18		20.132291515008546		40.88582992553711		39.398501824798586		1.0146513321876527		2.0293026643753054
19		20.224751493980875		21.9141902923584		20.31499984981537		1.0168622505187987		2.0337245010375975
20		20.003571588982595		34.56781005859375		31.795005477905274		1.1312808087348938		2.2625616174697876
21		20.39157939699362		30.508638381958008		29.864275706787108		1.1331837147712707		2.2663674295425413
22		21.114909263997106		62.95127487182617		60.42862328037262		1.3048294059753418		2.6096588119506836
23		19.699775119981496		45.7240104675293		43.82407009227753		1.0560868759155273		2.1121737518310546
24		19.650933672994142		70.43988800048828		63.88371142803192		0.9945366535186767		1.9890733070373534
25		20.187562037986936		81.78544616699219		72.53536372074127		0.9944383754730225		1.988876750946045
26		19.90027662902139		92.00785064697266		85.57796188720702		1.0864659362792968		2.1729318725585935
27		20.544429745001253		116.6764907836914		104.97052512924195		1.097841272354126		2.195682544708252
28		20.25525653900695		188.30380249023438		157.760535892601		1.3441434922218323		2.6882869844436645
29		21.098573374998523		329.2513732910156		297.1160494442177		1.008225637435913		2.016451274871826
30		20.402769823995186		131.8057098388672		122.24262164543151		1.03192593460083		2.06385186920166
31		20.22607822000282		227.24673461914062		205.7935214905548		1.0621344309806824		2.1242688619613648
32		20.962350738001987		217.29708862304688		192.5573982938385		0.9965857699394226		1.9931715398788452
33		20.57099699799437		368.5905456542969		325.93217219970705		1.5130683759689332		3.0261367519378664
34		19.850907278014347		779.6427612304688		724.7766823256684		1.0024026494979859		2.0048052989959717
35		20.095928719005315		808.1182250976562		684.0126068875503		1.0969238284111023		2.1938476568222045
36		20.77033344298252		775.9846801757812		676.8854990180969		0.9998390501022338		1.9996781002044677
37		20.590265740000177		272.64483642578125		248.8707913433075		0.9954181662559509		1.9908363325119018
38		20.555084605002776		448.2788391113281		407.31454813591006		0.9966320702552796		1.9932641405105591
39		20.465520837024087		633.89013671875		547.2705747120285		1.0002329565048218		2.0004659130096436
40		21.232587253005477		318.379638671875		267.11345458854674		1.0257298934936523		2.0514597869873046
41		20.66230245801853		580.3067626953125		468.6747813689804		0.9999495357513428		1.9998990715026856
42		19.84218290701392		567.6948852539062		483.5711070677948		1.1317443196296693		2.2634886392593385
43		19.981459745002212		1210.52294921875		1088.1526262915802		1.032300254058838		2.064600508117676
44		20.783034730004147		317.47918701171875		279.05562889511106		1.0006850894927979		2.0013701789855958
45		21.409796635998646		356.8231201171875		318.19635427444456		0.9943994881629944		1.9887989763259888
46		20.68800256898976		181.18482971191406		169.77724484825134		1.0246780161857605		2.049356032371521
47		20.195716349000577		406.4608154296875		387.24628458133697		0.9950293387413025		1.990058677482605
48		20.281356406980194		218.64439392089844		205.01522436958314		1.007551024055481		2.015102048110962
49		20.35927465101122		584.1664428710938		533.8641385451508		0.9944678520202637		1.9889357040405273
50		21.08618115200079		744.2092895507812		673.0454288819122		1.0066586420059205		2.013317284011841
51		21.3630533820251		1315.791748046875		1250.0107852215576		1.0394526237487793		2.0789052474975587
52		20.42357431698474		290.18438720703125		262.89259557556153		1.041482443714142		2.082964887428284
53		20.92662633501459		335.59326171875		303.82672671875		1.0147364377975463		2.0294728755950926
54		21.1969347409904		146.344482421875		132.84278040566446		1.0054394931793214		2.0108789863586427
55		19.978621121001197		278.12371826171875		238.92904063627242		1.0287927815437317		2.0575855630874633
56		21.19696165199275		631.6790771484375		564.4811650399399		1.0509343090057373		2.1018686180114745
57		19.958387069025775		1561.547119140625		1386.829932466774		0.9941396602630616		1.988279320526123
58		20.42521091699018		392.8604431152344		346.05835564712527		0.9966954727172852		1.9933909454345704
59		20.93523011598154		1408.8568115234375		1275.9602939761353		1.021525716114044		2.043051432228088
60		19.71509472699836		1573.9794921875		1391.8826059889602		0.9984889545440674		1.9969779090881348
61		20.245388587005436		278.09429931640625		269.9886356363487		0.9947682933807374		1.9895365867614747
62		19.84569558201474		672.2141723632812		600.2980398637771		1.3622259877204894		2.724451975440979
63		20.031438439997146		470.83258056640625		449.7411443393326		1.000338173675537		2.000676347351074
64		20.492173093982274		1276.755126953125		1138.8911846308135		1.1225172550201417		2.2450345100402833
65		20.920834133023163		1511.1551513671875		1311.9502762955474		1.0320919072151185		2.064183814430237
66		20.536400245997356		795.8770141601562		635.9879681469918		0.9997307287216186		1.9994614574432372
67		21.39331321499776		391.7118225097656		372.1763652945709		0.9954957543373107		1.9909915086746215
68		20.983713456022087		341.7478332519531		291.0205889776993		0.9955317038536072		1.9910634077072145
69		20.604561012005433		1072.2801513671875		971.0131922366332		1.0006464359283447		2.0012928718566894
70		20.563175619987305		600.665771484375		519.2380207868194		1.108395926475525		2.21679185295105
71		20.806628407997778		209.22789001464844		193.35212987571717		1.0416678807258606		2.083335761451721
72		21.481035228993278		469.206787109375		425.4502648006058		0.9986673519134521		1.9973347038269043
73		20.57481189398095		1279.0716552734375		1173.4140444957352		1.007314597415924		2.014629194831848
74		19.958479505992727		185.803955078125		166.19114056488038		1.0108148035049438		2.0216296070098876
75		20.317999605991645		422.59954833984375		372.6110524813461		0.9983642512321472		1.9967285024642945
76		19.819701745000202		842.5357666015625		743.3732990022278		1.0085108532905578		2.0170217065811156
77		20.739663843007293		799.3568725585938		683.0040297494697		1.0408568049430846		2.0817136098861693
78		20.772666864999337		453.3106994628906		381.06445873916624		1.0011255920410156		2.002251184082031
79		20.57074145998922		471.41082763671875		448.99866425498965		0.9975369508743286		1.9950739017486572
80		20.34915692298091		418.91485595703125		398.3416408876038		1.0223153636932374		2.0446307273864748
81		19.821274802001426		177.50511169433594		164.41990887924194		0.9975293989181518		1.9950587978363037
82		19.930001456988975		621.588623046875		523.3125896733475		1.0426609873771668		2.0853219747543337
83		19.60547311301343		819.2012329101562		716.000296579895		1.0141966464996337		2.0283932929992674
84		19.049104070989415		322.2439270019531		303.99053837150575		1.054598394393921		2.109196788787842
85		19.074580941000022		610.088134765625		567.3662590088653		1.01512630443573		2.03025260887146
86		19.145205920998706		440.46319580078125		389.13765065368653		1.1132764570236207		2.2265529140472413
87		19.076294921978842		544.2449340820312		497.6472594464111		1.0011831659317016		2.0023663318634033
88		19.010116358986124		691.6994018554688		632.3423440602875		1.0336648329734803		2.0673296659469607
89		18.942927778989542		434.6094970703125		377.4922498067093		1.1492368467330933		2.2984736934661867
90		19.183494099008385		155.63401794433594		136.505904137249		0.9945696615219116		1.9891393230438232
91		20.02778243701323		299.8829040527344		259.2980602683258		1.3341371092796326		2.668274218559265
92		20.112863040005323		338.48016357421875		298.3235010974312		0.9957306260108948		1.9914612520217896
93		20.702888728992548		524.8649291992188		464.65445932073595		1.2787308561325073		2.5574617122650145
94		21.106109141983325		1367.410400390625		1243.7053136541367		0.9945807424545288		1.9891614849090575
95		19.874169009999605		544.8114624023438		512.8556012999726		1.1692347946166992		2.3384695892333984
96		20.855253084999276		643.7645263671875		508.1680734021759		1.011523804950714		2.023047609901428
97		20.774133205995895		1286.958740234375		1119.0741355676842		1.0290885476112366		2.058177095222473
98		19.885228115977952		314.2239074707031		281.0269026364517		1.0157305000305177		2.0314610000610354
99		19.99024634101079		880.5109252929688		751.1999254001618		1.096419561767578		2.192839123535156
100		21.011408346996177		1371.48876953125		1211.3014192397309		1.003165823173523		2.006331646347046
101		20.238453998987097		768.1151123046875		643.198454352703		1.3039065306663513		2.6078130613327026
102		19.863762910012156		563.07763671875		505.78962956809045		1.1255397369384765		2.251079473876953
103		20.14310984799522		1047.0977783203125		1023.1921243819046		0.9955010970115662		1.9910021940231324
104		20.265915652998956		682.3272094726562		606.9916445082474		0.9952276111602784		1.9904552223205567
105		20.233401885983767		494.27081298828125		415.5926323016739		1.0155093925476075		2.031018785095215
106		20.655689304025145		460.8805847167969		409.25584798690795		1.0196787015914917		2.0393574031829833
107		20.29992571499315		620.53515625		566.6035374581528		1.0208559047698975		2.041711809539795
108		21.064309267007047		436.8730163574219		401.0675766178513		0.9975724056243896		1.9951448112487793
109		19.90190605900716		625.7591552734375		559.9520389855576		0.9943450041770935		1.988690008354187
110		20.29041444201721		238.7393798828125		200.11502750606536		0.9945254811286927		1.9890509622573853
111		21.193466917000478		400.0053405761719		345.1476840726471		1.2271549827575683		2.4543099655151366
112		20.583203235990368		635.8284301757812		596.892789116478		0.9949087339401245		1.989817467880249
113		21.201628725015325		2007.6141357421875		1785.5051046411513		1.0189637407302856		2.0379274814605712
114		20.526593263988616		305.8887939453125		264.67989611688614		1.072505372428894		2.145010744857788
115		20.782142528012628		299.4975891113281		270.87344026679995		1.0351143131256104		2.070228626251221
116		20.810454149002908		1128.856689453125		998.181098393135		1.055621916770935		2.11124383354187
117		20.157094241003506		711.3244018554688		619.1438434121704		1.095310797405243		2.190621594810486
118		20.077980856003705		367.6315002441406		326.5578489743042		1.0037187239646912		2.0074374479293824
119		20.32458183800918		1085.222900390625		1004.3882275732421		1.036873288822174		2.073746577644348
120		20.79282425501151		782.838134765625		670.29077609478		1.060966406440735		2.12193281288147
121		20.852457647997653		227.01744079589844		210.33493767562865		1.1307815645217896		2.261563129043579
122		20.457737793010892		577.2340087890625		511.8458839965439		1.4926634503364562		2.9853269006729124
123		20.950255659990944		306.70751953125		265.8556443969345		1.1075111558914184		2.2150223117828367
124		20.88900786198792		926.4299926757812		847.4978967754364		1.0132993831634522		2.0265987663269045
125		20.70385064999573		296.3055419921875		260.6546583902931		1.0971252069473267		2.1942504138946535
126		21.456006208987674		547.1121826171875		476.0127879087257		0.9979402988433838		1.9958805976867675
127		20.432735912007047		963.3453979492188		821.4642629977036		0.9985937828063964		1.9971875656127929
128		20.44914288300788		530.124267578125		483.1092207168579		1.0525686257362366		2.105137251472473
129		20.181425691000186		1068.204833984375		1021.5228255877877		0.996901999282837		1.993803998565674
130		20.45146247401135		458.5625		393.586202680006		1.2145774784088135		2.429154956817627
131		20.225221423985204		563.8748779296875		498.8599079732132		1.3813178248405455		2.762635649681091
132		20.09915822299081		646.71240234375		580.978471836586		1.0829535216331483		2.1659070432662966
133		20.05588850498316		542.745361328125		508.4088750207138		1.0062529500961304		2.0125059001922607
134		20.681961124995723		1597.6331787109375		1326.5055545332336		1.0377553503036498		2.0755107006072997
135		20.171723234001547		244.5514678955078		221.7408139442444		0.9972480913162232		1.9944961826324463
136		20.51932204599143		1112.41015625		993.0546462747956		1.2130304484367371		2.4260608968734743
137		20.04880037298426		568.0039672851562		522.5684456077767		1.0068416959762574		2.013683391952515
138		20.946717210987117		626.3906860351562		541.0477662369537		1.0106100032806395		2.021220006561279
139		20.19795630298904		879.596435546875		775.8189112988281		1.0157537433624269		2.0315074867248537
140		20.490659902978223		411.3184814453125		380.1567309863281		1.5672984718322753		3.1345969436645507
141		20.421738597011426		4086.2333984375		3499.490831770134		1.0529034346580506		2.105806869316101
142		21.490148067998234		1015.8837280273438		930.6282530334473		1.1075834646224976		2.215166929244995
143		19.954219628009014		959.6998901367188		856.0694290210724		1.0229738382339477		2.0459476764678954
144		20.315534683002625		1587.6109619140625		1298.8510953979492		1.0031157386779785		2.006231477355957
145		20.7228163999971		373.69891357421875		336.75276023574827		1.05380799036026		2.10761598072052
146		20.494810554984724		211.0309295654297		183.92347780483246		1.1060882340431213		2.2121764680862426
147		20.232195510994643		850.9781494140625		722.0878619898796		1.1127912467956542		2.2255824935913084
148		20.644378944998607		141.59983825683594		130.7000273883438		1.1536535020828247		2.3073070041656494
149		21.471760247979546		1235.600830078125		1176.2847514288712		1.0343224833488465		2.068644966697693
150		20.464810819015838		1213.771728515625		1030.0535815969085		1.029500396347046		2.059000792694092
151		20.776003351988038		629.7505493164062		546.3865599533463		1.025210147857666		2.050420295715332
152		20.42918318399461		853.3340454101562		722.1125488705826		1.3697255895614624		2.739451179122925
153		20.01503719302127		261.0208435058594		234.11933501842498		1.029233177947998		2.058466355895996
154		20.458294618991204		326.59234619140625		287.93537628578184		1.1269764150619508		2.2539528301239016
155		21.072165782999946		1113.7403564453125		1003.4883781346131		1.0401539571762084		2.080307914352417
156		20.444545100996038		397.30499267578125		359.16889615146636		0.9954998814582825		1.990999762916565
157		20.353136760997586		153.02655029296875		149.0633465385437		1.0225545318603515		2.045109063720703
158		20.182068687980063		1886.0028076171875		1713.3258952207184		1.050388561630249		2.100777123260498
159		20.485380122001516		1933.1768798828125		1637.4565604332734		1.011601305770874		2.023202611541748
160		21.37257643500925		696.7660522460938		602.9626090438461		1.023283519554138		2.046567039108276
161		20.838014940993162		456.03082275390625		438.86003555873873		1.0433280193328858		2.0866560386657715
162		20.208096652990207		441.7919616699219		392.4954174519157		1.0616141677856445		2.123228335571289
163		20.14746048001689		382.13494873046875		363.60192429023743		1.0071863319396972		2.0143726638793944
164		20.845325733011123		636.1939697265625		568.8600870990754		0.9953778728485108		1.9907557456970215
165		21.39894583800924		1900.396728515625		1577.9627868418122		1.1769074550628662		2.3538149101257324
166		21.160595566005213		1191.4456787109375		1014.8641305047989		0.9995408679962158		1.9990817359924316
167		20.130235618009465		367.7235412597656		311.3467501964188		1.0058938972473144		2.0117877944946287
168		20.185940980998566		943.6942138671875		803.3074202345276		1.0164813295364379		2.0329626590728758
169		20.171613935002824		273.00396728515625		244.00802320550918		1.0642641115188598		2.1285282230377196
170		20.43601381298504		737.5355224609375		644.4230790246583		1.014085348892212		2.028170697784424
171		20.110004713991657		210.02114868164062		190.64083821559905		0.9975184873580932		1.9950369747161865
172		19.967727498005843		545.43359375		457.6382809801483		1.0220721357345581		2.0441442714691163
173		20.112482550990535		2085.516845703125		1916.7012890630722		1.0377528484344483		2.0755056968688965
174		20.21811598399654		996.4501342773438		883.8645915682221		1.0521808898925782		2.1043617797851564
175		20.62106453999877		650.9306640625		588.7864233213044		0.996397710609436		1.992795421218872
176		20.96657538699219		610.7620239257812		553.6998545843505		0.9941470915794373		1.9882941831588745
177		21.190397639002185		647.0737915039062		589.085112758255		1.2023140409469604		2.4046280818939207
178		20.134634990012273		821.5548095703125		696.947267073288		1.5877973145484925		3.175594629096985
179		20.71808381099254		724.720703125		624.9016774494934		1.073790761756897		2.147581523513794
180		19.865480042994022		286.2911682128906		268.1234802111626		1.015282145690918		2.030564291381836
181		20.40072002200759		538.4376831054688		489.67173858371734		1.1086696161270142		2.2173392322540284
182		19.978261731012026		627.904541015625		573.1734144562912		1.0590348902702331		2.1180697805404662
183		20.678760366979986		805.4421997070312		785.673150768013		1.0007651805877686		2.0015303611755373
184		20.41941191101796		264.368408203125		230.14536954750062		1.002235485458374		2.004470970916748
185		20.274483900982887		541.837890625		500.6569880005646		1.086132549571991		2.172265099143982
186		20.657619779987726		1092.3690185546875		994.6367316811371		1.0011730242729187		2.0023460485458373
187		21.43765336999786		459.4001159667969		421.3467778556633		1.09804298248291		2.19608596496582
188		20.16331133901258		348.845947265625		297.40055458244325		1.0039151634216308		2.0078303268432616
189		20.249880843010033		2527.941162109375		2156.8594989136886		0.9953365973472595		1.990673194694519
190		20.178021539992187		408.67999267578125		394.6560272055435		0.9995207845687866		1.9990415691375731
191		20.14976133700111		843.4971923828125		759.3977064443302		1.0244360134124755		2.048872026824951
192		20.533803146972787		682.839599609375		646.1567117046357		1.0782676393508912		2.1565352787017824
193		20.363405400014017		465.7970275878906		448.85685919635773		1.1917628918647767		2.3835257837295534
194		20.14517452000291		2286.728271484375		2012.0752528204728		1.0106250583648682		2.0212501167297363
195		20.066771052021068		237.74671936035156		224.55864188274384		1.0002943388938903		2.0005886777877806
196		20.592925097997067		1148.4407958984375		1045.7861545120238		1.175461527633667		2.350923055267334
197		19.975919258984504		3041.201416015625		2511.05853405056		1.0500285673141478		2.1000571346282957
198		20.421001356007764		668.760498046875		575.7514760502053		1.1523327768325806		2.3046655536651612
199		20.107238438999048		428.7683410644531		400.9644610926056		1.0765064949035645		2.153012989807129
200		20.07737074099714		786.3367919921875		675.6483730420684		1.0229830214500428		2.0459660429000857
201		20.26340037799673		408.54962158203125		360.2615989501953		0.999297494316101		1.998594988632202
202		21.01185705399257		646.2155151367188		580.0609761196517		1.0072013929367065		2.014402785873413
203		20.336414185003377		626.7340087890625		545.889126706276		1.0687052018165588		2.1374104036331176
204		20.295817939011613		1280.177734375		1001.7180959867477		1.0004826179504394		2.0009652359008787
205		20.218089028989198		759.2976684570312		728.8511431849289		1.109629726791382		2.219259453582764
206		20.186319786997046		284.9469909667969		251.34798717451096		1.025946926021576		2.051893852043152
207		21.02045494900085		841.9890747070312		752.4081937336349		1.0101298086166381		2.0202596172332763
208		20.18961895199027		553.5018920898438		493.5963660392761		1.0235408701896667		2.0470817403793333
209		19.979134676977992		672.332275390625		644.9623205503846		1.0137309247016906		2.027461849403381
210		20.93195150201791		4196.54052734375		3711.775607428703		0.9950789093971253		1.9901578187942506
211		20.418553235998843		1124.2099609375		998.2899398996734		1.0363640669822693		2.0727281339645387
212		21.39638917101547		1012.7353515625		933.9308261349487		1.0778105576515198		2.1556211153030396
213		20.386788191011874		630.3338623046875		537.8528372232056		1.4392507502555847		2.8785015005111694
214		20.048308077995898		1003.5682373046875		885.7922856438446		0.9996988033294678		1.9993976066589356
215		20.09297518999665		154.0716094970703		142.47412057901383		1.0003059158325196		2.000611831665039
216		20.147234221018152		859.3875122070312		730.5744930101204		0.9970410918235779		1.9940821836471558
217		20.369888151995838		412.2682800292969		378.4431196428108		1.10480070104599		2.20960140209198
218		20.65942375198938		712.7109985351562		653.1181407021713		1.0294307317733764		2.058861463546753
219		20.734374966006726		957.0689086914062		846.2146449847412		1.0613172357559204		2.122634471511841
220		20.875718983006664		488.8471374511719		437.1916391601562		1.034769337749481		2.069538675498962
221		20.480030450009508		794.910888671875		668.7587825499535		1.0312840799331664		2.062568159866333
222		21.288259398017544		573.8605346679688		523.4146519516373		1.0297091814041137		2.0594183628082274
223		20.13985529198544		1143.41162109375		968.1828567398071		1.1704199066162109		2.3408398132324217
224		20.962404222023906		589.1814575195312		544.0603098917007		1.059452039051056		2.118904078102112
225		20.96553318001679		2871.82177734375		2402.408950727844		1.019501704788208		2.039003409576416
226		20.108343847998185		1245.08935546875		1122.4872954533769		0.9943321536064148		1.9886643072128296
227		20.849015490006423		627.6433715820312		532.2153857820321		0.9990467622756958		1.9980935245513916
228		20.17188680797699		1309.2705078125		1062.091929337387		1.0863458607673646		2.1726917215347292
229		20.406475036987104		651.1353149414062		591.2449911767959		1.011203446674347		2.022406893348694
230		20.174237666011322		1501.7620849609375		1166.7434274594116		1.0292972757339478		2.0585945514678956
231		21.066827773000114		792.99853515625		724.9973425996685		0.9968784969329834		1.9937569938659667
232		20.093294127000263		821.4724731445312		762.6825352523804		1.1486190441131592		2.2972380882263184
233		20.88574485600111		638.4821166992188		576.6749300164413		1.1586199105262756		2.317239821052551
234		20.42375196298235		885.1613159179688		758.3559305834198		1.225842842388153		2.451685684776306
235		20.148487500002375		1153.054443359375		934.2839388045502		1.3293550331115722		2.6587100662231444
236		20.519614068005467		781.919677734375		651.0322599117279		1.0011408611297608		2.0022817222595215
237		20.106709838000825		968.0502319335938		891.8650103927612		0.9944887140274048		1.9889774280548096
238		20.382166387018515		373.4604797363281		346.27184402910234		1.1239122796058654		2.2478245592117307
239		21.752767311001662		1150.3963623046875		989.8101354140091		1.2152322862625122		2.4304645725250245
240		20.626875401998404		913.569091796875		799.5291563215637		1.0307291861534118		2.0614583723068236
241		20.017725412006257		4198.9501953125		3437.004744111099		1.037916843700409		2.075833687400818
242		20.4838392540114		1825.29052734375		1555.8119430376435		1.0108814487457276		2.021762897491455
243		20.533523413992953		787.0875244140625		697.4824418641281		1.3153040378570557		2.6306080757141115
244		20.99282357201446		1104.1700439453125		1035.3709383981322		1.0043565496444702		2.0087130992889404
245		20.027868745004525		349.69720458984375		332.9665714083481		1.2262081866264343		2.4524163732528685
246		20.434660171013093		515.7984619140625		470.8112240938568		0.9955784311294555		1.991156862258911
247		20.44804820898571		510.3580322265625		439.2279845701599		0.994302923965454		1.988605847930908
248		20.635331729019526		763.6437377929688		684.7812456554223		1.0844352281570435		2.168870456314087
249		21.107593822991475		200.41729736328125		189.6197479609108		0.9981672941207885		1.996334588241577
250		21.507447527023032		774.258544921875		636.4709982518006		1.0719069420814513		2.1438138841629026
251		20.73133157301345		1405.5738525390625		1321.5025370333863		1.0086014574050903		2.0172029148101807
252		19.978752000024542		556.4301147460938		514.0928976616096		1.192799545097351		2.385599090194702
253		19.97690461401362		1055.3721923828125		963.1729155113792		1.1062874125480653		2.2125748250961306
254		20.00725893501658		634.077880859375		567.9791588532257		1.0061391366958619		2.0122782733917237
255		20.012897057982627		585.1209106445312		501.34863515140535		0.9942341552734375		1.988468310546875
256		19.957289034005953		429.1515808105469		403.4575932700348		0.998199771118164		1.996399542236328
257		20.502516681008274		534.8932495117188		476.5113784389687		1.0439142832756043		2.0878285665512086
258		20.421919137996156		533.6732788085938		445.192158153038		1.0619220719337463		2.1238441438674927
259		20.467461571010062		763.9209594726562		591.8015153730773		1.0049980236053466		2.0099960472106932
260		20.35501433099853		485.64849853515625		450.8413750993347		0.9945177680015564		1.989035536003113
261		20.071988787007285		726.6882934570312		645.2311741239929		0.9947687602996826		1.9895375205993653
262		20.12547471097787		525.0281982421875		419.2843011397171		0.9952524927139282		1.9905049854278565
263		20.436569270998007		729.358642578125		645.8345392738343		1.095852405643463		2.191704811286926
264		20.07074983100756		461.71063232421875		410.0084481059265		0.9946963424682618		1.9893926849365235
265		20.059944129985524		304.3504638671875		288.0208590073967		1.0061281782150269		2.0122563564300537
266		20.24901168400538		1381.6968994140625		1249.4531130272674		0.9995240640640258		1.9990481281280517
267		20.205268151999917		1244.54296875		1046.633011750717		0.9972892330169678		1.9945784660339356
268		20.039512426999863		691.4181518554688		595.3968023408127		1.2283545671463012		2.4567091342926024
269		20.104031189985108		1156.9744873046875		1063.8358537700653		1.067987564754486		2.135975129508972
270		19.99573268002132		724.9992065429688		645.2467819176483		1.1409442691802978		2.2818885383605956
271		20.0184957269812		3718.28271484375		3638.171213114586		1.1184968898773193		2.2369937797546386
272		19.987360267987242		841.2379150390625		754.4613430678177		1.0202436824798584		2.040487364959717
273		20.327439878019504		433.01434326171875		405.9483815850067		0.9991017984390259		1.9982035968780518
274		19.99080426598084		1218.6005859375		1151.3807905592728		1.1258085295677185		2.251617059135437
275		20.120419581013266		344.5250244140625		307.7542915782547		1.0030587188720703		2.0061174377441406
276		20.98014621200855		877.9163818359375		736.1800382382966		1.0107006757736205		2.021401351547241
277		20.90794562501833		1112.1910400390625		846.6167864289093		1.0011936109542847		2.0023872219085694
278		20.251428966003004		1607.986328125		1386.8480894236754		1.2967963393211366		2.593592678642273
279		20.099551824998343		218.67941284179688		189.78083710224152		1.0078800502777099		2.0157601005554198
280		20.093945778993657		1473.278564453125		1360.477917232971		1.083455122756958		2.166910245513916
281		20.39731425899663		1006.1856689453125		850.9677447051239		0.9975382586479187		1.9950765172958373
282		20.299222607980482		2578.979736328125		2370.6511372006225		0.9953357923507691		1.9906715847015382
283		20.046982790983748		642.71923828125		588.0737527472687		1.0491556255340577		2.0983112510681154
284		20.742434945015702		316.8116760253906		298.4712357128525		1.1450859566688538		2.2901719133377076
285		20.070618329016725		649.4271240234375		573.7681786267472		1.017289586353302		2.034579172706604
286		21.03833723301068		1286.6453857421875		1218.0675650815201		1.0197731006622315		2.039546201324463
287		20.575440259010065		862.0870971679688		827.0897695464325		1.1162072576522828		2.2324145153045656
288		21.24117775799823		2670.89990234375		2186.476237018948		1.061046831035614		2.122093662071228
289		20.095391151000513		826.0733642578125		709.9331453841019		1.0186629589080811		2.0373259178161622
290		19.940838095004437		1519.5794677734375		1295.4691483220672		1.0225438051223754		2.045087610244751
291		20.458578821009723		3032.559814453125		2593.7589964323424		0.9943474538803101		1.9886949077606202
292		20.191824377980083		1132.495849609375		958.8964353086091		1.0101277551651		2.0202555103302
293		20.408541785000125		2215.6806640625		2032.4060732431794		1.0816572191238403		2.1633144382476805
294		20.13188928499585		1289.6041259765625		1187.3462835549926		1.0599328687667846		2.119865737533569
295		20.865105942997616		592.136474609375		548.194886194458		1.07901872549057		2.15803745098114
296		21.040808186022332		309.9020080566406		265.93067622959137		1.0102242588043213		2.0204485176086426
297		20.804360352020012		631.8366088867188		529.7124616241837		1.0710580731391908		2.1421161462783815
298		21.355510907014832		905.3986206054688		823.6830331735993		1.0508939054489135		2.101787810897827
299		20.13215762100299		501.82342529296875		430.86877230342867		0.9959812128067017		1.9919624256134034
300		20.214330325019546		653.6333618164062		559.0793076555633		1.2092419043540954		2.418483808708191
301		20.406263605022104		1484.3056640625		1284.0578887231445		0.9988341214179993		1.9976682428359986
302		20.222677129000658		748.6249389648438		716.296909865036		1.0007870363235474		2.0015740726470947
303		20.753286911000032		1324.8419189453125		1107.458540739746		0.998398546218872		1.996797092437744
304		20.175452483003028		2156.48046875		1990.7651061338042		1.0047262414932252		2.0094524829864504
305		20.360371135000605		1058.2198486328125		887.1217105595398		1.0405303275108337		2.0810606550216675
306		20.929722425993532		483.74462890625		433.234056235981		1.0719245164871216		2.1438490329742432
307		20.01829945499776		245.38491821289062		226.27804372505187		1.0968241116523743		2.1936482233047485
308		20.300706959009403		2601.253173828125		2194.2144240389252		1.0233831367492676		2.0467662734985352
309		20.053726593992906		688.1445922851562		630.1886927882385		1.0196330239295959		2.0392660478591917
310		20.76554146100534		1009.6715087890625		904.7342691579437		0.9948641430854798		1.9897282861709595
311		20.36689686999307		1071.40966796875		960.662100469246		1.0064532567024231		2.0129065134048463
312		20.998918937984854		795.3141479492188		665.3277770815278		1.001890649986267		2.003781299972534
313		20.686326839000685		2749.18359375		2534.286999776535		1.0071054790496827		2.0142109580993655
314		20.401151480997214		1531.8831787109375		1278.2177274274063		1.2304946071624756		2.460989214324951
315		20.344246863998706		434.5543518066406		405.27397797203065		1.1043315412521362		2.2086630825042723
316		20.903854797012173		440.0803527832031		385.34504670051575		0.9979867868423462		1.9959735736846924
317		20.286042435996933		818.630126953125		762.2946588842392		1.0794447679519654		2.158889535903931
318		20.28837761300383		1023.033203125		905.4832275247193		1.0290344267845153		2.0580688535690306
319		20.348858960001962		382.15325927734375		345.35525350517275		1.1245504769325256		2.2491009538650513
320		20.252681326994207		377.8564758300781		352.7452897220993		0.9942842150688171		1.9885684301376343
321		20.528529047995107		1171.27099609375		1025.61849249897		0.9977137676239014		1.9954275352478028
322		19.993322843016358		1434.7978515625		1365.3517092710113		1.1493282480239868		2.2986564960479736
323		20.494679590017768		710.9684448242188		626.812868258667		1.0336833099365235		2.067366619873047
324		20.235199946997454		1082.49853515625		919.2112898278045		0.999512110710144		1.999024221420288
325		20.479669224005193		534.5885620117188		486.0399591079712		0.9991985334396363		1.9983970668792725
326		20.11375556400162		153.97756958007812		139.80221269138337		0.9941670042991638		1.9883340085983277
327		20.059355937002692		1222.5538330078125		1079.2438681476592		1.0050596832275391		2.0101193664550783
328		20.106531376979547		484.0568542480469		411.8630283937454		1.0184076484680176		2.036815296936035
329		20.3680641700048		1568.313232421875		1274.3030915779113		1.0058355690956116		2.011671138191223
330		20.478215102979448		1107.716552734375		971.602896139145		1.083420996952057		2.166841993904114
331		20.06839630700415		1037.4534912109375		976.4120248403931		1.020044620704651		2.040089241409302
332		20.224719691002974		767.2218017578125		714.7170785860443		1.0006171876907348		2.0012343753814696
333		20.175271785003133		539.462158203125		484.67445410690306		1.049768796634674		2.099537593269348
334		20.680397001997335		641.3241577148438		600.9105685861015		0.999933890914917		1.999867781829834
335		20.30691584001761		1343.0767822265625		1237.5928264647675		1.0364573930740357		2.0729147861480715
336		20.826603666995652		1232.7578125		1103.024354195633		1.0778346739768982		2.1556693479537965
337		20.386576185002923		834.5829467773438		789.6009089195252		1.019234529399872		2.038469058799744
338		20.17994770401856		931.1776733398438		866.7811535990905		1.0010556776046753		2.0021113552093506
339		20.006119617028162		1903.3636474609375		1674.743266307907		0.9972402021408081		1.9944804042816162
340		20.5729519680026		1658.1881103515625		1445.751871987152		1.0023725852012635		2.004745170402527
341		21.606718568014912		522.7406616210938		477.4709412668228		1.0275393963813781		2.0550787927627563
342		20.14178169501247		1378.0164794921875		1222.2382852872468		1.000807234954834		2.001614469909668
343		20.13910578400828		728.0911254882812		588.135543136177		1.0092108394622803		2.0184216789245606
344		20.214237801003037		2055.802001953125		1655.430138055191		0.9951207721710205		1.990241544342041
345		19.981342484999914		3938.76171875		3655.159262734909		1.1324144580841065		2.264828916168213
346		19.971451838995563		462.5534973144531		440.52669977851866		1.110499061870575		2.22099812374115
347		20.022346693993313		763.3430786132812		601.5314913063812		1.10807934217453		2.21615868434906
348		20.442147199006286		507.87628173828125		467.4001296153259		1.0105366548538208		2.0210733097076417
349		20.252978083997732		597.0645751953125		530.2693302798461		0.9954375461578369		1.9908750923156737
350		21.341838699998334		2049.957275390625		1822.8629241712952		0.9952166222572326		1.9904332445144652
351		20.369677189999493		737.0994262695312		649.5450124723816		1.1382067038536072		2.2764134077072145
352		20.33948267600499		361.4117431640625		331.2182826079178		1.1345566944122314		2.269113388824463
353		20.581031936977524		467.7278137207031		413.4924855860901		1.002011720943451		2.004023441886902
354		20.06957836501533		726.1486206054688		679.0204631469345		0.999768013381958		1.999536026763916
355		20.324762201984413		1566.8056640625		1401.2391586276626		1.0503597168922425		2.100719433784485
356		20.2160834390088		536.7811889648438		474.1471326474762		1.043184520816803		2.086369041633606
357		20.6133258259797		279.9833984375		258.75585705833436		0.9954661558151245		1.990932311630249
358		20.090098312008195		521.3287353515625		450.03207679962156		0.9956621153831482		1.9913242307662964
359		20.087373588990886		655.0814819335938		543.4440486932373		1.0196708936691283		2.0393417873382567
360		20.11000447400147		715.3806762695312		688.504993722496		1.0132679306030274		2.026535861206055
361		20.03345557700959		542.927734375		477.7798846421051		1.0717572511672973		2.1435145023345945
362		20.033723334985552		1085.176025390625		1037.5861787812423		1.0383463592529296		2.0766927185058592
363		20.703826122975443		590.4116821289062		553.1315900657654		1.0664533759117127		2.1329067518234255
364		20.135419904021546		706.5136108398438		606.6894507956505		1.0195821367263793		2.0391642734527586
365		20.80044191799243		2330.853271484375		2253.431721847763		1.0078685722351075		2.015737144470215
366		20.8352044490166		1280.9873046875		1093.5121293637085		0.9952351006507874		1.9904702013015747
367		20.29303848798736		680.0772094726562		621.8089272312164		1.0646270971298217		2.1292541942596435
368		20.059333022974897		1336.2974853515625		1164.3671091242982		1.1336337401390075		2.267267480278015
369		20.151151576981647		739.3406982421875		646.7561856155396		1.0285185583114624		2.057037116622925
370		20.025848339981167		2843.525146484375		2290.502051649017		0.9971704299926758		1.9943408599853516
371		20.011454804014647		2217.091064453125		2052.2705531137085		1.0639945961952209		2.1279891923904417
372		20.20645344699733		796.6028442382812		693.6658801424408		0.9974322307586669		1.9948644615173339
373		20.35686761699617		2089.8974609375		1899.679904210663		1.040996840572357		2.081993681144714
374		19.892957518983167		1084.56982421875		940.5186557371139		0.9946184541702271		1.9892369083404542
375		19.89452633401379		953.6669921875		843.3561502135467		1.0097361833572387		2.0194723667144774
376		20.15264755001408		973.7142944335938		933.4344404039764		1.0506303340911864		2.101260668182373
377		20.54851740199956		1232.513671875		1114.6608447042847		1.0213382201194763		2.0426764402389526
378		20.79714458200033		806.2711181640625		726.249609482193		0.9975842825889587		1.9951685651779174
379		21.091778723988682		494.93646240234375		411.35955829978946		0.9943586862564087		1.9887173725128173
380		19.944144940003753		528.5370483398438		476.46334402526855		0.9974481758117676		1.9948963516235352
381		21.06044049601769		1499.5159912109375		1361.4588581557846		1.0046700357437133		2.0093400714874265
382		19.985186119010905		1001.1072387695312		840.0586486883163		0.9967095211029052		1.9934190422058105
383		20.002758094022283		1231.5963134765625		1028.8861883637237		1.0230921490669251		2.0461842981338503
384		20.60586189798778		732.257568359375		679.1833441233825		1.01361246137619		2.02722492275238
385		20.9515939289995		943.1785888671875		856.922127442131		1.203493181991577		2.406986363983154
386		20.11287467100192		1139.31005859375		960.3099233389663		0.9939104839324951		1.9878209678649903
387		20.99307523999596		541.7092895507812		514.1108655119324		1.120076078414917		2.240152156829834
388		20.26669435200165		905.8948364257812		779.6655415253448		1.0263539890289306		2.052707978057861
389		20.577606250008103		601.9312133789062		530.1421981278229		0.9944130162239074		1.9888260324478149
390		20.56113506501424		1677.2564697265625		1432.7782584732818		1.080837212562561		2.161674425125122
391		20.190086300019175		728.69189453125		639.8283116139984		1.187551962184906		2.375103924369812
392		20.06326204200741		942.3383178710938		831.9041338799286		1.0951248028755187		2.1902496057510374
393		20.221767523995368		499.0035095214844		457.004419453125		1.0055262895584107		2.0110525791168214
394		20.337365320010576		35.58008575439453		42.63131163063049		0.9258126864433288		1.8516253728866576
395		20.179968142008875		6.604270935058594		10.74284461013794		0.8600894694328308		1.7201789388656616
396		20.05876807300956		2.479691505432129		3.4812886975479125		0.7691871747970581		1.5383743495941162
397		20.012894646002678		2.255431652069092		2.9512742876815796		0.7238448406219482		1.4476896812438964
398		20.303078917000676		2.0339136123657227		2.6751389315414427		0.6966207948684693		1.3932415897369386
399		20.41080214601243		2.050605058670044		2.657276658782959		0.7146003796577454		1.4292007593154907
400		20.30867468798533		2.002410650253296		2.5982861845779417		0.6665220748901367		1.3330441497802734
401		20.34105605399236		1.8822880983352661		2.4646373312759398		0.6835255993366242		1.3670511986732483
402		20.506134463998023		2.119779109954834		2.6773809534835817		0.7448636656284332		1.4897273312568664
403		20.42274020300829		1.8165823221206665		2.3664332365989686		0.7061025896072388		1.4122051792144776
404		19.933581477002008		1.840592622756958		2.3731620477867126		0.6207848851680755		1.241569770336151
405		20.335740808979608		1.7013545036315918		2.2381788459777834		0.5918595527172089		1.1837191054344178
406		20.21829937401344		1.9420135021209717		2.463006042919159		0.602641830778122		1.205283661556244
407		20.196951845980948		1.709991693496704		2.2343763528823852		0.562750345993042		1.125500691986084
408		20.216215164982714		1.6594035625457764		2.1864474880599976		0.5592704971551895		1.118540994310379
409		20.927644951996626		1.801748275756836		2.3177004641342163		0.5704057112216949		1.1408114224433898
410		20.220894750003936		1.784289002418518		2.2888452861213686		0.5849681040287018		1.1699362080574036
411		20.338169571972685		1.6764576435089111		2.1834767054367066		0.5574311437129974		1.1148622874259948
412		20.085494257014943		1.7819350957870483		2.287568345031738		0.6480585806369782		1.2961171612739564
413		20.642274123005336		1.63945734500885		2.141610748195648		0.5444630757093429		1.0889261514186859
414		20.154671191994566		1.5824005603790283		2.085290871810913		0.5609401356697082		1.1218802713394165
415		20.516327262012055		1.7041465044021606		2.19394600610733		0.5388796466112137		1.0777592932224274
416		20.35407766100252		1.6319684982299805		2.124719556541443		0.5665286087036133		1.1330572174072266
417		20.064068459992995		1.8204861879348755		2.2920010077667237		0.5111802629709243		1.0223605259418487
418		20.29415221698582		1.605056643486023		2.0861646666145326		0.5828645588874817		1.1657291177749634
419		20.113917581998976		1.636963963508606		2.115375418357849		0.5197205109119415		1.039441021823883
420		20.650734163995367		1.6915669441223145		2.1593093431472776		0.6790983839988709		1.3581967679977418
421		20.94137231100467		1.637886881828308		2.1142309495544436		0.5874582298755646		1.1749164597511292
422		20.637255488021765		1.7012463808059692		2.1814474802398682		0.49143510847091676		0.9828702169418335
423		21.025463852012763		1.5249345302581787		2.0024241147613524		0.5618560902118683		1.1237121804237367
424		20.58243791697896		1.6875786781311035		2.149502151298523		0.6173747993469239		1.2347495986938477
425		20.767878971004393		1.4979122877120972		1.964718335647583		0.50984920732975		1.0196984146595
426		20.690178828983335		1.6004185676574707		2.0595355163383484		0.5299042365550994		1.0598084731101989
427		20.312113973981468		1.529737949371338		1.996915166168213		0.5482740457296371		1.0965480914592742
428		20.673932759003947		1.592368245124817		2.0585403663635256		0.5545177588939667		1.1090355177879334
429		19.574273489008192		1.6626157760620117		2.1132948427200318		0.5167843822956085		1.033568764591217
430		19.135276469984092		1.6953240633010864		2.1498798124313354		0.5070363354682922		1.0140726709365844
431		19.13987038997584		1.5092031955718994		1.9749759568595886		0.4824922242641449		0.9649844485282898
432		19.266551338980207		1.5438246726989746		2.0040282306480406		0.5618472481250762		1.1236944962501525
433		19.185549227986485		1.5346627235412598		1.9909517913627623		0.4674373994588852		0.9348747989177704
434		19.520319141010987		1.5437755584716797		2.0081914010810853		0.5813386160850524		1.1626772321701049
435		19.223553313000593		1.4943122863769531		1.9547465305900573		0.5963257835149764		1.192651567029953
436		19.811679600010393		1.616963505744934		2.074504372997284		0.4885016971111298		0.9770033942222596
437		20.818103209981928		1.4235963821411133		1.8960212378120422		0.47151340594291685		0.9430268118858337
438		21.658518538984936		1.6208932399749756		2.0746301560783387		0.4717338088750839		0.9434676177501679
439		21.745170957001392		1.4916611909866333		1.953191532421112		0.46064961810112		0.92129923620224
440		21.733863927976927		1.543879747390747		1.9975296817016601		0.451274956703186		0.902549913406372
441		21.79859114799183		1.5053836107254028		1.961326473388672		0.4700561215400696		0.9401122430801392
442		21.894053723022807		1.7438253164291382		2.180634767398834		0.5144148024082184		1.0288296048164367
443		20.48450299401884		1.5563735961914062		2.012147080898285		0.4674741389036179		0.9349482778072358
444		21.60326439200435		1.4929711818695068		1.9501773402786255		0.4989810249567032		0.9979620499134064
445		21.939525519992458		1.4270416498184204		1.8928070604133607		0.47296831159591673		0.9459366231918335
446		21.82885650501703		1.6265050172805786		2.0796211009979246		0.47423129856586455		0.9484625971317291
447		20.96752443999867		1.4562371969223022		1.9132463998603821		0.4845931709051132		0.9691863418102264
448		20.2566343669896		1.632458209991455		2.0765148794937134		0.4500697612762451		0.9001395225524902
449		21.95562565998989		1.4951857328414917		1.9518995991516113		0.4425917064666748		0.8851834129333496
450		21.768593817017972		1.6572736501693726		2.0942905583763123		0.441691521191597		0.883383042383194
451		21.80602939100936		1.4911226034164429		1.9439789156150817		0.43095949354171753		0.8619189870834351
452		21.713849386986112		1.5935697555541992		2.0398064358901977		0.5927018575191498		1.1854037150382997
453		21.738306966988603		1.5088775157928467		1.968291090965271		0.5214351786613465		1.042870357322693
454		21.542390523973154		1.3962221145629883		1.8611661046791077		0.43738834002017973		0.8747766800403595
455		21.55168681399664		1.4646754264831543		1.9225873576927186		0.42667766952514646		0.8533553390502929
456		21.382514291006373		1.4864263534545898		1.9486757356452942		0.42874277119636534		0.8574855423927307
457		19.577497574005974		1.416590690612793		1.8762658832359314		0.4351124208688736		0.8702248417377472
458		21.002374062984018		1.5048242807388306		1.9619445460510254		0.4375665888309479		0.8751331776618958
459		21.4983190310013		1.4701159000396729		1.9278960474777223		0.5610894716739655		1.122178943347931
460		21.649404622003203		1.4563485383987427		1.9166630132484437		0.4293711238145828		0.8587422476291656
461		21.818400680000195		1.6319135427474976		2.071157065849304		0.490082487154007		0.980164974308014
462		21.58597721499973		1.5153841972351074		1.968329153995514		0.4828435923099518		0.9656871846199035
463		21.58020196799771		1.5181163549423218		1.9747350292015076		0.6101419692993164		1.2202839385986328
464		21.53500521197566		1.665799617767334		2.109970796661377		0.4287282523870468		0.8574565047740936
465		21.560224178014323		1.4621912240982056		1.919796610069275		0.4878572500705719		0.9757145001411438
466		20.992597389005823		1.6194474697113037		2.070397847633362		0.43734159615039825		0.8746831923007965
467		21.542351103009423		1.5395487546920776		1.9940176609992981		0.4182792068719864		0.8365584137439728
468		21.61354865701287		1.477868676185608		1.9283230624961853		0.42552933864593506		0.8510586772918701
469		21.747348136996152		1.4567136764526367		1.9089735814857482		0.42082448933124544		0.8416489786624909
470		21.822802159993444		1.5259907245635986		1.9781019685173036		0.450554276061058		0.901108552122116
471		21.84546514999238		1.5241934061050415		1.9801615297698976		0.43626886394023895		0.8725377278804779
472		21.757781381020322		1.4413964748382568		1.8996427535057068		0.4490694993019104		0.8981389986038208
473		21.55237911301083		1.447845220565796		1.901965968208313		0.44358350641727445		0.8871670128345489
474		21.621366327017313		1.4391777515411377		1.892674407234192		0.43551507697105407		0.8710301539421081
475		21.742810237017693		1.5382496118545532		1.9933477146530152		0.4214177204847336		0.8428354409694672
476		21.681696879997617		1.4386481046676636		1.8927576843452454		0.4447562821865082		0.8895125643730164
477		21.756578650994925		1.5953471660614014		2.0491959880065918		0.4193871747970581		0.8387743495941162
478		21.711209131986834		1.4927749633789062		1.9452071127891541		0.46210376987457275		0.9242075397491455
479		21.687675445980858		1.4117857217788696		1.872249868297577		0.45285842235088347		0.9057168447017669
480		21.413330166978994		1.3778645992279053		1.8357767514801024		0.45738958044052125		0.9147791608810425
481		21.62838759398437		1.5189087390899658		1.9763057370948791		0.44865126762390134		0.8973025352478027
482		21.555821232002927		1.4102797508239746		1.8636096772766113		0.4168330591440201		0.8336661182880402
483		21.640245768008754		1.4374662637710571		1.8921589119529725		0.4282132043123245		0.856426408624649
484		21.218068970978493		1.4896703958511353		1.933978251247406		0.4390511210680008		0.8781022421360016
485		21.837926765991142		1.3422144651412964		1.80718265291214		0.4063024931669235		0.812604986333847
486		21.735937267978443		1.5797117948532104		2.0273911751174927		0.4244324376344681		0.8488648752689362
487		20.21982572399429		1.4157150983810425		1.8739429814529418		0.41931097478866575		0.8386219495773315
488		20.89028171802056		1.5782160758972168		2.0252601122665403		0.4461419998407364		0.8922839996814728
489		21.920890378009062		1.470658540725708		1.9246976867485046		0.4038213089704514		0.8076426179409028
490		21.90687862300547		1.4723399877548218		1.925285149307251		0.434617923951149		0.869235847902298
491		21.716524972987827		1.5018482208251953		1.9549700436782838		0.439239170217514		0.878478340435028
492		21.663390514004277		1.465499758720398		1.914106453590393		0.4193106572151184		0.8386213144302368
493		21.606087585998466		1.5988558530807495		2.0194632423019407		0.40678578209877014		0.8135715641975403
494		21.6908073379891		1.4382904767990112		1.8973534925270081		0.412963512468338		0.825927024936676
495		21.657559835002758		1.40139639377594		1.860807439289093		0.5085844994783402		1.0171689989566803
496		21.622102523979265		1.5269813537597656		1.975896737098694		0.41157312228679654		0.8231462445735931
497		21.508652090007672		1.5226631164550781		1.9729384171485902		0.5373589515447617		1.0747179030895233
498		21.574451603984926		1.418667197227478		1.877089294834137		0.48773478996753694		0.9754695799350739
499		21.55806919099996		1.4540157318115234		1.9117291161727905		0.435469731926918		0.870939463853836
500		21.638234578014817		1.4633700847625732		1.919271113357544		0.49204520976543425		0.9840904195308685
501		21.72863366699312		1.4013071060180664		1.8603939381217958		0.40039459853172304		0.8007891970634461
502		21.748377887008246		1.493725061416626		1.9486097032928467		0.3962842995166779		0.7925685990333557
503		21.635934507008642		1.4713258743286133		1.920777077064514		0.39819813055992126		0.7963962611198425
504		21.704636459995527		1.375396966934204		1.83744357339859		0.4271361388206482		0.8542722776412964
505		21.712369230022887		1.5415985584259033		1.9871139010810852		0.40343326046466826		0.8068665209293365
506		21.16620233299909		1.3157968521118164		1.779914780769348		0.48384461903572085		0.9676892380714417
507		21.630087770987302		1.4249752759933472		1.8796198894119263		0.39658681144714353		0.7931736228942871
508		21.74945513100829		1.4221198558807373		1.877125123500824		0.7931455834388733		1.5862911668777466
509		21.75934478500858		1.5499536991119385		2.004234924621582		0.40340248391628264		0.8068049678325653
510		21.89689414500026		1.405501365661621		1.8616126509284974		0.42829627883434296		0.8565925576686859
511		21.899258621997433		1.4871799945831299		1.9443166880226135		0.3907711409807205		0.781542281961441
512		21.713995233993046		1.4322611093521118		1.8881591940879823		0.40754961054325106		0.8150992210865021
513		21.62612760500633		1.4929267168045044		1.947703044281006		0.4559616025209427		0.9119232050418854
514		21.617353088979144		1.4042621850967407		1.8551947301483154		0.41681641387939455		0.8336328277587891
515		21.73139689999516		1.430395245552063		1.8803594374275208		0.3899250169754028		0.7798500339508057
516		21.77077030399232		1.4665416479110718		1.917711675453186		0.3976600075244904		0.7953200150489808
517		21.71218222900643		1.3863519430160522		1.8482877511405944		0.4554667676448822		0.9109335352897644
518		21.717008766019717		1.4207903146743774		1.87933202501297		0.4645442334651947		0.9290884669303894
519		21.787097926979186		1.3910677433013916		1.8530587320899963		0.42348925795555115		0.8469785159111023
520		21.657253045006655		1.4941729307174683		1.9463754628181458		0.41108457210063937		0.8221691442012787
521		21.798636477004038		1.5604448318481445		2.018989703140259		0.39074119524955747		0.7814823904991149
522		21.80078937500366		1.361232876777649		1.8188855390357972		0.38610939989089965		0.7722187997817993
523		21.297351440007333		1.4908747673034668		1.9397439299201966		0.4159670598268509		0.8319341196537018
524		21.828706780012		1.335626244544983		1.7920574696922302		0.40254604568481445		0.8050920913696289
525		21.91165929098497		1.4395227432250977		1.8916384089660645		0.394614635014534		0.789229270029068
526		21.47680728600244		1.391739010810852		1.8463615700912475		0.3976014502048492		0.7952029004096984
527		21.560596701019676		1.4118871688842773		1.867881234550476		0.38577388694286346		0.7715477738857269
528		21.58365508701536		1.3606864213943481		1.826419623889923		0.40105421323776247		0.8021084264755249
529		21.663349907990778		1.3437914848327637		1.7916627876281739		0.3915798280239105		0.783159656047821
530		21.78075538901612		1.4845466613769531		1.93659548122406		0.4001760284900665		0.800352056980133
531		21.556949932011776		1.3623337745666504		1.8219421801567077		0.38524861972332003		0.7704972394466401
532		21.63078502798453		1.4079562425613403		1.8578192684936523		0.5804116393327713		1.1608232786655426
533		21.708514118014136		1.4961693286895752		1.9476422137451173		0.44851498863697054		0.8970299772739411
534		21.934440260985866		1.3909833431243896		1.8422514195632935		0.4971248968362808		0.9942497936725616
535		20.389697220001835		1.4139602184295654		1.8672112534713745		0.4231630994319916		0.8463261988639832
536		19.609764499997254		1.408937931060791		1.8613721911048888		0.38149106271266936		0.7629821254253387
537		19.41211520100478		1.4031020402908325		1.8606271529006957		0.4069421850681305		0.813884370136261
538		19.446004945988534		1.4730218648910522		1.9230166818618775		0.3853073524236679		0.7706147048473359
539		20.261604125000304		1.364463210105896		1.8168773341369628		0.38619655208587644		0.7723931041717529
540		21.576301267021336		1.4687806367874146		1.9206570676994323		0.430269701552391		0.860539403104782
541		21.607324648997746		1.5103046894073486		1.9556743390464784		0.39543372433185575		0.7908674486637115
542		21.35034315500525		1.3310104608535767		1.7858955945396424		0.3853446859121323		0.7706893718242646
543		19.466851139994105		1.3640391826629639		1.8167900339126586		0.4055701527357101		0.8111403054714202
544		21.606745971977944		1.4183738231658936		1.8781378042221069		0.3902758044242859		0.7805516088485718
545		21.66972173101385		1.5819460153579712		2.0194130181121825		0.3836020087480545		0.767204017496109
546		21.564266829984263		1.3475205898284912		1.8035206372451782		0.3872013053894043		0.7744026107788086
547		21.614516061992617		1.4215928316116333		1.8690677548408507		0.4649303322792053		0.9298606645584107
548		21.70684390500537		1.4245843887329102		1.8825035478019714		0.3793070324063301		0.7586140648126602
549		21.608806128992		1.4170323610305786		1.8674282434368135		0.402993307185173		0.805986614370346
550		21.625474231987027		1.4394818544387817		1.8963368852424622		0.3904110551834106		0.7808221103668213
551		21.586714511999162		1.373237133026123		1.824007937927246		0.38049719215631483		0.7609943843126297
552		21.61668306699721		1.4316068887710571		1.8756666479301454		0.4568298591136932		0.9136597182273865
553		21.52011340399622		1.3904069662094116		1.84559256023407		0.397113614153862		0.794227228307724
554		21.610036257014144		1.4908275604248047		1.9400122662734984		0.4085092780709267		0.8170185561418534
555		21.719511996983783		1.3571183681488037		1.8117346048736571		0.3865797799348831		0.7731595598697663
556		21.595734066999285		1.4871785640716553		1.939345423221588		0.4852446627378464		0.9704893254756928
557		21.83394114501425		1.4107452630996704		1.8607119911766052		0.4603718274831772		0.9207436549663544
558		20.154956047976157		1.3641266822814941		1.8121195168685913		0.4161948914766312		0.8323897829532624
559		21.184203748998698		1.5022097826004028		1.9428605338096618		0.4228238036632538		0.8456476073265076
560		21.894584748981288		1.440199375152588		1.895107100982666		0.44432248336076735		0.8886449667215347
561		21.763718164002057		1.3905799388885498		1.8491018554878236		0.38930944311618804		0.7786188862323761
562		21.20460793201346		1.333414912223816		1.7875358166885376		0.381532377910614		0.763064755821228
563		20.97252938899328		1.3895373344421387		1.8408295506858825		0.5843258060455322		1.1686516120910644
564		21.905915481009288		1.4733577966690063		1.9239402395057679		0.4016814471721649		0.8033628943443298
565		21.86173781901016		1.3302363157272339		1.7920519606208802		0.3745604228973389		0.7491208457946777
566		21.817736575991148		1.3492351770401		1.8043205750846862		0.3815756801247597		0.7631513602495194
567		21.540082446997985		1.3065154552459717		1.7679880178642273		0.3793831488370895		0.758766297674179
568		19.37715007501538		1.3856080770492554		1.8404001264190675		0.48354836909770965		0.9670967381954193
569		19.26952720200643		1.3179571628570557		1.7801543062114715		0.38548715624809266		0.7709743124961853
570		19.112186576996464		1.3806383609771729		1.8343458960914611		0.376268257856369		0.752536515712738
571		19.191186240990646		1.3769463300704956		1.8355652462863923		0.39363513951301576		0.7872702790260315
572		19.186736231989926		1.4224568605422974		1.8716853299331666		0.48749842960834505		0.9749968592166901
573		19.200560169003438		1.3173184394836426		1.7717282122039795		0.372523211479187		0.745046422958374
574		19.167975231976015		1.4025828838348389		1.8594065761375427		0.38048625314235685		0.7609725062847137
575		19.617683698015753		1.5757579803466797		2.0099862792778014		0.3746198806524277		0.7492397613048554
576		20.119909177999943		1.2953656911849976		1.752624247894287		0.42277592494487765		0.8455518498897553
577		21.42248359200312		1.468658208847046		1.912927689037323		0.4285970894575119		0.8571941789150238
578		21.487482313998044		1.36739182472229		1.821889975681305		0.3792280141353607		0.7584560282707214
579		21.59172142398893		1.3161849975585938		1.77404550989151		0.39154388459920886		0.7830877691984177
580		21.169599595014006		1.423789620399475		1.8748080756282806		0.3727640748500824		0.7455281497001648
581		21.807910792995244		1.3400423526763916		1.7975547883796692		0.37727344160079956		0.7545468832015991
582		21.736844116996508		1.3751516342163086		1.8299988485622407		0.5065829512596131		1.0131659025192261
583		21.743456370022614		1.3205809593200684		1.7750417502689362		0.3866987560272217		0.7733975120544434
584		20.642128358012997		1.4948374032974243		1.9385046859455108		0.4025729463338852		0.8051458926677704
585		21.634835642995313		1.3358476161956787		1.7934585502147675		0.4378070855617523		0.8756141711235046
586		21.861843607999617		1.4120763540267944		1.8575016391944885		0.40415858929157256		0.8083171785831451
587		21.897087983990787		1.3920713663101196		1.8427487504768372		0.37832382675409315		0.7566476535081863
588		21.881221588002518		1.4039247035980225		1.8577742524909973		0.479765900182724		0.959531800365448
589		21.802669922995847		1.2733874320983887		1.7352979175472258		0.3763415723323822		0.7526831446647644
590		21.86250527400989		1.4589619636535645		1.9064401110458373		0.4122628520488739		0.8245257040977478
591		21.9463141610031		1.4241271018981934		1.8824956406784057		0.39163450021743773		0.7832690004348755
592		21.80285384398303		1.4819231033325195		1.9203257884311675		0.41317725093364716		0.8263545018672943
593		21.51233825899544		1.2816389799118042		1.7430451109504699		0.4075132348537445		0.815026469707489
594		21.576826923992485		1.3122682571411133		1.7662774158763885		0.36759707419872284		0.7351941483974457
595		21.71759020598256		1.4068217277526855		1.8554835622882844		0.3769152565717697		0.7538305131435394
596		21.74917413800722		1.4358608722686768		1.8881832330322266		0.37664675290584565		0.7532935058116913
597		21.755047776008723		1.3820880651474		1.8327624407958985		0.3684699738740921		0.7369399477481842
598		21.819393733981997		1.4017289876937866		1.848723410434723		0.3742249180078506		0.7484498360157013
599		21.84233273100108		1.3091257810592651		1.765793193473816		0.3792854068040848		0.7585708136081696
600		21.960026061016833		1.523134708404541		1.9542860465812684		0.37596128191947936		0.7519225638389587
601		21.88857443598681		1.2906337976455688		1.743743008480072		0.3740366140007973		0.7480732280015946
602		21.83044343799702		1.3016211986541748		1.7597767764377594		0.3731361697912216		0.7462723395824432
603		21.998165187018458		1.4401297569274902		1.8855322981262208		0.39690890798568723		0.7938178159713745
604		21.709087913972326		1.3349460363388062		1.7889045590114594		0.3812885078191757		0.7625770156383515
605		21.852076230978128		1.3825223445892334		1.834339049320221		0.3849498487472534		0.7698996974945068
606		21.760309692006558		1.3540679216384888		1.8087386724472045		0.3688896980404854		0.7377793960809708
607		21.63784023898188		1.338218092918396		1.7896386120510102		0.36557268472909926		0.7311453694581985
608		21.750387721986044		1.4394837617874146		1.8835276951789857		0.3776533181667328		0.7553066363334656
609		21.801778477005428		1.355986475944519		1.8047308210468291		0.37618965601921084		0.7523793120384217
610		21.722232586995233		1.3928899765014648		1.8415889318466188		0.40573247101306914		0.8114649420261383
611		21.81922379200114		1.323422908782959		1.7767632353687286		0.3893447635173798		0.7786895270347596
612		21.859776013006922		1.373395562171936		1.8239348653984069		0.4105718882083893		0.8211437764167786
613		21.82776315099909		1.3909953832626343		1.8376518689727783		0.38276742885112763		0.7655348577022553
614		21.773457925999537		1.3489316701889038		1.8075822582626342		0.43570978986024855		0.8714195797204971
615		21.880024252983276		1.3500486612319946		1.8020992574596406		0.3659239745616913		0.7318479491233826
616		21.866475898976205		1.3197276592254639		1.7773627690410614		0.4413479518413544		0.8826959036827088
617		21.78442521300167		1.4347639083862305		1.8807634111499787		0.36871633160114287		0.7374326632022857
618		21.850624225015054		1.419813871383667		1.8720174996089936		0.4653379965305328		0.9306759930610656
619		21.881459227995947		1.418691635131836		1.855816233434677		0.4020744835853577		0.8041489671707154
620		21.77012597999419		1.3159929513931274		1.7712902388000489		0.37757424705028536		0.7551484941005707
621		21.613408181001432		1.3834878206253052		1.8379743231391907		0.4074773514986038		0.8149547029972076
622		21.693413255008636		1.5791499614715576		2.0200805029869078		0.37773222441673276		0.7554644488334655
623		20.326305840018904		1.3270761966705322		1.7804556564712524		0.3756247599601746		0.7512495199203492
624		20.42410109299817		1.3091557025909424		1.765865185031891		0.3650459564447403		0.7300919128894806
625		21.65757352099172		1.380038857460022		1.8387997768592834		0.42424014344215394		0.8484802868843079
626		21.85534512301092		1.3279294967651367		1.779047558517456		0.4150752769589424		0.8301505539178848
627		21.86190416998579		1.4419158697128296		1.8891786794376373		0.3677805173277855		0.735561034655571
628		21.937963513977593		1.2799946069717407		1.7358157590579986		0.44634813306331633		0.8926962661266327
629		21.72393313900102		1.35688054561615		1.8097099277019502		0.36182114691734313		0.7236422938346863
630		21.77618299398455		1.350568413734436		1.8014432294368743		0.3666434769868851		0.7332869539737702
631		21.809358559024986		1.2982351779937744		1.7543361788082124		0.3606539582490921		0.7213079164981842
632		21.782192969985772		1.3456568717956543		1.7967100781726837		0.3633836741447449		0.7267673482894897
633		21.95117155998014		1.3392187356948853		1.7937606200885772		0.4180458556890488		0.8360917113780976
634		21.951824724994367		1.325107455253601		1.7790521545314788		0.38610255653858183		0.7722051130771637
635		20.33186941500753		1.4083328247070312		1.8554376450157166		0.3693748259067535		0.738749651813507
636		21.87565221299883		1.3553593158721924		1.8119555714416504		0.403573429608345		0.80714685921669
637		21.985679763020016		1.3251361846923828		1.7831654726028443		0.3880113386273384		0.7760226772546768
638		21.90711522701895		1.3428006172180176		1.8013035685634613		0.4572043146848679		0.9144086293697358
639		21.91106013400713		1.463117003440857		1.9065647187328338		0.3687697976708412		0.7375395953416825
640		21.89329864899628		1.2863553762435913		1.7437631850242614		0.35965538209676745		0.7193107641935349
641		21.714377209020313		1.3682912588119507		1.8179982343387604		0.37237528320550917		0.7447505664110183
642		21.63113518198952		1.2718561887741089		1.7366408601760863		0.38966513512134554		0.7793302702426911
643		21.587973390996922		1.4014086723327637		1.8519956362628938		0.4240810636043549		0.8481621272087098
644		21.715552701003617		1.3006811141967773		1.7454579301929474		0.3631811952471733		0.7263623904943466
645		21.88996161200339		1.3139604330062866		1.7725757224845886		0.4123189862251282		0.8246379724502564
646		21.787032991007436		1.2848788499832153		1.7449649439907073		0.3915216274738312		0.7830432549476624
647		21.61496740099392		1.335260272026062		1.7864595580005647		0.36317374544143677		0.7263474908828735
648		21.733812482008943		1.3122869729995728		1.7707267510032654		0.40502501199245455		0.8100500239849091
649		21.58186833700165		1.2631884813308716		1.717541197938919		0.40759826812744143		0.8151965362548829
650		21.60409482201794		1.3924591541290283		1.8353117453289032		0.3603710493326187		0.7207420986652374
651		21.53071841399651		1.3056217432022095		1.7626528582954406		0.37104298408031466		0.7420859681606293
652		21.682425604987657		1.2826128005981445		1.7408542923355101		0.39916889815330503		0.7983377963066101
653		21.642545948998304		1.3204913139343262		1.776671668548584		0.3742181459307671		0.7484362918615342
654		21.70186444299179		1.3302441835403442		1.786598613834381		0.36499836437702177		0.7299967287540435
655		21.81055670499336		1.2734006643295288		1.727897319574356		0.36144728015661237		0.7228945603132247
656		21.53707867002231		1.3301844596862793		1.7852188789844512		0.3739929129362106		0.7479858258724212
657		21.719680923008127		1.283730387687683		1.7431408292865753		0.35991208492517474		0.7198241698503495
658		21.88439294300042		1.3702174425125122		1.8192929056930542		0.3875874473452568		0.7751748946905136
659		21.677671831013868		1.3088345527648926		1.767981397037506		0.35638839365243913		0.7127767873048783
660		21.642816881008912		1.3656213283538818		1.8165737121105194		0.38715791811943057		0.7743158362388611
661		21.912218248995487		1.2838523387908936		1.7508935235500336		0.42917317152023315		0.8583463430404663
662		21.22603558000992		1.3742505311965942		1.8223894720172882		0.35841994075775147		0.7168398815155029
663		19.69899275098578		1.283778429031372		1.7399159292316437		0.45010053992271426		0.9002010798454285
664		20.627973872993607		1.3538422584533691		1.808402144908905		0.40918407306671145		0.8183681461334229
665		21.842754731012974		1.3325660228729248		1.786890730895996		0.3586969670534134		0.7173939341068268
666		21.750098969001556		1.4077295064926147		1.8530875264263154		0.3688113040447235		0.737622608089447
667		21.69526006100932		1.341085433959961		1.7930035349941253		0.3942865241765976		0.7885730483531952
668		21.807704382983502		1.3519302606582642		1.8028244596385956		0.36465196632146835		0.7293039326429367
669		21.899609672022052		1.307984709739685		1.7629522604942323		0.35977436039447785		0.7195487207889557
670		21.720161414996255		1.3751097917556763		1.8344956787776947		0.4590547188282013		0.9181094376564026
671		21.607402071007527		1.3663997650146484		1.815959913225174		0.44894823162555697		0.8978964632511139
672		21.664305628975853		1.296710729598999		1.7589814975452422		0.367835639333725		0.73567127866745
673		21.73226274200715		1.3807193040847778		1.832168083524704		0.36715293111801145		0.7343058622360229
674		21.83945044298889		1.2774518728256226		1.7225647488689422		0.39870199301242826		0.7974039860248565
675		21.728841016010847		1.356935739517212		1.8072806242752075		0.4262795373916626		0.8525590747833252
676		21.43326412999886		1.2837234735488892		1.7406498589897155		0.43103834388256074		0.8620766877651215
677		21.284578132006573		1.362014651298523		1.8202425723934175		0.35615549632310867		0.7123109926462173
678		21.887217437004438		1.297145128250122		1.7554785161495208		0.3722135152697563		0.7444270305395126
679		20.64954705099808		1.3487356901168823		1.8005424577236175		0.4143156637191772		0.8286313274383544
680		21.69792124099331		1.3189585208892822		1.7676289358425141		0.3822084800004959		0.7644169600009918
681		21.864092586009065		1.3188412189483643		1.7806649556064607		0.4618490114450455		0.923698022890091
682		21.833274080010597		1.361153244972229		1.8129674997138978		0.3601140941977501		0.7202281883955002
683		21.918768873991212		1.3171864748001099		1.7699455361843108		0.4736898161649704		0.9473796323299408
684		21.831487421994098		1.3092091083526611		1.7716467912864684		0.4979096306562424		0.9958192613124848
685		21.78446515300311		1.2992808818817139		1.76404548705101		0.36825794117450716		0.7365158823490143
686		21.728581266012043		1.3269376754760742		1.7806089814662933		0.5249293991088867		1.0498587982177734
687		21.519687139982125		1.389122486114502		1.8382863822460174		0.4014111393451691		0.8028222786903382
688		21.584874492982635		1.243162751197815		1.701964321489334		0.35585662595033646		0.7117132519006729
689		21.598342523997417		1.3653748035430908		1.813778798379898		0.3737429455280304		0.7474858910560608
690		21.776031790999696		1.3330254554748535		1.788221482887268		0.41811100795269013		0.8362220159053803
691		21.715849316009553		1.3230130672454834		1.778343326253891		0.3831961122274399		0.7663922244548798
692		21.83903082899633		1.2784309387207031		1.7355381609249114		0.3596339394569397		0.7192678789138794
693		21.986157814011676		1.3358169794082642		1.791910645160675		0.48601745023727416		0.9720349004745483
694		22.09517812100239		1.28933584690094		1.7453440270614624		0.35890064932107923		0.7178012986421585
695		21.628206514986232		1.2532116174697876		1.7181672046852112		0.4520298748970032		0.9040597497940064
696		21.96764766497654		1.32913076877594		1.7782515300178527		0.357079739677906		0.714159479355812
697		21.99817790198722		1.3261600732803345		1.783125206708908		0.3505602168798447		0.7011204337596894
698		21.85040342999855		1.2911019325256348		1.7503923939990997		0.38675209197998045		0.7735041839599609
699		21.83815020500333		1.3588662147521973		1.8195716211986541		0.35451162436008454		0.7090232487201691
700		21.845198049995815		1.2533596754074097		1.7072668308067322		0.3604659957766533		0.7209319915533066
701		21.988070742983837		1.324635624885559		1.7809025189590455		0.35680484410524366		0.7136096882104873
702		21.936754296009894		1.3591206073760986		1.8167724259662628		0.36192299938201905		0.7238459987640381
703		21.926106083992636		1.2997323274612427		1.754739740781784		0.35775386525392533		0.7155077305078507
704		21.794098502025008		1.3392912149429321		1.8009857445716857		0.3559050915718079		0.7118101831436158
705		21.657338548015105		1.247727870941162		1.701536789302826		0.3742311610221863		0.7484623220443726
706		21.833150148013374		1.4357928037643433		1.8873682328605652		0.39308021178245545		0.7861604235649109
707		21.98465267699794		1.291948914527893		1.752987010307312		0.3825200435638428		0.7650400871276856
708		21.49269859402557		1.2476046085357666		1.7042082266521454		0.3576119374752045		0.715223874950409
709		21.85441809601616		1.256842017173767		1.7083315120887756		0.357597795343399		0.715195590686798
710		21.698128210002324		1.2816493511199951		1.745387413301468		0.4358700409412384		0.8717400818824768
711		21.652189341984922		1.321223258972168		1.7800330274486542		0.780953907084465		1.56190781416893
712		21.68430738899042		1.3376191854476929		1.7874610661506654		0.41141774444580076		0.8228354888916015
713		21.747716837999178		1.2697585821151733		1.7220430429172515		0.4142438028097153		0.8284876056194306
714		21.7608818509907		1.270045280456543		1.7243603779315948		0.3902477921009064		0.7804955842018128
715		21.66095720999874		1.3043302297592163		1.7574132411289216		0.3750796376943588		0.7501592753887176
716		22.018037881993223		1.3621057271957397		1.810964662179947		0.4213733054161072		0.8427466108322144
717		22.10390414399444		1.2862311601638794		1.7397960253715514		0.384654543197155		0.76930908639431
718		22.156855826004175		1.3001251220703125		1.760629259815216		0.34772674243450163		0.6954534848690033
719		22.094469388975995		1.2864515781402588		1.743020448999405		0.36025593954324725		0.7205118790864945
720		22.06740961500327		1.3455857038497925		1.8044745895195007		0.36034150643348695		0.7206830128669739
721		21.96208914698218		1.282307505607605		1.7306662135887145		0.3532089895606041		0.7064179791212082
722		22.125855712016346		1.288684368133545		1.745517836818695		0.35036207368373873		0.7007241473674775
723		21.958097304974217		1.2873210906982422		1.7449866728782655		0.4325889589309692		0.8651779178619384
724		21.046803608973278		1.2953768968582153		1.7488347037792207		0.3527211037278175		0.705442207455635
725		21.91793735398096		1.2719756364822388		1.7307669660949707		0.3591940431714058		0.7183880863428116
726		21.661811739002587		1.2554563283920288		1.7131618201255798		0.3832316473484039		0.7664632946968079
727		21.65119335599593		1.4242570400238037		1.8749362305450439		0.47234761605262754		0.9446952321052551
728		21.590887266007485		1.288943886756897		1.7532591243934632		0.46057521522045136		0.9211504304409027
729		21.604462463990785		1.2682982683181763		1.7248973826313019		0.3615609558939934		0.7231219117879868
730		21.657485776988324		1.280792236328125		1.737441576385498		0.3654339954137802		0.7308679908275604
731		21.58374417599407		1.267621397972107		1.726970768213272		0.3478772348165512		0.6957544696331024
732		21.6673023320036		1.3721040487289429		1.817381287021637		0.39226205592155455		0.7845241118431091
733		21.709641060006106		1.2246840000152588		1.6829824485683442		0.3486947650671005		0.697389530134201
734		21.63591081998311		1.3018490076065063		1.7565733578777314		0.351259246468544		0.702518492937088
735		21.97324550000485		1.2592782974243164		1.712083289375305		0.3546707726716995		0.709341545343399
736		21.83385703098611		1.3402318954467773		1.791558297071457		0.3469004254102707		0.6938008508205414
737		22.040704270999413		1.2294129133224487		1.689616055831909		0.35691720107793806		0.7138344021558761
738		21.57205311700818		1.3839646577835083		1.8304680233287811		0.5759385269403458		1.1518770538806915
739		21.70925019698916		1.3320634365081787		1.7852276242542267		0.480910408949852		0.961820817899704
740		21.770292522007367		1.2206230163574219		1.6834548917293548		0.3521974623441696		0.7043949246883392
741		21.717147974995896		1.2454890012741089		1.70743628326416		0.3451737519621849		0.6903475039243698
742		21.276861766004004		1.3542510271072388		1.805592034263611		0.3529525562286377		0.7059051124572754
743		21.580896977015072		1.2018858194351196		1.6614118072700501		0.3531633830666542		0.7063267661333084
744		21.605665713985218		1.2725205421447754		1.736771839208603		0.3795032000660896		0.7590064001321792
745		21.526175595005043		1.2759467363357544		1.7344528538036346		0.3706118106842041		0.7412236213684082
746		21.679399710992584		1.3043692111968994		1.7569749301338196		0.3538474832057953		0.7076949664115906
747		21.625812676007627		1.225178599357605		1.6784679933071136		0.35126960464715956		0.7025392092943191
748		21.851035300001968		1.278732419013977		1.7325681741523742		0.3948289030790329		0.7896578061580658
749		21.583360445016297		1.255743384361267		1.713162162876129		0.3964888654232025		0.792977730846405
750		21.533125794987427		1.283963918685913		1.7357955330085755		0.3452232401013374		0.6904464802026749
751		20.156478992983466		1.320455551147461		1.7719955179023743		0.4751751434087753		0.9503502868175506
752		21.047844257001998		1.2603731155395508		1.7213965804958344		0.3610918826341629		0.7221837652683258
753		21.542424771003425		1.2733153104782104		1.7290245855808257		0.37015115237236024		0.7403023047447205
754		21.53158256300958		1.2567682266235352		1.7134763123703003		0.47204660775661467		0.9440932155132293
755		21.48750729500898		1.2598493099212646		1.7175198373031617		0.3468818099498749		0.6937636198997498
756		21.59725339501165		1.250072956085205		1.7101665269565582		0.37958841547966005		0.7591768309593201
757		21.693495352985337		1.2523936033248901		1.7114057232379913		0.3570764544248581		0.7141529088497162
758		21.813430823007366		1.2483587265014648		1.7053386081409454		0.35509037585258485		0.7101807517051697
759		21.647822197002824		1.2246601581573486		1.6855461947155		0.393132701086998		0.786265402173996
760		21.863387631980004		1.3365861177444458		1.7841008758640289		0.35312543214559555		0.7062508642911911
761		19.273424977000104		1.3306986093521118		1.7844884013080597		0.36034918760061263		0.7206983752012253
762		19.286105200008024		1.2529135942459106		1.7132516083335876		0.37417872346639636		0.7483574469327927
763		19.28133819901268		1.2904040813446045		1.7457923023891448		0.37785400352478027		0.7557080070495605
764		19.317140840983484		1.216062068939209		1.6737879770851136		0.36582591264247893		0.7316518252849579
765		19.31315273200744		1.3555573225021362		1.8076863553524016		0.3707765917062759		0.7415531834125518
766		19.48973218901665		1.2416019439697266		1.6935372712993622		0.4192961536169052		0.8385923072338104
767		19.824998144002166		1.2342721223831177		1.692295796804428		0.4197837188005447		0.8395674376010894
768		19.96078449601191		1.2929710149765015		1.7457879223632813		0.39990510301589965		0.7998102060317993
769		19.621649776003323		1.2933624982833862		1.7495766383743285		0.3479892373561859		0.6959784747123718
770		20.579721030022483		1.2444785833358765		1.7047881985664368		0.3450544694185257		0.6901089388370514
771		19.695995265006786		1.2438385486602783		1.7100118727111817		0.34481475588083266		0.6896295117616653
772		20.338844026991865		1.3045610189437866		1.7598405446338654		0.3642115921020508		0.7284231842041016
773		19.662826220999705		1.2461546659469604		1.7004618269252778		0.3453637305855751		0.6907274611711502
774		21.023281264002435		1.262675404548645		1.7200124875736236		0.34872273945808413		0.6974454789161683
775		21.69996456798981		1.2145183086395264		1.678806364631653		0.38930946969985963		0.7786189393997193
776		20.695855578989722		1.2649742364883423		1.724362950077057		0.3601147643208504		0.7202295286417008
777		19.342099626985146		1.2568703889846802		1.7126887307548524		0.3603388549566269		0.7206777099132538
778		19.519425313017564		1.244766116142273		1.70548524561882		0.3609565590143204		0.7219131180286408
779		19.55107266601408		1.259574055671692		1.7201219310760498		0.3444171358466148		0.6888342716932296
780		19.749522132013226		1.231404185295105		1.6948629702186584		0.36790724810361863		0.7358144962072373
781		19.577951608982403		1.2934993505477905		1.7443968771648406		0.36304015629291536		0.7260803125858307
782		19.50282322699786		1.2247207164764404		1.6808326445007324		0.47795208296775815		0.9559041659355163
783		19.585002467996674		1.2552909851074219		1.7150924603271485		0.3806286931633949		0.7612573863267899
784		20.018681251996895		1.191608190536499		1.6522333753013612		0.3816130080461502		0.7632260160923005
785		19.477632605005056		1.2383981943130493		1.691992441225052		0.34754555019140243		0.6950911003828049
786		19.54665416199714		1.2616603374481201		1.7196151236248016		0.343351579618454		0.686703159236908
787		20.461652469995897		1.2860088348388672		1.7449006202888488		0.3465284249186516		0.6930568498373032
788		19.7239508460043		1.2312930822372437		1.6923855839061737		0.36348890845775605		0.7269778169155121
789		19.533461020007962		1.2124509811401367		1.6704523819446564		0.3613154894590378		0.7226309789180756
790		19.931104555987986		1.2485477924346924		1.6982804637622833		0.4290409575343132		0.8580819150686264
791		19.912658398010535		1.2571537494659424		1.7208324259376526		0.3576387622356415		0.715277524471283
792		21.680316262005363		1.2602558135986328		1.7189924521255493		0.3556923711895943		0.7113847423791886
793		19.393388527998468		1.2560843229293823		1.7143516261672973		0.4145637943983078		0.8291275887966156
794		19.74836637300905		1.2697992324829102		1.7270828442668915		0.3418527071237564		0.6837054142475129
795		20.19500993101974		1.2214782238006592		1.6760469240188598		0.34202367131710054		0.6840473426342011
796		19.792548509984044		1.222602367401123		1.6755909232234956		0.34255709365606307		0.6851141873121261
797		19.93588375399122		1.2837462425231934		1.7374654571437835		0.35081939915418625		0.7016387983083725
798		21.357920580980135		1.222352385520935		1.6804474007606507		0.35223364626169207		0.7044672925233841
799		19.27081707798061		1.251560926437378		1.7108646570205688		0.40073398594856263		0.8014679718971253
800		19.714237273001345		1.247239351272583		1.7053587947654725		0.3488824203133583		0.6977648406267166
801		19.422025498002768		1.19129478931427		1.6490872026920318		0.40670979862213136		0.8134195972442627
802		19.53031434401055		1.3140937089920044		1.7672991028499603		0.3439039093375206		0.6878078186750411
803		19.540561903006164		1.220346212387085		1.6779691724681853		0.3459723662495613		0.6919447324991226
804		20.794398721976904		1.191356897354126		1.6471414863681793		0.34249564185142517		0.6849912837028503
805		19.463540013006423		1.2672319412231445		1.7243670557785034		0.3636716905355453		0.7273433810710906
806		19.51372024801094		1.2629163265228271		1.7231576615905762		0.3810041648864746		0.7620083297729492
807		21.687818878010148		1.216748595237732		1.675536681432724		0.3594464200139046		0.7188928400278092
808		19.977780508983415		1.1986576318740845		1.6570215545749665		0.3412202565073967		0.6824405130147934
809		19.96140335398377		1.2511835098266602		1.7027784770298005		0.34110802725553513		0.6822160545110703
810		19.422711007006		1.2390729188919067		1.7024974108028412		0.37999241287708285		0.7599848257541657
811		19.885253134008963		1.2300466299057007		1.6908328431224824		0.3470672317624092		0.6941344635248184
812		20.442781593010295		1.2359548807144165		1.688165149497986		0.34743989698886873		0.6948797939777375
813		20.474598358996445		1.2478861808776855		1.700666049156189		0.34615519247055054		0.6923103849411011
814		19.666973093000706		1.2452046871185303		1.7046362972259521		0.3649032776594162		0.7298065553188324
815		20.86349234500085		1.2042357921600342		1.6667542620468139		0.34435896505117414		0.6887179301023483
816		19.467703887989046		1.195444941520691		1.6484026942539216		0.362107297205925		0.72421459441185
817		19.717634601023747		1.2501236200332642		1.7145306206512452		0.3932238215446472		0.7864476430892944
818		20.19710188699537		1.2463799715042114		1.7027472200393676		0.3675725100755691		0.7351450201511383
819		20.582188024010975		1.2512975931167603		1.707865542345047		0.38152777318954467		0.7630555463790893
820		19.546319462999236		1.212273120880127		1.6754576432228088		0.35342200827598574		0.7068440165519715
821		19.609892426000442		1.2122912406921387		1.6659325136756897		0.34787866394519806		0.6957573278903961
822		19.499510964989895		1.2318814992904663		1.692292533788681		0.36905923178195954		0.7381184635639191
823		19.494168441015063		1.2552639245986938		1.7194480463981627		0.35113892948627473		0.7022778589725495
824		19.555880240979604		1.2399380207061768		1.6972312110805512		0.339711970949173		0.679423941898346
825		20.668595920986263		1.324596881866455		1.7782422754478455		0.38300414893627166		0.7660082978725433
826		20.30612820200622		1.219078540802002		1.6824570089817048		0.4607795825242996		0.9215591650485992
827		19.79707907300326		1.2525928020477295		1.7114447900676728		0.35279278119802476		0.7055855623960495
828		19.950445325986948		1.2774194478988647		1.729907971019745		0.34156709632873533		0.6831341926574707
829		19.383513945009327		1.215935230255127		1.6723050941753388		0.33975999615192415		0.6795199923038483
830		19.490275815012865		1.2860380411148071		1.7503886177539825		0.34992552589178083		0.6998510517835617
831		20.536734619992785		1.250927209854126		1.708412414226532		0.35848951157331466		0.7169790231466293
832		19.518023932003416		1.1742693185806274		1.6331456333637238		0.3493113328456879		0.6986226656913758
833		19.717002129997127		1.2213565111160278		1.6806893756771089		0.3615404097676277		0.7230808195352554
834		19.505043797020335		1.189252257347107		1.6401191097164154		0.34575381845235825		0.6915076369047165
835		20.434745316015324		1.2670950889587402		1.7279911295700072		0.34313802738189697		0.6862760547637939
836		19.49462148701423		1.2108465433120728		1.6722401098918915		0.3414784716963768		0.6829569433927536
837		19.812377930007642		1.3068487644195557		1.7617207441329956		0.3441534088850021		0.6883068177700042
838		20.858866126014618		1.2138112783432007		1.6703630195045471		0.3391944893479347		0.6783889786958694
839		19.674747972982004		1.214599370956421		1.6692467288589476		0.34165004259347914		0.6833000851869583
840		19.50830598900211		1.2398262023925781		1.6999904854011536		0.3419130910992622		0.6838261821985244
841		20.86186577801709		1.218462347984314		1.6784490608501434		0.3475910899162292		0.6951821798324584
842		20.045609662978677		1.1965137720108032		1.6574443934726715		0.35449254422187804		0.7089850884437561
843		19.853681477019563		1.1780136823654175		1.6336071201515199		0.3536522163629532		0.7073044327259064
844		19.546004305011593		1.2154732942581177		1.6710437471580506		0.33916486778259275		0.6783297355651855
845		20.34835114501766		1.2442235946655273		1.7038376205825805		0.351750550866127		0.703501101732254
846		19.506873534002807		1.2437596321105957		1.6983180599212646		0.348349682021141		0.696699364042282
847		19.602958979987307		1.225319266319275		1.6797284886550903		0.35624660053253177		0.7124932010650635
848		20.432565684983274		1.1940882205963135		1.6415270182991029		0.3429821997761726		0.6859643995523452
849		20.968187114980537		1.202917456626892		1.6543499896526337		0.3561828288435936		0.7123656576871872
850		19.951366573979612		1.1815459728240967		1.6323480808830262		0.3378069074988365		0.675613814997673
851		21.170348994986853		1.1809728145599365		1.6445402134799958		0.34077362023591995		0.6815472404718399
852		19.560468370007584		1.2167083024978638		1.671187500076294		0.3382351029753685		0.676470205950737
853		19.943653057009215		1.2343940734863281		1.6919795562171935		0.3382658070445061		0.6765316140890122
854		20.14615775999846		1.2117794752120972		1.6728299850177766		0.35165857138633727		0.7033171427726745
855		19.733181994000915		1.1927571296691895		1.6438676958942413		0.4270242926120758		0.8540485852241516
856		19.9634782760113		1.2249811887741089		1.6771284113311768		0.3493990205526352		0.6987980411052704
857		21.845706927997526		1.239902138710022		1.6902701291275024		0.3380124914169311		0.6760249828338623
858		19.58134884102037		1.2212121486663818		1.6794614776420593		0.34717002389431		0.69434004778862
859		19.810643815988442		1.2278732061386108		1.685156261692047		0.40102849173545835		0.8020569834709167
860		19.97516806802014		1.2150918245315552		1.6698786736679077		0.3613145149111748		0.7226290298223496
861		20.0777473669732		1.1713647842407227		1.6294595720767975		0.3678226286530495		0.735645257306099
862		19.879606985021383		1.3374557495117188		1.7826659439563752		0.5062828085899354		1.0125656171798707
863		19.613747628987767		1.225887656211853		1.6828875899314881		0.3841302387475967		0.7682604774951934
864		19.433256743010134		1.2404104471206665		1.7015825301074983		0.3891511707544327		0.7783023415088653
865		19.558243303996278		1.197025179862976		1.6597895965766907		0.3407894910693169		0.6815789821386338
866		19.72157387799234		1.2147916555404663		1.6657497379875184		0.37654267988204954		0.7530853597640991
867		19.544897370011313		1.200573444366455		1.6656772468852996		0.34254646710157394		0.6850929342031479
868		19.53342240001075		1.2548093795776367		1.712490460615158		0.34256427453756333		0.6851285490751267
869		19.47468073401251		1.181318759918213		1.632411612701416		0.33729579005241395		0.6745915801048279
870		19.496640307013877		1.2120565176010132		1.6660396650505065		0.3363850044965744		0.6727700089931488
871		19.582212308014277		1.2234928607940674		1.6823240391159058		0.36216666762828825		0.7243333352565765
872		20.39743401200394		1.1888936758041382		1.6477200679969788		0.40085973443984985		0.8017194688796997
873		19.402068440016592		1.2369098663330078		1.6921705391979218		0.3402200086951256		0.6804400173902512
874		19.465726975991856		1.198832392692566		1.6620985688209533		0.3875513943195343		0.7751027886390686
875		19.765992002998246		1.2161672115325928		1.67196014667511		0.33962960473299025		0.6792592094659805
876		20.039818224991905		1.1762491464614868		1.6320552897262572		0.40066916151046755		0.8013383230209351
877		20.686924587003887		1.2007486820220947		1.6582251461601258		0.33898682773113253		0.6779736554622651
878		20.182176381000318		1.1725269556045532		1.6312663385772705		0.3634872087240219		0.7269744174480438
879		19.795318805990973		1.2819870710372925		1.739186120147705		0.33676563050746916		0.6735312610149383
880		20.389815375994658		1.2034015655517578		1.6673929506874083		0.39036215476989744		0.7807243095397949
881		20.40282045697677		1.2055124044418335		1.6658753568935394		0.5190126651287079		1.0380253302574158
882		19.46597330601071		1.203490972518921		1.661947598733902		0.33598553656339647		0.6719710731267929
883		19.600672184984433		1.22690749168396		1.6858728685474396		0.33644936122894287		0.6728987224578857
884		21.19866641901899		1.214239478111267		1.674313963508606		0.34671853544712067		0.6934370708942413
885		21.749627176992362		1.2232282161712646		1.6807048758506775		0.33828106478452685		0.6765621295690537
886		21.35381591800251		1.186598777770996		1.6519163399600982		0.33831542913913726		0.6766308582782745
887		19.755140869994648		1.1917589902877808		1.6498182357311248		0.3560103154301643		0.7120206308603286
888		19.50201541898423		1.2385902404785156		1.6959685617351532		0.3591337408065796		0.7182674816131592
889		19.434415820986032		1.2006360292434692		1.6564564088821412		0.34494444360733034		0.6898888872146607
890		20.946889608021593		1.2007455825805664		1.6631191124343871		0.3375864356994629		0.6751728713989258
891		20.009558780002408		1.2014631032943726		1.6661257481765748		0.35375723695755007		0.7075144739151001
892		20.395942898991052		1.1705797910690308		1.6288848302936554		0.33512495844364165		0.6702499168872833
893		21.34532527497504		1.2099909782409668		1.6677709266853333		0.3942560797810554		0.7885121595621108
894		19.618947710987413		1.192260980606079		1.6574521383571625		0.34407146311998366		0.6881429262399673
895		19.692287120007677		1.1680114269256592		1.6200489381217957		0.3384357449412346		0.6768714898824691
896		19.778343690995825		1.2490817308425903		1.7113849440860749		0.37334961056709287		0.7466992211341857
897		19.707549310987815		1.167584776878357		1.6186118358898163		0.35370127112865446		0.7074025422573089
898		21.640900203987258		1.1777743101119995		1.642629658718109		0.3349053310871124		0.6698106621742248
899		21.493679373990744		1.2019776105880737		1.6675524183559418		0.33585358505249024		0.6717071701049805
900		19.784195775020635		1.1953047513961792		1.6541394927406312		0.3361091413259506		0.6722182826519012
901		20.994291637005517		1.2264811992645264		1.6836014604759217		0.3453841861009598		0.6907683722019196
902		19.705184096994344		1.1946773529052734		1.6546041451835631		0.3378190473794937		0.6756380947589874
903		19.877689858985832		1.1746934652328491		1.639174220046997		0.3563228941559792		0.7126457883119584
904		19.412528587999986		1.1877979040145874		1.644727363796234		0.33956084566116335		0.6791216913223267
905		19.485976732015843		1.197763204574585		1.6596844501209258		0.33854542447328567		0.6770908489465713
906		19.434397059987532		1.2071783542633057		1.665577427110672		0.33421049536466596		0.6684209907293319
907		19.447762909025187		1.1831438541412354		1.6396103943538667		0.33765647394657133		0.6753129478931427
908		19.616660386993317		1.2251803874969482		1.6798320038986205		0.3347757285118103		0.6695514570236206
909		19.717881713004317		1.1758991479873657		1.6339769598293306		0.34754469665288923		0.6950893933057785
910		19.499716828984674		1.170077919960022		1.6330671918296813		0.33595522545576095		0.6719104509115219
911		19.770332260988653		1.2139782905578613		1.6728967818546294		0.3364223676800728		0.6728447353601456
912		19.907902748003835		1.17278254032135		1.6292469056320191		0.33970947226285936		0.6794189445257187
913		19.639948991010897		1.1661784648895264		1.625780228433609		0.3530348143458366		0.7060696286916732
914		19.82133247301681		1.1976004838943481		1.6628632657337188		0.3351943808674812		0.6703887617349624
915		19.911227954988135		1.1884808540344238		1.646628954334259		0.39049434143304823		0.7809886828660965
916		20.484157330996823		1.1719475984573364		1.627737995262146		0.34095347821712496		0.6819069564342499
917		19.419326845003525		1.1745260953903198		1.6332404735565185		0.33796347243785857		0.6759269448757171
918		20.45918000699021		1.1831839084625244		1.6385273718738556		0.3342538387298584		0.6685076774597168
919		20.306847421976272		1.2071223258972168		1.6662064975357056		0.3367463832974434		0.6734927665948868
920		19.986816340999212		1.1894619464874268		1.6425977473163604		0.338500058054924		0.677000116109848
921		19.613068584003486		1.1978918313980103		1.655871424741745		0.3364082681536674		0.6728165363073348
922		19.652226342994254		1.1660821437835693		1.6278978898906709		0.34467908103466033		0.6893581620693207
923		19.578282667003805		1.2488629817962646		1.7031379925251007		0.37286881937980654		0.7457376387596131
924		19.49330059500062		1.17437744140625		1.6407603487873077		0.3355429943203926		0.6710859886407852
925		19.749921504000667		1.1650662422180176		1.6175312855052948		0.33770993245840075		0.6754198649168015
926		20.355393562989775		1.1968204975128174		1.6572593356704712		0.3367002891421318		0.6734005782842636
927		19.71542600399698		1.1664704084396362		1.6205497178840638		0.4462169156551361		0.8924338313102722
928		19.735446984996088		1.1857064962387085		1.6453746566200256		0.33501554281711576		0.6700310856342315
929		19.799968084000284		1.1621692180633545		1.621911739053726		0.35642016716003416		0.7128403343200683
930		20.608546792995185		1.1596903800964355		1.6258854469299315		0.33747467286586763		0.6749493457317353
931		19.66305961299804		1.1485717296600342		1.6143564522266387		0.337104774415493		0.674209548830986
932		19.570909264002694		1.1618752479553223		1.6103045084667207		0.35172228273153305		0.7034445654630661
933		20.078491023014067		1.1805611848831177		1.6402940992450714		0.3340674186706543		0.6681348373413086
934		22.016279925010167		1.1589277982711792		1.6205996204471589		0.3407401652097702		0.6814803304195404
935		20.045687931997236		1.1774882078170776		1.632617976922989		0.3409478727221489		0.6818957454442978
936		21.661865038011456		1.1925277709960938		1.6553230884075165		0.3383557198524475		0.676711439704895
937		20.103730134986108		1.180323839187622		1.6389176056957244		0.33692247987985613		0.6738449597597123
938		20.90502495400142		1.1731643676757812		1.63357107339859		0.33307854045629504		0.6661570809125901
939		19.499074217979796		1.162642240524292		1.6220042585659027		0.34414746901988985		0.6882949380397797
940		19.726275585999247		1.1650969982147217		1.6225690947818756		0.46399730813503265		0.9279946162700653
941		20.651186040980974		1.203276515007019		1.6574296779251099		0.35438075186014173		0.7087615037202835
942		19.964721588010434		1.176798701286316		1.6358093519306183		0.33949493149518967		0.6789898629903793
943		19.46233959699748		1.1568236351013184		1.610636820011139		0.3556781232357025		0.711356246471405
944		19.609428552008467		1.2012680768966675		1.6569183515167236		0.3498580310702324		0.6997160621404648
945		20.00282831498771		1.186579704284668		1.647704582271576		0.3556094242453575		0.711218848490715
946		20.346630807995098		1.1467747688293457		1.6104884967899322		0.3331091481089592		0.6662182962179184
947		20.119251329015242		1.1729434728622437		1.6297985088157654		0.33889581763744353		0.6777916352748871
948		19.99357788899215		1.163507342338562		1.6185703753662108		0.3518221202611923		0.7036442405223846
949		19.756319145992165		1.1844282150268555		1.6465307737255097		0.3417008597135544		0.6834017194271088
950		19.597774470981676		1.167656660079956		1.6261742902565002		0.33440929366350175		0.6688185873270035
951		19.457493871013867		1.1681087017059326		1.6324721593379974		0.3354078470826149		0.6708156941652298
952		19.579037215007702		1.135286569595337		1.5871635806941986		0.3616307854175568		0.7232615708351136
953		20.708569215988973		1.1787691116333008		1.634920464553833		0.3472658175945282		0.6945316351890564
954		21.335044929990545		1.1641007661819458		1.6165343212795258		0.3853914942026138		0.7707829884052276
955		20.610872204997577		1.1988964080810547		1.6571993183708191		0.36483322205543517		0.7296664441108703
956		19.574278078012867		1.1652764081954956		1.612440691757202		0.33597620552778246		0.6719524110555649
957		20.53729538200423		1.1669316291809082		1.6216942575263977		0.361079394865036		0.722158789730072
958		20.146193484019022		1.1412229537963867		1.6016030694198609		0.3338949873805046		0.6677899747610092
959		19.498551690019667		1.1778664588928223		1.6247222764873506		0.35048964573144914		0.7009792914628983
960		19.61207800201373		1.1642457246780396		1.6182955369377137		0.336283372938633		0.672566745877266
961		20.173868269019295		1.1727724075317383		1.6231687590026855		0.3336818879246712		0.6673637758493424
962		20.40108735000831		1.153024435043335		1.6105568832302093		0.3381671557068825		0.676334311413765
963		20.433036150003318		1.1661882400512695		1.628235385017395		0.3414621351480484		0.6829242702960968
964		22.006916044978425		1.1874345541000366		1.6490572761726379		0.3974924856185913		0.7949849712371826
965		19.685226052009966		1.159428596496582		1.6156706129550933		0.3317158273816109		0.6634316547632217
966		20.24663097600569		1.1777366399765015		1.634707585105896		0.3448251876831055		0.689650375366211
967		19.7239922650042		1.1809136867523193		1.6330737720775603		0.3466577427506447		0.6933154855012894
968		19.479462916991906		1.145932674407959		1.6037447762107848		0.33828469039201736		0.6765693807840347
969		19.4855427230068		1.1720794439315796		1.6293332206344604		0.3484075437307358		0.6968150874614716
970		19.74539086097502		1.1561071872711182		1.6160248538780213		0.33485112603902817		0.6697022520780563
971		20.37132207400282		1.1478615999221802		1.5994903975963592		0.3344564073085785		0.668912814617157
972		19.709932493016822		1.1283479928970337		1.5840852634811402		0.3623388566613197		0.7246777133226394
973		20.485523848008597		1.1456482410430908		1.6080947601699829		0.3403948483467102		0.6807896966934204
974		20.316578464990016		1.1656471490859985		1.628395864095688		0.4607414210796356		0.9214828421592712
975		19.713877469010185		1.204359531402588		1.6621653494930266		0.334332379591465		0.66866475918293
976		19.865484346984886		1.153070330619812		1.617826798877716		0.342036411523819		0.684072823047638
977		20.403993105021073		1.1476837396621704		1.605858305463791		0.33610536875724795		0.6722107375144959
978		20.026366939011496		1.186629056930542		1.6476190803813935		0.35289510507583616		0.7057902101516723
979		19.58263642300153		1.1513808965682983		1.6082300703144075		0.34093539773225784		0.6818707954645157
980		19.80596646197955		1.1661666631698608		1.62529276927948		0.3306143944740295		0.661228788948059
981		19.745532472006744		1.1433161497116089		1.6065724653434754		0.33213972450494766		0.6642794490098953
982		20.350501933018677		1.162405014038086		1.6225580143260956		0.343106714963913		0.686213429927826
983		21.376811855996493		1.1699298620224		1.6224775211143494		0.3350624473810196		0.6701248947620392
984		21.82299474501633		1.1667133569717407		1.621238304424286		0.336521055996418		0.673042111992836
985		20.065266562014585		1.1578902006149292		1.6155517658615113		0.330323712182045		0.66064742436409
986		20.756422467995435		1.1409705877304077		1.596471755437851		0.3304754469871521		0.6609508939743042
987		19.61345759301912		1.1529268026351929		1.6077563582038878		0.3310524437069893		0.6621048874139785
988		19.770885709003778		1.152673602104187		1.6122791154003144		0.3313846935987472		0.6627693871974945
989		20.71716268901946		1.1645967960357666		1.6198115577793122		0.33149857798814775		0.6629971559762955
990		19.644264371017925		1.160195231437683		1.6177414842891693		0.33142945711612704		0.6628589142322541
991		19.785147687012795		1.1415469646453857		1.606066298828125		0.33087669994831087		0.6617533998966217
992		19.79062875598902		1.1681941747665405		1.6258443465042114		0.33294972277879714		0.6658994455575943
993		19.57672542502405		1.1579318046569824		1.6114115694713593		0.34115531665086746		0.6823106333017349
994		20.35560190898832		1.1655763387680054		1.6199967671012878		0.3303077627778053		0.6606155255556106
995		19.677909129008185		1.1590806245803833		1.6099779856586456		0.33078091477155686		0.6615618295431137
996		20.737322839995613		1.1458150148391724		1.596521455783844		0.33925208743810653		0.6785041748762131
997		20.533400825981516		1.1643602848052979		1.6113175865364076		0.33905173416137696		0.6781034683227539
998		19.615581997000845		1.1637976169586182		1.6221462987422943		0.3308683933019638		0.6617367866039277
999		20.11687269899994		1.1486995220184326		1.6071476082611085		0.3305510846734047		0.6611021693468094
1000		20.821602793992497		1.134113073348999		1.5898290629577636		0.3294179313898087		0.6588358627796174
1001		19.577524527005153		1.1367666721343994		1.5966447814941407		0.3370117891907692		0.6740235783815384
1002		19.996751308004605		1.125732660293579		1.5910464376926423		0.3946557822227478		0.7893115644454956
1003		20.938648303010268		1.1545491218566895		1.6150904070568084		0.33108629747629165		0.6621725949525833
1004		20.55564089800464		1.174999475479126		1.6307180334663391		0.3325484553217888		0.6650969106435776
1005		19.490317704010522		1.132468819618225		1.594013826971054		0.3565586920261383		0.7131173840522766
1006		19.668522160995053		1.1313204765319824		1.589134075651169		0.3313732176065445		0.662746435213089
1007		20.055231328995433		1.1286154985427856		1.586262904024124		0.33019664536714555		0.6603932907342911
1008		19.6046299530135		1.1533130407333374		1.6111044993591308		0.33148457245826723		0.6629691449165345
1009		20.68343350800569		1.1489886045455933		1.6033111920547485		0.3314858800172806		0.6629717600345612
1010		20.07981017100974		1.1548417806625366		1.6071368179512024		0.3316833079814911		0.6633666159629822
1011		19.585231319011655		1.125694990158081		1.5871385146045685		0.3342582764387131		0.6685165528774262
1012		21.618704630003776		1.1550906896591187		1.6145536676025392		0.34213326992988585		0.6842665398597717
1013		19.49335174600128		1.157657265663147		1.6132930070877076		0.33131232234239577		0.6626246446847915
1014		19.40106332799769		1.1600096225738525		1.6100439028453828		0.3562574914574623		0.7125149829149247
1015		20.995763246988645		1.1254249811172485		1.5847047206497193		0.3320624326825142		0.6641248653650283
1016		21.452134843013482		1.1569252014160156		1.6043163926315307		0.34330007877349855		0.6866001575469971
1017		20.612517575005768		1.1551295518875122		1.6089053374481201		0.35728079503774646		0.7145615900754929
1018		19.716539442015346		1.1481553316116333		1.6046913932323457		0.33953079006671905		0.6790615801334381
1019		20.15984694499639		1.136165738105774		1.591077886610031		0.35012280156612396		0.7002456031322479
1020		19.543377127003623		1.1543662548065186		1.6112517498493195		0.33172563325166704		0.6634512665033341
1021		19.41615285401349		1.1379584074020386		1.5904052996253968		0.3293804533958435		0.658760906791687
1022		19.477495054976316		1.1404939889907837		1.5979266449165344		0.33059856189489367		0.6611971237897873
1023		20.058484933018917		1.1662187576293945		1.6191155146694183		0.329342705643177		0.658685411286354
1024		19.351340055000037		1.1366486549377441		1.5909596958732606		0.33478553539514544		0.6695710707902909
1025		19.214236386003904		1.1434035301208496		1.5961918536281585		0.3312739956855774		0.6625479913711548
1026		19.22116468398599		1.1528774499893188		1.6137555691432952		0.3328284464597702		0.6656568929195404
1027		19.117439088004176		1.1200023889541626		1.5779510598659516		0.3514842106223106		0.7029684212446212
1028		19.132975343993166		1.1668686866760254		1.6261142986011505		0.3384320742845535		0.676864148569107
1029		19.082550671009813		1.1409025192260742		1.5975401555156707		0.34074885487556456		0.6814977097511291
1030		19.354461185022956		1.13480806350708		1.587941111125946		0.32882304114103317		0.6576460822820663
1031		19.255845334002515		1.140144944190979		1.5994667811775207		0.3305002124547958		0.6610004249095917
1032		19.228789115994005		1.1250970363616943		1.580677483215332		0.32916662412881853		0.6583332482576371
1033		19.3135561629897		1.1481168270111084		1.6055822330856324		0.33031610221862795		0.6606322044372559
1034		19.441629587003263		1.1211917400360107		1.5830349648952484		0.32982868690490724		0.6596573738098145
1035		19.14435903300182		1.1383426189422607		1.5960069049263002		0.3363266196489334		0.6726532392978668
1036		19.057576145016355		1.128391146659851		1.5851496274280548		0.33720148938894273		0.6744029787778855
1037		19.13658761201077		1.1227009296417236		1.5729652042865754		0.32975379461050036		0.6595075892210007
1038		19.14251754299039		1.1353434324264526		1.5862232346534728		0.3283396741271019		0.6566793482542038
1039		19.165024943009485		1.138893485069275		1.5915319409561157		0.328894109082222		0.657788218164444
1040		19.12302329801605		1.1345503330230713		1.5850856562900544		0.3349445651292801		0.6698891302585602
1041		19.07864787298604		1.1283921003341675		1.5805361309337616		0.32996606785058974		0.6599321357011795
1042		19.108430386986583		1.1402798891067505		1.5963474265098572		0.32980358741283416		0.6596071748256683
1043		19.105292198975803		1.1296956539154053		1.589565821723938		0.32967440952062604		0.6593488190412521
1044		19.15788345198962		1.129402756690979		1.5831868395709991		0.3282815497994423		0.6565630995988846
1045		19.161095254996326		1.1317260265350342		1.5880754423999786		0.3288735616326332		0.6577471232652664
1046		19.156858514004853		1.14359450340271		1.5980104155349732		0.32796153243780135		0.6559230648756027
1047		19.186926016001962		1.1327860355377197		1.5883370281028748		0.33869583413600923		0.6773916682720185
1048		19.113870981003856		1.135711431503296		1.5866985347175597		0.330221466255188		0.660442932510376
1049		19.098178523010574		1.1328003406524658		1.5911782082939148		0.3296329924464226		0.6592659848928452
1050		19.11531971799559		1.1126840114593506		1.5777234166908265		0.3303705828666687		0.6607411657333374
1051		19.24120439600665		1.1280815601348877		1.5830995781707764		0.3295746349930763		0.6591492699861526
1052		19.251400914014084		1.122907042503357		1.5772319214725494		0.3305252416372299		0.6610504832744598
1053		19.27326681901468		1.1434322595596313		1.6023625354385376		0.34121322951316835		0.6824264590263367
1054		19.247208182001486		1.1158090829849243		1.5668289489078522		0.32948775317668916		0.6589755063533783
1055		19.111537029995816		1.1170941591262817		1.5755884275150298		0.328684387922287		0.657368775844574
1056		19.10802592698019		1.122826099395752		1.5716867913532258		0.3285232454776764		0.6570464909553528
1057		19.30625068899826		1.1300939321517944		1.5881101981449126		0.32987850910425187		0.6597570182085037
1058		19.417108021007152		1.134679913520813		1.5860650917816161		0.32918395375013354		0.6583679075002671
1059		19.42386129501392		1.1197724342346191		1.5709215452957153		0.32787737441062925		0.6557547488212585
1060		19.262171649024822		1.1306692361831665		1.5878751850700379		0.33703482209444047		0.6740696441888809
1061		19.409177121997345		1.118762493133545		1.562536760158539		0.33889798872470855		0.6777959774494171
1062		19.40315376999206		1.1184680461883545		1.5819717642116546		0.32755785295963286		0.6551157059192657
1063		19.317481658014003		1.130329966545105		1.58525316116333		0.3279552576899529		0.6559105153799057
1064		19.40689654101152		1.131700873374939		1.582525214099884		0.328414079284668		0.656828158569336
1065		19.3781480990001		1.1458650827407837		1.596207363729477		0.3275625918269157		0.6551251836538314
1066		19.22779024200281		1.1162023544311523		1.567156125497818		0.3300950423002243		0.6601900846004486
1067		19.42662773100892		1.1253341436386108		1.578669335460663		0.32738743575811385		0.6547748715162277
1068		19.47733017799328		1.137852430343628		1.596372320537567		0.3287546411395073		0.6575092822790146
1069		19.400097779987846		1.1358319520950317		1.592241552257538		0.3295410111904144		0.6590820223808288
1070		19.118476361996727		1.1263800859451294		1.5745162902545928		0.33433977003097537		0.6686795400619507
1071		19.090885820012772		1.1161189079284668		1.569693405570984		0.3269564571738243		0.6539129143476486
1072		19.327250303002074		1.138347864151001		1.5892835833263397		0.3418196335434914		0.6836392670869827
1073		19.28828912699828		1.102566123008728		1.5653137295341493		0.3485620812654495		0.697124162530899
1074		19.324931053997716		1.1262041330337524		1.5896098687458038		0.33207839362621305		0.6641567872524261
1075		19.384498283994617		1.1229990720748901		1.578508598279953		0.3287162965774536		0.6574325931549072
1076		19.368989148992114		1.106622338294983		1.568059260444641		0.32711633216142655		0.6542326643228531
1077		19.19440804599435		1.1210782527923584		1.57683225979805		0.3377358959197998		0.6754717918395996
1078		19.222654729004717		1.1301989555358887		1.5777355389881134		0.3339526447892189		0.6679052895784378
1079		19.22984555302537		1.1248475313186646		1.5747654481315614		0.33024196754693985		0.6604839350938797
1080		19.223389867984224		1.1342918872833252		1.5876323503780365		0.3271098424911499		0.6542196849822998
1081		19.240327481995337		1.1395968198776245		1.5947056070804595		0.3283407273054123		0.6566814546108246
1082		19.203645836998476		1.1291115283966064		1.5817782165813445		0.34474597716331484		0.6894919543266297
1083		19.119585166015895		1.138924241065979		1.5972270531177521		0.34249782477617263		0.6849956495523453
1084		19.093221773015102		1.1064900159835815		1.5611488406562806		0.35065979655981067		0.7013195931196213
1085		19.232729956012918		1.1260709762573242		1.5823150320339203		0.34936830952167514		0.6987366190433503
1086		19.338562065997394		1.1155083179473877		1.566030751876831		0.3269485708475113		0.6538971416950226
1087		19.179563548997976		1.1227134466171265		1.5705009690666198		0.33246261599063875		0.6649252319812775
1088		19.23168689798331		1.1146173477172852		1.5712638556385041		0.33550560331344603		0.6710112066268921
1089		19.196109248005087		1.1315288543701172		1.5785920263195037		0.3288935694813728		0.6577871389627457
1090		19.16099555400433		1.1159428358078003		1.5669276485347747		0.3288399456501007		0.6576798913002014
1091		19.152230879990384		1.103780746459961		1.556418394203186		0.32924118781089784		0.6584823756217957
1092		19.17054456900223		1.116866111755371		1.5724563276672363		0.3357991857171059		0.6715983714342117
1093		19.316023096005665		1.1217502355575562		1.5762266377067566		0.3278252695083618		0.6556505390167237
1094		19.36379638701328		1.1096153259277344		1.5614012176513672		0.32938294488191605		0.6587658897638321
1095		19.381628560018726		1.1120625734329224		1.5682610044384002		0.3290712009191513		0.6581424018383026
1096		19.374954226979753		1.1061174869537354		1.561089400062561		0.32725951042175294		0.6545190208435059
1097		19.43137209699489		1.1051697731018066		1.5636657867145538		0.3321647730231285		0.664329546046257
1098		19.494635882991133		1.1361137628555298		1.5899772406196595		0.3298384668111801		0.6596769336223602
1099		19.56239778001327		1.114743709564209		1.5658216603565216		0.32664504017829893		0.6532900803565979
1100		19.607467232010094		1.130201816558838		1.587022098760605		0.32734423148632047		0.6546884629726409
1101		19.55996809899807		1.105717420578003		1.5599974606132507		0.32644974464178084		0.6528994892835617
1102		19.461657172010746		1.1139332056045532		1.5587273176670073		0.3269361071944237		0.6538722143888474
1103		19.282372854009736		1.117915153503418		1.57699652592659		0.3274330699443817		0.6548661398887634
1104		19.252991607005242		1.0984128713607788		1.5607364038276672		0.3278281727433205		0.655656345486641
1105		19.275241230992833		1.1049381494522095		1.5572564361381531		0.32601604228019715		0.6520320845603943
1106		19.498644179984694		1.1050548553466797		1.5596464150714875		0.3266185553193092		0.6532371106386184
1107		19.48424055601936		1.1335750818252563		1.5836900715255737		0.3276211818933487		0.6552423637866974
1108		19.552294078021077		1.1276624202728271		1.5847734755420684		0.36657922360897066		0.7331584472179413
1109		19.535770293994574		1.1122162342071533		1.5712180357265473		0.329553039586544		0.659106079173088
1110		19.443662199017126		1.1092838048934937		1.5628087771797181		0.3295567061662674		0.6591134123325348
1111		19.29391422099434		1.1045539379119873		1.5580446287059784		0.3309713592290878		0.6619427184581756
1112		19.260553343978245		1.12045156955719		1.5718414354324342		0.3266709364771843		0.6533418729543686
1113		19.173474032024387		1.1024653911590576		1.5580348615837096		0.32706375039815905		0.6541275007963181
1114		19.24241455300944		1.1082314252853394		1.562285960969925		0.32599465820789336		0.6519893164157867
1115		19.37834668799769		1.1174736022949219		1.566505118713379		0.3265592734217644		0.6531185468435288
1116		19.198767339024926		1.1120190620422363		1.5648668554973602		0.32560627114772794		0.6512125422954559
1117		19.243366488983156		1.1096211671829224		1.5671381177711488		0.3486943574547768		0.6973887149095536
1118		19.24984224900254		1.1165498495101929		1.5700182592964171		0.32551455838680265		0.6510291167736053
1119		19.316774050996173		1.1070468425750732		1.565816767578125		0.32663325670957566		0.6532665134191513
1120		19.599210250016768		1.0947195291519165		1.5441206177902222		0.3303920103311539		0.6607840206623078
1121		19.627398790005827		1.1028565168380737		1.5600536228466033		0.326445629799366		0.652891259598732
1122		19.632509305985877		1.1223307847976685		1.5771909932804107		0.3255472949981689		0.6510945899963378
1123		19.59727065000334		1.1120176315307617		1.5661272360897065		0.33115793191194537		0.6623158638238907
1124		19.574911144998623		1.110785722732544		1.5646911525154115		0.32721564338207243		0.6544312867641449
1125		19.491747105988907		1.119077205657959		1.5770974782752991		0.3289881584763527		0.6579763169527054
1126		19.36874594600522		1.1149005889892578		1.563788008852005		0.32738264313936233		0.6547652862787247
1127		19.437389756989432		1.097554087638855		1.5533861640930176		0.3255241192102432		0.6510482384204864
1128		19.387285355012864		1.104136347770691		1.5585637836265565		0.3266758209347725		0.653351641869545
1129		19.315651826007525		1.110935091972351		1.5534457402324677		0.335226557970047		0.670453115940094
1130		19.593928423011675		1.1004120111465454		1.5604679337596894		0.32562796677350997		0.6512559335470199
1131		19.461209898989182		1.1086138486862183		1.5619184696674346		0.33303039799928663		0.6660607959985733
1132		19.490314120979747		1.1186248064041138		1.5741243264293672		0.325574101626873		0.651148203253746
1133		19.529698713013204		1.1047998666763306		1.563046956691742		0.33118537524938585		0.6623707504987717
1134		19.174173435982084		1.1125205755233765		1.5543772728443146		0.32596818083524703		0.6519363616704941
1135		19.339746006997302		1.106904149055481		1.5651735732460021		0.3263635531663895		0.652727106332779
1136		19.513457665016176		1.0974726676940918		1.5471378033065797		0.3271114098310471		0.6542228196620942
1137		19.459466581989545		1.106683373451233		1.565129821691513		0.32692519181966784		0.6538503836393357
1138		19.604077031981433		1.1131247282028198		1.565401365776062		0.325110867702961		0.650221735405922
1139		19.409219965018565		1.1099026203155518		1.5568626415634155		0.32508835371732714		0.6501767074346543
1140		19.270099524990655		1.109187126159668		1.557850821723938		0.3252503825306892		0.6505007650613784
1141		19.27845009599696		1.0921688079833984		1.5495283476257324		0.34290919513702395		0.6858183902740479
1142		19.317754452989902		1.1152021884918213		1.5637195514202118		0.32491193001270297		0.6498238600254059
1143		19.30837655198411		1.0938595533370972		1.5460545344257355		0.32608312413692475		0.6521662482738495
1144		19.36890669298009		1.1037466526031494		1.555736199388504		0.32557882894277573		0.6511576578855515
1145		19.50965798398829		1.1127331256866455		1.5644355502319336		0.32886661964654923		0.6577332392930985
1146		19.435985983000137		1.1084944009780884		1.5599224925231934		0.32476121970415117		0.6495224394083023
1147		19.31013670298853		1.1074315309524536		1.5609323379135132		0.3405597578406334		0.6811195156812668
1148		19.27740112898755		1.1060292720794678		1.5585916094970702		0.3375019519329071		0.6750039038658142
1149		19.20750859499094		1.0952281951904297		1.5466375992298127		0.3248145545244217		0.6496291090488434
1150		19.295922409015475		1.0938555002212524		1.5535692946624755		0.3261536849498749		0.6523073698997498
1151		19.41953675201512		1.1005748510360718		1.5494306177425385		0.33322917931079865		0.6664583586215973
1152		19.44758698597434		1.099871277809143		1.5587790709018707		0.3251259313106537		0.6502518626213074
1153		19.492652376007754		1.1074105501174927		1.5507627456855775		0.32487278923988344		0.6497455784797669
1154		19.38189393299399		1.0988903045654297		1.5570581074810028		0.32491332207918167		0.6498266441583633
1155		19.409419788018567		1.0972942113876343		1.5504431247043609		0.33005113787651064		0.6601022757530213
1156		19.12725459501962		1.097825527191162		1.5561633121585845		0.32507929215431214		0.6501585843086243
1157		19.16946223701234		1.0951511859893799		1.5464184031677246		0.32537013956308364		0.6507402791261673
1158		19.295174150000094		1.1024399995803833		1.5551205114269258		0.3251892003774643		0.6503784007549286
1159		19.289396284992108		1.1033062934875488		1.5564063790893554		0.3256479717493057		0.6512959434986114
1160		19.341077934979694		1.1038076877593994		1.5501894904327393		0.33039130260944366		0.6607826052188873
1161		19.262643631984247		1.0992063283920288		1.5537406311702728		0.3270848790884018		0.6541697581768036
1162		19.375207236007554		1.0970983505249023		1.5519711128139495		0.3247775298476219		0.6495550596952439
1163		19.310696814995026		1.1102185249328613		1.5557658702754975		0.3249615734100342		0.6499231468200684
1164		19.21402015700005		1.1043760776519775		1.5579418114852905		0.32437889009714127		0.6487577801942825
1165		19.222795492998557		1.1021326780319214		1.5500970922279358		0.3375107524394989		0.6750215048789978
1166		19.173279329988873		1.0981823205947876		1.5468828829956054		0.3280772015094757		0.6561544030189514
1167		19.38277318998007		1.10243558883667		1.5539015617752074		0.32422387084960935		0.6484477416992187
1168		19.350750390003668		1.0846551656723022		1.5363114265155793		0.3311014733076096		0.6622029466152192
1169		19.11100655500195		1.0949867963790894		1.5437402743434907		0.32559955633878707		0.6511991126775741
1170		19.325033630011603		1.1053308248519897		1.557143378019333		0.3243799646139145		0.648759929227829
1171		19.369200796994846		1.0963283777236938		1.542005869922638		0.32437867225408556		0.6487573445081711
1172		19.432292911980767		1.1012433767318726		1.55741243185997		0.32664063057899473		0.6532812611579895
1173		19.208927364001283		1.0852807760238647		1.5357158400821687		0.3246278744697571		0.6492557489395142
1174		19.171591991005698		1.1008079051971436		1.5491648341083526		0.32431937087774276		0.6486387417554855
1175		19.162944023002638		1.1006897687911987		1.563548697938919		0.3248457396745682		0.6496914793491364
1176		19.180410303000826		1.095181941986084		1.549273032426834		0.323959524679184		0.647919049358368
1177		19.249502353020944		1.1016803979873657		1.553342906551361		0.32433100949525834		0.6486620189905167
1178		19.32234639598755		1.086642861366272		1.5391986986255646		0.3329077275753021		0.6658154551506043
1179		19.43105933300103		1.0908174514770508		1.5420720975208282		0.323997789812088		0.647995579624176
1180		19.34876578100375		1.0939140319824219		1.5465566918945313		0.32487565047740935		0.6497513009548187
1181		19.465438350016484		1.0922155380249023		1.545790844774246		0.32368292768001555		0.6473658553600311
1182		19.107559772994136		1.096778154373169		1.5462183915615082		0.32457923130989075		0.6491584626197815
1183		19.171909332013456		1.0925490856170654		1.5436095960140228		0.3239717871546745		0.647943574309349
1184		19.454201049986295		1.0877878665924072		1.5418622693443298		0.32459269851446154		0.6491853970289231
1185		19.262821212003473		1.0858160257339478		1.5405112515735626		0.32492972087860106		0.6498594417572021
1186		19.409951392008225		1.0904724597930908		1.54573640127182		0.3257390652656555		0.651478130531311
1187		19.406933008984197		1.096186637878418		1.5472432015323638		0.32487063850164416		0.6497412770032883
1188		19.312206392991357		1.107153296470642		1.557479767999649		0.3258117531657219		0.6516235063314438
1189		19.354980922013056		1.0923190116882324		1.549318071527481		0.3237337144255638		0.6474674288511276
1190		19.43124871701002		1.0856329202651978		1.5425314813709259		0.3238966425061226		0.6477932850122452
1191		19.413809126010165		1.1007521152496338		1.5494244631671905		0.3259640722632408		0.6519281445264816
1192		19.424717365007382		1.097377896308899		1.5383979088497162		0.32378162825107576		0.6475632565021515
1193		19.573292507993756		1.0768529176712036		1.5281864833545684		0.3259254590034485		0.651850918006897
1194		19.251985643990338		1.0962934494018555		1.5506212555980683		0.32353266001939773		0.6470653200387955
1195		19.402082785993116		1.1005316972732544		1.547174499797821		0.33022413288354874		0.6604482657670975
1196		19.185352808999596		1.0934983491897583		1.5419844629764556		0.32470644026994705		0.6494128805398941
1197		19.121259549021488		1.085084080696106		1.5357780136775971		0.3235859405755997		0.6471718811511994
1198		19.279998988989973		1.091984510421753		1.5415743999290465		0.32346013338565827		0.6469202667713165
1199		19.287032983003883		1.091450572013855		1.5390028183746338		0.3236258512854576		0.6472517025709152
1200		19.342567407002207		1.0883169174194336		1.5454043447971344		0.3317640457749367		0.6635280915498734
1201		19.299810669006547		1.0886019468307495		1.5447204048156737		0.32526843385696413		0.6505368677139283
1202		19.339586509013316		1.099408507347107		1.5467621303653718		0.3240007377624512		0.6480014755249024
1203		19.46153271899675		1.0881513357162476		1.5339963368225098		0.32359910546541215		0.6471982109308243
1204		19.477435180015163		1.0983637571334839		1.5511363861370087		0.3238642356991768		0.6477284713983535
1205		19.23749253101414		1.0863068103790283		1.5379146874141694		0.32327772892713547		0.6465554578542709
1206		19.55300926900236		1.0835782289505005		1.5353355617141724		0.3246661339998245		0.649332267999649
1207		19.552504627994495		1.0910534858703613		1.5420684580612183		0.323570812523365		0.64714162504673
1208		19.48368071700679		1.086796760559082		1.5418606761455536		0.3266056072115898		0.6532112144231796
1209		19.438339983986225		1.0865708589553833		1.5362587644672394		0.325422099173069		0.650844198346138
1210		19.381145560008008		1.0853822231292725		1.5366309103393554		0.3233290113568306		0.6466580227136612
1211		19.490070917992853		1.0887967348098755		1.538361225090027		0.3237351424098015		0.647470284819603
1212		19.338522742997156		1.0801774263381958		1.5340209840106964		0.32343733152151105		0.6468746630430221
1213		19.34478392798337		1.0918148756027222		1.5327887311840058		0.3265730984687805		0.653146196937561
1214		19.343522726994706		1.0914924144744873		1.5365537923526764		0.32419416544437407		0.6483883308887481
1215		19.322647160006454		1.0818016529083252		1.5320852008152008		0.3253921731829643		0.6507843463659286
1216		19.28787378699053		1.0861542224884033		1.5332436496829986		0.327473407292366		0.654946814584732
1217		19.38964790699538		1.0805379152297974		1.539187140378952		0.3259764323472977		0.6519528646945953
1218		19.193597654026235		1.0829497575759888		1.5346603196716309		0.32430017714500425		0.6486003542900085
1219		19.367283672007034		1.097393274307251		1.5457465405082702		0.32347646507024763		0.6469529301404953
1220		19.27496437699301		1.0817360877990723		1.5346685302448273		0.3235991911649704		0.6471983823299408
1221		19.334380468993913		1.1006613969802856		1.5431465509986877		0.32342494893074036		0.6468498978614807
1222		19.38314228199306		1.0871121883392334		1.529835648574829		0.3258894409656525		0.651778881931305
1223		19.253692245983984		1.0883723497390747		1.541223147830963		0.3243122958302498		0.6486245916604996
1224		19.305087604996515		1.0860003232955933		1.5356377893066406		0.32317206822633743		0.6463441364526749
1225		19.254971701011527		1.0920897722244263		1.5335271697044373		0.32392990493774415		0.6478598098754883
1226		19.217255009018118		1.0842926502227783		1.537259150905609		0.3233249592423439		0.6466499184846878
1227		19.491944625013275		1.0830892324447632		1.5281875432491303		0.32294511024951933		0.6458902204990387
1228		19.528812915988965		1.0914764404296875		1.5318554208183288		0.3229999846816063		0.6459999693632126
1229		19.46575229600421		1.088311791419983		1.532250650844574		0.3322613332390785		0.664522666478157
1230		19.365583682985744		1.0846331119537354		1.524234492111206		0.3229502142429352		0.6459004284858704
1231		19.300532570981886		1.0838353633880615		1.528518244638443		0.3225552712321281		0.6451105424642563
1232		19.228053920000093		1.0843284130096436		1.5320861497211455		0.329191261279583		0.658382522559166
1233		19.192629070021212		1.0815637111663818		1.535053329591751		0.3230352920651436		0.6460705841302872
1234		19.24156732900883		1.0825438499450684		1.5241519050598145		0.3233926519274712		0.6467853038549424
1235		19.566604513005586		1.0934776067733765		1.5386348050689698		0.3229035616159439		0.6458071232318878
1236		19.66153977700742		1.0830321311950684		1.5269695089912414		0.3230498648405075		0.646099729681015
1237		19.59286461499869		1.0781499147415161		1.5243774241161347		0.3229003163099289		0.6458006326198578
1238		19.623671911016572		1.0824267864227295		1.5279180316257477		0.32858586559295655		0.6571717311859131
1239		19.555463572993176		1.0822056531906128		1.5326673475265502		0.32287357754707335		0.6457471550941467
1240		19.461232886009384		1.0916423797607422		1.5383838236427307		0.3239973474264145		0.647994694852829
1241		19.36289783200482		1.0916190147399902		1.5354102278614044		0.3225714757800102		0.6451429515600204
1242		19.29448780301027		1.0847963094711304		1.5361454607963563		0.3227593481183052		0.6455186962366104
1243		19.313872528990032		1.0810679197311401		1.5258330314064026		0.3240024444460869		0.6480048888921738
1244		19.47100177197717		1.0914523601531982		1.536208838672638		0.3227277642130852		0.6454555284261704
1245		19.20251343899872		1.0870208740234375		1.5282234939098358		0.3227389347076416		0.6454778694152832
1246		19.301468007994117		1.0840944051742554		1.5307361280918121		0.32359140298366545		0.6471828059673309
1247		19.163609201990766		1.0743159055709839		1.5276334079647065		0.32271252611875534		0.6454250522375107
1248		19.31735127599677		1.0777093172073364		1.5249934019088744		0.32274453206062315		0.6454890641212463
1249		19.20256943599088		1.086822271347046		1.5292694414520263		0.3269526541948318		0.6539053083896637
1250		19.300982067012228		1.0815948247909546		1.5307322506427765		0.322970743060112		0.645941486120224
1251		19.349717564997263		1.0868587493896484		1.5325782809257507		0.3257647659182549		0.6515295318365097
1252		19.37374454800738		1.0945545434951782		1.5417457150268554		0.32252552559375763		0.6450510511875153
1253		19.321911398001248		1.0829108953475952		1.5317003893470764		0.32279928525686263		0.6455985705137253
1254		19.313440806989092		1.0775290727615356		1.5265331534290314		0.3241327549815178		0.6482655099630356
1255		19.152541521994863		1.0778847932815552		1.527566765651703		0.3228360454082489		0.6456720908164978
1256		19.25084398398758		1.0943913459777832		1.5320502552604676		0.3229032356023788		0.6458064712047576
1257		19.258197437011404		1.0842537879943848		1.5238091563892364		0.32352889988422395		0.6470577997684479
1258		19.245138630009023		1.0804436206817627		1.525570444803238		0.32296577234268187		0.6459315446853637
1259		19.43424497099477		1.0810366868972778		1.5288985134220123		0.32507050051689146		0.6501410010337829
1260		19.28790459400625		1.0910300016403198		1.5308033212089538		0.3245528422236443		0.6491056844472886
1261		19.20349445400643		1.0739082098007202		1.5195889123535156		0.32731822316646575		0.6546364463329315
1262		19.205448848981177		1.074247121810913		1.5272702418613433		0.32386592141389847		0.6477318428277969
1263		19.132142048998503		1.0765153169631958		1.5288394586849212		0.3225459728002548		0.6450919456005096
1264		19.225425132986857		1.0850446224212646		1.5340730112075807		0.3221079008817673		0.6442158017635345
1265		19.21186876500724		1.0790907144546509		1.5256842175388337		0.3222040399432182		0.6444080798864364
1266		19.214775447006105		1.0802894830703735		1.5289087599563598		0.32398337844610214		0.6479667568922043
1267		19.150604424008634		1.077187418937683		1.5219542033100129		0.322707269358635		0.64541453871727
1268		19.43460073901224		1.0794594287872314		1.5253813635253906		0.3224287245035172		0.6448574490070343
1269		19.072064956009854		1.0850684642791748		1.5311791046714782		0.32231450581550597		0.6446290116310119
1270		19.09139136300655		1.0846774578094482		1.531086393890381		0.322378290951252		0.644756581902504
1271		19.164519209007267		1.0849756002426147		1.525675567178726		0.3244014592766762		0.6488029185533524
1272		19.201046645001043		1.0766159296035767		1.5214516926288604		0.32282726572751996		0.6456545314550399
1273		19.249986591981724		1.0792996883392334		1.5256761672782897		0.32210411804914474		0.6442082360982895
1274		19.299721279006917		1.0842100381851196		1.5287532657146454		0.3226014620780945		0.645202924156189
1275		19.315600272006122		1.0849800109863281		1.5248201593685151		0.322473052072525		0.64494610414505
1276		19.263250728021376		1.0764278173446655		1.5230603554058075		0.3231624986290932		0.6463249972581864
1277		19.37157334998483		1.0752729177474976		1.5227229668617248		0.3245012662887573		0.6490025325775146
1278		19.411803803988732		1.077658772468567		1.5144542026901244		0.3237256678581238		0.6474513357162476
1279		19.277920513006393		1.079526424407959		1.5220277861118316		0.32587330713272095		0.6517466142654419
1280		19.42480817399337		1.0815008878707886		1.5242586597537995		0.3219836707830429		0.6439673415660858
1281		19.390124797006138		1.0804827213287354		1.5213017635917663		0.3219327931165695		0.643865586233139
1282		19.45202366099693		1.0751619338989258		1.5230875727939606		0.32464179903268814		0.6492835980653763
1283		19.455802482989384		1.0719999074935913		1.517958576002121		0.3221904940247536		0.6443809880495072
1284		19.45656286799931		1.0715869665145874		1.516593532962799		0.32181820739507677		0.6436364147901535
1285		19.567393870995147		1.08437979221344		1.5230697295475006		0.3221778207778931		0.6443556415557862
1286		19.568636181007605		1.0787667036056519		1.5175352148914336		0.3221268030643463		0.6442536061286926
1287		19.473582876991713		1.0716594457626343		1.5217812592506408		0.3224374257206917		0.6448748514413833
1288		19.4810977409943		1.074455738067627		1.5218465597057342		0.32190176416635513		0.6438035283327103
1289		19.41849792501307		1.0763829946517944		1.5211706982803346		0.3218868932366371		0.6437737864732742
1290		19.43338303899509		1.0757063627243042		1.520227594690323		0.32194016640186307		0.6438803328037261
1291		19.28514224497485		1.0693119764328003		1.5180266364860535		0.32199388365745546		0.6439877673149109
1292		19.420197108003777		1.0719952583312988		1.5217077464866637		0.32196510078907015		0.6439302015781403
1293		19.4464817160042		1.0750527381896973		1.5217893101406097		0.32191924936771393		0.6438384987354279
1294		19.436061340005836		1.0752719640731812		1.5214656368732453		0.32182149068117144		0.6436429813623429
1295		19.452535731019452		1.0724200010299683		1.5209613670921325		0.3219119271159172		0.6438238542318344
1296		19.412449992989423		1.0691156387329102		1.5162968852138519		0.32255212079286577		0.6451042415857315
1297		19.1818486469856		1.0780391693115234		1.5195475280952453		0.3218685661673546		0.6437371323347092
1298		19.260075300000608		1.0776673555374146		1.5199391562843323		0.32184267578125		0.6436853515625
1299		19.35240768501535		1.0707428455352783		1.5216133727741241		0.32191933319568633		0.6438386663913727
1300		19.304651446000207		1.0830349922180176		1.5190466386699677		0.3220738716840744		0.6441477433681488
1301		19.274731586978305		1.0796483755111694		1.5247277528953551		0.32230215563774106		0.6446043112754821
1302		19.34527431000606		1.0755054950714111		1.5219513080596925		0.3218554742217064		0.6437109484434128
1303		19.34982368402416		1.075447916984558		1.5170573816394806		0.3225292541384697		0.6450585082769394
1304		19.288756408990594		1.0764881372451782		1.5192197711372375		0.3231175286769867		0.6462350573539734
1305		19.318058539007325		1.079943299293518		1.5193987020778656		0.32361288794279097		0.6472257758855819
1306		19.319350968988147		1.0755857229232788		1.516525513124466		0.32223588458299635		0.6444717691659927
1307		19.227130707004108		1.0764366388320923		1.5164048814201354		0.32167409499883654		0.6433481899976731
1308		19.551023774023633		1.0739941596984863		1.5187890567684175		0.3219212002515793		0.6438424005031586
1309		19.3917977050005		1.079856276512146		1.517631330242157		0.3217217869281769		0.6434435738563538
1310		19.436205875012092		1.0728631019592285		1.5189935163211823		0.32180670030117037		0.6436134006023407
1311		19.234306127997115		1.082413911819458		1.5210427989578248		0.32178695793151857		0.6435739158630371
1312		19.169813840999268		1.078985333442688		1.521587455663681		0.32245333530902864		0.6449066706180573
1313		19.181345342978602		1.0784178972244263		1.5206940269947051		0.3220794109225273		0.6441588218450546
1314		19.222756178001873		1.0787140130996704		1.5204870791721343		0.3217808063864708		0.6435616127729415
1315		19.399850115005393		1.0786323547363281		1.5165319880580903		0.3216024040102959		0.6432048080205918
1316		19.329625921993284		1.074544906616211		1.5176270738697053		0.3218255779623985		0.643651155924797
1317		19.26361997600179		1.0859578847885132		1.5186284463882447		0.32564797627925873		0.6512959525585175
1318		19.36009624498547		1.072853922843933		1.5143678744792939		0.32167067930698395		0.6433413586139679
1319		19.102353110007243		1.0717107057571411		1.5178276806926727		0.32160406972169875		0.6432081394433975
1320		19.200673349987483		1.0722322463989258		1.517856800174713		0.32151203429698944		0.6430240685939789
1321		19.258237037982326		1.0668821334838867		1.5124039250278474		0.3218858017444611		0.6437716034889222
1322		19.336422265012516		1.076798439025879		1.5165485868930817		0.3216369435787201		0.6432738871574402
1323		19.280845818982925		1.0693093538284302		1.5155197449493407		0.3218967489361763		0.6437934978723526
1324		19.165825659991242		1.075444221496582		1.5142128796195984		0.3215830487728119		0.6431660975456238
1325		19.11930073800613		1.077897310256958		1.5206096050930022		0.32215448507070543		0.6443089701414109
1326		19.293860550998943		1.0786092281341553		1.515778718585968		0.3215362998723984		0.6430725997447968
1327		19.431352325016633		1.0736782550811768		1.517664971599579		0.32158360067605973		0.6431672013521195
1328		19.406054317980306		1.072022795677185		1.5149271347045898		0.32182440321445466		0.6436488064289093
1329		19.56947475799825		1.0773375034332275		1.5240548316574096		0.32170084962844847		0.6434016992568969
1330		19.292586495983414		1.0804543495178223		1.5152929624080658		0.3214728948354721		0.6429457896709442
1331		19.461908800003584		1.072230339050293		1.5148921965026856		0.3217373887658119		0.6434747775316239
1332		19.480846468999516		1.0719575881958008		1.5122716084766388		0.3215645039558411		0.6431290079116821
1333		19.164718519023154		1.074951171875		1.5139725167369842		0.3228608432412148		0.6457216864824296
1334		19.188395372999366		1.0785185098648071		1.5144888670730592		0.3220092641234398		0.6440185282468796
1335		19.41606462901109		1.0760383605957031		1.5146550575733184		0.3214672322392464		0.6429344644784928
1336		19.619392323016655		1.0737216472625732		1.5147861358833312		0.3213766409754753		0.6427532819509506
1337		19.393772978015477		1.0697004795074463		1.5165613800907134		0.32156197056770325		0.6431239411354065
1338		19.467878607014427		1.0766111612319946		1.5191724825000763		0.32143470754623416		0.6428694150924683
1339		19.14252559898887		1.0756813287734985		1.5115190141487123		0.32224929125308993		0.6444985825061799
1340		19.28821935900487		1.0733433961868286		1.5135113547611236		0.3215567801833153		0.6431135603666306
1341		19.46462166501442		1.0694215297698975		1.5097619450092317		0.3215955615520477		0.6431911231040954
1342		19.15759692300344		1.0799351930618286		1.5134805639839173		0.32146246011257174		0.6429249202251435
1343		19.21535719599342		1.075783133506775		1.5152875217628479		0.3213959920406342		0.6427919840812684
1344		19.240813294018153		1.0770941972732544		1.5114027479457854		0.3214106004953384		0.6428212009906769
1345		19.30146575800609		1.0684399604797363		1.5185632750988007		0.3215953044652939		0.6431906089305878
1346		19.183642682997743		1.070867657661438		1.5089525468826295		0.32141300715208054		0.6428260143041611
1347		19.180719364987453		1.0734528303146362		1.5115521005058288		0.3215208471417427		0.6430416942834855
1348		19.336951891018543		1.0673086643218994		1.5104480359745025		0.3216971745252609		0.6433943490505218
1349		19.481413873989368		1.067356824874878		1.5159526807785033		0.321317216527462		0.642634433054924
1350		19.457120220991783		1.0679090023040771		1.5102257477283478		0.321446569788456		0.642893139576912
1351		19.368027632997837		1.0663988590240479		1.511774878206253		0.3218986726760864		0.6437973453521728
1352		19.26272831100505		1.0722366571426392		1.5140676658725738		0.32158015333414075		0.6431603066682815
1353		19.215817193995463		1.0763437747955322		1.5127696942329407		0.3214394958615303		0.6428789917230606
1354		19.19416176501545		1.071614146232605		1.5122665037250518		0.3220256122469902		0.6440512244939804
1355		19.451397928001825		1.0762505531311035		1.5158991325950621		0.3213937137842178		0.6427874275684357
1356		19.376275126996916		1.0623453855514526		1.512712481622696		0.32136271563768387		0.6427254312753677
1357		19.285436917998595		1.0641634464263916		1.509547551021576		0.321282314479351		0.642564628958702
1358		19.528388351987815		1.0750924348831177		1.5117965082836151		0.32137758399248123		0.6427551679849625
1359		19.343364201980876		1.0679409503936768		1.5167205574321747		0.321263568854332		0.642527137708664
1360		19.36277239199262		1.0746170282363892		1.5157996162223817		0.3213362394928932		0.6426724789857864
1361		19.312419369001873		1.064451813697815		1.5097612141132355		0.32132501715421674		0.6426500343084335
1362		19.48629243799951		1.0741981267929077		1.5146429933166503		0.3212179792761803		0.6424359585523606
1363		19.52252325299196		1.0759732723236084		1.510870137758255		0.3212969604611397		0.6425939209222794
1364		19.486264944978757		1.0736867189407349		1.5090158618068694		0.3212776022911072		0.6425552045822144
1365		19.448168389004422		1.0716966390609741		1.510986858959198		0.32166044356822965		0.6433208871364593
1366		19.305841808003606		1.0727773904800415		1.5103673896789551		0.3212237563610077		0.6424475127220154
1367		19.183326914004283		1.072290062904358		1.5136483238983154		0.32142474517822267		0.6428494903564453
1368		19.143546335981227		1.0694386959075928		1.507501682214737		0.3213808057665825		0.642761611533165
1369		19.148777000023983		1.0628104209899902		1.5139925712776183		0.321322837972641		0.642645675945282
1370		19.257289861998288		1.0676358938217163		1.5087179402446746		0.3214254058599472		0.6428508117198944
1371		19.236843202001182		1.0706782341003418		1.5135098466682435		0.32131130135059355		0.6426226027011871
1372		19.288222734001465		1.071927785873413		1.5095189858341218		0.32128679275512695		0.6425735855102539
1373		19.18044471097528		1.0768803358078003		1.5111434623241424		0.32135321094989777		0.6427064218997955
1374		19.156136347999563		1.0705487728118896		1.5080208862400055		0.3214004819512367		0.6428009639024734
1375		19.16853790701134		1.0670408010482788		1.5109702284526825		0.3212147861719131		0.6424295723438262
1376		19.344459517975338		1.0715248584747314		1.5084112161159515		0.3212265104174614		0.6424530208349228
1377		19.536866704991553		1.0742459297180176		1.5118859881687163		0.3212583387851715		0.642516677570343
1378		19.589274270023452		1.0626329183578491		1.5058331051158904		0.3214029301404953		0.6428058602809906
1379		19.352618175995303		1.0677299499511719		1.5108436762523652		0.321168284535408		0.642336569070816
1380		19.38591753601213		1.0688199996948242		1.5070110528850555		0.32145777591466906		0.6429155518293381
1381		19.458458765002433		1.073128342628479		1.5099375382232667		0.32110842477083207		0.6422168495416641
1382		19.40709272699314		1.071494460105896		1.509996388578415		0.32126453050374987		0.6425290610074997
1383		19.270778609003173		1.0608885288238525		1.511660804758072		0.32109392684698107		0.6421878536939621
1384		19.423616095009493		1.0646485090255737		1.50579214928627		0.32203719899654387		0.6440743979930877
1385		19.545224701985717		1.076092004776001		1.5136751073265076		0.3211469385266304		0.6422938770532608
1386		19.594839167024475		1.074991226196289		1.506326196641922		0.3212118511199951		0.6424237022399902
1387		19.289220266015036		1.0702862739562988		1.51012055975914		0.32112106699943543		0.6422421339988709
1388		19.19395880700904		1.0684951543807983		1.5135653990364075		0.3211965339183807		0.6423930678367614
1389		19.227934966998873		1.0703916549682617		1.5081081452655791		0.3211385982275009		0.6422771964550018
1390		19.23309970999253		1.0681018829345703		1.5088065929794312		0.32118976724147796		0.6423795344829559
1391		19.35034393699607		1.0675286054611206		1.507886854314804		0.3211571244001389		0.6423142488002778
1392		19.342543186998228		1.0675625801086426		1.5084836517715454		0.32109660339355467		0.6421932067871093
1393		19.350618790020235		1.0753268003463745		1.5047512624454498		0.32117215799093246		0.6423443159818649
1394		19.335465667012613		1.065361738204956		1.5034432465744019		0.32118076080083846		0.6423615216016769
1395		19.294371507014148		1.0684566497802734		1.5068814850521088		0.32105403977632524		0.6421080795526505
1396		19.33259053301299		1.072265386581421		1.5078130531215668		0.32117930588722227		0.6423586117744445
1397		19.382608195010107		1.0658366680145264		1.5092906475162506		0.32115365777015686		0.6423073155403137
1398		19.40141674800543		1.0693540573120117		1.506917404718399		0.32110132776498795		0.6422026555299759
1399		19.357707426010165		1.0697476863861084		1.5073987704372407		0.3211367872595787		0.6422735745191575
1400		19.28793806300382		1.0737683773040771		1.5073959758090973		0.32112108422517777		0.6422421684503555
1401		19.539872631023172		1.0650664567947388		1.5070615433979035		0.3210890394568443		0.6421780789136886
1402		19.321685593022266		1.076448678970337		1.510721248111725		0.3210370696663857		0.6420741393327714
1403		19.42545776098268		1.0723012685775757		1.509485388841629		0.321102297103405		0.64220459420681
1404		19.394381057005376		1.0688101053237915		1.5074769571399689		0.321306806910038		0.642613613820076
1405		19.411053344985703		1.0777558088302612		1.5106493784809112		0.3210986769080162		0.6421973538160324
1406		19.25445976399351		1.067517638206482		1.50716126206398		0.3211033935904503		0.6422067871809006
1407		19.317303664021892		1.0701192617416382		1.5100149382400512		0.32106781053543093		0.6421356210708619
1408		19.35716139798751		1.06866455078125		1.5083358694267273		0.3210610266208649		0.6421220532417298
1409		19.358600963983918		1.0754473209381104		1.5054935390281676		0.3210747405290604		0.6421494810581208
1410		19.290250813006423		1.0713964700698853		1.5110748205184936		0.3211227645158768		0.6422455290317536
1411		19.221340422984213		1.070239543914795		1.5091491765975953		0.3210949936151504		0.6421899872303009
1412		19.29890697900555		1.0631041526794434		1.50594581489563		0.32107225450277327		0.6421445090055465
1413		19.422389129002113		1.0693942308425903		1.5058513498306274		0.3210985234260559		0.6421970468521118
1414		19.214013626013184		1.0656659603118896		1.5068693654727936		0.3210508958697319		0.6421017917394638
1415		19.241374470002484		1.074280023574829		1.5082965800380708		0.32110770684480666		0.6422154136896133
1416		19.173710009024944		1.0702887773513794		1.506959442882538		0.32111802884340285		0.6422360576868057
1417		19.056139560008887		1.0649162530899048		1.5086233186912537		0.32108663436174395		0.6421732687234879
1418		19.09811874802108		1.0643943548202515		1.506417722234726		0.3210795079827309		0.6421590159654618
1419		19.16191853498458		1.0715625286102295		1.5081554815387725		0.3211146540880203		0.6422293081760406
1420		19.185853609989863		1.0640369653701782		1.5074697767734528		0.3210756466269493		0.6421512932538986
1421		19.20635104601388		1.0662840604782104		1.5060806765270234		0.3210723414301872		0.6421446828603744
1422		19.247432374977507		1.0706287622451782		1.5069126723766326		0.32104055527448655		0.6420811105489731
1423		19.263570223003626		1.0712339878082275		1.505549366092682		0.32109649802446366		0.6421929960489273
1424		19.19962539197877		1.0704363584518433		1.5071544542980193		0.32104988399744033		0.6420997679948807
1425		19.146652065013768		1.0651402473449707		1.5051586014842988		0.3211081650495529		0.6422163300991058
1426		19.335124217992416		1.0685383081436157		1.5069986339187622		0.321053395652771		0.642106791305542
1427		19.306828370987205		1.0752171277999878		1.5073084313297271		0.32105012190341947		0.6421002438068389
1428		19.446972245001234		1.06782066822052		1.5068768031597137		0.32105987830162047		0.6421197566032409
1429		19.175223555008415		1.0668728351593018		1.5069276106643676		0.32110854852199555		0.6422170970439911
1430		19.150427918997593		1.0640517473220825		1.508686668214798		0.3210437852025032		0.6420875704050064
1431		19.266067899996415		1.0711369514465332		1.5057907374095916		0.3210339260101318		0.6420678520202636
1432		19.343804822972743		1.0652995109558105		1.5056685295009613		0.32105778622627257		0.6421155724525451
1433		19.48500885098474		1.0691661834716797		1.5082683488845825		0.3210633515357971		0.6421267030715943
1434		19.374417828017613		1.0663179159164429		1.504947909231186		0.32102197620868683		0.6420439524173737
1435		19.397880042000907		1.0714119672775269		1.5077888547420502		0.32102361977100374		0.6420472395420075
1436		19.347466231993167		1.0723191499710083		1.5061080675029754		0.3210715841412544		0.6421431682825088
1437		19.1801109109947		1.0708571672439575		1.506795529575348		0.3210654717564583		0.6421309435129166
1438		19.255225325003266		1.060394525527954		1.5059209817504884		0.32106073789596556		0.6421214757919311
1439		19.29807915800484		1.0698169469833374		1.5073833948135376		0.3210279582023621		0.6420559164047241
1440		19.43716346801375		1.0727839469909668		1.5078573682117462		0.3210613061904907		0.6421226123809815
1441		19.350376311980654		1.0695810317993164		1.504329676990509		0.32102392921447753		0.6420478584289551
1442		19.4863937520131		1.0656949281692505		1.5026536371231078		0.3210231363654137		0.6420462727308274
1443		19.38108945300337		1.0684298276901245		1.5035300497341155		0.3210164713025093		0.6420329426050186
1444		19.418664794997312		1.0766968727111816		1.5060419230175017		0.3211170744299889		0.6422341488599778
1445		19.523424029990565		1.073107361793518		1.5095026928329467		0.3210505565166473		0.6421011130332946
1446		19.4135364239919		1.0627634525299072		1.5058204702091218		0.32102808643579483		0.6420561728715897
1447		19.637536556983832		1.0698641538619995		1.5105240102005004		0.3210358837723732		0.6420717675447464
1448		19.578472299006535		1.0643987655639648		1.5060390202713012		0.32106386604309084		0.6421277320861817
1449		19.498282818007283		1.0691279172897339		1.5067213883686066		0.32103587938547135		0.6420717587709427
1450		19.30662259599194		1.0730608701705933		1.5058352528572083		0.3210319009065628		0.6420638018131256
1451		19.27827504600282		1.0642212629318237		1.5053195075416566		0.32103913501501086		0.6420782700300217
1452		19.27578642597655		1.06278657913208		1.5081267386817931		0.3210313388109207		0.6420626776218414
1453		19.142662398982793		1.0748112201690674		1.5038843630886078		0.3210438406586647		0.6420876813173294
1454		19.312170785997296		1.0703392028808594		1.5069636002349853		0.3210177135229111		0.6420354270458222
1455		19.199951205024263		1.0692012310028076		1.5059334041404724		0.32101322664022447		0.6420264532804489
1456		19.213750340015395		1.0681946277618408		1.5059878962421418		0.3210277364373207		0.6420554728746414
1457		19.184795515000587		1.07364022731781		1.5065481369781495		0.32102184039354326		0.6420436807870865
1458		19.160088686010567		1.067037582397461		1.5040289043807984		0.3210152879476547		0.6420305758953094
1459		19.183303096011514		1.069667100906372		1.5066952136516572		0.321048128926754		0.642096257853508
1460		19.175961813976755		1.0738965272903442		1.5070015819454192		0.32104423300027846		0.6420884660005569
1461		19.34245867302525		1.0685985088348389		1.5051641857624054		0.321038737654686		0.642077475309372
1462		19.306526488013333		1.0706924200057983		1.5037165885925292		0.32102618585824966		0.6420523717164993
1463		19.444012975000078		1.069052815437317		1.5075242051410676		0.32103579208850863		0.6420715841770173
1464		19.49488028601627		1.0676301717758179		1.5044229678344727		0.3210275286793709		0.6420550573587418
1465		19.439929212006973		1.0654693841934204		1.5073077129745482		0.3210453023791313		0.6420906047582626
1466		19.42421879299218		1.0720113515853882		1.5039305375480652		0.3210168441414833		0.6420336882829666
1467		19.353173940005945		1.0652488470077515		1.504773005800247		0.32102474216222765		0.6420494843244553
1468		19.24095160799334		1.0665017366409302		1.5062743409633637		0.3210216793775558		0.6420433587551116
1469		19.29942842599121		1.068501591682434		1.5022342612838746		0.32103799331188204		0.6420759866237641
1470		19.266034247993957		1.0664052963256836		1.5081702547645568		0.3210119926214218		0.6420239852428437
1471		19.600024626997765		1.0659207105636597		1.505391189365387		0.3210346875667572		0.6420693751335144
1472		19.472564444004092		1.066053867340088		1.5019922008419038		0.321019881439209		0.642039762878418
1473		19.31959107000148		1.0742018222808838		1.5048971821880341		0.3210225948691368		0.6420451897382736
1474		19.349278039007913		1.0685652494430542		1.5040520923519134		0.32102250171899793		0.6420450034379959
1475		19.267734758992447		1.064573884010315		1.5031847595214844		0.3210289812445641		0.6420579624891282
1476		19.22864448299515		1.0695011615753174		1.505584528169632		0.32102641526460646		0.6420528305292129
1477		19.327912596985698		1.0713491439819336		1.508528296175003		0.3210243146896362		0.6420486293792724
1478		19.274136924010236		1.0730105638504028		1.5060567524051667		0.3210282714009285		0.642056542801857
1479		19.275464609003393		1.06965970993042		1.5082274249744416		0.3210191185474396		0.6420382370948792
1480		19.15392045499175		1.062509536743164		1.5057971414661409		0.32102628215551376		0.6420525643110275
1481		19.282005326997023		1.0662530660629272		1.5073281782722474		0.321021558201313		0.642043116402626
1482		19.24615568801528		1.0659793615341187		1.5064079168605804		0.3210221476316452		0.6420442952632904
1483		19.240732206992107		1.0702378749847412		1.500986469669342		0.3210228020906448		0.6420456041812896
1484		19.265430224011652		1.074313759803772		1.506052594537735		0.32102168959379196		0.6420433791875839
1485		19.220035924983677		1.0715281963348389		1.506513953857422		0.3210202011823654		0.6420404023647308
1486		19.3116727930028		1.0662808418273926		1.509649449748993		0.3210219457268715		0.642043891453743
1487		19.178649734996725		1.0712709426879883		1.5055117438602448		0.3210219843506813		0.6420439687013626
1488		19.410206345986808		1.0664862394332886		1.5050795897197724		0.3210221034765244		0.6420442069530488
1489		19.50987045597867		1.070497989654541		1.5046524902153016		0.3210224456548691		0.6420448913097382
1490		19.569340553018264		1.0680387020111084		1.5047132381534576		0.32102198122739795		0.6420439624547959
1491		19.595614897989435		1.0718004703521729		1.5078155901527406		0.32102222343683245		0.6420444468736649
1492		19.625878941995325		1.067006230354309		1.5056330860614777		0.3210224130988121		0.6420448261976242
1493		19.592163728986634		1.0711387395858765		1.504990962152481		0.3210224643230438		0.6420449286460876
1494		19.46781064599054		1.0672261714935303		1.5034654005146026		0.3210225353121757		0.6420450706243515
1495		19.39096973001142		1.0579700469970703		1.5049056849575042		0.32102258788347243		0.6420451757669449
1496		19.46531619702		1.074102759361267		1.50635950050354		0.32102257106304166		0.6420451421260833
1497		19.393531351001002		1.0634596347808838		1.502071901102066		0.32102257105112075		0.6420451421022415
1498		19.34314989199629		1.0601173639297485		1.501437315940857		0.321022572684288		0.642045145368576
1499		19.41487258899724		1.0699849128723145		1.5058002532863617		0.321022570681572		0.642045141363144