Epoch	Duration				Loss Step Train			Loss Full Train			Loss Step Test			Loss Full Test
0		20.461865659046452		23.0782413482666		23.442435463752748		3.7368081911087034		7.473616382217407
1		19.820104815997183		21.215917587280273		21.240677202415466		2.4223849338531496		4.844769867706299
2		19.83932156098308		17.074575424194336		17.45383055557251		1.2940039360046387		2.5880078720092774
3		19.79565263504628		14.806169509887695		14.950272743492127		1.6588061670303345		3.317612334060669
4		19.919723188038915		13.372623443603516		13.516040450515748		2.786436062049866		5.572872124099732
5		20.180592509976123		16.709339141845703		16.22849886604309		1.2385509506225585		2.477101901245117
6		19.874286568025127		11.849408149719238		11.839989663543701		2.0720244200706484		4.144048840141297
7		20.03177882899763		12.452986717224121		12.367425969581603		1.0031627883911134		2.006325576782227
8		20.003509003960062		11.711028099060059		11.20070298374176		1.0999135440826415		2.199827088165283
9		20.203616163053084		9.678146362304688		9.491675510444642		1.0303928733825685		2.060785746765137
10		20.099917823972646		16.746932983398438		16.099077601413725		1.124261839389801		2.248523678779602
11		20.117755562998354		14.317628860473633		14.059538400669098		1.0405906655311585		2.081181331062317
12		19.96909724996658		12.972393035888672		12.232784092311858		1.0275404296875		2.055080859375
13		19.9590104460367		14.320853233337402		13.119350846557618		1.0117282415390014		2.023456483078003
14		20.050976293045096		13.5335111618042		12.77122431411743		1.0230661584854126		2.046132316970825
15		20.00891249399865		13.75731086730957		12.764665666122436		0.9953077072143555		1.990615414428711
16		19.931034392968286		37.46974563598633		33.07725704284668		1.245003653049469		2.490007306098938
17		19.92227472696686		15.519588470458984		15.031057066326142		1.2090306183815003		2.4180612367630006
18		20.069601785973646		45.452308654785156		43.653203945922854		1.1386210596084594		2.2772421192169188
19		20.088780622987542		26.5523738861084		24.127336308631897		1.027885412311554		2.055770824623108
20		20.019606609013863		62.95344924926758		55.797939150848386		1.183093370246887		2.366186740493774
21		20.057070198003203		41.63554000854492		40.2255522101593		1.1137413727760315		2.227482745552063
22		19.966941982973367		39.851139068603516		36.99953178020477		1.3223789964675903		2.6447579929351805
23		19.946937738975976		85.92813873291016		77.43256124536514		1.1121974834442139		2.2243949668884277
24		20.15168755198829		114.2396240234375		99.98252341474533		0.9976248685836792		1.9952497371673583
25		20.20228235796094		88.37762451171875		77.48330660093308		1.0651859667778014		2.130371933555603
26		20.161390994035173		51.21166229248047		47.69587249435425		1.0348135929107667		2.0696271858215334
27		20.133818836999126		77.66046142578125		70.27659861553192		1.033638322544098		2.067276645088196
28		20.165714898030274		217.1421356201172		195.14463506866454		1.2074495092391968		2.4148990184783936
29		20.15913719002856		53.95109176635742		46.689837531909944		1.0073024194717408		2.0146048389434816
30		20.201383186969906		97.36592102050781		88.43103083454132		1.0370244431495665		2.074048886299133
31		20.204343429999426		290.4068908691406		257.07651527629855		1.0870569350242614		2.1741138700485227
32		20.031771586975083		112.90503692626953		103.36765243923188		1.0051212804794312		2.0102425609588623
33		20.076296522980556		78.60731506347656		70.70351087036133		1.2095204710960388		2.4190409421920775
34		20.16186309204204		302.7234191894531		291.21875027635576		1.0147153030395508		2.0294306060791016
35		20.029298915003892		128.4141845703125		114.19188628943444		1.0473182474136353		2.0946364948272707
36		19.974071939010173		169.04994201660156		147.87444470331192		0.9947271409988403		1.9894542819976806
37		20.049099439987913		108.8120346069336		100.83009430526734		1.0713157490730285		2.142631498146057
38		20.09054250601912		154.7209930419922		151.2326848102188		1.3530534423828124		2.706106884765625
39		20.022159267042298		54.964839935302734		52.667669001636504		1.0021805074691772		2.0043610149383544
40		20.09011140803341		187.57513427734375		171.56825741666793		1.0880852970123291		2.1761705940246583
41		20.00707487697946		108.35730743408203		90.03691427967071		1.0623974492073058		2.1247948984146117
42		20.069706917973235		344.46051025390625		298.455228601532		1.1396747509002685		2.279349501800537
43		20.043420978996437		580.9110107421875		495.1476545258713		1.0011737043380737		2.0023474086761475
44		20.194498934026342		467.5413818359375		411.5698605570221		0.9953156787872315		1.990631357574463
45		20.056667539000046		106.59058380126953		97.68902592369079		0.9954103345870972		1.9908206691741943
46		20.132098767033312		56.73978805541992		52.42365046504975		1.018828157043457		2.037656314086914
47		20.003731837961823		112.75157928466797		107.66208474489213		1.0096113822937012		2.0192227645874024
48		20.022397680033464		127.8386459350586		120.34445774366378		1.0206920328140259		2.0413840656280517
49		20.081792415992822		450.5744934082031		382.23596519111635		0.997901644039154		1.995803288078308
50		20.000456403999124		167.74606323242188		149.5669811337471		1.0158707535743714		2.031741507148743
51		20.130947956000455		67.20176696777344		61.01275578009606		0.9944059743881225		1.988811948776245
52		20.121805985982064		187.38265991210938		174.38509593463897		1.028626172542572		2.057252345085144
53		20.107626716955565		334.5726013183594		301.21217615131377		1.0072540460586548		2.0145080921173095
54		20.26160044100834		140.9401397705078		124.98016439407348		1.0496722489356995		2.099344497871399
55		20.08178265899187		748.6172485351562		617.0331001012802		1.0232662474632264		2.0465324949264527
56		20.166275752009824		264.6221618652344		228.93438367992403		1.025413232421875		2.05082646484375
57		20.114510249055456		323.9573059082031		288.0067851941299		1.166061691570282		2.332123383140564
58		20.09419362503104		118.15037536621094		109.58523951248169		1.0162885365486145		2.032577073097229
59		20.093023133988027		313.5289611816406		290.4734229046631		1.1056843166351318		2.2113686332702636
60		20.18969637795817		409.3840026855469		368.4718729926681		1.0882798760414123		2.1765597520828246
61		20.17222100897925		154.22218322753906		136.85753844028474		0.9955549815177918		1.9911099630355835
62		20.055694649985526		493.213134765625		430.1816410577011		1.0376150093078613		2.0752300186157226
63		20.017971936031245		317.1329345703125		293.6752561653137		1.212103235912323		2.424206471824646
64		19.973866140993778		575.0554809570312		512.7099522012329		0.9999126432418823		1.9998252864837647
65		20.09230152599048		153.69168090820312		133.70376948066712		1.013564700126648		2.027129400253296
66		20.07525463704951		764.8748779296875		742.2215222856903		1.0108156190872193		2.0216312381744386
67		20.156279290968087		208.4602813720703		205.47565179286957		1.0363549604415894		2.0727099208831787
68		20.09862923901528		243.89617919921875		214.9683403871155		1.1904521938323975		2.380904387664795
69		20.10611805599183		530.3858032226562		468.28998246829985		0.9975349289894104		1.9950698579788209
70		20.2904957109713		263.06414794921875		230.10339826660157		1.071185505771637		2.142371011543274
71		20.167800880037248		207.68739318847656		199.8453018245697		1.2334408750534058		2.4668817501068117
72		20.284525886003394		309.1141052246094		273.49263430965425		0.9958108026504516		1.9916216053009033
73		20.417869767989032		390.50347900390625		348.2670026373672		1.010565292072296		2.021130584144592
74		20.192424467008095		327.3144226074219		274.48604518224715		1.016021669960022		2.032043339920044
75		20.038672911003232		384.3883972167969		344.8411247201538		1.0250317304611205		2.050063460922241
76		20.17253065801924		468.3285827636719		424.6546520845795		1.0495278088569642		2.0990556177139283
77		20.196111119992565		201.3020477294922		171.49759834651948		1.16121680393219		2.32243360786438
78		20.184871046978515		305.0101013183594		267.21640151603697		0.9934475221633912		1.9868950443267823
79		20.179975334962364		585.4544067382812		577.9485111145782		1.0013615058898926		2.002723011779785
80		20.220884252979886		71.54507446289062		66.81363373203277		1.0156071926116943		2.0312143852233886
81		20.147711395984516		155.82281494140625		149.83002705596923		1.1856233290672302		2.3712466581344604
82		20.171439277997706		255.6704864501953		219.64264433643342		1.0143447008132935		2.028689401626587
83		20.202943804033566		194.1998748779297		172.65886720165253		1.0269369957923888		2.0538739915847777
84		20.1086555129732		174.63995361328125		147.53653946624755		1.0124504922866822		2.0249009845733643
85		20.0401343620033		288.6645202636719		260.1892326051712		1.1335398782730102		2.2670797565460203
86		20.144156004011165		247.9113006591797		222.10056801147462		1.305616787338257		2.611233574676514
87		20.31690893904306		259.8349914550781		223.16857891635894		0.9935415877342224		1.9870831754684448
88		20.219385937030893		234.51991271972656		214.96685741954803		1.0713499148368835		2.142699829673767
89		20.20202430599602		297.07342529296875		265.5174582645989		0.9988347736358643		1.9976695472717285
90		20.42498026404064		280.88079833984375		252.4549363969803		1.0258133207321167		2.0516266414642335
91		20.34353234700393		233.64736938476562		207.3709799607086		0.9985410314559936		1.9970820629119872
92		20.275259544956498		260.7250061035156		227.4634787479782		1.0511837058067321		2.1023674116134643
93		20.168071845022496		368.79827880859375		351.6915528704071		1.0715547557830811		2.1431095115661623
94		20.10033637296874		188.41278076171875		169.61981855075837		1.007168607711792		2.014337215423584
95		20.15216788899852		238.7609100341797		222.41243250890733		1.0709699135780335		2.141939827156067
96		20.115137166983914		1269.9942626953125		1031.223631448288		1.0694035812377929		2.1388071624755858
97		20.171562503965106		337.41156005859375		296.29058993743894		1.072331900691986		2.144663801383972
98		20.303272628982086		465.13775634765625		393.029320131073		1.0481987604141236		2.0963975208282473
99		20.371590535971336		288.10211181640625		257.794361243515		1.0261223521232605		2.052244704246521
100		20.360769154969603		297.9795837402344		271.3532049079132		0.9974201156616211		1.9948402313232423
101		20.325100471964106		933.8858032226562		757.7052574959564		1.3329429255485534		2.665885851097107
102		20.34209629095858		239.31459045410156		217.82322867061615		1.1488652008056641		2.2977304016113282
103		20.08804964798037		400.6947021484375		393.226125647459		0.995143134021759		1.990286268043518
104		20.067230344982818		309.47772216796875		280.9005344602966		1.0135854098320007		2.0271708196640015
105		20.089712833985686		438.4908142089844		405.2321270848465		1.012681441116333		2.025362882232666
106		20.08385690796422		330.8232421875		286.84206525024416		1.1039167733192443		2.2078335466384886
107		20.192780348006636		326.56231689453125		313.2065608811188		1.0386503524780273		2.0773007049560546
108		20.342391008045524		622.7804565429688		576.7088064882279		0.9975570516586304		1.9951141033172608
109		20.222102404979523		353.06121826171875		297.4542214873505		1.0360164484977723		2.0720328969955446
110		20.17216733499663		179.02783203125		146.28382525091172		0.9953948735237121		1.9907897470474243
111		20.251470971968956		550.0447387695312		479.0564152311325		1.1611060619354248		2.3222121238708495
112		20.263216920022387		240.4918670654297		215.15807910564422		0.99367532787323		1.98735065574646
113		20.277482278004754		1560.001708984375		1362.2170598808289		1.0054595052719115		2.010919010543823
114		20.20022753602825		406.5652160644531		361.3640444996643		1.2245782711029052		2.4491565422058104
115		20.188769838947337		503.8164978027344		452.86226768428804		1.0514447175979613		2.1028894351959226
116		20.13494741503382		841.7282104492188		757.0236777581024		1.0467999752998352		2.0935999505996703
117		20.41929504001746		276.5625		244.20568835903168		1.2156446902275087		2.4312893804550173
118		20.34460689901607		502.9114990234375		448.063082902298		1.0205234348297119		2.0410468696594237
119		20.21034602401778		286.3379821777344		275.1724465293884		0.9934790353775025		1.986958070755005
120		20.18336147000082		1967.4779052734375		1658.980212500992		1.0794326424598695		2.158865284919739
121		20.14304750401061		173.3847198486328		167.40954618715287		1.3596912444114686		2.719382488822937
122		20.252149962005205		421.4918212890625		352.3447433919907		1.2997189002037048		2.5994378004074097
123		20.387686803995166		891.0177612304688		739.3913442919921		1.0819303050994873		2.1638606101989746
124		20.242780018015765		464.1534729003906		431.44711890556334		1.0607538340568543		2.1215076681137086
125		20.238302325014956		1154.7919921875		870.7640812778855		1.0450405724525451		2.0900811449050902
126		20.158357410982717		157.5894317626953		138.09120959308623		1.074641398525238		2.149282797050476
127		20.241630616015755		876.6107788085938		795.2707784334564		1.0111031993865967		2.0222063987731933
128		20.325739195977803		233.025390625		216.09266278327942		1.0922715049743652		2.1845430099487304
129		20.280858574958984		994.25439453125		923.066593636856		1.0187366432189942		2.0374732864379883
130		20.248023190011736		854.4171752929688		732.8715242602539		1.2019548825263977		2.4039097650527954
131		20.107764712010976		383.0885925292969		349.52399137950897		1.0668334958076477		2.1336669916152955
132		20.187912304943893		739.42919921875		612.5047476107407		1.0469920831680297		2.0939841663360594
133		20.1940595380147		465.3471984863281		400.9632985597229		1.0054482763290404		2.010896552658081
134		20.260674452001695		780.8867797851562		635.5878775271607		1.1214787149429322		2.2429574298858643
135		20.159796031017322		433.9930725097656		422.7216416453934		0.9972590789794922		1.9945181579589844
136		20.401088281010743		500.7513427734375		438.1171478360558		1.0234692165374757		2.0469384330749514
137		20.09995882603107		543.879638671875		496.4166123554611		0.994941898059845		1.98988379611969
138		20.217184794018976		471.96734619140625		406.5391581912231		1.0449097282409667		2.0898194564819335
139		20.44300656201085		354.7137145996094		304.8586608042526		1.0005039297103882		2.0010078594207763
140		20.42339653003728		1039.859130859375		946.7037210180473		1.4412320254325868		2.8824640508651735
141		20.322706463048235		1468.24609375		1251.8747756814575		1.2145775124549865		2.429155024909973
142		20.393190186994616		345.88006591796875		308.9672686218262		1.1989472798347474		2.3978945596694947
143		20.481512063997798		222.02938842773438		196.61312272415162		1.016691353034973		2.033382706069946
144		20.313365239009727		782.3429565429688		676.1694540010834		0.9979076099395752		1.9958152198791503
145		20.334706044988707		555.9066162109375		487.44201670402526		1.214000215435028		2.428000430870056
146		20.39190660294844		707.3285522460938		584.8838023823166		1.206519106388092		2.413038212776184
147		20.28245345898904		358.55670166015625		299.17242702049253		1.2492725975990295		2.498545195198059
148		20.22103341796901		288.2725830078125		267.3145914431381		1.0554345932006837		2.1108691864013673
149		20.443747523997445		638.4041748046875		605.1708975294495		1.0024713912963867		2.0049427825927735
150		20.378202670952305		917.1255493164062		808.0317758177566		1.0192222043991088		2.0384444087982176
151		20.24058351299027		1555.7052001953125		1329.8576036237334		1.0333187422752381		2.0666374845504762
152		20.14826784998877		963.0122680664062		799.6577382847786		1.0058360454559325		2.011672090911865
153		20.245349625009112		369.5617980957031		315.7117423501587		1.003061374092102		2.006122748184204
154		20.323078880959656		490.6707458496094		463.5818886140442		1.1681385010719298		2.3362770021438597
155		20.297628168016672		630.1887817382812		547.2885065288543		1.062264981842041		2.124529963684082
156		20.17022393696243		270.1181945800781		237.1463626800537		1.015872696685791		2.031745393371582
157		20.179295524954796		248.555908203125		239.98419954452515		1.0544288286209107		2.1088576572418214
158		20.232437948987354		1427.0670166015625		1243.3885660908509		1.0231275835990905		2.046255167198181
159		20.261385019985028		1835.53369140625		1581.8821809958267		0.9951634783744812		1.9903269567489623
160		20.235941329970956		677.528564453125		579.4136215666199		0.9935652399063111		1.9871304798126221
161		20.139078204985708		222.32431030273438		207.18946240844727		1.0575413900375366		2.115082780075073
162		20.105566193989944		652.8660278320312		609.606137983284		1.0335789832115174		2.067157966423035
163		20.17228109698044		250.4199676513672		238.39786273269652		0.9935653159141541		1.9871306318283082
164		20.285477977013215		180.23495483398438		164.24591328048706		0.9944059724807739		1.9888119449615478
165		20.234002086974215		754.2916870117188		626.2740003764343		1.228970394706726		2.457940789413452
166		20.19638452696381		1039.0867919921875		847.1531115110779		0.9977242900848389		1.9954485801696777
167		20.20891233702423		343.0557556152344		285.5171570643616		1.0751345069885254		2.150269013977051
168		20.128288578998763		1026.7666015625		848.5708708561707		1.1538972031593322		2.3077944063186644
169		20.23063229501713		368.9805908203125		334.1252336528015		1.2496831853866577		2.4993663707733154
170		20.255671075021382		499.75042724609375		430.0762962628174		1.0118239240646363		2.0236478481292726
171		20.26465436903527		1033.376220703125		947.4046266861343		0.9997383090019226		1.9994766180038452
172		20.24515498202527		391.9625244140625		349.5898539228058		1.000559871006012		2.001119742012024
173		20.22289949900005		506.3678283691406		473.32819475551605		1.1281532506942749		2.2563065013885497
174		20.394675864023156		451.983154296875		400.0636323758316		1.0044121959686279		2.0088243919372557
175		20.44740682397969		579.0624389648438		520.6389105101777		1.0167097206115723		2.0334194412231446
176		20.49576270097168		534.6174926757812		446.6433205503082		1.0298792812347413		2.0597585624694825
177		20.30312507803319		691.64404296875		635.5270420486069		1.0313284832000733		2.0626569664001466
178		20.145034496032167		1473.8055419921875		1211.7936712880708		1.037760819721222		2.075521639442444
179		20.323122443980537		210.770751953125		179.8083999936676		1.1261063757896423		2.2522127515792847
180		20.444058977998793		683.2294921875		630.5650286952209		0.9941555515289306		1.9883111030578613
181		20.425487503001932		981.0881958007812		884.6871863523864		1.096366357421875		2.19273271484375
182		20.455348994000815		478.00567626953125		426.5823795245361		1.1445232334136963		2.2890464668273927
183		20.257091517967638		583.9861450195312		576.2334775969696		1.0138172067642213		2.0276344135284425
184		20.270254555973224		1043.2572021484375		894.6453559825516		1.006885022544861		2.013770045089722
185		20.3387614620151		262.575439453125		241.46781759517668		1.0929832704544067		2.1859665409088134
186		20.2640638849698		696.7481689453125		629.7483016520691		1.0309377804756163		2.0618755609512327
187		20.303967869025655		520.1484375		475.7090900010681		1.1702380590438843		2.3404761180877687
188		20.2122561839642		361.9688720703125		320.4881643493652		1.0027222487449645		2.005444497489929
189		20.222861696965992		237.69422912597656		210.91477101333618		1.1072702174186706		2.214540434837341
190		20.278569908987265		597.6922607421875		551.1271219606018		1.0035935096740722		2.0071870193481445
191		20.268809419008903		1229.5047607421875		1151.2748778768157		1.047853954601288		2.095707909202576
192		20.23556246998487		459.04364013671875		413.0330834920502		1.0366429379463196		2.073285875892639
193		20.20787687698612		568.1614379882812		530.5211971220398		1.0621763375282287		2.1243526750564574
194		20.342012893990614		749.5005493164062		655.6746462462235		1.1790884481430053		2.3581768962860106
195		20.42590550996829		304.41998291015625		272.29627603313446		1.0983240189552308		2.1966480379104616
196		20.48118050803896		837.8494262695312		761.8783889216613		1.057845965194702		2.115691930389404
197		20.496733771986328		1238.8494873046875		1065.6373512314606		0.9948374015808106		1.9896748031616212
198		20.36729651398491		370.0220031738281		331.561463503418		1.041538271999359		2.083076543998718
199		20.251365942996927		471.9953918457031		455.0857856495285		0.9999306522369384		1.9998613044738769
200		20.13335791497957		788.2407836914062		714.2241756738663		1.1057224891662598		2.2114449783325196
201		20.314023579005152		624.2484130859375		566.6120088032914		0.9992581447601319		1.9985162895202637
202		20.286301259999163		526.1348266601562		469.0945419630814		0.9938561017036438		1.9877122034072876
203		20.205387229972985		608.29443359375		556.1681717229461		1.1176615928649902		2.2353231857299805
204		20.29659266700037		1138.053466796875		946.8324759197998		0.9935075078010559		1.9870150156021118
205		20.350322458019946		636.7567138671875		606.5892131638718		1.0653249436378478		2.1306498872756956
206		20.269300182000734		752.5275268554688		661.1564161383056		1.0789099784851075		2.157819956970215
207		20.335178255976643		628.3392944335938		567.1690634581756		1.0262656764030456		2.052531352806091
208		20.23968167696148		440.1499938964844		399.7099731626129		1.0123284833908082		2.0246569667816163
209		20.157218506967183		761.4027099609375		716.2100364093781		1.0925374985694885		2.185074997138977
210		20.224338192027062		681.70654296875		625.6496038695526		1.005505295276642		2.011010590553284
211		20.39959791698493		242.94061279296875		226.0337123142624		1.057543694114685		2.11508738822937
212		20.24198258604156		512.1461181640625		477.8653005569839		1.0080297955513		2.0160595911026
213		20.293065487989224		427.34527587890625		365.30296588500977		1.2061848979949952		2.4123697959899904
214		20.324808010016568		888.3124389648438		784.4049948506928		1.0057140449523925		2.011428089904785
215		20.271144238009583		553.0419311523438		527.5303775402069		1.5143123528480529		3.0286247056961058
216		20.486816143034957		291.1862487792969		263.2451561591339		1.063393902206421		2.126787804412842
217		20.3443604199565		1002.5420532226562		905.6093836766053		1.2785569204330445		2.557113840866089
218		20.364005019015167		657.3375244140625		611.3316746554566		1.0013870197296142		2.0027740394592284
219		20.28631473198766		596.37744140625		539.0685807218551		1.0484322267532349		2.0968644535064698
220		20.294971838011406		596.4319458007812		536.1210445838547		1.0133429723739624		2.026685944747925
221		20.298900385037996		871.32763671875		727.7342060091781		1.1228344945907593		2.2456689891815187
222		20.322662972961552		851.0471801757812		754.6429932798004		1.0497323182106018		2.0994646364212035
223		20.306990634009708		844.4419555664062		716.356034557991		1.156216052532196		2.312432105064392
224		20.286827292002272		171.2401885986328		162.0225451994324		0.9943693753242493		1.9887387506484986
225		20.18126960704103		474.61773681640625		428.9625275074005		1.0392173131942748		2.0784346263885496
226		20.382814597978722		371.0423889160156		342.2301255256653		0.9968784158706665		1.993756831741333
227		20.30144818604458		618.011962890625		521.620543863678		1.0272421290397644		2.054484258079529
228		20.235168182000052		685.5467529296875		585.2519279194642		1.089248487472534		2.178496974945068
229		20.193763723014854		754.2900390625		655.0516813570404		1.0515541646003723		2.1031083292007446
230		20.192573282984085		1637.39697265625		1325.7944226941681		0.994071499633789		1.988142999267578
231		20.358185581979342		671.1134033203125		607.119795987091		1.0263583978652955		2.052716795730591
232		20.3159615410259		389.372802734375		331.5152012748718		1.101219375228882		2.202438750457764
233		20.271565186965745		1357.4649658203125		1183.5865346845246		1.1209194060325622		2.2418388120651245
234		20.21835793601349		244.68734741210938		219.10284295253754		1.2681530074119567		2.5363060148239134
235		20.243921228975523		1169.405517578125		1011.1037131859207		1.0762405594825744		2.1524811189651487
236		20.27047881099861		641.113525390625		554.8541478002167		1.0292592554092408		2.0585185108184816
237		20.257176834973507		1242.8062744140625		1113.2033933034515		1.1333744221687316		2.2667488443374633
238		20.280798628984485		676.8910522460938		602.0985364383697		1.0460968155860901		2.0921936311721803
239		20.33907333301613		426.3619384765625		373.97175313274386		1.1290098146438599		2.2580196292877197
240		20.40390151599422		776.3333129882812		681.2904320538139		1.033490251159668		2.066980502319336
241		20.467561441008		786.3368530273438		619.5647848405456		1.093912515449524		2.187825030899048
242		20.288253940001596		841.51611328125		774.6913768468476		1.0249317083358764		2.049863416671753
243		20.233194236003328		322.55548095703125		305.29556061309813		1.0037148058891296		2.0074296117782593
244		20.29420827195281		624.5697631835938		590.77528798069		1.036382764339447		2.072765528678894
245		20.31209336599568		576.2615966796875		537.5197900465583		1.0020874871253966		2.0041749742507933
246		20.292945446970407		341.2426452636719		323.0133475487518		1.0004448831558228		2.0008897663116456
247		20.529714715958107		896.5177612304688		771.2633875098419		0.993981586933136		1.987963173866272
248		20.471616168972105		430.1623229980469		407.70532683395385		1.022413092136383		2.044826184272766
249		20.34173684194684		737.395751953125		654.0905755989074		1.1285780786514281		2.2571561573028562
250		20.258498176001012		793.51806640625		636.623966977806		1.0892081477165223		2.1784162954330446
251		20.367391218955163		1175.52587890625		1067.885811631546		1.004981344127655		2.00996268825531
252		20.27272676699795		915.959228515625		867.0568947359467		1.147593452167511		2.295186904335022
253		20.332302982977126		620.4298095703125		589.747761887207		0.9948157783508301		1.9896315567016603
254		20.28929624002194		380.09307861328125		359.44295793823244		1.0755252375602722		2.1510504751205444
255		20.211386402021162		656.2566528320312		572.4024312150574		0.994325143623352		1.988650287246704
256		20.232271866989322		843.202392578125		772.1205871331787		1.1149231575012206		2.2298463150024412
257		20.362890519027133		506.30645751953125		449.31617439991		1.0272394045829774		2.0544788091659547
258		20.487278621003497		492.3133850097656		430.26576066703797		0.9978897953987121		1.9957795907974243
259		20.42522039002506		1792.4208984375		1611.64771198761		0.9933418388366699		1.9866836776733399
260		20.458215314953122		227.03033447265625		213.32809603607177		1.000685636138916		2.001371272277832
261		20.36952976300381		1375.1824951171875		1274.5752986103057		0.9958636441230774		1.9917272882461547
262		20.421256888017524		638.6934204101562		475.01284583171844		1.1117988418579101		2.2235976837158202
263		20.37094104004791		524.021728515625		437.5371744449615		1.0112875566482544		2.022575113296509
264		20.30750141304452		376.2533874511719		337.8499097377777		0.9944346749305725		1.988869349861145
265		20.319943948998116		526.3551635742188		478.59768416179656		1.017506571483612		2.035013142967224
266		20.24654735304648		715.4900512695312		657.9116325299073		0.9933384145736694		1.986676829147339
267		20.250825654016808		747.45654296875		652.8992265381622		0.9946891332626343		1.9893782665252686
268		20.463905370037537		449.2291564941406		413.29651648231504		1.3685537365913392		2.7371074731826783
269		20.458191859012004		2072.265625		1889.3837422009658		1.0648560485839844		2.129712097167969
270		20.31370663200505		1785.1788330078125		1534.720632258377		1.3541289635658265		2.708257927131653
271		20.323545281018596		1343.0819091796875		1239.4405956614685		1.0044612621307374		2.0089225242614748
272		20.313304023991805		851.4475708007812		761.6385693244935		0.9947638667106629		1.9895277334213257
273		20.34187855804339		360.30902099609375		332.0389534879303		0.9964822974205018		1.9929645948410035
274		20.223432074009907		758.1649169921875		707.1191906720734		1.343904340648651		2.687808681297302
275		20.149624573998153		507.0769348144531		452.91798899311067		0.9963690581321716		1.9927381162643432
276		20.247637022985145		833.7767944335938		730.7208854528045		1.0310527927398683		2.0621055854797365
277		20.200883526995312		953.0814819335938		769.7648557880401		1.0097876710891724		2.019575342178345
278		20.401594197028317		1262.297119140625		1099.5046313497926		1.0171347024917603		2.0342694049835206
279		20.48107345995959		1739.7794189453125		1558.2413856578064		0.9970683095932007		1.9941366191864014
280		20.46713856596034		1076.64794921875		1049.6222948289108		1.0181725104331971		2.0363450208663942
281		20.374085830000695		274.2815856933594		236.30021378288268		1.0120985321998597		2.0241970643997194
282		20.27430504700169		633.2525634765625		594.0015582500458		1.0182743715286255		2.036548743057251
283		20.29094467498362		1280.3775634765625		1159.1394780644225		1.4714429385185241		2.9428858770370483
284		20.47134821198415		376.06390380859375		357.5500307900238		1.186332324028015		2.37266464805603
285		20.475334222021047		451.166259765625		395.97283846235274		1.1209749073982238		2.2419498147964476
286		20.532277601014357		1319.6968994140625		1281.480757438507		1.0516700184822083		2.1033400369644166
287		20.318294113967568		392.10760498046875		376.6007475253296		1.2114793731689453		2.4229587463378905
288		20.304023661999963		945.902587890625		792.0644642534637		1.0109160437583924		2.021832087516785
289		20.459533702000044		321.2901611328125		265.1818414244843		0.993765294456482		1.987530588912964
290		20.332490077009425		559.4867553710938		496.5954758399391		1.034585802078247		2.069171604156494
291		20.33290835999651		1084.3756103515625		998.9906182061768		0.9965434295654297		1.9930868591308595
292		20.415412518021185		1491.1343994140625		1353.117442094345		0.9949357410430908		1.9898714820861816
293		20.320000766019803		558.1983642578125		497.61118301971436		1.0990845810890197		2.1981691621780395
294		20.406164889980573		781.7460327148438		718.6035363574981		0.9933431728363037		1.9866863456726074
295		20.337878227001056		1091.5498046875		976.1739223878479		1.0335369124412537		2.0670738248825073
296		20.401739680964965		375.845703125		323.2383483896637		1.020504825401306		2.041009650802612
297		20.242095527995843		964.5545654296875		787.4650877757454		1.1736788915634155		2.347357783126831
298		20.2269749189727		1007.7822265625		922.0118130222321		1.1838542412757873		2.3677084825515746
299		20.377044027962256		355.7201232910156		329.7664654214478		1.052948959159851		2.105897918319702
300		20.17113298998447		338.0934753417969		299.1550074031067		1.0333847269058227		2.0667694538116455
301		20.28787476301659		1830.841552734375		1563.2381986881255		1.0411409838676453		2.0822819677352906
302		20.208676885988098		281.8489685058594		260.2982161790466		0.9939338237762451		1.9878676475524901
303		20.162117926985957		384.43511962890625		316.6360076602173		0.9954148976325988		1.9908297952651977
304		20.246584163047373		733.5549926757812		667.2734396603394		0.9946000130653382		1.9892000261306764
305		20.228241629025433		280.6133117675781		253.64390562662123		1.0437847888946534		2.087569577789307
306		20.240570515976287		387.7286376953125		351.0899031570053		1.044370594406128		2.088741188812256
307		20.239953348005656		1036.546142578125		890.6134772969818		1.1160580830574036		2.2321161661148072
308		20.180708675994538		1962.35302734375		1704.3655743300628		1.0189362980842591		2.0378725961685182
309		20.253409798024222		967.3567504882812		886.6723757543946		1.0588610634803772		2.1177221269607545
310		20.347107579000294		573.712158203125		487.30715712486267		1.1672050948143005		2.334410189628601
311		20.408524920989294		506.4317932128906		439.8573525179291		1.1180041801452636		2.236008360290527
312		20.298639070999343		1082.7191162109375		1005.0515743743133		1.0738734412193298		2.1477468824386596
313		20.34119573800126		851.9637451171875		767.9663973049736		0.9946208220481872		1.9892416440963745
314		20.392098982993048		577.3945922851562		500.5114285134888		1.3077979015350343		2.6155958030700686
315		20.49684681202052		488.2939453125		447.5184850217438		1.242016583442688		2.484033166885376
316		20.43129607103765		375.8825378417969		329.9407300126648		1.0087402647018433		2.0174805294036866
317		20.34160243399674		388.2852783203125		353.69484014671326		1.230353400707245		2.46070680141449
318		20.366100589977577		783.158935546875		694.4620223912239		1.090920779800415		2.18184155960083
319		20.29667121701641		223.62857055664062		211.68597333648682		1.042712949848175		2.08542589969635
320		20.39678555499995		797.7357177734375		725.8051608052062		1.0119426544189454		2.0238853088378908
321		20.329278380959295		376.4093933105469		359.26725727405545		0.993737997341156		1.987475994682312
322		20.278873252973426		530.7042236328125		511.39408913814543		1.2877126550674438		2.5754253101348876
323		20.38315645500552		1244.0496826171875		1143.8721180374528		1.016992135334015		2.03398427066803
324		20.433446223963983		847.8070068359375		744.6670779038238		0.9768768246650695		1.953753649330139
325		20.21695146796992		12.85557746887207		18.149548533096315		0.8930437319755554		1.7860874639511108
326		20.397137806983665		5.37311315536499		7.895967028160095		1.0207194046020507		2.0414388092041014
327		20.544593947008252		3.0095529556274414		4.202638173103333		0.7745118636131286		1.5490237272262573
328		20.328807546989992		2.727191925048828		3.583533120956421		0.7464618862152099		1.4929237724304198
329		20.182930267998017		2.4312806129455566		3.183939843292236		0.7219811078071594		1.4439622156143188
330		20.237651841016486		2.138498306274414		2.8481443852615356		0.747036728477478		1.494073456954956
331		20.43147642200347		2.2961106300354004		2.977628184776306		0.6723792726039887		1.3447585452079773
332		20.426303684012964		2.264206647872925		2.9352556724548338		0.6812500646114349		1.3625001292228698
333		20.365693790954538		2.2125790119171143		2.8505943659973143		0.800133587217331		1.600267174434662
334		20.407464359945152		2.0716466903686523		2.7165068032836914		0.6589125962257385		1.317825192451477
335		20.488631624961272		2.165222406387329		2.8041285012817383		0.6387794519424439		1.2775589038848878
336		20.35557124298066		2.118180990219116		2.7399045123672487		0.712810999917984		1.425621999835968
337		20.395671503036283		2.1446328163146973		2.7542857841873167		0.6728221757411956		1.3456443514823913
338		20.41724473197246		2.172192335128784		2.7736741813468933		0.6627938255786896		1.3255876511573792
339		20.323500347964		2.2226266860961914		2.8149203399658203		0.6153656257629394		1.2307312515258788
340		20.350961461954284		1.933767318725586		2.5136526379776		0.7854328067779541		1.5708656135559083
341		20.3460336959688		2.438446044921875		3.0219107940673826		0.7716769448280334		1.5433538896560668
342		20.424118263006676		2.046304702758789		2.6217475071334837		0.59704375		1.1940875
343		20.389498842996545		2.247466802597046		2.82949957113266		0.5973726891040801		1.1947453782081603
344		20.363342134980485		1.9898678064346313		2.5404232653045655		0.5820918466567994		1.1641836933135987
345		20.256018194020726		1.8959832191467285		2.440864766330719		0.68216537733078		1.36433075466156
346		20.2945730049978		2.0940072536468506		2.648062630901337		0.5923829403877259		1.1847658807754518
347		20.358136372000445		1.991135597229004		2.546858165359497		0.6217527646064759		1.2435055292129518
348		20.506597939995117		1.8300899267196655		2.372227268066406		0.5703936930179596		1.1407873860359192
349		20.41466405801475		1.9370404481887817		2.465269127788544		0.5656605191230774		1.1313210382461547
350		20.333065561018884		1.8707815408706665		2.424047756767273		0.5757598154544831		1.1515196309089661
351		20.418036592018325		1.8320664167404175		2.353370846004486		0.6523568330287933		1.3047136660575867
352		20.480584320961498		2.0170176029205322		2.5344136674308775		0.5430494380950928		1.0860988761901855
353		20.34394509496633		1.8114885091781616		2.3242007541275025		0.5441661487579346		1.0883322975158691
354		20.237891261000186		1.8950034379959106		2.4220375319099428		0.5425833638906479		1.0851667277812957
355		20.281556661997456		1.7676019668579102		2.27332527261734		0.5905051536083221		1.1810103072166442
356		20.343914386001416		1.9660582542419434		2.494086303882599		0.6409591150760651		1.2819182301521301
357		20.32448651501909		1.7301973104476929		2.2353520589447022		0.5155024127721787		1.0310048255443574
358		20.373416651040316		1.7269130945205688		2.243694035797119		0.5201085171937943		1.0402170343875885
359		20.350282929022796		1.889230728149414		2.378531638278961		0.6130087177753448		1.2260174355506896
360		20.367807722010184		2.1226179599761963		2.599237646255493		0.530055786561966		1.060111573123932
361		20.36218228697544		1.896898865699768		2.404090264606476		0.7702856021404266		1.5405712042808533
362		20.292688095010817		1.735581636428833		2.2421415626335146		0.5706078738689423		1.1412157477378846
363		20.35028966702521		1.8363709449768066		2.3210152884674073		0.5375848351478577		1.0751696702957154
364		20.367396051005926		1.903162956237793		2.3777681569480897		0.5993708809614181		1.1987417619228362
365		20.292977896984667		1.596686840057373		2.1020490148735047		0.5067280426979065		1.013456085395813
366		20.270050562976394		1.7478116750717163		2.2382720455551146		0.5161817917346955		1.032363583469391
367		20.344954631989822		1.7487337589263916		2.237433322868347		0.6063742361545563		1.2127484723091126
368		20.3270299200085		1.726430058479309		2.227706794281006		0.48686964249610903		0.9737392849922181
369		20.281381736975163		1.7991652488708496		2.284878229484558		0.5079458061695099		1.0158916123390198
370		20.292126829968765		1.6200013160705566		2.0998956825637816		0.4945366143465042		0.9890732286930084
371		20.349297537992243		1.674403429031372		2.1554040795707703		0.5150581587553025		1.030116317510605
372		20.366464588965755		1.7626240253448486		2.2623625431251524		0.5524997091293335		1.104999418258667
373		20.348850131966174		1.6220016479492188		2.103637748298645		0.4976048778295517		0.9952097556591034
374		20.356848854047712		1.7774111032485962		2.2610674422073362		0.4697375653743744		0.9394751307487488
375		20.33142201101873		1.905318021774292		2.3750447877693177		0.6034491600751877		1.2068983201503753
376		20.35759460099507		1.684365153312683		2.1712884257125853		0.5784235526561737		1.1568471053123475
377		20.369863474043086		1.7064703702926636		2.1910635556983946		0.49285594432353974		0.9857118886470795
378		20.383770296000876		1.5979760885238647		2.0881425945091245		0.5886553516387939		1.1773107032775878
379		20.295593482034747		1.764734148979187		2.2547217883491517		0.5533431044340134		1.1066862088680267
380		20.31111302698264		1.7337597608566284		2.2027887678146363		0.49530484838485717		0.9906096967697143
381		20.329096844012383		1.7649251222610474		2.231697286529541		0.46410387115478513		0.9282077423095703
382		20.280248305993155		1.638330101966858		2.119457182312012		0.5275000469446183		1.0550000938892365
383		20.390805429022294		1.822892189025879		2.293273111858368		0.5339750079154968		1.0679500158309936
384		20.39475965400925		1.6868067979812622		2.1580083788871764		0.4976237778663635		0.995247555732727
385		20.52526719402522		1.7103506326675415		2.195429863796234		0.6324757895946502		1.2649515791893005
386		20.404845184006263		1.84772789478302		2.316372226200104		0.5007372393608093		1.0014744787216185
387		20.328799487964716		1.5802717208862305		2.061443160648346		0.4760344897270203		0.9520689794540406
388		20.303896718018223		1.701704502105713		2.184268824443817		0.7415783046960831		1.4831566093921662
389		20.364420894999057		1.8240504264831543		2.2777345551490784		0.5361899004936218		1.0723798009872436
390		20.406442251987755		1.6488797664642334		2.1244202851867677		0.5326447426080704		1.0652894852161408
391		20.464907388028223		1.7024905681610107		2.162954689540863		0.4469806750774383		0.8939613501548767
392		20.383447999018244		1.634185791015625		2.1093460018348695		0.656627001285553		1.313254002571106
393		20.325642703974154		1.880313515663147		2.305114079685211		0.8264863202095032		1.6529726404190064
394		20.349759189004544		1.6857633590698242		2.1608148009681702		0.4551961027622223		0.9103922055244446
395		20.503220412007067		1.766818881034851		2.227605299549103		0.4528508509159088		0.9057017018318176
396		20.5296509610489		1.6478519439697266		2.1236637586021425		0.5109441898345948		1.0218883796691896
397		20.485972121008672		1.5948195457458496		2.07009381937027		0.4510610161304474		0.9021220322608948
398		20.48574988800101		1.7772897481918335		2.2358545038986204		0.4710808920621872		0.9421617841243743
399		20.58165029704105		1.861480474472046		2.30281567445755		0.4504543973207474		0.9009087946414948
400		20.208966591977514		1.8622270822525024		2.3185882613182067		0.5113527755260467		1.0227055510520935
401		20.358009468996897		1.6186349391937256		2.092069210224152		0.7106003821372986		1.4212007642745972
402		20.258553674968425		1.940895676612854		2.4110015660095216		1.0255907531738282		2.0511815063476564
403		20.380030772008467		1.658059000968933		2.1173091957092285		0.46956043269634246		0.9391208653926849
404		20.27779337996617		1.747628092765808		2.199398986053467		0.47614236826896666		0.9522847365379333
405		20.366732613008935		1.6720452308654785		2.1474153358650208		0.460224823975563		0.920449647951126
406		20.453969782975037		1.7116743326187134		2.1864446009635925		0.5102918145418167		1.0205836290836334
407		20.248744576005265		1.6014692783355713		2.0737422426605225		0.4402442107915878		0.8804884215831756
408		20.19170917395968		1.685067892074585		2.1456781204223634		0.4622939892530441		0.9245879785060882
409		20.3360463049612		1.6353346109390259		2.114821338481903		0.5007644941806794		1.0015289883613587
410		20.489715608011466		1.8546195030212402		2.3069393321037293		0.44521444311141967		0.8904288862228393
411		20.42866104299901		1.6048049926757812		2.0743328386878965		0.5319956113576889		1.0639912227153778
412		20.242896092007868		1.6648280620574951		2.133394962310791		0.6936828132629395		1.387365626525879
413		20.326526659016963		1.6094815731048584		2.085304597301483		0.6181446039199829		1.2362892078399659
414		20.284574743011035		1.6936713457107544		2.1581293756866455		0.4467196548938751		0.8934393097877502
415		20.310658739996143		1.7068970203399658		2.159866570339203		0.4327099803209305		0.865419960641861
416		20.319532340974547		1.5877809524536133		2.0644566180038453		0.5026556897401809		1.0053113794803619
417		20.347821087983903		1.666222333908081		2.13362389837265		0.4480612189531326		0.8961224379062652
418		20.353915048006456		1.7426649332046509		2.2115993953895567		0.6116457651138306		1.2232915302276612
419		20.302369007025845		1.6199313402175903		2.0825272204208374		0.4784024435758591		0.9568048871517182
420		20.25106813199818		1.6321725845336914		2.100160934009552		0.5568683506250381		1.1137367012500763
421		20.357650376972742		1.7179806232452393		2.1857622385025026		0.5009287917375564		1.001857583475113
422		20.33241244603414		1.7104171514511108		2.1729945246315		0.48825166561603545		0.9765033312320709
423		20.265010086994153		1.618458867073059		2.0930375638961793		0.4388763435602188		0.8777526871204376
424		20.311846368946135		1.6763699054718018		2.1390457148933413		0.43619979643821716		0.8723995928764343
425		20.38392130099237		1.6137245893478394		2.067830221118927		0.5761537081241608		1.1523074162483216
426		20.423875608947128		1.808058261871338		2.2536729988861084		0.6335027626514435		1.267005525302887
427		20.537709240976255		1.6225662231445312		2.0985694480133055		0.4662051661968231		0.9324103323936462
428		20.46696528501343		1.6351885795593262		2.114503913784027		0.5412587716579437		1.0825175433158873
429		20.429115562001243		1.5454524755477905		2.0135024233055114		0.4497272439479828		0.8994544878959656
430		20.13993985997513		1.777158498764038		2.2289181074333193		0.5861391237020492		1.1722782474040985
431		20.2842538820114		1.6478946208953857		2.1156149311447146		0.4743981459856033		0.9487962919712066
432		20.33166602498386		1.6675230264663696		2.1327890488815306		0.4450596445798874		0.8901192891597748
433		20.478055056999438		1.5254323482513428		1.9936702402114868		0.45202086985111234		0.9040417397022247
434		20.413349663023837		1.8146965503692627		2.267547580051422		0.6838693204402924		1.3677386408805847
435		20.35659655800555		1.440274953842163		1.898010705356598		0.4985181177377701		0.9970362354755402
436		20.316796980972867		1.6863192319869995		2.1666163565635683		0.4441151616573334		0.8882303233146668
437		20.398154730035458		1.499047875404358		1.9789985547065734		0.45403347544670103		0.9080669508934021
438		20.299481557973195		1.8083882331848145		2.2787525923347474		0.8620930166244507		1.7241860332489014
439		20.33173762599472		1.5629583597183228		2.0398159313964843		0.4254207136154175		0.850841427230835
440		20.300046656979248		1.6067512035369873		2.0731497119903564		0.42822301280498504		0.8564460256099701
441		20.19213925197255		1.6082606315612793		2.072793209323883		0.4272783381223679		0.8545566762447357
442		20.301824479014613		1.7101942300796509		2.1767266351127623		0.448064363694191		0.896128727388382
443		20.284647383959964		1.5249499082565308		1.997460152759552		0.4627191070795059		0.9254382141590118
444		20.258938072016463		1.7527343034744263		2.1997310845947267		0.46467468082904817		0.9293493616580963
445		20.249013798020314		1.520216703414917		1.993621397743225		0.41925460360050204		0.8385092072010041
446		20.224263458978385		1.6018028259277344		2.0755623285865785		0.4323786987543106		0.8647573975086212
447		20.37803983996855		1.6565572023391724		2.113664437236786		0.4718849510192871		0.9437699020385742
448		20.559414785995614		1.796012043952942		2.2363165250968935		0.49433331904411315		0.9886666380882263
449		20.357535499031655		1.5723860263824463		2.0409427073669435		0.6133058331727982		1.2266116663455964
450		20.457851350016426		1.6507036685943604		2.1140268291664124		0.4284470705270767		0.8568941410541534
451		20.474797577015124		1.6569674015045166		2.102619949131012		0.4320818274974823		0.8641636549949646
452		20.499768624024		1.6941932439804077		2.154237183895111		0.44690892243385316		0.8938178448677063
453		20.531134418037254		1.695427417755127		2.172070138721466		0.652293219923973		1.304586439847946
454		20.493896529020276		1.4952192306518555		1.9760409933662415		0.4252506189584732		0.8505012379169464
455		20.425612915016245		1.8518494367599487		2.3048823888015746		0.42104452171325685		0.8420890434265137
456		20.4199055149802		1.5133018493652344		1.9925984167480468		0.4140716629266739		0.8281433258533478
457		20.259662785043474		1.7166966199874878		2.193661042137146		0.41602407426834104		0.8320481485366821
458		20.384804800967686		1.5427782535552979		2.015105387458801		0.4237890822410583		0.8475781644821166
459		20.469596736016683		1.5969260931015015		2.0629833506393433		0.5749718512058258		1.1499437024116517
460		20.451152464956976		1.5874433517456055		2.0505211812973023		0.4128604684591293		0.8257209369182587
461		20.229629827023018		1.6815376281738281		2.135448790798187		0.6499751710653305		1.299950342130661
462		20.25491617602529		1.5685049295425415		2.037688161315918		0.45049247977733614		0.9009849595546723
463		20.25124475802295		1.548779845237732		2.026176243057251		0.5982577438831329		1.1965154877662658
464		20.53280044096755		1.6410123109817505		2.10514126745224		0.44720631568431857		0.8944126313686371
465		20.41128475201549		1.5500603914260864		2.024364063568115		0.5381793318271637		1.0763586636543274
466		20.41771281202091		1.7517660856246948		2.2139577984428405		0.4205032726049423		0.8410065452098846
467		20.29091832099948		1.6322840452194214		2.07642865196228		0.41326824560165404		0.8265364912033081
468		20.27093459200114		1.7516582012176514		2.167327724208832		0.4324331027507782		0.8648662055015564
469		20.369951781001873		1.4938884973526		1.954545729598999		0.41767930879592896		0.8353586175918579
470		20.367284220992588		1.5658918619155884		2.022341232242584		0.45964681940078733		0.9192936388015747
471		20.414586925995536		1.6301021575927734		2.091209386043549		0.4549595044851303		0.9099190089702606
472		20.28540381998755		1.4604946374893188		1.9357240864753724		0.45256771941185		0.9051354388237
473		20.25965773203643		1.6935999393463135		2.161918175315857		0.42051768765449526		0.8410353753089905
474		20.466189015016425		1.564197301864624		2.026866173915863		0.51551541223526		1.03103082447052
475		20.32273161096964		1.6148040294647217		2.0889876484489442		0.42498476774692534		0.8499695354938507
476		20.479410425003152		1.5802981853485107		2.0467857837677004		0.41648932430744173		0.8329786486148835
477		20.38525028398726		1.6192874908447266		2.0888693225860595		0.48626542575359344		0.9725308515071869
478		20.270515553012956		1.6308314800262451		2.089409454498291		0.49835357880592346		0.9967071576118469
479		20.332523390999995		1.4771714210510254		1.9460103572082519		0.5784073566198349		1.1568147132396698
480		20.476758057018742		1.630615472793579		2.0797717163467406		0.7195627872943878		1.4391255745887757
481		20.499451329989824		1.559498906135559		2.028357571144104		0.446403375172615		0.89280675034523
482		20.274018666008487		1.6875890493392944		2.143503477115631		0.4841345866441727		0.9682691732883454
483		20.382940559997223		1.5127214193344116		1.9665325502967834		0.4130451901912689		0.8260903803825378
484		20.257160146022215		1.6776314973831177		2.1236940051078794		0.4261034086227417		0.8522068172454834
485		20.519528913951945		1.4707088470458984		1.9431144427871705		0.42514621238708494		0.8502924247741699
486		20.42540577898035		1.7128219604492188		2.159532437381744		0.4148576609611511		0.8297153219223022
487		20.41426579200197		1.4623773097991943		1.930914748916626		0.4235010010480881		0.8470020020961762
488		20.289786701032426		1.5870885848999023		2.047372360343933		0.411882575917244		0.823765151834488
489		20.187468102027196		1.667046070098877		2.1227161605262754		0.4176452939033508		0.8352905878067016
490		20.281498903001193		1.634750485420227		2.0892755752754213		0.6604432611703873		1.3208865223407746
491		20.341586317983456		1.7405115365982056		2.201403101387024		0.45544464778900146		0.9108892955780029
492		20.41872841498116		1.4965732097625732		1.962007499332428		0.5542504945755005		1.108500989151001
493		20.25176127598388		1.66409432888031		2.09937059343338		0.41721158819198606		0.8344231763839721
494		20.374524315004237		1.6395736932754517		2.097386387577057		0.4382963704109192		0.8765927408218384
495		20.227586438995786		1.5925617218017578		2.057303344860077		0.5098050209999084		1.0196100419998169
496		20.301347133005038		1.5778067111968994		2.029366110954285		0.4586041795015335		0.917208359003067
497		20.28583525196882		1.5409317016601562		2.0007962600135802		0.43524432334899904		0.8704886466979981
498		20.356835725018755		1.5364185571670532		1.9969453685569762		0.4512045034646988		0.9024090069293976
499		20.3050600150018		1.5556949377059937		2.0278138333129885		0.44039367520809175		0.8807873504161835
500		20.1596242999658		1.4587221145629883		1.927897780380249		0.6606545815467835		1.321309163093567
501		20.306341250019614		1.506597876548767		1.976848003139496		0.4558785729169846		0.9117571458339692
502		20.32432971597882		1.6333543062210083		2.0864591111564637		0.40428404672145846		0.8085680934429169
503		20.33374269097112		1.5548681020736694		2.00896091835022		0.40780909461975096		0.8156181892395019
504		20.320979577023536		1.5217833518981934		1.9935600049781799		0.5310252282857895		1.062050456571579
505		20.42025156499585		1.6746242046356201		2.1245146795654297		0.40633646881580354		0.8126729376316071
506		20.331978681031615		1.613419532775879		2.0752682701301577		0.49743979709148406		0.9948795941829681
507		20.423521820048336		1.4647296667099		1.9224294593429565		0.4041810157060623		0.8083620314121246
508		20.332580148009583		1.6200931072235107		2.084802290248871		1.2274309312820435		2.454861862564087
509		20.31720344797941		1.8408606052398682		2.2934033357048036		0.4192238523006439		0.8384477046012878
510		20.24521767202532		1.6289969682693481		2.0813240989112853		0.42517814195156095		0.8503562839031219
511		20.57915506698191		1.5448799133300781		2.0094540956687927		0.4144880595445633		0.8289761190891266
512		20.5366020409856		1.5634912252426147		2.02437187997818		0.403814616894722		0.807629233789444
513		20.288339152000844		1.6332021951675415		2.107054030017853		0.49005507199764253		0.9801101439952851
514		20.406201860983856		1.4459202289581299		1.912875823879242		0.4288767369031906		0.8577534738063812
515		20.23733999900287		1.4928593635559082		1.9445816888809204		0.429906076002121		0.859812152004242
516		20.199369737994857		1.596906065940857		2.050372412509918		0.40010108132362365		0.8002021626472473
517		20.476363527996		1.4433804750442505		1.9090526342391967		0.45272491414546967		0.9054498282909393
518		20.37316524895141		1.555525302886963		2.020858634967804		0.42266828026771547		0.8453365605354309
519		20.423163395025767		1.3755155801773071		1.8480141346549988		0.6630476493835449		1.3260952987670898
520		20.377911303017754		1.6083132028579712		2.0681378778076174		0.4525128718137741		0.9050257436275482
521		20.248448325961363		1.6408565044403076		2.105107818412781		0.43360632116794584		0.8672126423358917
522		20.431365173019003		1.418195128440857		1.88515957780838		0.4020651983261108		0.8041303966522216
523		20.392747147008777		1.5023910999298096		1.9615702270317077		0.5767237821102142		1.1534475642204285
524		20.416846528009046		1.5126430988311768		1.9727308128929137		0.40512145977020264		0.8102429195404053
525		20.3092535759788		1.5176637172698975		1.976185845336914		0.41528589808940886		0.8305717961788177
526		20.399922551994678		1.5152294635772705		1.98055610124588		0.4094190833568573		0.8188381667137146
527		20.459868792968336		1.508668065071106		1.9690778890800475		0.43229530844688413		0.8645906168937683
528		20.384373801003676		1.5215580463409424		2.0005823476028444		0.4404373485088348		0.8808746970176696
529		20.498929756053258		1.5430757999420166		1.9949736085319518		0.4033420176267624		0.8066840352535248
530		20.270850005035754		1.6288013458251953		2.0923476730155945		0.44088205120563506		0.8817641024112701
531		20.25069217500277		1.4437332153320312		1.9093180753707886		0.4008412094593048		0.8016824189186096
532		20.219376429042313		1.6285637617111206		2.1030983388328552		0.511073159956932		1.022146319913864
533		20.497759200981818		1.6080917119979858		2.0735880817985533		0.5068580942392349		1.0137161884784698
534		20.42379130102927		1.534206509590149		1.9897276881599426		0.620136073923111		1.240272147846222
535		20.509682165982667		1.5716032981872559		2.0303073203468323		0.44512762088775637		0.8902552417755127
536		20.316130682011135		1.4643431901931763		1.921083553276062		0.42153710198402405		0.8430742039680481
537		20.328060302999802		1.5480072498321533		2.020509090938568		0.42935117828845976		0.8587023565769195
538		20.45517639402533		1.5635159015655518		2.025700642719269		0.40574789686203006		0.8114957937240601
539		20.338940849993378		1.46031653881073		1.920743523273468		0.48517856328487396		0.9703571265697479
540		20.456185381975956		1.5256301164627075		1.9903812144851685		0.48121661181449893		0.9624332236289979
541		20.274780275009107		1.4934790134429932		1.9504272435188295		0.4040935215473175		0.808187043094635
542		20.262277690984774		1.5383323431015015		1.9935183862495423		0.4173590308189392		0.8347180616378784
543		20.40992898098193		1.4646365642547607		1.9219242177200317		0.46022627580165865		0.9204525516033173
544		20.42351593100466		1.669319987297058		2.134744509716034		0.4328173545837402		0.8656347091674804
545		20.510772109963		1.5410443544387817		1.9999164794921875		0.39614540436267853		0.7922908087253571
546		20.43112696800381		1.4842473268508911		1.9434777431678771		0.395456170296669		0.790912340593338
547		20.377381024998613		1.5197608470916748		1.9766946583557128		0.6689682707309723		1.3379365414619446
548		20.282691047992557		1.5882619619369507		2.0548878779411317		0.38971945617198944		0.7794389123439789
549		20.50611769600073		1.5489697456359863		1.9991806839752198		0.5345585026741028		1.0691170053482055
550		20.5194565889542		1.590624213218689		2.058978325386047		0.409921390080452		0.819842780160904
551		20.42911148798885		1.4516898393630981		1.9130069464683532		0.40835013473033904		0.8167002694606781
552		20.252154888992663		1.5845800638198853		2.0436876814460754		0.5986307990789413		1.1972615981578827
553		20.268206649983767		1.457348346710205		1.9225079648017884		0.43004457607269286		0.8600891521453857
554		20.345453212969005		1.5364943742752075		1.9970123208427428		0.43063053047657013		0.8612610609531403
555		20.400741852994543		1.4927644729614258		1.9525955813217164		0.47287775449752806		0.9457555089950561
556		20.43290816899389		1.4838112592697144		1.9465164503097534		0.6672951324939728		1.3345902649879455
557		20.314764291979373		1.4874486923217773		1.9364854583740234		0.3982536695718765		0.796507339143753
558		20.28030767099699		1.4962955713272095		1.9491319275665284		0.561746271443367		1.123492542886734
559		20.42667115700897		1.6129755973815918		2.055330479106903		0.393361689209938		0.786723378419876
560		20.5011436130153		1.4387481212615967		1.9070540692710876		0.4443520030975342		0.8887040061950684
561		20.56662433897145		1.5553644895553589		2.0163979817199706		0.4108943981170654		0.8217887962341308
562		20.361612865002826		1.4633785486221313		1.9247353223514556		0.40075517699718477		0.8015103539943695
563		20.417015585000627		1.6388404369354248		2.0941929551506044		0.6805320021152497		1.3610640042304993
564		20.47645100398222		1.490506887435913		1.9526966234779357		0.3931106651544571		0.7862213303089142
565		20.587558954954147		1.5715595483779907		2.0307004596328735		0.3971764491081238		0.7943528982162475
566		20.468622378015425		1.3712427616119385		1.8394781307792663		0.39212672996521		0.78425345993042
567		20.411149589985143		1.4815384149551392		1.9449946737575532		0.4153689416885376		0.8307378833770752
568		20.4109040889889		1.6011818647384644		2.064211703491211		0.501090040063858		1.002180080127716
569		20.403471428027842		1.4946309328079224		1.9583799125862122		0.3848614440917969		0.7697228881835938
570		20.4438137410325		1.4580073356628418		1.9236590871238708		0.394298842895031		0.788597685790062
571		20.32373477704823		1.4540550708770752		1.921385136203766		0.46243921098709106		0.9248784219741821
572		20.334664156951476		1.4830039739608765		1.9393090674972535		0.5413876478195191		1.0827752956390382
573		20.384255123033654		1.5035125017166138		1.961118329296112		0.3986833246469498		0.7973666492938996
574		20.379949542984832		1.5529719591140747		2.0172791806411743		0.48005585894584657		0.9601117178916931
575		20.290167305036448		1.6222574710845947		2.076424211444855		0.3991321081161499		0.7982642162322998
576		20.475401635980234		1.4605509042739868		1.9216011783981324		0.45520348353385925		0.9104069670677185
577		20.441942874982487		1.4961532354354858		1.9455315586853028		0.41022535037994384		0.8204507007598877
578		20.394190790015273		1.513356328010559		1.968880583896637		0.38358488430976867		0.7671697686195373
579		20.378345103003085		1.4176993370056152		1.8852137177467345		0.4757117804527283		0.9514235609054565
580		20.43296600895701		1.5581741333007812		2.0151679531383513		0.3986033642053604		0.7972067284107208
581		20.521450989996083		1.444068193435669		1.909659607028961		0.420295032286644		0.840590064573288
582		20.405499650049023		1.5218130350112915		1.9728954562950134		0.4200564333438873		0.8401128666877746
583		20.60837279300904		1.4146305322647095		1.8723726027297973		0.6909348944664001		1.3818697889328002
584		20.454686188022606		1.6167947053909302		2.064425803050995		0.46089925510883334		0.9217985102176667
585		20.37956045899773		1.4648158550262451		1.9283234924507142		0.4156998035669327		0.8313996071338654
586		20.38651556998957		1.6162571907043457		2.0527194471263885		0.3870640934705734		0.7741281869411468
587		20.512969995033927		1.4619059562683105		1.9193666369342803		0.42362306566238406		0.8472461313247681
588		20.50849371496588		1.7359545230865479		2.186592904701233		0.572524742603302		1.145049485206604
589		20.46763905696571		1.4452118873596191		1.9084501284980775		0.38670794236660005		0.7734158847332001
590		20.392456055036746		1.526334285736084		1.986000039138794		0.44818107290267944		0.8963621458053589
591		20.45540690497728		1.538387656211853		1.9936040851593018		0.40306695845127105		0.8061339169025421
592		20.379151511006057		1.5908088684082031		2.0383247167015077		0.4367823716402054		0.8735647432804108
593		20.48103839304531		1.3655476570129395		1.8363078108119966		0.4224274872303009		0.8448549744606018
594		20.408988834009506		1.4719970226287842		1.9331491877365112		0.3857407560348511		0.7714815120697022
595		20.43150509800762		1.5547462701797485		1.995372541999817		0.3907722982645035		0.781544596529007
596		20.37574383697938		1.5710670948028564		2.0262514364624025		0.402307932639122		0.804615865278244
597		20.458554551005363		1.4242957830429077		1.8828444005298615		0.38228299083709716		0.7645659816741943
598		20.618756043026224		1.6355842351913452		2.0723081083488464		0.3880490713119507		0.7760981426239014
599		20.48756941204192		1.4510694742202759		1.9030840108680724		0.39841515376567843		0.7968303075313569
600		20.254476095957216		1.570231318473816		2.0116814273262023		0.385576558470726		0.771153116941452
601		20.21363505697809		1.4037065505981445		1.853859008731842		0.38597119884490966		0.7719423976898193
602		20.41773802501848		1.4054783582687378		1.8588434734249115		0.40386850390434265		0.8077370078086853
603		20.48656802799087		1.395382285118103		1.8595714036464692		0.39080730822086335		0.7816146164417267
604		20.572216998029035		1.5775599479675293		2.0328226334285735		0.3957940919160843		0.7915881838321686
605		20.473853020987008		1.4196138381958008		1.875790322856903		0.378960182261467		0.757920364522934
606		20.45263586897636		1.445917010307312		1.903716360874176		0.3815216366291046		0.7630432732582092
607		20.352496122999582		1.3890477418899536		1.8539930882930755		0.37812942292690277		0.7562588458538055
608		20.50792918098159		1.5832337141036987		2.040697007856369		0.38278995778560637		0.7655799155712127
609		20.492072153952904		1.4394632577896118		1.8985046154785157		0.3860330916166306		0.7720661832332611
610		20.41791166801704		1.6101189851760864		2.0555427095985412		0.43847172853946687		0.8769434570789337
611		20.342588844010606		1.4467337131500244		1.9065514999103546		0.5638775838375092		1.1277551676750184
612		20.31480545696104		1.440736174583435		1.898445478372574		0.4124344124555588		0.8248688249111176
613		20.402582065958995		1.4601492881774902		1.9097176420688629		0.41019310207366944		0.8203862041473389
614		20.45715004799422		1.5314080715179443		1.988572105064392		0.5150337406873703		1.0300674813747406
615		20.377819074958097		1.5145846605300903		1.9670398180294038		0.38116552577018736		0.7623310515403747
616		20.319594482018147		1.4502955675125122		1.9159917551994323		0.46073867247104644		0.9214773449420929
617		20.28079033998074		1.5895878076553345		2.0389278283691405		0.38239706909656523		0.7647941381931305
618		20.333530417003203		1.5013333559036255		1.9628754736328125		0.6147458619832993		1.2294917239665986
619		20.44178387604188		1.5770416259765625		2.0131755952358246		0.3884983229637146		0.7769966459274292
620		20.43863472796511		1.432085633277893		1.8956010105895995		0.4061467143535614		0.8122934287071228
621		20.514435357006732		1.4453825950622559		1.902428077659607		0.3786798366546631		0.7573596733093262
622		20.444577127986122		1.7398916482925415		2.1745131148147583		0.4253943073272705		0.850788614654541
623		20.35007831203984		1.5392862558364868		2.000128992328644		0.38008271923065184		0.7601654384613037
624		20.40586274396628		1.386909008026123		1.855121815881729		0.4054329383373261		0.8108658766746522
625		20.35212071298156		1.515493392944336		1.9817905778217315		0.49832548739910126		0.9966509747982025
626		20.407355216972064		1.455653190612793		1.8922610272026061		0.4113524792432785		0.822704958486557
627		20.364977220015135		1.508652925491333		1.9635001683807374		0.466983882856369		0.933967765712738
628		20.363570916990284		1.4152017831802368		1.8689277904701234		0.38004394438266753		0.7600878887653351
629		20.331156119005755		1.4745506048202515		1.9229711941623688		0.3749579201698303		0.7499158403396606
630		20.43305396102369		1.5252585411071777		1.9717230761146545		0.4950073139190674		0.9900146278381348
631		20.48915452300571		1.461646556854248		1.9271440840053558		0.3765442085266113		0.7530884170532226
632		20.491195961018093		1.3991248607635498		1.8537463002300263		0.3797019125342369		0.7594038250684738
633		20.311762058991008		1.476898193359375		1.9326982543849944		0.4138273244857788		0.8276546489715576
634		20.423791371053085		1.3159925937652588		1.7699133834171294		0.3755323883295059		0.7510647766590118
635		20.361937884008512		1.537118911743164		1.983389015827179		0.4724293009519577		0.9448586019039154
636		20.505500754981767		1.4814928770065308		1.9451617393779754		0.42836889128684996		0.8567377825736999
637		20.32507360499585		1.4772535562515259		1.9410784435749053		0.3815060354709625		0.763012070941925
638		20.332954637997318		1.4685418605804443		1.934385527973175		0.49465373771190646		0.9893074754238129
639		20.344482271990273		1.5396144390106201		1.9905170547866822		0.46603390076160434		0.9320678015232087
640		20.337874719989486		1.3217151165008545		1.7898151684379577		0.3785167788743973		0.7570335577487945
641		20.19797059200937		1.57447350025177		2.0241411510276794		0.48662423923015596		0.9732484784603119
642		20.273979619028978		1.3388535976409912		1.8107694137191772		0.45057425894737246		0.9011485178947449
643		20.1971523410175		1.4923235177993774		1.9481929622173308		0.4628044867515564		0.9256089735031128
644		20.26737969799433		1.445769190788269		1.8887808571529388		0.40685390284061435		0.8137078056812287
645		20.368298257002607		1.4186935424804688		1.8820016330051421		0.41940733425617216		0.8388146685123443
646		20.418386118020862		1.4402363300323486		1.9000779160499572		0.37191200025081633		0.7438240005016327
647		20.440180717036128		1.3831607103347778		1.841186344432831		0.4569051918029785		0.913810383605957
648		20.33095393597614		1.340078353881836		1.7988455619430541		0.4150126955509186		0.8300253911018372
649		20.438614863029215		1.4977970123291016		1.9515300015830994		0.4352693424463272		0.8705386848926544
650		20.300587270990945		1.4663498401641846		1.910117638311386		0.3721198358058929		0.7442396716117858
651		20.409468892030418		1.469862461090088		1.9304131242179872		0.3751317418575287		0.7502634837150574
652		20.456880745012313		1.434081792831421		1.8861153447818757		0.4006073365926743		0.8012146731853486
653		20.368248857033905		1.4093172550201416		1.8745179990959167		0.4174992259263992		0.8349984518527984
654		20.391355639963876		1.4416574239730835		1.8983567500972747		0.47475726284980774		0.9495145256996155
655		20.447203027026262		1.459850549697876		1.9136857149410247		0.39158972027301786		0.7831794405460357
656		20.36607202095911		1.3957412242889404		1.8556525810718536		0.4019083004951477		0.8038166009902954
657		20.349582722992636		1.4663668870925903		1.9291865597820281		0.37668789234161376		0.7533757846832275
658		20.46044953499222		1.3789118528366089		1.8403475673675538		0.3735936242341995		0.747187248468399
659		20.538143521000165		1.4325274229049683		1.8929055716991425		0.37219212036132815		0.7443842407226563
660		20.391746832989156		1.4641417264938354		1.914082471265793		0.4273258120775223		0.8546516241550446
661		20.522947891964577		1.4218344688415527		1.8928918997764588		0.40118319988250734		0.8023663997650147
662		20.317571929015685		1.416351318359375		1.8758704596328735		0.4696847265005112		0.9393694530010224
663		20.370391556003597		1.3650645017623901		1.8282172454357146		0.4520124930381775		0.904024986076355
664		20.402747503947467		1.4946975708007812		1.9609188133430482		0.456350216960907		0.912700433921814
665		20.37836190604139		1.4281067848205566		1.8883274186706542		0.45323883211612703		0.9064776642322541
666		20.481881511979736		1.4506721496582031		1.9037028511047362		0.4097298681974411		0.8194597363948822
667		20.469393717998173		1.4328352212905884		1.8890399606323243		0.39452246129512786		0.7890449225902557
668		20.651589840999804		1.434402346611023		1.885168655090332		0.3962904900312424		0.7925809800624848
669		20.492377971007954		1.3828871250152588		1.8421760806560517		0.3758803336858749		0.7517606673717498
670		20.431877228955273		1.4767268896102905		1.939443777780533		0.5614344320297241		1.1228688640594482
671		20.389811087981798		1.3763755559921265		1.8328322848415375		0.3903803472995758		0.7807606945991517
672		20.415687892993446		1.412668228149414		1.880427430448532		0.44051790671348573		0.8810358134269715
673		20.384660682000685		1.4676483869552612		1.9188665904808044		0.4029038880109787		0.8058077760219574
674		20.356678803043906		1.4116694927215576		1.849538068637848		0.40685195269584656		0.8137039053916931
675		20.372184987994842		1.4064884185791016		1.848565332775116		0.451622802734375		0.90324560546875
676		20.4209822260309		1.3706843852996826		1.8327231100940704		0.48959189670085906		0.9791837934017181
677		20.455923389003146		1.4648233652114868		1.925635562210083		0.36987606085538866		0.7397521217107773
678		20.49254003597889		1.3983612060546875		1.8595941639518738		0.39028469800949095		0.7805693960189819
679		20.623293545038905		1.5491909980773926		2.0128179997444153		0.6887132584571838		1.3774265169143676
680		20.582612333004363		1.4079519510269165		1.8552710084724426		0.41814933104515073		0.8362986620903015
681		20.624796040006913		1.4310086965560913		1.8984599439907075		0.3943182353019714		0.7886364706039428
682		20.363051297026686		1.3771018981933594		1.8378896334171295		0.41811352064609525		0.8362270412921905
683		20.434271094971336		1.4554235935211182		1.910280643339157		0.7267871139764785		1.453574227952957
684		20.325053440988995		1.4075589179992676		1.883810981912613		0.7281247646570206		1.4562495293140412
685		20.314796139020473		1.3799868822097778		1.8545767384529113		0.3776944715738296		0.7553889431476593
686		20.430825643008575		1.4080344438552856		1.8638879165935516		0.409789044713974		0.819578089427948
687		20.23422446800396		1.496863842010498		1.961417217731476		0.44250565929412844		0.8850113185882569
688		20.381131407048088		1.3415321111679077		1.8028763407802582		0.37226147034168244		0.7445229406833649
689		20.381099412974436		1.4619972705841064		1.9072258412075043		0.37082987909317017		0.7416597581863403
690		20.440823186014313		1.4477664232254028		1.9027124247264862		0.47946631278991697		0.9589326255798339
691		20.592313594010193		1.3989903926849365		1.8599272902584076		0.46486473071575163		0.9297294614315033
692		20.502545118972193		1.3080275058746338		1.7681177973651887		0.3810801650762558		0.7621603301525116
693		20.45258401200408		1.4483262300491333		1.908244345521927		0.4957529510498047		0.9915059020996094
694		20.402191492030397		1.5239810943603516		1.9675241263008119		0.41416706235408784		0.8283341247081757
695		20.421155220014043		1.3324127197265625		1.8050624550914764		0.4441589449644089		0.8883178899288178
696		20.415769543964416		1.4957756996154785		1.9462575541210174		0.37888725702762605		0.7577745140552521
697		20.467431819997728		1.4391124248504639		1.8991064396953583		0.36640014855861663		0.7328002971172333
698		20.428154260967858		1.3990415334701538		1.8597566022777556		0.41268287179470065		0.8253657435894013
699		20.502641937986482		1.4719890356063843		1.9412415220737458		0.37197814946174623		0.7439562989234925
700		20.51879469200503		1.3770864009857178		1.8273691809272765		0.39792039427757264		0.7958407885551453
701		20.501170087023638		1.3682985305786133		1.8276030202579499		0.3679465456485748		0.7358930912971496
702		20.528911108965985		1.4689260721206665		1.933182965517044		0.390574622797966		0.781149245595932
703		20.40480421995744		1.4208101034164429		1.871780013551712		0.41908581495285036		0.8381716299057007
704		20.38726981903892		1.3941130638122559		1.8624487823104858		0.3741844982981682		0.7483689965963364
705		20.478001449024305		1.346266508102417		1.8053748473262787		0.41701969153881074		0.8340393830776215
706		20.50960121495882		1.390442967414856		1.860979304265976		0.43884557390213014		0.8776911478042603
707		20.549560318992008		1.3948391675949097		1.8585646874713897		0.421425589132309		0.842851178264618
708		20.40513262699824		1.421776533126831		1.8807969245052338		0.3758753044128418		0.7517506088256836
709		20.52530861197738		1.3903661966323853		1.8368332568645478		0.4027737767934799		0.8055475535869598
710		20.62882007297594		1.4702694416046143		1.940240561323166		0.4676636743307114		0.9353273486614228
711		20.634323964011855		1.4243813753128052		1.890124109401703		0.4665610366344452		0.9331220732688904
712		20.552915869979188		1.4730713367462158		1.9325670525169372		0.4294338820695877		0.8588677641391754
713		20.534587456961162		1.3735235929489136		1.8195206347179413		0.4724313305616379		0.9448626611232758
714		20.32387571502477		1.4355149269104004		1.885278761100769		0.4136979614019394		0.8273959228038787
715		20.340306023019366		1.338908076286316		1.7981702427387238		0.42237281436920165		0.8447456287384033
716		20.45435480796732		1.4695910215377808		1.9176543041229248		0.48213441104888916		0.9642688220977783
717		20.509786378999706		1.3783622980117798		1.8277124626922607		0.43858653230667116		0.8771730646133423
718		20.50429420202272		1.416672945022583		1.885310573682785		0.3662030626535416		0.7324061253070832
719		20.320009514980484		1.3444101810455322		1.806722677192688		0.409496249127388		0.818992498254776
720		20.329844064021017		1.4485461711883545		1.9113364709186553		0.3672328628540039		0.7344657257080078
721		20.386146167002153		1.4390554428100586		1.8900850393390656		0.36973884077072144		0.7394776815414429
722		20.468993593996856		1.3421485424041748		1.799742061471939		0.3638526723980904		0.7277053447961808
723		20.417056580015924		1.3614654541015625		1.8194558243274688		0.6004629898548126		1.2009259797096252
724		20.423308209050447		1.414927363395691		1.8692362714767456		0.37240289013385774		0.7448057802677155
725		20.274231167975813		1.3597053289413452		1.8222558792304993		0.40127633788585665		0.8025526757717133
726		20.213730938034132		1.3694816827774048		1.830996703491211		0.40265428104400636		0.8053085620880127
727		20.496300699014682		1.406048059463501		1.8725976665973663		0.44299810240268706		0.8859962048053741
728		20.449991289002355		1.3799712657928467		1.8490345065498353		0.39726070868968966		0.7945214173793793
729		20.31960511195939		1.3545137643814087		1.8157570327186585		0.36822886447906494		0.7364577289581299
730		20.302920359012205		1.4016193151474		1.8589618132591248		0.38319726696014406		0.7663945339202881
731		20.395984287024476		1.5544090270996094		2.0048801743984224		0.37606404951810835		0.7521280990362167
732		20.46548375400016		1.4032074213027954		1.8535217387866973		0.37652401058673857		0.7530480211734771
733		20.618474882969167		1.3320629596710205		1.7894401620578766		0.3634711049318314		0.7269422098636628
734		20.622379191045184		1.4288955926895142		1.8805870432662963		0.37978460748195647		0.7595692149639129
735		20.53625596204074		1.3404613733291626		1.7923266706371308		0.36531391077041625		0.7306278215408325
736		20.421672063006554		1.455938696861267		1.9048601330375672		0.3652494161128998		0.7304988322257996
737		20.428326454013586		1.3300938606262207		1.7949704369926454		0.3773817714214325		0.754763542842865
738		20.554602989985142		1.5615265369415283		1.999423734922409		0.5166506199121476		1.0333012398242951
739		20.428937960008625		1.348341941833496		1.8094870527839662		0.5104852277994156		1.0209704555988313
740		20.497172294009943		1.3222213983535767		1.7933518628406524		0.36993523969650266		0.7398704793930053
741		20.357303149998188		1.3851972818374634		1.8441330164337157		0.3628047017812729		0.7256094035625458
742		20.3738634470501		1.4208077192306519		1.876549439678192		0.3680088226795197		0.7360176453590394
743		20.379546024021693		1.3367588520050049		1.7999789659500123		0.3737256106495857		0.7474512212991714
744		20.32861306099221		1.305328607559204		1.7780784099769593		0.39898670575618744		0.7979734115123749
745		20.397096278960817		1.4495171308517456		1.9100499813079834		0.3841069840431213		0.7682139680862426
746		20.33983375702519		1.3667924404144287		1.8156155924129487		0.38710158306360243		0.7742031661272049
747		20.243458297045436		1.3838906288146973		1.8287440465927125		0.3697057028055191		0.7394114056110382
748		20.426085257029627		1.3912818431854248		1.844282683134079		0.39228961532115936		0.7845792306423187
749		20.484926845994778		1.2823771238327026		1.7430248459911346		0.4127940589904785		0.825588117980957
750		20.3317915010266		1.3792136907577515		1.827055613975525		0.3647798339486122		0.7295596678972244
751		20.458573370007798		1.3454934358596802		1.8026176412677766		0.5622044350147247		1.1244088700294494
752		20.523384716012515		1.3810068368911743		1.8437625510025024		0.4081986009120941		0.8163972018241882
753		20.575632489984855		1.3743897676467896		1.8279455422210693		0.3972523438215256		0.7945046876430512
754		20.497552058950532		1.4359662532806396		1.8892775722026824		0.3879157903671265		0.775831580734253
755		20.47339594300138		1.3482693433761597		1.8052899679851533		0.36298225042819976		0.7259645008563995
756		20.445818893960677		1.303674578666687		1.7656342082309724		0.4155815806627274		0.8311631613254548
757		20.46640620502876		1.3419150114059448		1.8038770910263062		0.36428456327915193		0.7285691265583039
758		20.46396923501743		1.383339524269104		1.8344224484920502		0.3849495349168777		0.7698990698337554
759		20.494006002962124		1.2898859977722168		1.7517902877426148		0.4115847412109375		0.823169482421875
760		20.557180719973985		1.4531285762786865		1.903765396261215		0.4605141324996948		0.9210282649993896
761		20.52560056798393		1.4379271268844604		1.8934403567790985		0.384872327375412		0.769744654750824
762		20.49433225998655		1.3570529222488403		1.8179494164276122		0.40994092135429383		0.8198818427085877
763		20.466930749011226		1.35906183719635		1.8169785728836059		0.40182460877895354		0.8036492175579071
764		20.470602736982983		1.4472754001617432		1.913864588212967		0.3823008022069931		0.7646016044139862
765		20.550341574009508		1.467380404472351		1.921867862405777		0.3721512812256813		0.7443025624513626
766		20.651411480968818		1.3557655811309814		1.811707546415329		0.4906462899684906		0.9812925799369812
767		20.560019704978913		1.3348013162612915		1.7991322360992432		0.38087250838279724		0.7617450167655945
768		20.37371150200488		1.3734352588653564		1.8269267897224426		0.45821623868942263		0.9164324773788453
769		20.37061442498816		1.3433068990707397		1.8076025064182282		0.3720712555408478		0.7441425110816956
770		20.38469930604333		1.2993351221084595		1.7634032291412354		0.36137254490852355		0.7227450898170471
771		20.49429088202305		1.3391213417053223		1.8086312348747253		0.3702444474697113		0.7404888949394226
772		20.40563514997484		1.416794776916504		1.8703731720733643		0.383339835524559		0.766679671049118
773		20.39367348595988		1.3357267379760742		1.7814708608531953		0.3708423181772232		0.7416846363544464
774		20.273899259977043		1.3323277235031128		1.7872605723381043		0.36912520978450775		0.7382504195690155
775		20.43780378997326		1.3479468822479248		1.815856593475342		0.43849291493892667		0.8769858298778533
776		20.43584562104661		1.2958921194076538		1.7627632284832		0.41841327879428863		0.8368265575885773
777		20.395551516965497		1.3431010246276855		1.7965519918441772		0.42228194079399106		0.8445638815879821
778		20.57809536199784		1.3173744678497314		1.7753482429409027		0.3919226541996002		0.7838453083992004
779		20.593330105009954		1.3652690649032593		1.8239415461635589		0.37369032776355743		0.7473806555271149
780		20.47736119100591		1.3299318552017212		1.797487753725052		0.40801620614528655		0.8160324122905731
781		20.585103455989156		1.3786827325820923		1.8345932293128968		0.4170467675209045		0.834093535041809
782		20.471292086993344		1.2935982942581177		1.748709199028015		0.5161410635232926		1.0322821270465852
783		20.384668123035226		1.3921210765838623		1.851485950422287		0.36686054525375367		0.7337210905075073
784		20.585333860013634		1.3015862703323364		1.7628356160163878		0.5267044480800629		1.0534088961601258
785		20.44755109702237		1.368789792060852		1.8139638549900055		0.3635841959953308		0.7271683919906616
786		20.645719736989122		1.3113104104995728		1.770820746269226		0.3643848924636841		0.7287697849273682
787		20.631857521017082		1.4254183769226074		1.8863767201805115		0.36456227147579195		0.7291245429515839
788		20.50061150401598		1.2786238193511963		1.7454655221557618		0.3706341326594353		0.7412682653188706
789		20.36518345796503		1.2879009246826172		1.7471682007312774		0.4020327189207077		0.8040654378414154
790		20.36861283297185		1.356244683265686		1.8084338764858245		0.42586486361026765		0.8517297272205353
791		20.44117611501133		1.4187920093536377		1.8878853141212464		0.36432515881061556		0.7286503176212311
792		20.40260800300166		1.3185546398162842		1.7770350266361237		0.37337690970897675		0.7467538194179535
793		20.468272225989494		1.3173387050628662		1.7735454580497743		0.42012283775806425		0.8402456755161285
794		20.399967653967906		1.3558800220489502		1.8130126139736176		0.3566319100141525		0.713263820028305
795		20.403266925015487		1.3195993900299072		1.7724805445671081		0.35920009595155716		0.7184001919031143
796		20.288440760981757		1.3447026014328003		1.7910939963150025		0.35842520403862		0.71685040807724
797		20.43772979400819		1.3921955823898315		1.8505416558074952		0.36015263929367064		0.7203052785873413
798		20.584881537011825		1.338460087776184		1.7981899631595613		0.3789738898396492		0.7579477796792984
799		20.516887289006263		1.2968378067016602		1.7564477566814423		0.4352213538646698		0.8704427077293396
800		20.329647430975456		1.3928186893463135		1.8481276783180236		0.3573682938337326		0.7147365876674652
801		20.323342983960174		1.2576162815093994		1.71447314453125		0.4484375305891037		0.8968750611782074
802		20.449848624004517		1.3800113201141357		1.8340566960906983		0.35933954453468325		0.7186790890693665
803		20.532414837973192		1.3459728956222534		1.805889291715622		0.3558709094762802		0.7117418189525604
804		20.514050344005227		1.307438611984253		1.762953868370056		0.36567126653194426		0.7313425330638885
805		20.567655202990863		1.354400873184204		1.810719149980545		0.4016713382720947		0.8033426765441894
806		20.451265138050076		1.3872312307357788		1.8516355313777924		0.39715503516197204		0.7943100703239441
807		20.278627844003495		1.3374714851379395		1.7923610095119475		0.3557044771313667		0.7114089542627334
808		20.58287250000285		1.2755910158157349		1.7326340951919557		0.3560302903652191		0.7120605807304382
809		20.506632879958488		1.3223108053207397		1.773262116241455		0.3592258644104004		0.7184517288208008
810		20.490355619986076		1.3543466329574585		1.8196918311595918		0.38803744804859164		0.7760748960971833
811		20.605143927037716		1.3449537754058838		1.8061774534511565		0.5436751382112504		1.0873502764225007
812		20.546707092958968		1.2643494606018066		1.7127486614608765		0.37503775445222853		0.7500755089044571
813		20.626840827986598		1.3975043296813965		1.8430409296035766		0.37989651110172273		0.7597930222034455
814		20.63353680400178		1.3099161386489868		1.7682333394050598		0.37821145293712616		0.7564229058742523
815		20.59083819098305		1.310411810874939		1.7797793574810028		0.3618510254859924		0.7237020509719848
816		20.663618149992544		1.2984079122543335		1.7491980661964417		0.4085665458440781		0.8171330916881562
817		20.55840967502445		1.30255126953125		1.76764038813591		0.428597070646286		0.857194141292572
818		20.39872810197994		1.3203306198120117		1.7772897139835357		0.37539662177562716		0.7507932435512543
819		20.428020684048533		1.321396827697754		1.7789054911994935		0.4366968898534775		0.873393779706955
820		20.44322541897418		1.2989815473556519		1.7700545121479034		0.40066039860248565		0.8013207972049713
821		20.6337251389632		1.2758020162582397		1.7281161981582642		0.37007327628135683		0.7401465525627137
822		20.400694659969304		1.3305413722991943		1.7975927541828156		0.36309431208372117		0.7261886241674423
823		20.366875339008402		1.3178867101669312		1.7862439868831634		0.3570451898813248		0.7140903797626496
824		20.444968852971215		1.3560954332351685		1.8126891278839112		0.354339828813076		0.708679657626152
825		20.481231960002333		1.4701948165893555		1.916596575088501		0.5602409558057785		1.120481911611557
826		20.466795162996277		1.2854257822036743		1.7533114219474792		0.3611862739562988		0.7223725479125976
827		20.427770898968447		1.3282396793365479		1.7868874511432649		0.37259408004283906		0.7451881600856781
828		20.49049673200352		1.3275208473205566		1.785291632938385		0.35533244769573213		0.7106648953914643
829		20.367554033000488		1.3184092044830322		1.7751291002750396		0.3550839159250259		0.7101678318500518
830		20.405132821004372		1.3512623310089111		1.818146858663559		0.3585748608708382		0.7171497217416763
831		20.306106623029336		1.374798059463501		1.8300969694423677		0.3538552823066711		0.7077105646133423
832		20.439962856005877		1.2819401025772095		1.7353618638324737		0.36602737044095995		0.7320547408819199
833		20.310107130964752		1.2616363763809204		1.725285301771164		0.36264348957538606		0.7252869791507721
834		20.330881032045		1.3608169555664062		1.8024896881484986		0.39090446457862854		0.7818089291572571
835		20.36395635601366		1.3627220392227173		1.8214258840847015		0.36039200575351715		0.7207840115070343
836		20.463561582029797		1.2976094484329224		1.764320901107788		0.3592038974523544		0.7184077949047089
837		20.414402046008036		1.272689700126648		1.7314378140068054		0.35690382113456726		0.7138076422691345
838		20.419795075024012		1.3201500177383423		1.7694341678142547		0.3555273079395294		0.7110546158790588
839		20.422535619989503		1.31118905544281		1.7615785202693939		0.3566238301277161		0.7132476602554322
840		20.498121678014286		1.30588698387146		1.7687350670433044		0.3682027302742004		0.7364054605484008
841		20.507338709954638		1.3330273628234863		1.7891749000549317		0.35750991866588594		0.7150198373317719
842		20.52829662396107		1.2903822660446167		1.7559352717590333		0.3649540134072304		0.7299080268144608
843		20.696399129985366		1.2747187614440918		1.7295530761623383		0.4226695803880692		0.8453391607761384
844		20.615994599997066		1.3233835697174072		1.776075181427002		0.35599177334308624		0.7119835466861725
845		20.433992202975787		1.3057119846343994		1.7629101839351653		0.37243456356525423		0.7448691271305085
846		20.460830437019467		1.301381230354309		1.7633505859184264		0.3638820660114288		0.7277641320228576
847		20.444053501007147		1.3334777355194092		1.7828951487350464		0.4150303921699524		0.8300607843399048
848		20.48624270397704		1.3442785739898682		1.7873072136116028		0.3746722054481506		0.7493444108963012
849		20.4247386129573		1.3002828359603882		1.75127157204628		0.46932717678546904		0.9386543535709381
850		20.23752817104105		1.2753976583480835		1.7173406450843811		0.3587758338212967		0.7175516676425934
851		20.482917857996654		1.2735451459884644		1.740253852815628		0.3599074741125107		0.7198149482250213
852		20.43026340700453		1.3790411949157715		1.8317866009616852		0.36734129478931427		0.7346825895786285
853		20.45279066299554		1.2750588655471802		1.7387357948684692		0.35272932374477384		0.7054586474895477
854		20.353661532048136		1.2589833736419678		1.7239262187194824		0.389752041220665		0.77950408244133
855		20.428073922987096		1.289587140083313		1.7357636651706696		0.37468949332237245		0.7493789866447449
856		20.420958289003465		1.3021329641342163		1.7499239335346222		0.38442465238571166		0.7688493047714233
857		20.38942424702691		1.3546175956726074		1.8007889429664612		0.351715110039711		0.703430220079422
858		20.559536446002312		1.286734938621521		1.7449346020412444		0.35991706103086474		0.7198341220617295
859		20.460099880991038		1.3144543170928955		1.7684570288085937		0.38637024295330047		0.7727404859066009
860		20.547612874011975		1.2952693700790405		1.7452439307308196		0.3824537273168564		0.7649074546337128
861		20.327253338007722		1.2773756980895996		1.7291351923274993		0.4660794580221176		0.9321589160442352
862		20.35946339601651		1.382377028465271		1.8313132862472534		0.4033387952566147		0.8066775905132294
863		20.451796106994152		1.279415249824524		1.7316694121742249		0.40744113314151764		0.8148822662830353
864		20.42027128097834		1.2945029735565186		1.7581766441059112		0.4313254217386246		0.8626508434772492
865		20.324741704040207		1.3057804107666016		1.773874355726242		0.35381627399921417		0.7076325479984283
866		20.34589319600491		1.2785587310791016		1.7204046141910554		0.4082280040025711		0.8164560080051422
867		20.499749446986243		1.210269808769226		1.6858139589309693		0.36444054787158964		0.7288810957431793
868		20.5349162290222		1.3254694938659668		1.777415538444519		0.3644063486814499		0.7288126973628998
869		20.52126882201992		1.2822654247283936		1.7279152863407135		0.35999295721054075		0.7199859144210815
870		20.52910895703826		1.2768189907073975		1.7314426207447051		0.35368407571315763		0.7073681514263153
871		20.49607274896698		1.279687762260437		1.7408821959590912		0.3892052584886551		0.7784105169773102
872		20.538037221995182		1.2999378442764282		1.7563934698295594		0.4677564309835434		0.9355128619670868
873		20.542887737974524		1.3822821378707886		1.8388248042869568		0.35319311490058897		0.7063862298011779
874		20.624106294999365		1.2531375885009766		1.7204885252571105		0.3975821184635162		0.7951642369270324
875		20.4437010519905		1.2694019079208374		1.7246998953056336		0.36428039447069166		0.7285607889413833
876		20.52722118498059		1.267987608909607		1.726597971496582		0.4223681272506714		0.8447362545013428
877		20.46409838902764		1.2418488264083862		1.6992736499881744		0.3555105879187584		0.7110211758375168
878		20.514326317002997		1.2667652368545532		1.7234981654930115		0.36998378853797914		0.7399675770759583
879		20.40393620094983		1.2746106386184692		1.737560778503418		0.3643604640722275		0.728720928144455
880		20.414115818042774		1.2128968238830566		1.688316763010025		0.4514594103336334		0.9029188206672668
881		20.462875308003277		1.2987620830535889		1.7571888270187377		0.4732225714445114		0.9464451428890228
882		20.53197251999518		1.2744206190109253		1.7271278164672852		0.35186798828840254		0.7037359765768051
883		20.585155120992567		1.284311056137085		1.7438502495765686		0.3528465852737427		0.7056931705474854
884		20.59013163903728		1.297629714012146		1.7496937847042084		0.35417881153821945		0.7083576230764389
885		20.50765403098194		1.3290590047836304		1.785508541469574		0.3753426126480103		0.7506852252960206
886		20.523568139004055		1.2719453573226929		1.7476904359340668		0.3626522022485733		0.7253044044971466
887		20.56530441902578		1.2340402603149414		1.6897270035457612		0.35459151062965394		0.7091830212593079
888		20.547323902021162		1.2455954551696777		1.6979251158046722		0.3765374015331268		0.7530748030662536
889		20.555855324026197		1.3165289163589478		1.7710296810340882		0.37595888710021974		0.7519177742004395
890		20.543681751994882		1.2337756156921387		1.6978886562252045		0.3816728260755539		0.7633456521511078
891		20.375206400989555		1.2347068786621094		1.699277703409195		0.3529896684765816		0.7059793369531632
892		20.39721103501506		1.2394729852676392		1.693817561635971		0.3499002136707306		0.6998004273414612
893		20.432212619052734		1.2700800895690918		1.728327546005249		0.3767368471503258		0.7534736943006516
894		20.330097972997464		1.3093940019607544		1.780926922750473		0.37777189280986784		0.7555437856197357
895		20.433208836999256		1.318569302558899		1.7669168073749542		0.35720085289478304		0.7144017057895661
896		20.386461382033303		1.2893680334091187		1.7550291094875337		0.38464534330368044		0.7692906866073609
897		20.535490568960086		1.2284213304519653		1.6703515476322175		0.35284414398670194		0.7056882879734039
898		20.406539232004434		1.2425973415374756		1.7129325414180756		0.3507068808197975		0.701413761639595
899		20.529413098003715		1.306013584136963		1.7747239573764801		0.35018306629657747		0.7003661325931549
900		20.248063918028492		1.2790607213974		1.7377513826656341		0.3494334784269333		0.6988669568538666
901		20.389187073975336		1.3175166845321655		1.7815138974666596		0.3638806451201439		0.7277612902402878
902		20.273682705999818		1.2759063243865967		1.7358761130428315		0.38549736449718475		0.7709947289943695
903		20.521502755989786		1.2444945573806763		1.7133349670124054		0.3916277891635895		0.783255578327179
904		20.36993111501215		1.2485920190811157		1.7058888659095763		0.38542605347633363		0.7708521069526673
905		20.300872565014288		1.3006998300552368		1.7696395335674286		0.3548941665172577		0.7097883330345154
906		20.408239001990296		1.2251843214035034		1.6807589496898652		0.35088846876621244		0.7017769375324249
907		20.45656764699379		1.2938451766967773		1.748323679637909		0.36652486128807066		0.7330497225761413
908		20.50057063996792		1.288465142250061		1.7403469241333007		0.35169807895421984		0.7033961579084397
909		20.400939284008928		1.2582272291183472		1.7180898595809937		0.354639957344532		0.709279914689064
910		20.380485904985107		1.2619783878326416		1.732868372631073		0.35064059735536574		0.7012811947107315
911		20.3950319539872		1.3242058753967285		1.7837001000785828		0.35070743391513826		0.7014148678302765
912		20.50202601501951		1.2668076753616333		1.7266616988658905		0.3504184532403946		0.7008369064807892
913		20.44443540897919		1.2381258010864258		1.6983205322265624		0.35622985998392104		0.7124597199678421
914		20.471614002017304		1.2440438270568848		1.7155495234966278		0.3517626447558403		0.7035252895116806
915		20.323152487981133		1.2631781101226807		1.7225422932243346		0.3531106442689896		0.7062212885379792
916		20.321549885033164		1.2556307315826416		1.7073090435123444		0.4108376188993454		0.8216752377986908
917		20.40012635703897		1.2522543668746948		1.709231105852127		0.35437834553718567		0.7087566910743713
918		20.555989104963373		1.2507870197296143		1.6964000399780272		0.3504942839384079		0.7009885678768158
919		20.550188898982015		1.2452468872070312		1.6987600771427154		0.3628030765175819		0.7256061530351638
920		20.515904023020994		1.2519556283950806		1.7038554125881196		0.3674317179441452		0.7348634358882904
921		20.516255586990155		1.2597676515579224		1.711941724500656		0.36506057624816896		0.7301211524963379
922		20.578657402016688		1.256089687347412		1.719800215024948		0.36795543501377104		0.7359108700275421
923		20.73226015199907		1.3223274946212769		1.775255610628128		0.3899134099960327		0.7798268199920654
924		20.582686783978716		1.2382968664169312		1.7155674226856232		0.35525129214525225		0.7105025842905045
925		20.303367935994174		1.2369612455368042		1.684489169330597		0.3610896165370941		0.7221792330741882
926		20.443411775981076		1.290891170501709		1.7537184414196014		0.351276374912262		0.702552749824524
927		20.450993349950295		1.2571619749069214		1.7082729627990723		0.5934844383716583		1.1869688767433166
928		20.496160294977017		1.2521497011184692		1.7141035725688933		0.35363449543714526		0.7072689908742905
929		20.62853196100332		1.2467504739761353		1.707784002571106		0.3836272267818451		0.7672544535636902
930		20.477310964954086		1.2165337800979614		1.6850017695713044		0.35497079417705535		0.7099415883541107
931		20.47415963601088		1.220799207687378		1.6913613951396942		0.3482554445028305		0.696510889005661
932		20.525265658972785		1.2420275211334229		1.6819232957077026		0.3632026052236557		0.7264052104473114
933		20.54667376400903		1.2994372844696045		1.7628634863376618		0.3505287541985512		0.7010575083971023
934		20.62485492200358		1.212156891822815		1.683148182477951		0.359815431368351		0.719630862736702
935		20.463406644994393		1.239176630973816		1.6893098115062715		0.35788729909658434		0.7157745981931687
936		20.444658596010413		1.2615206241607666		1.7276327585124969		0.36227227375507354		0.7245445475101471
937		20.313674417033326		1.21450936794281		1.6730753242874146		0.3543132774591446		0.7086265549182892
938		20.370489960012492		1.225196361541748		1.6871371980285645		0.34622978971004487		0.6924595794200897
939		20.367454218969215		1.2425473928451538		1.7041279384040833		0.34951783031225203		0.6990356606245041
940		20.54192869499093		1.2583364248275757		1.7127010823917388		0.3482132845520973		0.6964265691041946
941		20.44653609697707		1.2731045484542847		1.7222609807300568		0.3702459293603897		0.7404918587207794
942		20.29208575101802		1.2261748313903809		1.6888867300224304		0.3506472894906998		0.7012945789813996
943		20.488485982001293		1.2230556011199951		1.6696206771087647		0.3785243893623352		0.7570487787246704
944		20.545798855950125		1.2639942169189453		1.7143887407112122		0.3687011590957642		0.7374023181915283
945		20.6283034979715		1.2267366647720337		1.68434589138031		0.364272459590435		0.72854491918087
946		20.566871287999675		1.1897060871124268		1.654739594297409		0.35392928704023363		0.7078585740804673
947		20.48144767503254		1.2471835613250732		1.7090659303855895		0.3981713973522186		0.7963427947044373
948		20.461431381991133		1.251903772354126		1.7088920311546325		0.37809319155216214		0.7561863831043243
949		20.459064241033047		1.2562016248703003		1.726521928768158		0.35386595430374146		0.7077319086074829
950		20.337018935009837		1.2620311975479126		1.7226562963294982		0.3477283532857895		0.695456706571579
951		20.453896296967287		1.2262965440750122		1.6974875563430787		0.3494025077581406		0.6988050155162812
952		20.443669315020088		1.2059693336486816		1.6584379185390472		0.3696667512178421		0.7393335024356842
953		20.358112893998623		1.269674301147461		1.7265650941562654		0.3708693735718727		0.7417387471437454
954		20.343972801987547		1.2381494045257568		1.6855358719825744		0.43911424815654754		0.8782284963130951
955		20.381895163969602		1.2592792510986328		1.7237772100543975		0.36112879269123077		0.7222575853824615
956		20.42601019103313		1.2340106964111328		1.672463064775467		0.3467946069121361		0.6935892138242722
957		20.58200317894807		1.2430833578109741		1.6897876372528076		0.3494911170363426		0.6989822340726852
958		20.53396099898964		1.2121100425720215		1.6781876130199433		0.34874978675842283		0.6974995735168457
959		20.356526502000634		1.2865386009216309		1.7250744850635529		0.38681914260387423		0.7736382852077485
960		20.469010378001258		1.2395879030227661		1.6855975292015075		0.3820351701259613		0.7640703402519226
961		20.599542324023787		1.2172147035598755		1.665106498861313		0.34808455176353453		0.6961691035270691
962		20.43912904796889		1.2378854751586914		1.7000567944812774		0.35068300033807753		0.7013660006761551
963		20.444667811039835		1.219104290008545		1.6814017596054076		0.4181151644468307		0.8362303288936614
964		20.29790173599031		1.2356462478637695		1.703155173215866		0.4399597456455231		0.8799194912910462
965		20.341378290962894		1.21254563331604		1.6617627806282043		0.34604228466749193		0.6920845693349839
966		20.49211623996962		1.2662341594696045		1.7308675753688811		0.3620225931763649		0.7240451863527299
967		20.55806821002625		1.2388696670532227		1.686339265909195		0.3818244955062866		0.7636489910125732
968		20.42876805900596		1.2123160362243652		1.6678345913505555		0.35689016456604006		0.7137803291320801
969		20.422665903985035		1.216719627380371		1.6698612405776978		0.35886269009113314		0.7177253801822663
970		20.357898571004625		1.2475792169570923		1.7096521139431		0.35756010649204256		0.7151202129840851
971		20.390505364048295		1.2193386554718018		1.6635390962696075		0.34577760363817217		0.6915552072763443
972		20.437263539002743		1.1878981590270996		1.6429708271884917		0.38088873949050905		0.7617774789810181
973		20.447731241001748		1.1915849447250366		1.6562797064208985		0.35034434702396394		0.7006886940479279
974		20.645831970963627		1.214595079421997		1.676260178976059		0.4489212265253067		0.8978424530506134
975		20.280832436983474		1.2918695211410522		1.7488612463569642		0.34547281476259234		0.6909456295251847
976		20.38755886099534		1.2168946266174316		1.6836622058963775		0.3510808376908302		0.7021616753816604
977		20.360340139013715		1.208409309387207		1.6693252645111083		0.3456862449407577		0.6913724898815155
978		20.424505845003296		1.2430325746536255		1.7020830035877228		0.4253681069612503		0.8507362139225007
979		20.40290966600878		1.2165197134017944		1.6747452763652801		0.34582737491130827		0.6916547498226165
980		20.394945784006268		1.2225762605667114		1.6811311355113983		0.3465934119105339		0.6931868238210678
981		20.42053774901433		1.199410080909729		1.6644221245384216		0.35152403030395507		0.7030480606079101
982		20.476759330020286		1.2184147834777832		1.6776276032161712		0.3592989542722702		0.7185979085445404
983		20.50688075699145		1.2485116720199585		1.6909376054286958		0.34529293520450594		0.6905858704090119
984		20.582177869975567		1.2395902872085571		1.69202326505661		0.3469302320241928		0.6938604640483856
985		20.494831150979735		1.211719274520874		1.6648410034942627		0.3469645156264305		0.693929031252861
986		20.459712083043996		1.1891183853149414		1.6441838646411895		0.34536884181499483		0.6907376836299897
987		20.50708880700404		1.2179440259933472		1.6695932110786438		0.34588355565071105		0.6917671113014221
988		20.416840051999316		1.2086683511734009		1.6774697937393188		0.3538505874156952		0.7077011748313904
989		20.470246590964962		1.2352194786071777		1.6945093622970582		0.3460282997250557		0.6920565994501114
990		20.432075924007222		1.2338788509368896		1.6889843355178833		0.34811437401771544		0.6962287480354309
991		20.486241436970886		1.2018274068832397		1.6736089850044251		0.34507875916957853		0.6901575183391571
992		20.53770764201181		1.262524127960205		1.7198622370433807		0.3903607157945633		0.7807214315891265
993		20.562845275038853		1.2261321544647217		1.6742344230270385		0.3594473611831665		0.718894722366333
994		20.602264089044183		1.2360018491744995		1.6862862007045747		0.3463687452554703		0.6927374905109406
995		20.439998875022866		1.2071763277053833		1.6504603084850311		0.3496087458014488		0.6992174916028976
996		20.38672710303217		1.2048802375793457		1.649163379650116		0.3595345927476883		0.7190691854953766
997		20.372883906995412		1.251282811164856		1.6860171656036378		0.35545650889873504		0.7109130177974701
998		20.449897284037434		1.2259740829467773		1.6788382363319396		0.34541506906747815		0.6908301381349563
999		20.495919199020136		1.2155104875564575		1.6712848690128326		0.3465955679774284		0.6931911359548568
1000		20.514321957016364		1.2182883024215698		1.67088557015419		0.34432407139539717		0.6886481427907943
1001		20.469282698002644		1.1939140558242798		1.6551598993396759		0.3577364860653877		0.7154729721307754
1002		20.53364804404555		1.1686221361160278		1.6415817822933196		0.34507841342687606		0.6901568268537521
1003		20.593506448960397		1.1828455924987793		1.644857449169159		0.345603803396225		0.69120760679245
1004		20.547947257990018		1.2506688833236694		1.7031068794822692		0.3465593754887581		0.6931187509775162
1005		20.527576769993175		1.1722264289855957		1.64019310628891		0.3638547446489334		0.7277094892978668
1006		20.531009739032015		1.2253987789154053		1.6833109329319		0.39129490225315094		0.7825898045063019
1007		20.40400977304671		1.1997785568237305		1.6582822694873809		0.3509128587126732		0.7018257174253464
1008		20.49748948897468		1.213599443435669		1.6702858016777038		0.3455118377804756		0.6910236755609512
1009		20.418145985982846		1.1924644708633423		1.644018299884796		0.346995994412899		0.693991988825798
1010		20.495765586965717		1.2241318225860596		1.6732224235916138		0.3558063735961914		0.7116127471923828
1011		20.510406835004687		1.178418517112732		1.6463671259880066		0.35375652146339415		0.7075130429267883
1012		20.52528382302262		1.218375563621521		1.6824526856803894		0.3506580425143242		0.7013160850286484
1013		20.6085303320433		1.2396576404571533		1.689405858488083		0.3474246067047119		0.6948492134094238
1014		20.440712767012883		1.237754464149475		1.678340808019638		0.3860219651699066		0.7720439303398132
1015		20.72276165400399		1.1704124212265015		1.6319306066799164		0.3507694963693619		0.7015389927387238
1016		20.48156172496965		1.2280064821243286		1.6653311953830718		0.3483202661037445		0.696640532207489
1017		20.46092438395135		1.2252874374389648		1.671397294845581		0.37298287897109983		0.7459657579421997
1018		20.508410219976213		1.2094391584396362		1.665368969297409		0.354837296795845		0.70967459359169
1019		20.39210890501272		1.2144297361373901		1.667227375459671		0.39827496213912966		0.7965499242782593
1020		20.45131370902527		1.2006628513336182		1.6565252119255065		0.34717945749759677		0.6943589149951935
1021		20.51013657299336		1.1885613203048706		1.636549735136032		0.343447333586216		0.686894667172432
1022		20.60617981600808		1.2164602279663086		1.6721435138511658		0.34543622279167174		0.6908724455833435
1023		20.62726175802527		1.2334163188934326		1.6821465276432037		0.3765503885865211		0.7531007771730422
1024		20.413543303962797		1.1976763010025024		1.6494019958877564		0.34477724031209944		0.6895544806241989
1025		20.25872555898968		1.1882615089416504		1.635847877254486		0.35081630682945253		0.7016326136589051
1026		20.432908307004254		1.2267014980316162		1.6869410931110382		0.35363921031951906		0.7072784206390381
1027		20.39056231098948		1.1810967922210693		1.6397447869491577		0.37476253703832624		0.7495250740766525
1028		20.359570288972463		1.2400729656219482		1.6992388414669037		0.3509615492105484		0.7019230984210968
1029		20.35004588897573		1.1911993026733398		1.6415604861068727		0.3623685748338699		0.7247371496677398
1030		20.334761489008088		1.2102738618850708		1.6588274612617493		0.3590973649263382		0.7181947298526764
1031		20.587677053001244		1.2077902555465698		1.6677783062934874		0.34416243996620177		0.6883248799324035
1032		20.496728277998045		1.1798204183578491		1.6320017802238465		0.36043377964496615		0.7208675592899323
1033		20.524037834024057		1.1906975507736206		1.647627927455902		0.34910741688013075		0.6982148337602615
1034		20.467257495969534		1.1592233180999756		1.627102502450943		0.34489055647850037		0.6897811129570007
1035		20.449932643037755		1.1994866132736206		1.6576154657936095		0.36035988882780073		0.7207197776556015
1036		20.42735138698481		1.1807273626327515		1.6334428778457641		0.3452738072395325		0.690547614479065
1037		20.606208176002838		1.187045693397522		1.6307292650032044		0.3465665796279907		0.6931331592559814
1038		20.613372318970505		1.2079371213912964		1.6527447738742829		0.34637499811649325		0.6927499962329865
1039		20.56893700204091		1.1970971822738647		1.6439875017166137		0.34302605533599856		0.6860521106719971
1040		20.389138485013973		1.18645441532135		1.62586055311203		0.3662731914997101		0.7325463829994202
1041		20.439798987994436		1.201703429222107		1.652053761062622		0.34624100185632706		0.6924820037126541
1042		20.5070175260189		1.1842514276504517		1.6361312670707702		0.35023018563985825		0.7004603712797165
1043		20.601681868021842		1.2011018991470337		1.666085032606125		0.3428307227015495		0.685661445403099
1044		20.520468870003242		1.1799824237823486		1.6297165700531007		0.3462283492088318		0.6924566984176636
1045		20.574279297958128		1.188338041305542		1.6417670430088043		0.34291164766550064		0.6858232953310013
1046		20.44849111099029		1.198584794998169		1.6483363108730316		0.3423238122701645		0.684647624540329
1047		20.368898871995043		1.1880266666412354		1.6387938160705566		0.3445197359442711		0.6890394718885422
1048		20.476380712992977		1.2044928073883057		1.6458448177528382		0.3428456057310104		0.6856912114620208
1049		20.397556281997822		1.2054967880249023		1.6655119301509858		0.34423632774353025		0.6884726554870605
1050		20.475099193979986		1.1738831996917725		1.644472117509842		0.349140966963768		0.698281933927536
1051		20.410781171987765		1.1908197402954102		1.6411289997959138		0.3461570178627968		0.6923140357255936
1052		20.365191431948915		1.1814042329788208		1.631563162050247		0.34761598116159437		0.6952319623231887
1053		20.398397966986522		1.206524133682251		1.6654889160633086		0.3683422702789307		0.7366845405578614
1054		20.467475962010212		1.1883082389831543		1.6374746419239044		0.3438730162382126		0.6877460324764252
1055		20.4407131060143		1.1654528379440308		1.622355104637146		0.34549377455711366		0.6909875491142273
1056		20.50713161000749		1.1848492622375488		1.6229100202846527		0.3546344099998474		0.7092688199996948
1057		20.289543346967548		1.1906647682189941		1.646603512134552		0.34659044506549835		0.6931808901309967
1058		20.491586727963295		1.1973317861557007		1.642128635826111		0.3425157758116722		0.6850315516233444
1059		20.501069686026312		1.1737773418426514		1.6202065672683716		0.34261856527328494		0.6852371305465699
1060		20.667108101013582		1.1789847612380981		1.6373119068717956		0.352920788860321		0.705841577720642
1061		20.58255900698714		1.2083759307861328		1.643367068195343		0.4106956994056702		0.8213913988113404
1062		20.497395303973462		1.1639294624328613		1.6300642650699615		0.34163039368391035		0.6832607873678207
1063		20.35772565199295		1.1755807399749756		1.625500467634201		0.3420023692011833		0.6840047384023666
1064		20.540341198036913		1.1818962097167969		1.6233747022151948		0.3439676864743233		0.6879353729486466
1065		20.506798368005548		1.197460651397705		1.6429328958320617		0.34164507039785386		0.6832901407957077
1066		20.50322185602272		1.1828479766845703		1.6318674735355376		0.34667893145084383		0.6933578629016877
1067		20.366143611026928		1.184594988822937		1.6306965559005737		0.3803551486968994		0.7607102973937988
1068		20.295213099976536		1.188098430633545		1.64999450381279		0.34175972652435305		0.6835194530487061
1069		20.345050711010117		1.1956514120101929		1.6486234949493408		0.3424622710585594		0.6849245421171188
1070		20.42462845001137		1.1887907981872559		1.627866113653183		0.34566107963323595		0.6913221592664719
1071		20.591250855010003		1.181181788444519		1.633546800327301		0.34108703795671463		0.6821740759134293
1072		20.486025118036196		1.2033765316009521		1.6444054064559936		0.3927349732518196		0.7854699465036392
1073		20.440616152016446		1.1710480451583862		1.6424181236743927		0.3600556392192841		0.7201112784385681
1074		20.41021105501568		1.1694103479385376		1.6327705804252624		0.34479430882930756		0.6895886176586151
1075		20.29895025200676		1.1853392124176025		1.6396102719211578		0.34238452595472335		0.6847690519094467
1076		20.548715251032263		1.1734364032745361		1.637210911579132		0.34134255509376527		0.6826851101875305
1077		20.451993126014713		1.1848118305206299		1.6437966475105286		0.3549976105928421		0.7099952211856843
1078		20.52131633303361		1.1927838325500488		1.6288992644500733		0.3443586309790611		0.6887172619581222
1079		20.283090985030867		1.2036696672439575		1.6504536655330657		0.37322996106147766		0.7464599221229553
1080		20.441513725032564		1.18626868724823		1.6322039048099517		0.34113594578504564		0.6822718915700913
1081		20.66670029098168		1.207485556602478		1.6645880230045318		0.35487998138666155		0.7097599627733231
1082		20.602908512984868		1.1830753087997437		1.6314053404140472		0.3636505870223045		0.727301174044609
1083		20.537562247016467		1.17611563205719		1.6364590425014496		0.38263224251270295		0.7652644850254059
1084		20.480328831006773		1.1524920463562012		1.6005733429336548		0.3709349809288979		0.7418699618577957
1085		20.439097141032107		1.2024551630020142		1.655009689388275		0.3713944909930229		0.7427889819860458
1086		20.43625669996254		1.1701964139938354		1.6150262714481354		0.34230916718244553		0.6846183343648911
1087		20.447289742995054		1.194717288017273		1.631927357006073		0.34853958340883257		0.6970791668176651
1088		20.57162092201179		1.1711875200271606		1.6262167813968658		0.34428340895175935		0.6885668179035187
1089		20.518759485974442		1.1833900213241577		1.619736896162033		0.34195862669944765		0.6839172533988953
1090		20.38829488301417		1.1685357093811035		1.6120571097373961		0.34619898841381075		0.6923979768276215
1091		20.413739309005905		1.1603540182113647		1.6119885847568511		0.3426045658826828		0.6852091317653656
1092		20.537775447999593		1.1649963855743408		1.6222242499828339		0.3507965140581131		0.7015930281162261
1093		20.561196686991025		1.1817293167114258		1.6321918990516662		0.3424844608426094		0.6849689216852188
1094		20.55132002098253		1.1923245191574097		1.6439532235813141		0.3733690357327461		0.7467380714654922
1095		20.72617631300818		1.1652885675430298		1.6238246087932586		0.3477723803281784		0.6955447606563568
1096		20.551499296037946		1.143890619277954		1.6036506593608857		0.3426051621079445		0.685210324215889
1097		20.558772114978638		1.143452763557434		1.605020480413437		0.3423561518669128		0.6847123037338256
1098		20.58889812795678		1.1969785690307617		1.6431485571098328		0.3433070845246315		0.686614169049263
1099		20.64952350500971		1.172741174697876		1.6160865969657898		0.3413159373164177		0.6826318746328354
1100		20.323039737006184		1.1749897003173828		1.6257152905750274		0.34398025634288787		0.6879605126857757
1101		20.41518484300468		1.1626241207122803		1.6137777241516114		0.34061442135572434		0.6812288427114487
1102		20.315587046032306		1.1845917701721191		1.6178901750087737		0.3407951046705246		0.6815902093410492
1103		20.390013537020423		1.15675687789917		1.6184947371196747		0.3430188275575638		0.6860376551151276
1104		20.438358849962242		1.1385232210159302		1.608363495645523		0.34175411742925643		0.6835082348585129
1105		20.480971972981934		1.1489092111587524		1.5953574921035767		0.33992776870727537		0.6798555374145507
1106		20.368201063014567		1.166316270828247		1.62036085770607		0.34152405490875243		0.6830481098175049
1107		20.48025681899162		1.1682816743850708		1.6086599302864075		0.34247920624017714		0.6849584124803543
1108		20.63903536600992		1.1931805610656738		1.6486846972465514		0.3968340224266052		0.7936680448532104
1109		20.52417540102033		1.1636580228805542		1.624674326839447		0.3445250031232834		0.6890500062465668
1110		20.392269455012865		1.1647495031356812		1.6185732146167755		0.34583461439609525		0.6916692287921905
1111		20.38200256001437		1.1517165899276733		1.6007284654331206		0.345045995259285		0.69009199051857
1112		20.385060580971185		1.1843345165252686		1.6337359189987182		0.34286759583950044		0.6857351916790009
1113		20.53197991999332		1.142452359199524		1.5962182093048096		0.3407143719911575		0.681428743982315
1114		20.61930261197267		1.1552331447601318		1.607041159324646		0.34071388947963716		0.6814277789592743
1115		20.518449951021466		1.1806215047836304		1.6221149225711822		0.3398147904634476		0.6796295809268952
1116		20.548380972992163		1.1736873388290405		1.6231000090312957		0.3396909901022911		0.6793819802045822
1117		20.55921832995955		1.1539489030838013		1.6157136253643036		0.3714082298994064		0.7428164597988128
1118		20.667039378953632		1.1638472080230713		1.6124827001857758		0.34071837326288223		0.6814367465257645
1119		20.583286686975043		1.1639972925186157		1.6298029134178162		0.3421566813707352		0.6843133627414704
1120		20.603381205990445		1.1523518562316895		1.5996626349544525		0.3450041215419769		0.6900082430839538
1121		20.408120981999673		1.1449609994888306		1.6018772566986084		0.3398530001401901		0.6797060002803802
1122		20.523621928994544		1.1724774837493896		1.6233549419975282		0.33947641834020614		0.6789528366804123
1123		20.474186997977085		1.1532833576202393		1.6066003477573394		0.3449609935760498		0.6899219871520996
1124		20.366208795050625		1.155927300453186		1.6024558152866364		0.339431353020668		0.678862706041336
1125		20.374576583970338		1.173067569732666		1.6322538954544068		0.34386876766681673		0.6877375353336335
1126		20.585322719998658		1.1552759408950806		1.5973773791980743		0.3403150529623032		0.6806301059246064
1127		20.694900150003377		1.1588791608810425		1.6190461755180359		0.3393286933302879		0.6786573866605758
1128		20.553654868970625		1.1392539739608765		1.5908090421867371		0.3406667070865631		0.6813334141731262
1129		20.459194295981433		1.1961040496826172		1.6274136904525758		0.3494484429001808		0.6988968858003616
1130		20.501323546050116		1.1379311084747314		1.596973113670349		0.3430310964345932		0.6860621928691863
1131		20.661160103976727		1.1548997163772583		1.6046272854995727		0.3440214119911194		0.6880428239822388
1132		20.512032987957355		1.1793229579925537		1.6326146445655823		0.33906508840322497		0.6781301768064499
1133		20.48928992502624		1.1580485105514526		1.6190024034404755		0.3400696976065636		0.6801393952131272
1134		20.342715194041375		1.1621077060699463		1.5907901996803284		0.33953379336595535		0.6790675867319107
1135		20.33337217802182		1.1533911228179932		1.609851677236557		0.3389656175851822		0.6779312351703644
1136		20.466775534965564		1.1472138166427612		1.5931141520500183		0.34719188002347945		0.6943837600469589
1137		20.48034633102361		1.1454615592956543		1.6068073204135895		0.3388412033557892		0.6776824067115784
1138		20.460547306982335		1.1600714921951294		1.6033871927642822		0.33843943264484405		0.6768788652896881
1139		20.582402819010895		1.1799755096435547		1.620072189025879		0.3471467047691345		0.694293409538269
1140		20.45043808297487		1.1595449447631836		1.601795597925186		0.34150511429309843		0.6830102285861969
1141		20.4509747850243		1.1373018026351929		1.596389119462967		0.3485877339601517		0.6971754679203034
1142		20.431058040994685		1.166397213935852		1.6019231123161315		0.3390180162668228		0.6780360325336456
1143		20.48473547998583		1.1431602239608765		1.5933793415260316		0.3395294062972069		0.6790588125944138
1144		20.409873613971286		1.1436342000961304		1.587264895219803		0.3385287191390991		0.6770574382781982
1145		20.314498338033445		1.1607420444488525		1.6068152506637574		0.34790934215784075		0.6958186843156815
1146		20.502666430955287		1.1670690774917603		1.6115165084552765		0.33886720212697985		0.6777344042539597
1147		20.511674240988214		1.157002568244934		1.6099298080444335		0.34558033542633054		0.6911606708526611
1148		20.49499245302286		1.1582127809524536		1.6083815211391448		0.3389855178356171		0.6779710356712342
1149		20.463748418027535		1.1428579092025757		1.5878864314365386		0.338338084924221		0.676676169848442
1150		20.261384012002964		1.1339004039764404		1.5953952978038788		0.3417161030054092		0.6834322060108184
1151		20.367563155014068		1.1493356227874756		1.5942484126472474		0.34037093687057496		0.6807418737411499
1152		20.373611773015		1.125492811203003		1.5854310544395447		0.33969823036193847		0.6793964607238769
1153		20.616260926006362		1.1729557514190674		1.6090381093978883		0.33861998567581175		0.6772399713516235
1154		20.412453843979165		1.1364684104919434		1.59813112616539		0.3390697620153427		0.6781395240306854
1155		20.411443859979045		1.1397631168365479		1.5961691568660736		0.33881141508817675		0.6776228301763535
1156		20.264195836964063		1.1462397575378418		1.6080596542549133		0.33848726485967634		0.6769745297193527
1157		20.219349542981945		1.166819453239441		1.6146594124031066		0.3384565243959427		0.6769130487918854
1158		20.367127635050565		1.1410397291183472		1.5858630368232727		0.3399510885834694		0.6799021771669388
1159		20.40438039804576		1.156492829322815		1.6088441850471498		0.3398196257352829		0.6796392514705658
1160		20.4096170529956		1.1564151048660278		1.5965678431034087		0.34157772768735883		0.6831554553747177
1161		20.561157711956184		1.1381129026412964		1.5906502241706848		0.34208234680891036		0.6841646936178207
1162		20.592429607000668		1.143599510192871		1.593531165189743		0.3484845502138138		0.6969691004276276
1163		20.31220182904508		1.1715518236160278		1.6051722423934935		0.3381199809908867		0.6762399619817734
1164		20.639123728033155		1.154659390449524		1.6034320508384705		0.3384665061712265		0.676933012342453
1165		20.577878212032374		1.148362636566162		1.5906242177677155		0.3464679562926292		0.6929359125852584
1166		20.394339422986377		1.1495676040649414		1.591067164039612		0.3384453769683838		0.6768907539367676
1167		20.568499410990626		1.1434714794158936		1.5890876991462708		0.3381444056034088		0.6762888112068176
1168		20.628338245966006		1.1234010457992554		1.5757353044128417		0.3464269738793373		0.6928539477586746
1169		20.624106389994267		1.1458983421325684		1.5911084532070159		0.3411082831978798		0.6822165663957596
1170		20.652554522035643		1.1574716567993164		1.6072667435836792		0.3378158187508583		0.6756316375017166
1171		20.63636739499634		1.1500723361968994		1.5922216986370086		0.3431966057538986		0.6863932115077972
1172		20.455435702984687		1.151417851448059		1.605048422832489		0.3397746715545654		0.6795493431091308
1173		20.49235024000518		1.1321617364883423		1.5761075415229797		0.3383210213303566		0.6766420426607131
1174		20.375659533019643		1.143204927444458		1.5829391591930388		0.3390933103442192		0.6781866206884384
1175		77.4300292180269		1.1429088115692139		1.6117043188285827		0.337422262442112		0.674844524884224
1176		20.47956287697889		1.1263446807861328		1.5772940835952758		0.3377431644678116		0.6754863289356232
1177		20.635921387001872		1.1284189224243164		1.5759105260372162		0.33750929431915283		0.6750185886383057
1178		20.491673606971744		1.1319409608840942		1.587804392976761		0.35598160042762755		0.7119632008552551
1179		20.397057468013372		1.1396262645721436		1.5855085752010345		0.3376792307972908		0.6753584615945816
1180		20.60540332098026		1.1340577602386475		1.5808214254379271		0.3380121954798698		0.6760243909597397
1181		20.461266203026753		1.134918451309204		1.5872018674945831		0.33750075694322584		0.6750015138864517
1182		20.691701689036563		1.1506779193878174		1.5941434767246245		0.3386546559691429		0.6773093119382858
1183		20.668787183996756		1.1356528997421265		1.5812203885936738		0.33907444738149645		0.6781488947629929
1184		20.446270142972935		1.1321438550949097		1.5865751453781127		0.34035332065820695		0.6807066413164139
1185		20.464334447984584		1.124667763710022		1.5808457573318482		0.35418903081417086		0.7083780616283417
1186		20.437838046986144		1.1393846273422241		1.5974549024486542		0.33918141704797744		0.6783628340959549
1187		20.562955651024822		1.1345911026000977		1.5810632267951965		0.3444629885673523		0.6889259771347046
1188		20.537784190033562		1.1468054056167603		1.5899592203330994		0.33974289591312407		0.6794857918262481
1189		20.404689951974433		1.1335361003875732		1.5930614566898347		0.3375819994688034		0.6751639989376068
1190		20.559354526980314		1.1306575536727905		1.5900510633850098		0.3454910630106926		0.6909821260213852
1191		20.621097491995897		1.1453489065170288		1.5886780155944824		0.3430057367444038		0.6860114734888076
1192		20.589405586011708		1.149605631828308		1.5754828795623779		0.33776221722364425		0.6755244344472885
1193		20.587097504001576		1.1180553436279297		1.5696625704193115		0.3372299363613129		0.6744598727226258
1194		20.546860941976774		1.1349546909332275		1.5889590082263947		0.33800084135532377		0.6760016827106475
1195		20.486396924010478		1.1430915594100952		1.5786134255886077		0.3443501465082169		0.6887002930164338
1196		20.430469796003308		1.1400383710861206		1.5800668240833282		0.33737624092102053		0.6747524818420411
1197		20.527593441016506		1.1299012899398804		1.5787995338916778		0.337614801132679		0.675229602265358
1198		20.57442597101908		1.137422800064087		1.5843212967014313		0.33901830632686614		0.6780366126537323
1199		20.41006456495961		1.1360340118408203		1.579251833600998		0.33773314341306687		0.6754662868261337
1200		20.31999640999129		1.1241549253463745		1.5845611349105835		0.34532614480257035		0.6906522896051407
1201		20.59770381997805		1.1324149370193481		1.592457676448822		0.34010500348806383		0.6802100069761277
1202		20.540229741018265		1.146624207496643		1.581913627462387		0.3397585493803024		0.6795170987606048
1203		20.633942884975113		1.1420015096664429		1.5812281992816926		0.33752358167171476		0.6750471633434295
1204		20.566497789986897		1.147149920463562		1.5984391555023194		0.3373839480757713		0.6747678961515426
1205		20.441157256951556		1.125259280204773		1.5789832240104675		0.3379739166021347		0.6759478332042694
1206		20.483734256995376		1.1153546571731567		1.565577252483368		0.34024596779346467		0.6804919355869293
1207		20.431907384016085		1.1326566934585571		1.581439203710556		0.34269901913404466		0.6853980382680893
1208		20.51922039996134		1.1133737564086914		1.5680388611221314		0.336787197458744		0.673574394917488
1209		20.51342484803172		1.1326673030853271		1.5802951959323883		0.34274537550210954		0.6854907510042191
1210		20.50507114100037		1.1340593099594116		1.5848483354568481		0.33689547669887543		0.6737909533977509
1211		20.467475739016663		1.1342800855636597		1.5776136640644074		0.337206496489048		0.674412992978096
1212		20.353847738995682		1.11259126663208		1.568405187177658		0.33811795644760134		0.6762359128952027
1213		20.358501505979802		1.1443887948989868		1.5714555117511748		0.3403046966314316		0.6806093932628632
1214		20.409135130001232		1.1404067277908325		1.5754905386543274		0.3423888316631317		0.6847776633262634
1215		20.366372137970757		1.1246896982192993		1.5722035979557036		0.3377401345849037		0.6754802691698074
1216		20.35107384296134		1.1304188966751099		1.5731492993450165		0.34922845792770385		0.6984569158554077
1217		20.300873294996563		1.1117076873779297		1.576671548614502		0.3402188150525093		0.6804376301050186
1218		20.323230372043326		1.125656008720398		1.580030685338974		0.33755471866130826		0.6751094373226165
1219		20.353349564014934		1.136257529258728		1.5772377451705932		0.3368990860104561		0.6737981720209122
1220		20.37916147802025		1.119027853012085		1.5696329204750061		0.33819762423038485		0.6763952484607697
1221		20.399441614979878		1.150404930114746		1.5760106027030945		0.3372507050037384		0.6745014100074768
1222		20.359944094030652		1.1344588994979858		1.5660519769191743		0.3394895161509514		0.6789790323019028
1223		20.378668093006127		1.1330292224884033		1.5836285671138763		0.3381505015730858		0.6763010031461716
1224		20.498734841996338		1.124254822731018		1.57072468873024		0.3363950060248375		0.672790012049675
1225		20.311190217966214		1.1433160305023193		1.5728609985160829		0.3368746311426163		0.6737492622852326
1226		20.586990869021975		1.1276265382766724		1.5802751910305024		0.3366888227701187		0.6733776455402374
1227		20.585794046986848		1.1328834295272827		1.5726180389118194		0.3367864224553108		0.6735728449106216
1228		20.373763418989256		1.1457560062408447		1.569988174638748		0.3373658976793289		0.6747317953586578
1229		20.55062111397274		1.1329749822616577		1.5699976735973358		0.35098038594722747		0.7019607718944549
1230		20.530723522009794		1.135599136352539		1.564329167327881		0.3374568648576736		0.6749137297153472
1231		20.586978503037244		1.125206470489502		1.5616827268886566		0.3361956105351448		0.6723912210702896
1232		20.712923929968383		1.1189223527908325		1.5605660103225707		0.3366829013228416		0.6733658026456832
1233		20.5867667029961		1.1230908632278442		1.5780109138298035		0.33946978560686114		0.6789395712137223
1234		20.50791227997979		1.1300688982009888		1.5614945292186737		0.33698327341079715		0.6739665468215943
1235		20.658395178965293		1.1307673454284668		1.5650235484600068		0.33701905785799025		0.6740381157159805
1236		20.549420919967815		1.1330499649047852		1.5698686390209198		0.3361789405465126		0.6723578810930252
1237		20.647547628032044		1.1256141662597656		1.571266723461151		0.33654269149303434		0.6730853829860687
1238		20.638154020998627		1.127168893814087		1.565875674905777		0.33911030386686325		0.6782206077337265
1239		20.491412902018055		1.118584156036377		1.566722827796936		0.3367506902694702		0.6735013805389404
1240		20.39402763498947		1.1330970525741577		1.570659009628296		0.3422230115413666		0.6844460230827332
1241		20.52552470099181		1.1387324333190918		1.5678455367565156		0.3364434544801712		0.6728869089603424
1242		20.645438738982193		1.1229183673858643		1.5748342510128022		0.33769513726234435		0.6753902745246887
1243		20.563584699993953		1.125615119934082		1.5630107641601563		0.3376778566122055		0.675355713224411
1244		20.638272122014314		1.1367015838623047		1.572070992412567		0.3362754417896271		0.6725508835792542
1245		20.582288189965766		1.13840913772583		1.569134213180542		0.33763722846508026		0.6752744569301605
1246		20.381078500999138		1.1263376474380493		1.5667627597522735		0.3394946231484413		0.6789892462968826
1247		20.500555114005692		1.1100600957870483		1.5721512375926971		0.3366085575580597		0.6732171151161194
1248		20.517961776989978		1.119078516960144		1.564311762075424		0.3368096660375595		0.673619332075119
1249		20.545904339000117		1.1338622570037842		1.5652519513320924		0.3433382092475891		0.6866764184951782
1250		20.553819130000193		1.1269243955612183		1.5741108959293366		0.33702648403644564		0.6740529680728913
1251		20.45865359599702		1.1318944692611694		1.5687420834541321		0.33804373087882994		0.6760874617576599
1252		20.433164504007436		1.1388007402420044		1.5803273795890809		0.3359213593125343		0.6718427186250686
1253		20.55847625300521		1.1212345361709595		1.5672501363277436		0.33634680017232893		0.6726936003446579
1254		20.45180302398512		1.116210699081421		1.5643633785820008		0.337174174284935		0.67434834856987
1255		20.42942356999265		1.1144970655441284		1.564466754541397		0.33631020176410675		0.6726204035282135
1256		20.37097635801183		1.1434544324874878		1.5672043267440796		0.3368605539560318		0.6737211079120636
1257		20.34872875001747		1.1315617561340332		1.5553365924930573		0.33743759961128234		0.6748751992225647
1258		20.41787009302061		1.1247563362121582		1.5640812099647523		0.337169006228447		0.674338012456894
1259		20.433985847979784		1.1223145723342896		1.5674692113018036		0.33613431595563886		0.6722686319112777
1260		20.439820876985323		1.1425797939300537		1.5677383487033845		0.3379809573054314		0.6759619146108627
1261		20.496474727988243		1.1127190589904785		1.5555869714069366		0.3419782967567444		0.6839565935134888
1262		20.493415714008734		1.1107553243637085		1.567782853384018		0.3376957860827446		0.6753915721654892
1263		20.455508989980444		1.1117199659347534		1.564268081407547		0.3384075619459152		0.6768151238918304
1264		20.514395345991943		1.1216453313827515		1.5634788544940947		0.33713360576629636		0.6742672115325927
1265		20.497047647018917		1.1106458902359009		1.55602414478302		0.33590958679914473		0.6718191735982895
1266		20.50758604001021		1.1227818727493286		1.5664301354503631		0.33811371842622756		0.6762274368524551
1267		20.492309541034047		1.1144604682922363		1.5536892723083495		0.3373096410155296		0.6746192820310593
1268		20.4496248550131		1.121408224105835		1.5617348885536193		0.33579337183237074		0.6715867436647415
1269		20.467190900992136		1.1262508630752563		1.5648901926612855		0.3357244725227356		0.6714489450454711
1270		20.58522962097777		1.121217131614685		1.5594094494628907		0.33581506160497665		0.6716301232099533
1271		20.595564005023334		1.1348364353179932		1.563689118757248		0.34151123592853544		0.6830224718570709
1272		20.416465374000836		1.117727518081665		1.558503932237625		0.335811966753006		0.671623933506012
1273		20.296143749030307		1.1201914548873901		1.56293857919693		0.33605383508205416		0.6721076701641083
1274		20.55097882001428		1.1316485404968262		1.5659591910171509		0.33615629180669787		0.6723125836133957
1275		20.51875177602051		1.1346197128295898		1.5621586793613433		0.34098511744737625		0.6819702348947525
1276		20.462712251988705		1.1153488159179688		1.5587309726715088		0.3371578289747238		0.6743156579494476
1277		20.425881228991784		1.1166688203811646		1.5651345037269593		0.3391607538104057		0.6783215076208114
1278		20.34739528503269		1.1261603832244873		1.5482836576461791		0.3392220187306404		0.6784440374612808
1279		20.433779137034435		1.1236158609390259		1.557225670595169		0.34534356186389925		0.6906871237277985
1280		20.5116290540318		1.1267575025558472		1.5591760703468323		0.335805238699913		0.671610477399826
1281		20.568962625984568		1.1285079717636108		1.5595463625144959		0.3359635308742523		0.6719270617485046
1282		20.615284610015806		1.111714482307434		1.5534659179592132		0.3371623494267464		0.6743246988534928
1283		20.57996036001714		1.1117606163024902		1.5571633107662202		0.33590769922733305		0.6718153984546661
1284		20.489361231971998		1.1094177961349487		1.5537278642463683		0.33594538811445235		0.6718907762289047
1285		20.640672308043577		1.129077672958374		1.5573294288635253		0.33607390304803847		0.6721478060960769
1286		20.47182796197012		1.12494695186615		1.551811708831787		0.33573681082725526		0.6714736216545105
1287		20.586310782993678		1.1068365573883057		1.5593661800765992		0.3371487612247467		0.6742975224494934
1288		20.414876070979517		1.1116842031478882		1.5544279514503478		0.3357399404168129		0.6714798808336258
1289		20.428612635994796		1.1142818927764893		1.5528760599136353		0.3359913076043129		0.6719826152086258
1290		20.38124998600688		1.1164875030517578		1.5527430450820923		0.3357083746433258		0.6714167492866516
1291		20.50733216298977		1.1020020246505737		1.5534758948898315		0.33586974602937697		0.6717394920587539
1292		20.43783239001641		1.1071293354034424		1.5585450326919557		0.3353932144880295		0.670786428976059
1293		20.595483660988975		1.1137137413024902		1.5572926542282104		0.3357722284317017		0.6715444568634034
1294		20.404562878014985		1.1139436960220337		1.5549422013568879		0.3353397532343864		0.6706795064687728
1295		20.51948017597897		1.1069591045379639		1.5537322987747193		0.3354416094660759		0.6708832189321517
1296		20.463780375022907		1.107513189315796		1.554686483001709		0.3356889261722565		0.671377852344513
1297		20.660388737975154		1.1204241514205933		1.5525781639575957		0.3357389742970467		0.6714779485940934
1298		20.584366851020604		1.1244628429412842		1.5580674218177795		0.335673984503746		0.671347969007492
1299		20.597763467987534		1.1059117317199707		1.5596785813331604		0.33610312430858613		0.6722062486171723
1300		20.503620248986408		1.1338438987731934		1.5523295412063598		0.3356872252702713		0.6713744505405426
1301		20.586370564997196		1.12106454372406		1.5581758662891387		0.33659322929382324		0.6731864585876465
1302		20.509144972020295		1.1139756441116333		1.5530654130458832		0.33636441302299497		0.6727288260459899
1303		20.472345538029913		1.1190379858016968		1.5525838865089416		0.33694413956403735		0.6738882791280747
1304		20.520573378016707		1.118391990661621		1.552943801765442		0.3364499059915543		0.6728998119831086
1305		20.528508091985714		1.126802921295166		1.5544101577091216		0.3384043823122978		0.6768087646245956
1306		20.369386388047133		1.1166867017745972		1.547615134525299		0.3359072276234627		0.6718144552469254
1307		20.39914571499685		1.1173391342163086		1.5477514735031128		0.335301149559021		0.670602299118042
1308		20.390944722981658		1.1130837202072144		1.5539472377967833		0.3357499944806099		0.6714999889612198
1309		20.409534477978013		1.1257812976837158		1.5492420793533326		0.33532079721689223		0.6706415944337845
1310		20.522224345011637		1.1117078065872192		1.555685830307007		0.33536784436702727		0.6707356887340545
1311		20.47182130703004		1.1263337135314941		1.5484298800086975		0.33545368485450744		0.6709073697090149
1312		20.33482379099587		1.1195886135101318		1.5508196018791198		0.33577613356113434		0.6715522671222687
1313		20.387381296022795		1.121219277381897		1.5580548823928833		0.3354492635369301		0.6708985270738602
1314		20.516964445007034		1.1247873306274414		1.5569588782691957		0.33537868918180463		0.6707573783636093
1315		20.532932843023445		1.1253530979156494		1.5483640471172333		0.3354267382621765		0.670853476524353
1316		20.584479012002703		1.1153316497802734		1.551410796022415		0.33531872518062594		0.6706374503612519
1317		20.570998652023263		1.139857292175293		1.5523941125202179		0.3385183627724648		0.6770367255449296
1318		20.44517815898871		1.1115978956222534		1.5479788255882263		0.3364550452232361		0.6729100904464722
1319		20.467838537006173		1.1048474311828613		1.549945993862152		0.33528954198360444		0.6705790839672089
1320		20.49182599899359		1.1079062223434448		1.54729772356987		0.3353371114253998		0.6706742228507996
1321		20.55133125599241		1.0994055271148682		1.5487341651058197		0.3355755122423172		0.6711510244846344
1322		20.441874536976684		1.1214247941970825		1.5499386581325532		0.3352112102150917		0.6704224204301834
1323		20.54904820997035		1.1058515310287476		1.552781437330246		0.3354626190662384		0.6709252381324768
1324		20.746117426955607		1.1220579147338867		1.5487990049362184		0.3360631152629852		0.6721262305259704
1325		20.555738726980053		1.1204023361206055		1.552712542448044		0.3353424732923508		0.6706849465847016
1326		20.483128940977622		1.1264294385910034		1.5493816471576691		0.33726313732862473		0.6745262746572495
1327		20.49788612499833		1.1128654479980469		1.5514442035865783		0.33516153423786166		0.6703230684757233
1328		20.601206705032382		1.1125385761260986		1.5499822687339784		0.3354624789237976		0.6709249578475952
1329		20.522514820971992		1.1063615083694458		1.5483020527362823		0.33524563051462175		0.6704912610292435
1330		20.488130519981496		1.129844307899475		1.5468735128688813		0.3351126151561737		0.6702252303123474
1331		20.579187385970727		1.1100811958312988		1.5485584743595124		0.3353703045248985		0.670740609049797
1332		20.641125946014654		1.111189842224121		1.5460257662963868		0.33583733929395676		0.6716746785879135
1333		20.70510004000971		1.1173259019851685		1.5466902661514281		0.33606471693515777		0.6721294338703155
1334		20.54895295400638		1.1246564388275146		1.5468755882740022		0.33605084894895554		0.6721016978979111
1335		20.641815540962853		1.119033694267273		1.5480857129001617		0.3353713291883469		0.6707426583766938
1336		20.54327609599568		1.1167917251586914		1.5488243808364868		0.33510859788656233		0.6702171957731247
1337		20.70082203799393		1.1042492389678955		1.5518755774116517		0.33508778468370437		0.6701755693674087
1338		20.624036627006717		1.118019938468933		1.5512112415885926		0.33510859488248823		0.6702171897649765
1339		20.5762509329943		1.122260332107544		1.5459573519611358		0.3358659092187882		0.6717318184375763
1340		20.400376353005413		1.1140886545181274		1.5458019689369202		0.33501702176332476		0.6700340435266495
1341		20.472865841991734		1.1096490621566772		1.5438246944141387		0.33507979216575623		0.6701595843315125
1342		20.508440978010185		1.1322139501571655		1.5479240581321716		0.3353555999279022		0.6707111998558044
1343		20.442814434994943		1.1179174184799194		1.5481385488128663		0.3351414900541306		0.6702829801082612
1344		20.452757757971995		1.1257244348526		1.54560638463974		0.3353178241729736		0.6706356483459472
1345		20.441288580012042		1.1003938913345337		1.5529870473766327		0.33543898495435714		0.6708779699087143
1346		20.43010633101221		1.1124107837677002		1.5424874781131745		0.33506351947784424		0.6701270389556885
1347		20.427455787023064		1.1145317554473877		1.5426942701148987		0.3351976677417755		0.670395335483551
1348		20.46987716399599		1.1037520170211792		1.5439190403556824		0.3352527155637741		0.6705054311275482
1349		20.42086474702228		1.0982177257537842		1.546765953950882		0.3349866220474243		0.6699732440948486
1350		20.239267729979474		1.1041743755340576		1.5427327967834472		0.33501104117631914		0.6700220823526383
1351		20.330657728016376		1.1001888513565063		1.545873332414627		0.3361316336989403		0.6722632673978806
1352		20.435092088009696		1.1107646226882935		1.5462218741130829		0.3350384279370308		0.6700768558740616
1353		20.541486478992738		1.121203899383545		1.5451413495349884		0.3351726555943489		0.6703453111886978
1354		20.523728343949188		1.1099073886871338		1.546403099269867		0.34033927470445635		0.6806785494089127
1355		20.587633210001513		1.1195493936538696		1.549049166946411		0.33510164469480513		0.6702032893896103
1356		20.492888544977177		1.0895496606826782		1.5454168070697785		0.33492871561050414		0.6698574312210083
1357		20.42794505902566		1.096961259841919		1.544486778087616		0.33510222491025926		0.6702044498205185
1358		20.66478711104719		1.1192034482955933		1.5423831275653839		0.3349009192109108		0.6698018384218216
1359		20.614988236979116		1.0986276865005493		1.5486444555664063		0.33491511827707293		0.6698302365541459
1360		20.551272907003295		1.1147053241729736		1.5463857863998414		0.3348642327785492		0.6697284655570984
1361		20.43298628902994		1.0940386056900024		1.5426408769130706		0.3348601848244667		0.6697203696489334
1362		20.367787352995947		1.1163643598556519		1.5464137170505523		0.3348987390875816		0.6697974781751632
1363		20.44144091400085		1.1241589784622192		1.5449091961860657		0.334934554207325		0.66986910841465
1364		20.548454126983415		1.1193794012069702		1.5418731677818298		0.33492024800777437		0.6698404960155487
1365		20.638272867014166		1.1098332405090332		1.5418613089561461		0.3351618392944336		0.6703236785888672
1366		20.509913317044266		1.116822600364685		1.5432217572975158		0.3349348477244377		0.6698696954488754
1367		20.51621096598683		1.112383484840393		1.5453272899627686		0.33493321940898896		0.6698664388179779
1368		20.554275279981084		1.107258677482605		1.5392455306911468		0.33528719582557676		0.6705743916511535
1369		20.567713248019572		1.087770938873291		1.5465462726402284		0.3349756407022476		0.6699512814044952
1370		20.57831008202629		1.1027417182922363		1.539622816839218		0.3351016422510147		0.6702032845020294
1371		20.473154923005495		1.1082078218460083		1.5476808647727966		0.334949456346035		0.66989891269207
1372		20.486112607002724		1.1117676496505737		1.5409628433990479		0.33494569463729856		0.6698913892745971
1373		20.4271966330125		1.127361536026001		1.542751027917862		0.3349442973256111		0.6698885946512222
1374		20.43851728597656		1.1129299402236938		1.539155573911667		0.33528598800897597		0.6705719760179519
1375		20.489064032037277		1.1009821891784668		1.542894374818802		0.33489329602718354		0.6697865920543671
1376		20.430438483017497		1.112109661102295		1.5408247900390626		0.33480906965732576		0.6696181393146515
1377		20.42914802499581		1.1192364692687988		1.5450205646324158		0.33492342410087583		0.6698468482017517
1378		20.385678017977625		1.0937155485153198		1.5389729007816315		0.33488905767202376		0.6697781153440475
1379		20.462555678968783		1.1022210121154785		1.5423134798908233		0.33483356196880343		0.6696671239376069
1380		20.467192809970584		1.107608437538147		1.5382255040168762		0.3350614470601082		0.6701228941202164
1381		20.439863682026044		1.1168267726898193		1.5408485206604003		0.3347572874546051		0.6695145749092102
1382		20.54536966100568		1.1116337776184082		1.542944331483841		0.33480489633083343		0.6696097926616669
1383		20.422711302991956		1.0856629610061646		1.5416845041942597		0.3349252649784088		0.6698505299568176
1384		20.438634077028837		1.0975719690322876		1.5368164477348327		0.33499351842403413		0.6699870368480683
1385		20.422147055040114		1.1197320222854614		1.5433949783802032		0.3347457141518593		0.6694914283037185
1386		20.40535712998826		1.123448133468628		1.5374341788959502		0.3349820899605751		0.6699641799211502
1387		20.49627706600586		1.1100826263427734		1.5421902347660064		0.33490246489048003		0.6698049297809601
1388		20.610536424035672		1.1025795936584473		1.544749255771637		0.3348379087567329		0.6696758175134658
1389		20.484827454958577		1.1088231801986694		1.5391639506912231		0.33487231001853945		0.6697446200370789
1390		20.457212221983355		1.10910964012146		1.5401487214279175		0.3348365037679672		0.6696730075359344
1391		20.52819503901992		1.1045255661010742		1.5401707999897003		0.33481507955789563		0.6696301591157913
1392		20.48512080096407		1.1026818752288818		1.5400822822952271		0.3348005896449089		0.6696011792898178
1393		20.571509489964228		1.1255624294281006		1.5346774730205537		0.33477622987031935		0.6695524597406387
1394		20.495076557970606		1.1021759510040283		1.534499555492401		0.33494998713731766		0.6698999742746353
1395		20.416436217958108		1.1073496341705322		1.538473215122223		0.33482798053026197		0.6696559610605239
1396		20.44147082004929		1.1161023378372192		1.5385025185966492		0.3348684431433678		0.6697368862867356
1397		20.507417545013595		1.1009743213653564		1.5409873225212096		0.33494671213626864		0.6698934242725373
1398		20.504593532998115		1.1091240644454956		1.5376377830982209		0.3347447719693184		0.6694895439386368
1399		20.50164595298702		1.108004093170166		1.5374814810466766		0.3348755055904388		0.6697510111808777
1400		20.423560775991064		1.1195273399353027		1.5383686566925048		0.33480805916786194		0.6696161183357239
1401		20.54545605700696		1.097243070602417		1.5382275199127198		0.33482881051301955		0.6696576210260391
1402		20.585761496971827		1.1229641437530518		1.5419526866340638		0.3347947070360184		0.6695894140720368
1403		20.598224759974983		1.116142749786377		1.5411161688804627		0.33491067146062853		0.6698213429212571
1404		20.572953819006216		1.1083587408065796		1.5393041664600373		0.33505095587968825		0.6701019117593765
1405		20.410354231018573		1.126229166984558		1.5403589555835724		0.3349899524331093		0.6699799048662186
1406		20.481253591016866		1.1046819686889648		1.5381340413093567		0.33477661100625994		0.6695532220125199
1407		20.523285467992537		1.1104627847671509		1.5409277767276763		0.3348387589693069		0.6696775179386139
1408		20.55519063299289		1.1083910465240479		1.539456363172531		0.3349303502321243		0.6698607004642486
1409		20.614243849006016		1.123971939086914		1.5364910291194915		0.33476187940835955		0.6695237588167191
1410		20.52214916900266		1.1106085777282715		1.5421413673591613		0.33479945032596586		0.6695989006519317
1411		20.454571840993594		1.1109232902526855		1.540132786064148		0.33482976096868516		0.6696595219373703
1412		20.50560203299392		1.0949344635009766		1.5367701540470122		0.33481135475635526		0.6696227095127105
1413		20.520859647949692		1.108477234840393		1.5363312060260772		0.33481986980438233		0.6696397396087647
1414		20.51720095402561		1.100829839706421		1.537761089143753		0.3347665655493736		0.6695331310987472
1415		20.459627277974505		1.1190937757492065		1.5401203798484802		0.3348216814160347		0.6696433628320694
1416		20.46796890295809		1.1106492280960083		1.5364665090370178		0.3347867117762566		0.6695734235525131
1417		20.64055303198984		1.0970253944396973		1.5395993977069855		0.3348155839800835		0.669631167960167
1418		20.650030381977558		1.0977675914764404		1.536633920316696		0.33475920157432554		0.6695184031486511
1419		20.65554724598769		1.1137458086013794		1.5389030267333985		0.33474847576618194		0.6694969515323639
1420		20.677777716016863		1.0930291414260864		1.538362390565872		0.3347625877737999		0.6695251755475998
1421		20.58382741000969		1.1042519807815552		1.5377342335891724		0.3348028521418571		0.6696057042837142
1422		20.446279532974586		1.110958218574524		1.5365849521636963		0.3347466471910477		0.6694932943820954
1423		20.395362213021144		1.1141999959945679		1.535240062828064		0.3348032309412956		0.6696064618825912
1424		20.477971106010955		1.1119765043258667		1.5376477861881257		0.33477174867391585		0.6695434973478317
1425		20.35801948601147		1.0989450216293335		1.5349225856781006		0.3348212593793869		0.6696425187587738
1426		20.46968821401242		1.1079429388046265		1.5374999328899384		0.33475979558229446		0.6695195911645889
1427		20.384840596001595		1.1222585439682007		1.53792434466362		0.3347614906072617		0.6695229812145234
1428		20.38005182298366		1.1062771081924438		1.5372335805606843		0.33479053810834886		0.6695810762166977
1429		20.29430033901008		1.103718876838684		1.5368355044460296		0.33484139643907546		0.6696827928781509
1430		20.38335353898583		1.0959850549697876		1.5385498400211335		0.3348018118262291		0.6696036236524582
1431		20.504011779034045		1.1160537004470825		1.5373684307289124		0.3347545583605766		0.6695091167211532
1432		20.400636153004598		1.0992141962051392		1.5355086415958406		0.3347438595175743		0.6694877190351486
1433		20.4016000769916		1.1089134216308594		1.5391827168655396		0.3347625158905983		0.6695250317811966
1434		20.261290149006527		1.1044700145721436		1.535087891778946		0.3347787820339203		0.6695575640678406
1435		20.463688393007033		1.114278793334961		1.5382488088607789		0.33474369699954987		0.6694873939990997
1436		20.44042298500426		1.117134928703308		1.5366468604183197		0.334738839173317		0.669477678346634
1437		20.501350017031655		1.1108042001724243		1.5372633992767335		0.33475713666677476		0.6695142733335495
1438		20.501106980023906		1.0891408920288086		1.53638194521904		0.33469833934307097		0.6693966786861419
1439		20.405746999022085		1.1100355386734009		1.5377665737628936		0.33473983381986616		0.6694796676397323
1440		20.403075906040613		1.1169682741165161		1.5380512251758576		0.33475776563882825		0.6695155312776565
1441		20.500082572980318		1.1100447177886963		1.5344068702030182		0.3347253909230232		0.6694507818460464
1442		20.680862107954454		1.1049730777740479		1.5331793071174622		0.334756379365921		0.669512758731842
1443		20.69135565299075		1.1077202558517456		1.5334431356716156		0.3347359339356422		0.6694718678712844
1444		20.66939778102096		1.1270867586135864		1.5359046991634369		0.33482570122480393		0.6696514024496079
1445		20.535614197026007		1.1177998781204224		1.5402970993995666		0.3347496172070503		0.6694992344141006
1446		20.482567310042214		1.0936111211776733		1.5352633896541596		0.3347349997639656		0.6694699995279312
1447		20.3699211840285		1.1065664291381836		1.5409899252700805		0.33473257467746736		0.6694651493549347
1448		20.328817358007655		1.096152424812317		1.5363734742069244		0.3347366233468056		0.6694732466936112
1449		20.17890608299058		1.1080127954483032		1.5371755217456817		0.3347360971212387		0.6694721942424774
1450		19.954671496991068		1.12101149559021		1.5360478295898436		0.3347609909772873		0.6695219819545746
1451		20.07409014494624		1.0958257913589478		1.5351616629505158		0.33471417902708056		0.6694283580541611
1452		20.116933602956124		1.0912666320800781		1.5385924641513824		0.3347904880166054		0.6695809760332108
1453		20.14392408495769		1.1235905885696411		1.5338685009670256		0.33473197078704836		0.6694639415740967
1454		20.14699344697874		1.1115840673446655		1.536972528066635		0.33473514028787615		0.6694702805757523
1455		20.102173794002738		1.110748529434204		1.535861942243576		0.3347403318285942		0.6694806636571884
1456		20.146918481972534		1.1065441370010376		1.5355566933631897		0.3347225959539413		0.6694451919078827
1457		20.37779457704164		1.1183198690414429		1.5368171541213989		0.3347550988554954		0.6695101977109909
1458		20.386976320995018		1.1056628227233887		1.5334852682685851		0.3347306283712387		0.6694612567424774
1459		20.349234035995323		1.110211730003357		1.5368113204669953		0.33474750262498854		0.6694950052499771
1460		20.34486640902469		1.1195942163467407		1.5370488356494905		0.33472519141435625		0.6694503828287125
1461		20.343601378030144		1.1088294982910156		1.5348663004684449		0.3347277149915695		0.669455429983139
1462		20.380604091042187		1.114080548286438		1.5334904482173919		0.3347411142706871		0.6694822285413742
1463		20.38237443502294		1.106797218322754		1.5370862302970887		0.3347344867348671		0.6694689734697342
1464		20.429874322959222		1.1084766387939453		1.5341154455280304		0.3347487283706665		0.669497456741333
1465		20.335966224956792		1.0984700918197632		1.537367188949585		0.3347423548460007		0.6694847096920014
1466		20.260337103973143		1.117767095565796		1.5340010852241517		0.33473335028886797		0.6694667005777359
1467		20.43066611496033		1.100772500038147		1.5344923508262633		0.3347354624629021		0.6694709249258042
1468		20.469955495966133		1.1010105609893799		1.535869352493286		0.3347284901499748		0.6694569802999496
1469		20.384482984023634		1.1100609302520752		1.532390318107605		0.3347308743476868		0.6694617486953736
1470		20.210194245970342		1.1019381284713745		1.538228542356491		0.33472549999952317		0.6694509999990463
1471		20.259157238993794		1.1023415327072144		1.5356356518173218		0.3347355355143547		0.6694710710287094
1472		20.307522890972905		1.1023836135864258		1.5316592077732085		0.3347460500717163		0.6694921001434326
1473		20.431800905033015		1.1225985288619995		1.5354073124504088		0.3347284530520439		0.6694569061040878
1474		20.230007342994213		1.1092315912246704		1.533844485244751		0.33473675801754		0.66947351603508
1475		20.252600321022328		1.0993176698684692		1.532648040342331		0.33472460182905195		0.6694492036581039
1476		20.31633741798578		1.1113219261169434		1.5355882258224487		0.33473632613420484		0.6694726522684097
1477		20.237155320995953		1.1117057800292969		1.538299806547165		0.3347261127471924		0.6694522254943848
1478		20.338181905972306		1.1200973987579346		1.5358581441020966		0.33472974328994753		0.6694594865798951
1479		20.443445426004473		1.1081675291061401		1.5382908280467986		0.3347310696721077		0.6694621393442154
1480		20.496472658007406		1.0931235551834106		1.5360208621788025		0.3347317912459373		0.6694635824918747
1481		20.44505786098307		1.101669430732727		1.5381096626758575		0.3347353343963623		0.6694706687927247
1482		20.468095273012295		1.100742220878601		1.53668415391922		0.33473244327306745		0.6694648865461349
1483		20.24258354998892		1.1142477989196777		1.5304623777198791		0.3347353355646133		0.6694706711292266
1484		20.45201556198299		1.1230953931808472		1.5357952578353882		0.3347316511750221		0.6694633023500443
1485		20.55610634101322		1.1141211986541748		1.5365485143756867		0.33472846763134		0.66945693526268
1486		20.47612783504883		1.100114107131958		1.5397901100730895		0.33473288382291794		0.6694657676458359
1487		20.457701524021104		1.1135954856872559		1.5354682235908508		0.3347281967282295		0.669456393456459
1488		20.333906955027487		1.1043956279754639		1.535139820623398		0.33472889417409896		0.6694577883481979
1489		20.4040167479543		1.1132537126541138		1.5342453152561188		0.33472812629938126		0.6694562525987625
1490		20.358369786990806		1.108055830001831		1.534288283700943		0.33472865591049195		0.6694573118209839
1491		20.498463564028498		1.114452600479126		1.5376069021129608		0.3347288835287094		0.6694577670574188
1492		20.387918292020913		1.106392502784729		1.5354992182826996		0.33472895910739897		0.6694579182147979
1493		20.256729157001246		1.1150847673416138		1.5350536546325684		0.33472909836769105		0.6694581967353821
1494		20.261501364992		1.1050931215286255		1.5327222743797302		0.33472930256128314		0.6694586051225663
1495		20.389640683017205		1.0822771787643433		1.5346595721912384		0.3347287269115448		0.6694574538230896
1496		20.27824476599926		1.1201722621917725		1.5366328372955322		0.3347286670088768		0.6694573340177536
1497		20.337167262041476		1.0977407693862915		1.5321189660072327		0.33472876220941544		0.6694575244188309
1498		20.399082866031677		1.0889941453933716		1.5306470695495606		0.3347287612080574		0.6694575224161148
1499		20.312325620034244		1.1106981039047241		1.535961951570511		0.3347288119196892		0.6694576238393783