Epoch	Duration				Loss Step Train			Loss Full Train			Loss Step Test			Loss Full Test
0		20.33071288303472		29.149263381958008		30.107985280075074		2.0795930179595947		4.1591860359191895
1		20.059601593995467		41.58833312988281		35.400766240959165		8.513148789596558		17.026297579193116
2		20.00560840498656		22.160446166992188		19.483813189258576		4.656682420921325		9.31336484184265
3		20.164199160062708		19.174840927124023		16.648989942054747		1.4815114852905273		2.9630229705810547
4		20.03783880197443		12.51878547668457		11.078498439865113		2.8388039245605468		5.6776078491210935
5		19.924761425005272		14.142383575439453		12.47122751903534		1.3241434600830078		2.6482869201660155
6		20.021851342986338		13.25025463104248		11.649709668750763		1.5077885168075562		3.0155770336151124
7		19.963269640109502		14.174785614013672		12.395641922569276		1.0611482345581054		2.1222964691162107
8		19.947711068904027		14.642363548278809		12.717970892410278		1.1167860141754151		2.2335720283508302
9		19.963097505969927		14.444153785705566		12.688189769058228		1.0281986125946045		2.056397225189209
10		20.026950353989378		10.892518043518066		9.777259760513306		1.0903466989517212		2.1806933979034424
11		20.141975354985334		12.417841911315918		11.07282506500244		4.103490564155579		8.206981128311158
12		20.165778337046504		16.33262062072754		15.267304770126342		2.1495092273712157		4.2990184547424315
13		20.052116253995337		20.48978042602539		26.867883268432617		0.9390268409729003		1.8780536819458007
14		20.16560566390399		18.037649154663086		25.387132474708558		1.070151155948639		2.140302311897278
15		20.20030257210601		19.944042205810547		27.038390005836487		0.8877387102127076		1.7754774204254151
16		20.13465359294787		11.153752326965332		17.037494736785888		1.359769561290741		2.719539122581482
17		20.145489073940553		6.65595006942749		9.691419194145203		0.9143173083305359		1.8286346166610719
18		20.16254037898034		3.7866692543029785		4.481962227783203		0.7960670963287354		1.5921341926574708
19		20.081388831953518		2.4121508598327637		2.812523406410217		0.7264357183456421		1.4528714366912843
20		20.01810793892946		2.196321964263916		2.5787601497268677		0.9516340925216675		1.903268185043335
21		20.02398399799131		2.6311490535736084		2.8845970195770265		0.7606189344406128		1.5212378688812256
22		19.96935242204927		2.389110565185547		2.6621028746414184		0.7085795394420624		1.4171590788841248
23		20.111944454954937		2.654315233230591		2.936972448387146		1.0105937934875489		2.0211875869750977
24		20.262822977034375		1.9607957601547241		2.235713398208618		0.5694277373313904		1.1388554746627808
25		20.10428381199017		2.698380470275879		3.055418299999237		1.2775296908855438		2.5550593817710876
26		20.060383416013792		2.2831573486328125		2.517206024799347		0.5152617747306824		1.0305235494613647
27		20.19846520991996		2.0918118953704834		2.351965696640015		1.3506539294242859		2.7013078588485717
28		20.161554991966113		1.9318535327911377		2.202745455493927		0.45074723751544954		0.9014944750308991
29		20.066816615057178		2.0061333179473877		2.28570440656662		0.5999000695705414		1.1998001391410829
30		20.20243046199903		2.126673698425293		2.3920718990898133		0.7751287667274475		1.550257533454895
31		20.220095201046206		2.356771945953369		2.539864493484497		0.5716407777309418		1.1432815554618836
32		20.065489877015352		1.8051453828811646		2.108780014781952		0.4021950156211853		0.8043900312423706
33		20.005146406940185		2.215836763381958		2.410330367012024		2.215088175678253		4.430176351356506
34		20.230442406027578		1.849722146987915		2.1085207820892333		0.4166291083812714		0.8332582167625427
35		20.114053367986344		1.950303077697754		2.1946507969665525		0.4662386936426163		0.9324773872852326
36		20.099866578006186		2.154752016067505		2.378932732696533		0.4120110905408859		0.8240221810817718
37		20.13322820700705		1.8419759273529053		2.0945591716003418		0.6849655073642731		1.3699310147285462
38		20.13485106790904		2.0191264152526855		2.256596849126816		0.3361129916191101		0.6722259832382202
39		20.177458751015365		2.1599338054656982		2.3523262313747404		0.34240105781555175		0.6848021156311035
40		20.27076893101912		1.8027666807174683		2.0341140637779236		0.560249172103405		1.12049834420681
41		20.224793410045095		1.7560255527496338		1.9906198208522796		0.34665522844791413		0.6933104568958283
42		20.250365421990864		2.034878730773926		2.2851308113384246		2.783550457525253		5.567100915050506
43		20.307572667021304		2.197610855102539		2.347778736257553		0.7023895670890808		1.4047791341781617
44		20.304408687981777		1.670866847038269		1.9214478763771057		0.3865134549379349		0.7730269098758697
45		20.231692440924235		2.135786294937134		2.326775384244919		0.3197349935531616		0.6394699871063232
46		20.321055388078094		2.0998642444610596		2.250071405620575		0.39652990460395815		0.7930598092079163
47		20.28447817300912		1.7380343675613403		1.9914373783779145		0.2748476022481918		0.5496952044963836
48		20.19989628298208		1.7976022958755493		2.027460501012802		0.6314049129486083		1.2628098258972167
49		20.190044284099713		1.8021800518035889		2.037791353473663		0.2712013872385025		0.542402774477005
50		20.218413779046386		1.7626729011535645		2.0080501257801058		0.3358721676826477		0.6717443353652954
51		20.228530168998986		2.0243523120880127		2.2017034342861175		0.6077817916870117		1.2155635833740235
52		20.25478663202375		1.8675175905227661		2.0639821885585783		0.27241654295921325		0.5448330859184265
53		20.160728265997022		1.5753562450408936		1.8283350985050202		0.2612457790136337		0.5224915580272674
54		20.125943689025007		1.8891592025756836		2.0877641884708407		0.2509271366238594		0.5018542732477188
55		20.21436053502839		1.56179678440094		1.8095108372974396		0.4817591805458069		0.9635183610916138
56		20.11317698098719		1.9068464040756226		2.1309622389888765		0.30180850623846056		0.6036170124769211
57		20.189222466899082		2.1338419914245605		2.297693951587677		0.5852267936229706		1.1704535872459412
58		20.280861099017784		1.5037188529968262		1.7489258422088623		0.3163418804526329		0.6326837609052658
59		20.235543555929326		2.325723171234131		2.4487521662521363		0.3169660375952721		0.6339320751905442
60		20.298231265041977		2.2567925453186035		2.3611951139068603		0.4200893023252487		0.8401786046504974
61		20.1254406030057		1.8211467266082764		2.034984186220169		0.5566109136819839		1.1132218273639678
62		20.17429309093859		1.9127538204193115		2.1115268818092345		0.8450750417232513		1.6901500834465026
63		20.284110754029825		1.6654253005981445		1.9038409542751313		0.2438283823609352		0.4876567647218704
64		20.098653670982458		1.879434585571289		2.0740982417488096		0.27687526614665986		0.5537505322933197
65		20.075351829989813		1.8250211477279663		2.0290975457668305		0.3918839101076126		0.7837678202152252
66		20.10347778094001		1.8907755613327026		2.0803507875823977		0.39444903032779693		0.7888980606555939
67		20.057332638069056		1.787131667137146		2.0139360518169402		0.7264750759363174		1.4529501518726349
68		20.124002548051067		1.9837828874588013		2.1671746213626863		0.4107085569858551		0.8214171139717102
69		20.204904840909876		1.9493939876556396		2.1153462307357787		0.6945810004711152		1.3891620009422303
70		20.154350794968195		1.7858353853225708		2.006953685531616		0.33803870470523834		0.6760774094104767
71		20.236722417990677		1.8235007524490356		2.0218376169967653		0.4052132414460182		0.8104264828920364
72		20.1205956019694		1.9947327375411987		2.146830748691559		0.4017129689693451		0.8034259379386902
73		20.03829359600786		1.8318896293640137		2.0233019096946716		0.20980257666110994		0.41960515332221987
74		20.107393776997924		1.9079186916351318		2.0828177266693113		0.24784672087430953		0.49569344174861907
75		20.049835662939586		1.5156126022338867		1.7844135442447662		0.20525951232910156		0.4105190246582031
76		20.044319590902887		2.240428924560547		2.3780804678344727		0.23505030151605605		0.4701006030321121
77		20.15196690801531		1.9282732009887695		2.115035260324478		0.22673794207572937		0.45347588415145873
78		20.12772401003167		1.542409062385559		1.777764455022812		0.23046808239221572		0.46093616478443145
79		20.219831465976313		1.606053113937378		1.8480715586853027		0.5846925283670426		1.169385056734085
80		20.28097030101344		1.985612154006958		2.144308343477249		0.30221361911296846		0.6044272382259369
81		20.041190557996742		1.8902822732925415		2.0714759226894377		0.20567411258220672		0.41134822516441344
82		20.077000502031296		1.7695622444152832		1.971981229915619		0.3920541695713997		0.7841083391427994
83		20.166464139008895		1.6302554607391357		1.863751092405319		1.3325961025238038		2.6651922050476076
84		20.118978457991034		2.0148017406463623		2.176274952840805		0.24875894426107406		0.4975178885221481
85		20.26381222496275		1.8985607624053955		2.064272461490631		0.5972056562185287		1.1944113124370574
86		20.169378398917615		2.1837239265441895		2.322063137254715		0.21469220130443573		0.42938440260887145
87		20.178109994041733		2.1189398765563965		2.2726235268211363		0.20887732144594193		0.41775464289188385
88		20.174354832037352		1.9489129781723022		2.1112039614868165		0.9013623972654342		1.8027247945308684
89		20.167913306038827		1.8759931325912476		2.07657279545784		0.2737607898592949		0.5475215797185898
90		20.26703525404446		1.808030605316162		2.0331556970357894		0.5717320232391357		1.1434640464782715
91		20.300916959997267		1.5489169359207153		1.8055863875436782		0.19150373249053956		0.3830074649810791
92		20.31817951204721		1.6174668073654175		1.8390020452547073		0.23419650675058365		0.4683930135011673
93		20.199395134928636		2.5027289390563965		2.5738054025411605		0.21055444114208222		0.42110888228416443
94		20.097697493969463		1.5396791696548462		1.7749873082637786		0.24816778262853623		0.49633556525707245
95		20.24530361604411		2.56823468208313		2.5907174833583833		0.20758113607168197		0.41516227214336393
96		20.21404141606763		1.6834298372268677		1.9070095725107192		0.21300288419723512		0.42600576839447024
97		20.123708427068777		1.6254642009735107		1.8559080462837219		0.5821572223424911		1.1643144446849822
98		20.10330171196256		1.8123573064804077		2.0272758982658385		0.7422146097660065		1.484429219532013
99		20.259613407077268		1.866169810295105		2.050960169763565		0.2141282963991165		0.428256592798233
100		20.284136564005166		1.7673735618591309		1.9656071010780334		0.29980466824769975		0.5996093364953995
101		20.12585476296954		1.6171832084655762		1.8443387208223343		0.2677381463885307		0.5354762927770614
102		20.28972329199314		1.6373310089111328		1.854898854455948		0.39915108721256254		0.7983021744251251
103		20.39197685709223		1.833200216293335		2.0341302870798113		0.34533301248550413		0.6906660249710083
104		20.36086050607264		1.6368749141693115		1.8586866232347488		0.21372796066999436		0.4274559213399887
105		20.278915276983753		1.9208176136016846		2.1121226946210863		0.4154072072982788		0.8308144145965576
106		20.190269123064354		2.2520029544830322		2.391662354211807		0.2691051467180252		0.5382102934360504
107		20.329878746066242		2.0889883041381836		2.2338419542312624		0.2646248322725296		0.5292496645450592
108		20.27494817203842		1.570756196975708		1.8099041884326934		0.2036236254811287		0.4072472509622574
109		20.273297065054066		1.64926278591156		1.8564421845197678		0.2238163006901741		0.4476326013803482
110		20.373915567994118		1.7100406885147095		1.9284952197742462		0.19034525158405305		0.3806905031681061
111		20.27313951496035		1.6351985931396484		1.8574281393527985		0.2048473348379135		0.409694669675827
112		20.26699077396188		1.6600955724716187		1.8855856250286103		0.6357521028995514		1.2715042057991028
113		20.305303122964688		2.2630794048309326		2.3905887974882125		0.19565299645662307		0.39130599291324614
114		20.361410472891293		1.5292819738388062		1.7755481874799728		0.5380233903169632		1.0760467806339264
115		20.295230253017507		1.5311217308044434		1.7720173845911027		0.1729432219207287		0.3458864438414574
116		20.268528726999648		1.8814573287963867		2.0617960436868668		0.4510338484287262		0.9020676968574524
117		20.248440837021917		1.4703714847564697		1.7253001426792145		0.1983702176332474		0.3967404352664948
118		20.223915882990696		1.7123887538909912		1.9320583384466172		0.16828016722202302		0.33656033444404604
119		20.39402240992058		2.0663647651672363		2.2142496220493317		0.3409421025753021		0.6818842051506042
120		20.31999970204197		1.6719493865966797		1.8861644538927078		0.46866300258636473		0.9373260051727295
121		20.426337271928787		1.7360302209854126		1.9353514529705047		0.28524918470382693		0.5704983694076539
122		20.302766920998693		1.9876004457473755		2.16344583381176		0.283832292675972		0.567664585351944
123		20.207412719959393		1.591457486152649		1.8156665136098862		0.22771532589197158		0.45543065178394315
124		20.225755627034232		1.7941482067108154		1.9804558845853806		0.7416667362213135		1.483333472442627
125		20.33605536003597		1.7296662330627441		1.9353090162467956		0.19245121924877168		0.38490243849754335
126		20.394885379006155		1.7298482656478882		1.9405351830816269		0.17641605598926544		0.35283211197853087
127		20.39554616890382		2.0175869464874268		2.165859834308624		0.267474680685997		0.534949361371994
128		20.20507322496269		1.7663501501083374		1.9945766806650163		0.3984243088841438		0.7968486177682876
129		20.190356613020413		1.7440838813781738		1.985722140417099		0.9952771092534065		1.990554218506813
130		20.201753915986046		1.899312138557434		2.0643074491882323		1.3152899042963981		2.6305798085927963
131		20.167022199952044		1.789944052696228		1.9870109673643113		0.18849808510541916		0.3769961702108383
132		20.206057823030278		1.8018203973770142		2.005540442380905		0.1987590227484703		0.3975180454969406
133		20.20184002595488		1.6578712463378906		1.8725265619325637		0.17168541845083238		0.34337083690166476
134		20.231396477902308		1.6760467290878296		1.9032631945228577		0.9745145739078521		1.9490291478157042
135		20.24079974903725		1.732717514038086		1.9607488461112976		0.20762960742712022		0.41525921485424044
136		20.25083698099479		1.5489031076431274		1.804800736064911		0.37051619153022763		0.7410323830604553
137		20.263051324058324		1.5864454507827759		1.8166201610660553		0.4165412140011787		0.8330824280023574
138		20.308047721046023		1.6646521091461182		1.8734453830957414		0.6448747018814087		1.2897494037628174
139		20.38234392600134		2.075802803039551		2.2461228629350662		0.15887841584682463		0.31775683169364927
140		20.35306184005458		1.6062136888504028		1.8427912456130982		0.20685484133958817		0.41370968267917635
141		20.214126226026565		1.9160077571868896		2.1125759141540525		0.39632713186740876		0.7926542637348175
142		20.242701345006935		1.4751319885253906		1.7353828131198883		0.1568603567123413		0.3137207134246826
143		20.240515731973574		2.271122932434082		2.3566777283477784		0.25817613419294355		0.5163522683858871
144		20.223806055961177		1.8578704595565796		2.050198683242798		0.3544510196685791		0.7089020393371582
145		20.179314153036103		1.7628010511398315		1.9516934944438935		0.46575571775436403		0.9315114355087281
146		20.18745885801036		2.188534736633301		2.327909218378067		0.2699754835605621		0.5399509671211242
147		20.214898406993598		1.6291191577911377		1.8595818213939668		0.2506004854083061		0.5012009708166122
148		20.253251099027693		1.7358919382095337		1.925360123038292		0.22603464212417604		0.4520692842483521
149		20.393943269969895		1.6710971593856812		1.8838650581216811		0.1553942581951618		0.3107885163903236
150		20.30484906292986		1.6811792850494385		1.8823402154302598		0.16386759384870528		0.32773518769741056
151		20.321874274057336		1.844836950302124		2.0248161399650573		0.8184248048305511		1.6368496096611023
152		20.219057467998937		1.712798833847046		1.9235973188829423		0.1502158674299717		0.3004317348599434
153		20.18657867098227		2.1872549057006836		2.3297512225437162		0.3185026725649834		0.6370053451299668
154		20.176647396059707		1.8816344738006592		2.0594996540737154		0.6361272230148315		1.272254446029663
155		20.23387484101113		1.8496583700180054		2.0345714185476305		0.25818837062120437		0.5163767412424087
156		20.243653323035687		1.5674574375152588		1.8130768509435653		0.16757484056949615		0.3351496811389923
157		20.340724949957803		1.7383533716201782		1.9264404231452943		0.5150176746845245		1.030035349369049
158		20.544214920024388		1.7467724084854126		1.9618994337701798		1.4479276268482209		2.8958552536964417
159		20.317917274078354		1.6931215524673462		1.9035171347999573		0.18304097502231598		0.36608195004463195
160		20.235466909012757		1.5213491916656494		1.7783047490167618		0.22709764822721482		0.45419529645442963
161		20.26163468894083		1.7957351207733154		1.9841642558956145		0.14804517168402673		0.29609034336805345
162		20.311825543059967		1.8144943714141846		2.000870218491554		0.2557102047920227		0.5114204095840454
163		20.33766059600748		1.8796955347061157		2.0570102451467513		0.37185907329320905		0.7437181465864181
164		20.323949626996182		1.7237213850021362		1.9019044558095932		0.1456614620566368		0.2913229241132736
165		20.14149249601178		1.6485813856124878		1.8537416022634505		0.33544104593992236		0.6708820918798447
166		20.26361458003521		1.9206905364990234		2.1270424499082567		0.6920814838409424		1.3841629676818847
167		20.133472468005493		1.5635570287704468		1.8084478560447692		0.16707738848924636		0.3341547769784927
168		20.302507843007334		1.9162930250167847		2.0984991280269623		0.5990660126924515		1.198132025384903
169		20.290621711988933		1.8138951063156128		2.000873283314705		0.3110930312395096		0.6221860624790192
170		20.444191997987218		1.776253581047058		1.9790624488592148		0.9021877256393432		1.8043754512786865
171		20.28691580402665		1.7994328737258911		2.0007962478494643		0.8125594505310059		1.6251189010620117
172		20.31140621297527		1.8247008323669434		1.9964282597112655		0.7708853265285492		1.5417706530570985
173		20.34719995909836		1.9049642086029053		2.0870360109233856		0.17431081104278565		0.3486216220855713
174		20.342840568977408		1.6300640106201172		1.8659201183891296		0.22269230644702911		0.44538461289405823
175		20.285532678011805		1.8157787322998047		2.02056394285202		0.2886491645336151		0.5772983290672302
176		20.35044165700674		1.4260056018829346		1.6954981720066071		0.3323676876187325		0.664735375237465
177		20.272906866041012		1.839586615562439		2.0116201320028306		0.24630920293331146		0.4926184058666229
178		20.430054896045476		1.9731179475784302		2.1397254739236833		0.3568739498376846		0.7137478996753692
179		20.362220315029845		1.7814815044403076		1.977438777461052		0.2233872821211815		0.446774564242363
180		20.36893490399234		1.652682900428772		1.8646926779460906		0.23682062530517578		0.47364125061035156
181		20.361604522098787		1.533605933189392		1.77350339345932		0.18287379528284073		0.36574759056568146
182		20.323755008983426		1.8704882860183716		2.0572153222227096		0.1448576465368271		0.2897152930736542
183		20.19183496304322		1.5260003805160522		1.76954997903347		0.1558202884376049		0.3116405768752098
184		20.254963177954778		2.098440170288086		2.241654557247162		0.3394611369848251		0.6789222739696502
185		20.339346262975596		1.580161213874817		1.8245118107366562		0.1888852791547775		0.377770558309555
186		20.24829684291035		1.537546992301941		1.782660257639885		0.17287284206748008		0.34574568413496015
187		20.317202137899585		1.7805603742599487		1.9980169540405273		0.9259111146450043		1.8518222292900086
188		20.174416488967836		1.601241946220398		1.8280533893299102		0.8701225395679474		1.7402450791358948
189		20.369984237942845		1.867343544960022		2.0557233963394164		0.36470097835063936		0.7294019567012787
190		20.23019212705549		1.6792182922363281		1.9095830837869645		0.33956796461343763		0.6791359292268753
191		20.248488045064732		1.6115754842758179		1.8235552680444718		0.8686810482859612		1.7373620965719223
192		20.3387009879807		2.148519277572632		2.2746091445446015		0.15669663603305817		0.31339327206611634
193		20.383688061032444		1.4643549919128418		1.7109515435743332		0.1441511238157749		0.2883022476315498
194		20.434856134001166		1.7031136751174927		1.9203825124835967		0.6505258617520332		1.3010517235040664
195		20.46558266808279		1.747679352760315		1.9461947035360336		0.5071334071397782		1.0142668142795563
196		20.290765407960862		1.5844957828521729		1.834418736190796		0.24100756742954255		0.4820151348590851
197		20.153614356997423		1.6024624109268188		1.8495036177349091		0.1989597995519638		0.3979195991039276
198		20.16126639803406		1.6147664785385132		1.8653283513021468		0.2328645228624344		0.4657290457248688
199		20.112693765899166		1.527312159538269		1.769323539133072		0.15695932295322418		0.31391864590644836
200		20.109164374065585		1.8138333559036255		2.0068755702066423		0.16364250059723853		0.32728500119447707
201		20.118061235989444		1.990627408027649		2.135296086091995		0.5196017291545868		1.0392034583091736
202		20.27317697496619		1.7984431982040405		1.974192213282585		0.18511739934682847		0.37023479869365694
203		20.249835107009858		1.5936803817749023		1.8222818060970307		0.18144370746612548		0.36288741493225096
204		20.280183003051206		1.7866216897964478		2.014174550871849		0.3490986302137375		0.698197260427475
205		20.210347368963994		1.5786980390548706		1.809952488632202		0.14659803558588028		0.29319607117176055
206		20.289109413977712		1.5651829242706299		1.7925238950967788		0.17512048362493515		0.3502409672498703
207		20.314835897064768		1.7929977178573608		1.9829727501773835		0.19162702468037604		0.3832540493607521
208		20.34046064701397		2.0684444904327393		2.227013500175476		0.13784299892187118		0.27568599784374237
209		20.36575419397559		1.7100346088409424		1.9277937365198135		0.3880660065174103		0.7761320130348206
210		20.247937347041443		1.8691112995147705		2.0398360735750196		0.803464565706253		1.606929131412506
211		20.1796544539975		1.905140995979309		2.083961020731926		0.1401711156964302		0.2803422313928604
212		20.220443721977063		1.9169349670410156		2.0762402038812637		0.20446008516550065		0.4089201703310013
213		20.27883100998588		1.687023401260376		1.8891317759180069		0.18895124672055244		0.3779024934411049
214		20.349822826916352		1.5696488618850708		1.8109207040309907		0.5437829416751861		1.0875658833503723
215		20.331059187999927		2.275230646133423		2.387883212480545		0.13825475035309792		0.27650950070619584
216		20.323318553040735		1.375078558921814		1.6297474271726609		0.1701183386147022		0.3402366772294044
217		20.298757886048406		1.797354817390442		1.9903056321763992		0.3664855747938156		0.7329711495876312
218		20.181354796979576		1.6440186500549316		1.8813691916036606		0.14581180800199509		0.29162361600399017
219		20.222537455963902		1.4807147979736328		1.7439723082304002		0.20893061774373053		0.41786123548746107
220		20.399484243011102		1.5477007627487183		1.7823116009044648		0.1551914108455181		0.3103828216910362
221		20.30775735003408		1.7052098512649536		1.9137467650651931		0.1299978906095028		0.2599957812190056
222		20.23227175103966		1.888131022453308		2.072883014154434		0.38630597305297854		0.7726119461059571
223		20.401624958962202		2.0522611141204834		2.1890983437108993		0.2747360645890236		0.5494721291780472
224		20.479038358898833		1.5846107006072998		1.8109496031713486		0.24461841760873795		0.4892368352174759
225		20.398363700020127		2.0860238075256348		2.252372959909439		0.3887082412958145		0.777416482591629
226		20.428801524918526		1.5634500980377197		1.7960479119110107		0.5641829677343368		1.1283659354686737
227		20.366970736067742		1.731378197669983		1.9452890483093261		0.13326409906744957		0.26652819813489914
228		20.378370965947397		1.720037817955017		1.9321782589912415		0.5236360670804977		1.0472721341609954
229		20.308734772959724		1.435866355895996		1.7015516949939729		0.2814015370845795		0.562803074169159
230		20.384098264039494		1.9119545221328735		2.1156378447675706		0.20521933290958405		0.4104386658191681
231		20.396656695054844		1.5108966827392578		1.7474689856672287		0.13389458611011504		0.2677891722202301
232		20.431319874012843		1.9990490674972534		2.1606914367246626		0.1670061561226845		0.334012312245369
233		20.323725920985453		1.6379992961883545		1.8664349088907242		0.13220485845208169		0.26440971690416337
234		20.272910680039786		1.6086251735687256		1.8193548351621627		0.1687876934170723		0.3375753868341446
235		20.255500377970748		1.640501856803894		1.858534678850174		0.5614959256172181		1.1229918512344361
236		20.257165068062022		1.7222657203674316		1.9371469519805908		0.156309303098917		0.312618606197834
237		20.230526854051277		1.811789631843567		1.9687985609817504		0.23123944380283357		0.46247888760566713
238		20.24253451602999		1.4751943349838257		1.7492325736474992		0.19534141181111336		0.3906828236222267
239		20.22791671496816		1.5833877325057983		1.7943411547327042		2.091394150555134		4.182788301110268
240		20.230824863072485		1.9689618349075317		2.138379564757347		0.2621003081083298		0.5242006162166596
241		20.21820923103951		1.7390055656433105		1.9457595129919052		0.2314041142821312		0.4628082285642624
242		20.21538225596305		1.4203985929489136		1.6779923147392273		0.22727022993564605		0.4545404598712921
243		20.236234308918938		1.672857403755188		1.8718056803798675		0.23172514379024506		0.4634502875804901
244		20.257436229963787		1.6678478717803955		1.8723388809204102		0.23985692381858825		0.4797138476371765
245		20.327316089067608		1.488547921180725		1.7348914939832687		0.22537309172153472		0.45074618344306944
246		20.325299249961972		1.834726095199585		2.0500547843170165		0.5959304562568665		1.191860912513733
247		20.27670888695866		1.7815186977386475		1.9713003028678895		0.1421463035225868		0.2842926070451736
248		20.217864827951416		1.4638842344284058		1.7224260584068298		0.14538747736811639		0.29077495473623277
249		20.346637963084504		1.7200685739517212		1.9271592735147476		0.7128589395165443		1.4257178790330887
250		20.123263590037823		1.5369998216629028		1.7817458902311325		0.41859246380329135		0.8371849276065827
251		20.234081942006014		1.7678152322769165		1.9591508114051819		0.2174032853960991		0.4348065707921982
252		20.20948204305023		1.7369506359100342		1.9530286086463928		0.16526275814771652		0.33052551629543303
253		20.33478123904206		1.7942193746566772		1.9832372755002976		0.1397080772995949		0.2794161545991898
254		20.171685440000147		1.731764316558838		1.9467801630449295		0.7806108427286148		1.5612216854572296
255		20.247698825900443		1.6418743133544922		1.859117023177147		0.20780361907482148		0.41560723814964295
256		20.22958695399575		1.6265801191329956		1.8554148961925507		0.16251098594665528		0.32502197189331056
257		20.1922071040608		1.7148958444595337		1.9288423736763		2.237181740117073		4.474363480234146
258		20.3382474539103		1.629868984222412		1.8557917229747771		0.37195204609632493		0.7439040921926499
259		20.264708135975525		1.7180256843566895		1.927157317237854		0.12622376406788827		0.25244752813577653
260		20.219049228006043		1.778777003288269		1.9800286135005951		0.1538600381731987		0.3077200763463974
261		20.28454114194028		1.7807254791259766		1.989183700761795		0.14134421476125716		0.28268842952251433
262		20.259532858035527		1.7669109106063843		1.9719638064002991		0.15886815866231918		0.31773631732463836
263		20.227436512941495		1.8979530334472656		2.077354761209488		0.3821246506690979		0.7642493013381958
264		20.224733697948977		1.4557431936264038		1.7083764274692534		0.1837782976269722		0.3675565952539444
265		20.33498405991122		1.759313702583313		1.9524506721448898		0.15440835906863212		0.30881671813726425
266		20.49402913299855		1.5329242944717407		1.7659108867931366		0.17222508181333543		0.34445016362667086
267		20.429828632972203		1.8951185941696167		2.064728264980316		0.2557461468935013		0.5114922937870026
268		20.370382340042852		1.6824957132339478		1.912022301416397		0.23829658018350602		0.47659316036701205
269		20.307449901942164		1.6380382776260376		1.8583341471433639		0.20853608992099762		0.41707217984199524
270		20.296496420982294		1.5642398595809937		1.8012824190187455		0.5854772065162659		1.1709544130325318
271		20.36008717608638		1.542710542678833		1.7861629120588303		0.3329991941452026		0.6659983882904053
272		20.404155145050026		1.4393984079360962		1.70232815407753		0.3227643576145172		0.6455287152290344
273		20.512584256008267		1.536097764968872		1.7799524769592285		0.21450575160980226		0.4290115032196045
274		20.481216362095438		1.8048642873764038		2.0044804929542543		0.5907840861320496		1.1815681722640992
275		20.4542296519503		1.535744071006775		1.7689945367717743		0.24049975847005844		0.4809995169401169
276		20.56781321298331		1.6782017946243286		1.8904080879878997		0.18027442464828491		0.36054884929656983
277		20.482344162999652		1.9963434934616089		2.150924068722725		0.2763183992266655		0.552636798453331
278		20.440637074992992		1.5451104640960693		1.7789877156496048		0.18946546802520753		0.37893093605041506
279		20.549912435002625		1.494895577430725		1.754832338166237		0.12902946300506593		0.25805892601013186
280		20.530503212939948		2.0825600624084473		2.2082949298381807		0.17756961231231688		0.35513922462463376
281		20.4868211109424		1.7125451564788818		1.9192352306985856		0.16482608448266983		0.32965216896533966
282		20.48695722303819		1.47128164768219		1.7235440187835693		0.18130746749639512		0.36261493499279024
283		20.346153805032372		1.8938157558441162		2.0345048488521575		0.1541517601788044		0.3083035203576088
284		20.343048132024705		1.9539910554885864		2.1188400879716873		0.2193666240811348		0.4387332481622696
285		20.420259444974363		1.4572653770446777		1.6934213929963111		0.15537298053503037		0.31074596107006075
286		20.40734766901005		1.7093117237091064		1.9152936147689819		0.17821430562734603		0.35642861125469205
287		20.524035010952502		1.6132488250732422		1.8485333956670762		0.320742110991478		0.641484221982956
288		20.630831866990775		1.603389859199524		1.8486370607662201		0.33211142914295194		0.6642228582859039
289		20.55077675904613		1.691163182258606		1.9199896513080597		0.1443241689682007		0.2886483379364014
290		20.51604157197289		1.4705761671066284		1.7147434206581116		0.23017839695215225		0.4603567939043045
291		20.45954068598803		1.5329152345657349		1.757888068795204		0.2175445951282978		0.4350891902565956
292		20.460978989023715		1.7138638496398926		1.9318898448848725		0.1284454803109169		0.2568909606218338
293		20.29872917290777		1.4727482795715332		1.7224994271039962		0.12363655714392661		0.24727311428785323
294		20.47274806909263		1.5969175100326538		1.8191289329433442		0.250477553999424		0.500955107998848
295		20.393530350062065		1.7273749113082886		1.9207858891677856		1.1248389646053314		2.249677929210663
296		20.438425516942516		1.5289429426193237		1.7704597856998443		0.12032966297268867		0.24065932594537734
297		20.31270069803577		1.6370164155960083		1.8581258039426805		0.2291526726603508		0.4583053453207016
298		20.476625567069277		1.4647104740142822		1.6956885130691528		0.12107538623809815		0.2421507724761963
299		20.531968391034752		1.5840493440628052		1.8070088562870026		0.20040241379737855		0.4008048275947571
300		20.33246666798368		1.7515852451324463		1.9520686490154266		0.30439955240488054		0.6087991048097611
301		20.346826810971834		1.9901916980743408		2.14408472445488		0.14852885684370995		0.2970577136874199
302		20.3580539310351		1.4301220178604126		1.680356628856659		0.12742589449286462		0.25485178898572924
303		20.39803713397123		1.6480168104171753		1.8788334916448592		0.14990152266025544		0.2998030453205109
304		20.448224460007623		1.5401266813278198		1.8225104731273651		0.19528561372756958		0.39057122745513917
305		20.448759649996646		1.7194838523864746		1.9321980453062058		0.1324526974260807		0.2649053948521614
306		20.444568753940985		1.6235971450805664		1.8505765366888047		0.12070205209851265		0.2414041041970253
307		20.457328247022815		1.4622749090194702		1.707672944188118		0.1411723862171173		0.2823447724342346
308		20.424151118961163		1.703909993171692		1.9227452603435515		0.21871482309103013		0.43742964618206026
309		20.274880884913728		1.6586952209472656		1.90418573574543		0.2080086888074875		0.416017377614975
310		20.344693962018937		1.7544463872909546		1.9776186400938034		0.19918993715047836		0.3983798743009567
311		20.389166516950354		1.7971837520599365		1.9978036624383926		0.2031569172024727		0.4063138344049454
312		20.523661760031246		1.6313031911849976		1.8495915116977693		0.1256175888776779		0.2512351777553558
313		20.31218956108205		1.5548635721206665		1.77682157330513		0.22621660240888597		0.45243320481777194
314		20.510142341954634		1.8063225746154785		2.005582664837837		0.4194545065283775		0.838909013056755
315		20.37847572809551		1.482723355293274		1.7329362100219727		0.47410894846916196		0.9482178969383239
316		20.327007823972963		1.7967301607131958		1.9922108483791352		0.12196807627677918		0.24393615255355836
317		20.40363424795214		1.5593407154083252		1.7947983145523072		0.14041781584620475		0.2808356316924095
318		20.437263902975246		1.7097407579421997		1.9102543945789336		0.3187591853618622		0.6375183707237244
319		20.35425147402566		1.6761289834976196		1.897926190223694		0.15431205852627755		0.3086241170525551
320		20.272691129008308		1.4865485429763794		1.7299156553697586		0.1558507069170475		0.311701413834095
321		20.244420935981907		1.501642107963562		1.7528552282238006		0.14633297806978227		0.29266595613956453
322		20.326324288966134		1.449501872062683		1.7097142544555664		0.19775636793375015		0.3955127358675003
323		20.38920653401874		1.5628608465194702		1.8100136281108856		0.13654255782961847		0.27308511565923693
324		20.49929593305569		1.9053044319152832		2.0689778751039505		0.11604674896001815		0.2320934979200363
325		20.35526740096975		1.3094820976257324		1.60527512673378		0.3087980338931084		0.6175960677862168
326		20.408851977903396		1.546668529510498		1.7904832573509217		0.8914724486112595		1.782944897222519
327		20.429893752094358		1.428633451461792		1.690264035897255		0.4492924013495445		0.898584802699089
328		20.41702503792476		1.4055474996566772		1.6786361420726776		0.23646155827641488		0.47292311655282976
329		20.256587379961275		1.3091379404067993		1.5938515196657181		0.3436457399368286		0.6872914798736572
330		20.32542749098502		1.6628361940383911		1.8687367103147507		0.2705049945473671		0.5410099890947342
331		20.43662963004317		1.571207880973816		1.825285400071144		0.11638880198597908		0.23277760397195815
332		20.47019923001062		1.519137978553772		1.7729457843542098		0.6729654918670654		1.345930983734131
333		20.385245344019495		1.6543563604354858		1.867492110080719		0.15272784685492516		0.3054556937098503
334		20.246167480014265		1.6167271137237549		1.8407955562877656		0.15525373979210855		0.3105074795842171
335		20.301664264989085		1.6478853225708008		1.8776245150899886		0.27419872828722003		0.5483974565744401
336		20.398682877072133		1.4485939741134644		1.7138378356838226		0.18383060839176177		0.36766121678352354
337		20.421161634032615		1.4770082235336304		1.720476966753006		0.15400894053578376		0.3080178810715675
338		20.341585999936797		1.7050364017486572		1.9288667050218582		0.19254609243273735		0.3850921848654747
339		20.378714330960065		1.7743698358535767		1.9651779614305496		0.1345579441010952		0.2691158882021904
340		20.49754052096978		1.7031481266021729		1.9010076063776016		0.16825305340886115		0.3365061068177223
341		20.530543840955943		1.555384635925293		1.7677032313966752		0.18098053719997406		0.3619610743999481
342		20.500207999954		1.6428769826889038		1.8749636663150788		0.43942407876253126		0.8788481575250625
343		20.27440505498089		1.6552261114120483		1.8786855379486085		0.5022611367106438		1.0045222734212875
344		20.33143804699648		1.6787362098693848		1.8869610222911835		0.3729423241257668		0.7458846482515336
345		20.499895549961366		1.6402795314788818		1.8333419893646241		0.6016983173489571		1.2033966346979141
346		20.32215554290451		1.5412724018096924		1.7995953070259094		0.3325183623492718		0.6650367246985436
347		20.345340646919794		1.552175760269165		1.7901934818077088		0.14739553740620612		0.29479107481241223
348		20.510125839035027		2.313093662261963		2.375289706659317		1.520076140999794		3.040152281999588
349		20.543948585982434		1.6876168251037598		1.8867139635419845		0.3400923142671585		0.680184628534317
350		20.493830789928325		1.6207760572433472		1.8482821089363097		0.16977667676210403		0.33955335352420807
351		20.38156619889196		1.4020673036575317		1.6794609610176086		0.31008601340055464		0.6201720268011093
352		20.57524934306275		1.5486929416656494		1.8058103119325637		0.19450187383890152		0.38900374767780305
353		20.43770361796487		1.9693212509155273		2.1315776338243486		0.1716861496925354		0.3433722993850708
354		20.392690174048766		1.7088844776153564		1.903179009461403		0.4984824558019638		0.9969649116039276
355		20.513770377030596		1.732742428779602		1.9488118486118318		0.1264575814962387		0.2529151629924774
356		20.403679572045803		1.5241371393203735		1.7563426383543015		0.14171022693514823		0.28342045387029646
357		20.468829017016105		1.509416937828064		1.7667696338701249		0.1324633565247059		0.2649267130494118
358		20.55760985100642		1.575136661529541		1.8187704628419876		0.8632040180206298		1.7264080360412597
359		20.329438574030064		1.7166078090667725		1.900407419219017		0.13929274880886078		0.27858549761772156
360		20.369878450059332		1.3728660345077515		1.6360609057354927		0.21514804213047029		0.43029608426094057
361		20.47008342097979		2.0725574493408203		2.205431030049324		0.18316543395519255		0.3663308679103851
362		20.43268680095207		1.5129793882369995		1.7705907774209977		0.32839215059280397		0.6567843011856079
363		20.333686996949837		1.5270966291427612		1.77986215572834		0.20605232648849486		0.4121046529769897
364		20.36519665294327		1.6435749530792236		1.8626064249753953		0.13045782730579375		0.2609156546115875
365		20.336727987974882		1.6172704696655273		1.8336648191165925		0.24094493049383164		0.4818898609876633
366		20.4097013840219		1.5498325824737549		1.7957439607858658		0.1904940812945366		0.3809881625890732
367		20.357224117033184		1.5786188840866089		1.8138365804553032		0.15889708089828491		0.31779416179656983
368		20.513369204010814		1.5513230562210083		1.7892171176433562		0.9514311404705048		1.9028622809410096
369		20.39334120193962		1.579803705215454		1.815842491979599		1.0248230616569518		2.0496461233139036
370		20.494955869042315		1.6352999210357666		1.860927276248932		0.14911255256533623		0.29822510513067246
371		20.3295387160033		1.6591979265213013		1.8870623662805557		0.18786146325469016		0.37572292650938033
372		20.283820537035353		1.744078516960144		1.9265892436742782		0.1598989068746567		0.3197978137493134
373		20.352376215043478		1.5705801248550415		1.7830514269280433		0.19343343588709833		0.38686687177419665
374		20.44483605597634		1.7264304161071777		1.9465133563804626		0.12661683927178383		0.25323367854356765
375		20.286229760036804		1.702372431755066		1.9298687292003631		0.5264823626041413		1.0529647252082825
376		20.403948344057426		1.571792721748352		1.8041980517625809		0.12617311175465584		0.2523462235093117
377		20.397568595944904		1.5024851560592651		1.7484954876995087		0.19097721983194352		0.38195443966388704
378		20.449524987023324		1.4015403985977173		1.6759144290709496		0.31295400179624555		0.6259080035924911
379		20.415674455929548		1.8255045413970947		2.000217377679348		0.22328450026512145		0.4465690005302429
380		20.3958426900208		1.6782455444335938		1.8705597563409806		0.4247851889133453		0.8495703778266906
381		20.39771553198807		1.4453444480895996		1.6921661383390427		0.28157234572172163		0.5631446914434433
382		20.479803055990487		1.5621360540390015		1.7828618835568428		0.2676163349151611		0.5352326698303222
383		20.564880458055995		1.6355905532836914		1.8398173744010926		0.7341514951169491		1.4683029902338982
384		20.41188549203798		1.4795427322387695		1.7343524861097335		0.532533699119091		1.065067398238182
385		20.446215104078874		1.9491404294967651		2.121823141102791		0.701442126917839		1.402884253835678
386		20.59398456395138		1.4951343536376953		1.7285833093690872		0.27845527185201646		0.5569105437040329
387		20.46605642302893		1.6394590139389038		1.8435176478910447		0.126747603058815		0.25349520611763
388		20.29510339302942		1.4584521055221558		1.7253341371822357		1.1073685502767563		2.2147371005535126
389		20.523894391022623		1.6197699308395386		1.8273165741443633		0.1361431477367878		0.2722862954735756
390		20.34065656294115		1.8033479452133179		1.9988014284849167		0.157671511054039		0.315343022108078
391		20.32965026097372		1.506260633468628		1.7581808973360062		0.3078282262325287		0.6156564524650574
392		20.40180892404169		1.5776985883712769		1.7985219722652435		0.11807414134740829		0.23614828269481658
393		20.387090655975044		1.6079922914505005		1.8249147274708748		0.3384091518640518		0.6768183037281036
394		20.324852121062577		1.515364646911621		1.7778898425292968		0.8238543558120728		1.6477087116241456
395		20.351571753039025		1.6628141403198242		1.8982494412231445		0.23091651157140733		0.46183302314281466
396		20.33216748700943		1.5355621576309204		1.7547652440023422		0.23616416208744048		0.47232832417488096
397		20.46394375397358		1.5443334579467773		1.782552667222023		0.13880925419330598		0.27761850838661195
398		20.288301907945424		1.4435824155807495		1.6832020069265365		0.23383755679130555		0.4676751135826111
399		20.56089205108583		1.4419806003570557		1.6945272090482713		0.35521304042339324		0.7104260808467865
400		20.386050448054448		1.700748085975647		1.9096079267978667		0.5455750389814377		1.0911500779628753
401		20.49165213003289		1.4736363887786865		1.7284362367582322		0.18209412380456924		0.3641882476091385
402		20.389898995985277		1.5966826677322388		1.8249779245853424		0.31595802273750306		0.6319160454750061
403		20.281990471994504		1.4271599054336548		1.6888772707557678		1.0814418130993844		2.1628836261987687
404		20.280716808978468		1.4560660123825073		1.7048072875094413		0.24492936561703682		0.48985873123407364
405		20.344319179072045		1.594501256942749		1.82715977748394		0.14956530448198319		0.29913060896396637
406		20.373079475946724		1.5959690809249878		1.838772750377655		0.3374050353586674		0.6748100707173348
407		20.390616773976944		1.4552828073501587		1.7238393536639214		1.601972962152958		3.203945924305916
408		20.400658156024292		1.7165707349777222		1.9291441629981994		0.1224977013528347		0.2449954027056694
409		20.443339896039106		1.6445953845977783		1.8447311758756637		0.25709441883563994		0.5141888376712799
410		20.375775969936512		1.4874213933944702		1.7257092287635802		0.2711871456623077		0.5423742913246155
411		20.491097672027536		1.8351929187774658		2.0161957136678694		0.1210430848479271		0.2420861696958542
412		20.392577106016688		1.5890949964523315		1.8331996812653542		0.11803468686938286		0.23606937373876571
413		20.251675087958574		1.6063121557235718		1.8391875983524322		1.0984582276582717		2.1969164553165434
414		20.4034226880176		1.3515053987503052		1.6099388994026185		0.9841725905179978		1.9683451810359955
415		20.568284412962385		1.6477643251419067		1.8643369653081894		0.11576312193274498		0.23152624386548995
416		20.555924597079866		1.3522274494171143		1.6239158021450042		0.15857289708852768		0.31714579417705535
417		20.609609559061937		1.6649199724197388		1.8930375688624381		0.39970879784822466		0.7994175956964493
418		20.572165913064964		1.5141657590866089		1.7538179416894912		0.2274011666536331		0.4548023333072662
419		20.465730277006514		1.5690580606460571		1.8006247300958633		0.3562898637294769		0.7125797274589538
420		20.641998684965074		1.858328104019165		2.035325303077698		0.17827237847447394		0.3565447569489479
421		20.512947176932357		1.6292089223861694		1.8503958658218385		0.11205122814178467		0.22410245628356934
422		20.34592426090967		1.4509477615356445		1.7019060728693007		0.1344629218518734		0.2689258437037468
423		20.28529493091628		1.5926276445388794		1.8345649417877197		0.19580534011125564		0.3916106802225113
424		20.535737702040933		1.5069143772125244		1.7359918537545205		0.11914552191495896		0.23829104382991792
425		20.325924122007564		1.4753310680389404		1.7237732676529884		0.14931320455670358		0.29862640911340715
426		20.361314503010362		1.6142795085906982		1.8581906744670869		0.12297527524232864		0.24595055048465728
427		20.40040931594558		1.4357633590698242		1.697289619307518		0.12199440749287606		0.24398881498575212
428		20.37621721008327		1.6120076179504395		1.8225708133029939		0.11190482837557793		0.22380965675115586
429		20.317883415031247		1.5028297901153564		1.7662283360004425		0.370408903670311		0.740817807340622
430		20.355374658014625		1.624528408050537		1.854211283636093		0.20060424426794052		0.40120848853588104
431		20.340879323077388		1.4313827753067017		1.6915738796043396		0.11154110552072526		0.2230822110414505
432		20.28364432998933		1.5031826496124268		1.7555628597021102		0.2694176126718521		0.5388352253437042
433		20.366271450999193		1.5091954469680786		1.742754374856949		0.2087347715318203		0.4174695430636406
434		20.33301136502996		1.692685604095459		1.9077243486523627		0.2099995580613613		0.4199991161227226
435		20.47099908394739		1.5554479360580444		1.7867658008098601		0.2828407385289669		0.5656814770579338
436		20.327653842046857		1.547827124595642		1.770574779677391		0.132229468023777		0.264458936047554
437		20.39409605693072		1.2556111812591553		1.5505088303160668		0.3075073719203472		0.6150147438406944
438		20.505189358023927		1.7971386909484863		1.9761294107675553		0.13155939761400223		0.26311879522800447
439		20.525909663992934		1.326269507408142		1.6112477816343307		0.4411283423244953		0.8822566846489907
440		20.3692095419392		1.436776041984558		1.6828680212044715		0.3315011327266693		0.6630022654533386
441		20.404766803025268		1.5239781141281128		1.7768146574401855		0.281424299120903		0.562848598241806
442		20.336511924979277		1.3809802532196045		1.652010110707283		0.1974809431552887		0.3949618863105774
443		20.417549083009362		1.6221377849578857		1.8503241705703735		0.22562679620981216		0.4512535924196243
444		20.38539806404151		1.4739431142807007		1.723292457971573		0.19578613177537918		0.39157226355075836
445		20.498639823053963		1.4468815326690674		1.7127595257639885		0.2638435623407364		0.5276871246814728
446		20.539016947033815		1.610215425491333		1.8420915001249314		0.44819634416103366		0.8963926883220673
447		20.554435097961687		1.499314785003662		1.7483832676553726		0.1154754857301712		0.2309509714603424
448		20.510949949966744		1.561171531677246		1.8025120787906648		0.22854442199468614		0.4570888439893723
449		20.242433459032327		1.6587988138198853		1.8606269235968589		0.17308576440811158		0.34617152881622315
450		20.28562148299534		1.6944775581359863		1.8914611637210845		0.1793327710568905		0.358665542113781
451		20.34016790194437		1.4732893705368042		1.7270439392924308		0.1309184916317463		0.2618369832634926
452		20.34328597493004		1.4549369812011719		1.7140846386671067		0.22156118963956833		0.44312237927913667
453		20.4694322909927		1.6590056419372559		1.875588843688965		0.13020799731016158		0.26041599462032317
454		20.331592208938673		1.4476231336593628		1.7140333326101302		0.11761130511164665		0.2352226102232933
455		20.33525878097862		1.436902642250061		1.6997163438606262		0.18519514268636703		0.37039028537273405
456		20.50238903693389		1.4093427658081055		1.669293938961029		0.10703002994060516		0.21406005988121032
457		20.468039530911483		1.4534330368041992		1.7165533291244506		0.2470073244035244		0.4940146488070488
458		20.53253375296481		1.4423599243164062		1.6957448752498627		0.33006586938500404		0.6601317387700081
459		20.535216812975705		1.537497878074646		1.7585673185324668		0.23294675304889678		0.46589350609779356
460		20.371518654050305		1.6292212009429932		1.8280962062883377		0.16540824020504952		0.33081648041009903
461		20.3638037199853		1.5950725078582764		1.8290762471818924		0.14178460978269578		0.28356921956539155
462		20.423157087061554		1.72105073928833		1.8967767026138305		0.15805168980956077		0.31610337961912155
463		20.386476731975563		1.4595030546188354		1.726281728067398		0.1324186160326004		0.2648372320652008
464		20.330977909034118		1.3540672063827515		1.6234473721432685		0.4256207986354828		0.8512415972709656
465		20.342163149034604		1.6373465061187744		1.8538324265170096		0.42546361095905305		0.8509272219181061
466		20.339652693946846		1.3779659271240234		1.6469926238155366		0.12664604307413102		0.25329208614826204
467		20.531906289979815		1.2487001419067383		1.540517516043186		0.28695070930719374		0.5739014186143875
468		20.39411159895826		1.9399082660675049		2.0881847400808335		0.1085326706111431		0.2170653412222862
469		20.43987299397122		1.5771901607513428		1.7924648137497903		0.23194363638162613		0.46388727276325226
470		20.425198295037262		1.4502044916152954		1.7240586183786393		0.11790711240768433		0.23581422481536865
471		20.62021135003306		1.7058018445968628		1.878113443095684		0.13221874144673348		0.26443748289346697
472		20.5338083980605		1.4996037483215332		1.7348282326173783		0.17653273034095765		0.3530654606819153
473		20.337478079018183		1.3236457109451294		1.6031601258301735		0.1483411185622215		0.296682237124443
474		20.55815842107404		1.557342290878296		1.7971403931999206		0.12174229716658592		0.24348459433317185
475		20.539900960982777		1.3511674404144287		1.6299397341299058		0.2207791989803314		0.4415583979606628
476		20.495951917022467		1.5603454113006592		1.8097322867751122		0.21915333012342453		0.43830666024684906
477		20.52471601497382		1.5409085750579834		1.770032202935219		0.13441833081245422		0.26883666162490844
478		20.457701620995067		1.53484308719635		1.778738580970764		0.2744081644058228		0.5488163288116455
479		20.45890956092626		1.601765751838684		1.8356350443029403		0.1908257173538208		0.3816514347076416
480		20.487487299949862		1.4360326528549194		1.685506418454647		0.11156145243048668		0.22312290486097336
481		20.414961481001228		1.369709849357605		1.6344794153165818		0.24129957579374314		0.4825991515874863
482		20.493891155929305		1.4627807140350342		1.7264641991138459		0.12101238182783126		0.24202476365566253
483		20.36245715105906		1.6857409477233887		1.9105063508987428		0.7095489043474197		1.4190978086948394
484		20.480924356961623		1.2776631116867065		1.5570250199484825		0.15729770248532296		0.3145954049706459
485		20.321358527988195		1.3482304811477661		1.6283370273399354		0.4802788881599903		0.9605577763199806
486		20.343856718041934		1.4837716817855835		1.7646509333539009		0.2660023465275764		0.5320046930551529
487		20.408102752058767		1.6348515748977661		1.8528150230789184		0.3999258974790573		0.7998517949581146
488		20.57427658699453		1.4708209037780762		1.726106637198925		0.1090122317135334		0.2180244634270668
489		20.431148680043407		1.4806206226348877		1.732015208044052		0.10694434727430344		0.21388869454860687
490		84.77943183202296		1.3338478803634644		1.6134624634718895		0.15691584686636925		0.3138316937327385
491		20.283540740027092		1.2446296215057373		1.5358639679074289		0.13887298045754431		0.27774596091508863
492		20.389654105063528		1.4377039670944214		1.6935231302833558		0.42033199316859243		0.8406639863371849
493		20.347233401960693		1.459874153137207		1.7104744892954826		0.2753882874548435		0.550776574909687
494		20.322960642981343		1.7847676277160645		1.9370321337461471		0.16133781655430793		0.32267563310861586
495		20.345461535966024		1.5433586835861206		1.7702985226392747		0.16244701548218726		0.3248940309643745
496		20.299262283020653		1.337472677230835		1.6247280718111992		0.13888395830392838		0.27776791660785677
497		20.397102099028416		1.5303268432617188		1.7833659655427934		0.1202688617169857		0.2405377234339714
498		20.396963784005493		1.4530917406082153		1.7243911319375038		0.10804714024066925		0.2160942804813385
499		20.418270247988403		1.5865154266357422		1.817384623761177		0.19949107760190965		0.3989821552038193
500		20.39042159204837		1.4701613187789917		1.7193112214827537		0.10369530773758888		0.20739061547517776
501		20.332122041028924		1.449381947517395		1.7074209264945983		0.29443786606788636		0.5888757321357727
502		20.294264515978284		1.4560658931732178		1.7060849505329132		0.24003926842212678		0.48007853684425356
503		20.328680983977392		1.3745137453079224		1.6527654728627206		0.3337336163520813		0.6674672327041626
504		20.43523201404605		1.5296704769134521		1.7537939364528656		0.4213201072573662		0.8426402145147324
505		20.440306494943798		1.4228624105453491		1.6919565108942987		0.13092970201969148		0.26185940403938296
506		20.42408405500464		1.2934198379516602		1.5793578439736367		0.6678332025289535		1.335666405057907
507		20.46730209304951		1.3980504274368286		1.6733577232575416		0.11248609457015991		0.22497218914031983
508		20.48801850201562		1.2629739046096802		1.5545223890376092		0.5806625456094742		1.1613250912189483
509		20.42401566496119		1.6907349824905396		1.9152336668133736		0.6117821718215942		1.2235643436431884
510		20.46218430600129		1.269118070602417		1.560393241071701		0.13323018546104431		0.26646037092208863
511		20.531338353990577		1.4953336715698242		1.7329147457504273		0.119952692425251		0.239905384850502
512		20.46045411308296		1.5948083400726318		1.8213778732442856		0.11085712966918945		0.2217142593383789
513		20.526264026062563		1.3086570501327515		1.5947583973908424		0.12193951625227928		0.24387903250455856
514		20.50171959702857		1.4562088251113892		1.7096988691973687		0.11757726722955704		0.23515453445911408
515		20.516388676012866		1.4694958925247192		1.714084082083702		0.1257366114616394		0.2514732229232788
516		20.526511157979257		1.463507890701294		1.7055163793802262		1.1861215160012246		2.3722430320024492
517		20.398141634999774		1.3930211067199707		1.6588419691419602		0.41349163106679915		0.8269832621335983
518		20.400672835065052		1.4530019760131836		1.720623208785057		0.19390424169301987		0.38780848338603974
519		20.45860430994071		1.5506935119628906		1.7969843342113494		0.6398933414757252		1.2797866829514504
520		20.461052178987302		1.3402352333068848		1.610265455915928		0.1868379513323307		0.3736759026646614
521		20.39422245300375		1.6164354085922241		1.8274421913647652		0.3752588401794434		0.7505176803588868
522		20.402114833006635		1.2288275957107544		1.534137276120186		0.12167358920574188		0.24334717841148376
523		20.30924768000841		1.4534575939178467		1.6883173409938812		0.1089424392938614		0.2178848785877228
524		20.416314353002235		1.1531721353530884		1.4542921520447731		0.17808547450900078		0.35617094901800156
525		20.51905938796699		1.398042917251587		1.665240053088665		0.44358179141283033		0.8871635828256607
526		20.537761404993944		1.4216824769973755		1.7003815961575508		0.2951672751069069		0.5903345502138138
527		77.88883261301089		1.376636266708374		1.6457215172815323		0.11827291439175605		0.2365458287835121
528		20.53942913201172		1.3333557844161987		1.6066859355735779		0.12193025619387626		0.24386051238775253
529		20.531444134074263		1.28951096534729		1.5761431743764878		0.11034791519045829		0.22069583038091659
530		20.5321947010234		1.31050443649292		1.5838297426009178		0.2938781470954418		0.5877562941908836
531		20.44791778200306		1.533512830734253		1.777857748041153		0.24577981383800507		0.49155962767601014
532		20.394227016018704		1.4665617942810059		1.728990831375122		0.11814465322494506		0.23628930644989013
533		20.435100825037807		1.297658085823059		1.586212079002857		0.24307299575209618		0.48614599150419235
534		20.39777286106255		1.2781850099563599		1.564109745540619		0.10304513195753097		0.20609026391506194
535		20.418760715983808		1.5102359056472778		1.7500128155469894		0.6339752327919006		1.2679504655838012
536		20.56540570501238		1.372735619544983		1.6629285040426254		0.21428652552366256		0.4285730510473251
537		20.53336422389839		1.500724196434021		1.7480835746073722		0.1538218530535698		0.3076437061071396
538		20.500922660925426		1.4255366325378418		1.6947884770345687		0.5102759420394898		1.0205518840789796
539		20.45721379306633		1.4613043069839478		1.7139281933665276		0.11475285551548005		0.2295057110309601
540		20.48930927796755		1.3929232358932495		1.6739386170697212		0.4815981807589531		0.9631963615179062
541		20.41726832999848		1.4732728004455566		1.7293908684110642		0.12021985793113708		0.24043971586227417
542		20.405867411987856		1.3330260515213013		1.6021641511154174		0.7858440385103226		1.5716880770206452
543		20.437490956042893		1.4786503314971924		1.728671782681942		0.1753345790863037		0.3506691581726074
544		20.5158131319331		1.4525034427642822		1.7276940676784516		0.10134575479626655		0.2026915095925331
545		20.503292426932603		1.1553974151611328		1.4747955111861228		0.16185924401879312		0.32371848803758624
546		20.543288010987453		1.3789340257644653		1.6382672736597061		0.10365274988412856		0.20730549976825713
547		20.5139200250851		1.3104140758514404		1.5978696652197837		0.5093859555482865		1.018771911096573
548		20.390193658997305		1.4446778297424316		1.715339741806984		0.13910826659798622		0.27821653319597245
549		20.35329250106588		1.4402567148208618		1.68789103017807		0.12872359376549722		0.25744718753099444
550		20.4215039400151		1.1606627702713013		1.4796101320457458		0.11575386026501655		0.2315077205300331
551		20.548147707013413		1.7253752946853638		1.9252945309233664		0.18169214537143707		0.36338429074287415
552		20.511090649990365		1.5997428894042969		1.820302135233879		0.23938818420767785		0.4787763684153557
553		20.625389765948057		1.3365602493286133		1.603046168255806		0.22091760993003845		0.4418352198600769
554		20.604250563075766		1.383336067199707		1.6573254572939873		0.15495693549513817		0.30991387099027634
555		20.59014748001937		1.419128656387329		1.6740399791049958		0.527602336549759		1.055204673099518
556		20.644383435952477		1.3418914079666138		1.6539056922721862		0.18710339856147767		0.37420679712295535
557		20.48760133003816		1.2041528224945068		1.5147303988385201		0.25530509184002875		0.5106101836800575
558		20.470247864956036		1.662753701210022		1.8772537077641487		0.6171592219948768		1.2343184439897537
559		20.544002328068018		1.3945484161376953		1.6514710706877709		0.2714762358784676		0.5429524717569352
560		20.466786487959325		1.439599633216858		1.7054641874718666		0.2707207440853119		0.5414414881706238
561		20.50124746002257		1.3208565711975098		1.5908379186415673		0.2883340089142323		0.5766680178284646
562		20.407118328963406		1.422312617301941		1.6783085196328162		0.24548454617261886		0.4909690923452377
563		20.402594547951594		1.3251135349273682		1.6124261595082283		0.11811377890706062		0.23622755781412125
564		20.43960657902062		1.4155184030532837		1.6734714288306236		0.13142081289887428		0.26284162579774856
565		20.389187986962497		1.3283807039260864		1.6007319552206993		0.23314528592824935		0.4662905718564987
566		20.57584060798399		1.4389383792877197		1.6910384620761871		0.14360302885770798		0.28720605771541596
567		20.53789053496439		1.2870360612869263		1.5780216548991204		0.16885716704130171		0.33771433408260343
568		20.596902646007948		1.3942474126815796		1.662923941221237		0.9656322945475578		1.9312645890951157
569		20.6692434650613		1.4505196809768677		1.6993269863939284		0.1140808385848999		0.2281616771697998
570		20.56105329701677		1.3513814210891724		1.629732272105217		0.22328424676060676		0.4465684935212135
571		20.48669745004736		1.2477126121520996		1.5420945783305169		0.33975444110035896		0.6795088822007179
572		20.395044347038493		1.4020074605941772		1.6816509896922112		0.6257068310558795		1.251413662111759
573		20.358169257990085		1.3972241878509521		1.6714792734122277		0.16947339042425155		0.3389467808485031
574		20.400038530002348		1.2077122926712036		1.5096484210848808		0.20533964797854423		0.41067929595708846
575		20.549667051061988		1.3875713348388672		1.6558497129106522		0.14232491862177848		0.28464983724355697
576		20.66763363208156		1.2855576276779175		1.5581396147990227		0.6741665974020958		1.3483331948041917
577		20.396462750970386		1.560034990310669		1.8102902014422417		0.12705319353342057		0.25410638706684113
578		20.432652518968098		1.2464677095413208		1.5440022769641877		0.17692918981313704		0.3538583796262741
579		20.531124070985243		1.3307546377182007		1.6056164002752304		0.5686774294137955		1.137354858827591
580		20.539828971028328		1.4899076223373413		1.7505791048765182		0.2638086298346519		0.5276172596693038
581		20.534978537005372		1.3624293804168701		1.6384038553285598		0.1608524446249008		0.3217048892498016
582		20.486290756962262		1.3121756315231323		1.5958741343545915		0.38998428189754486		0.7799685637950897
583		20.515427620965056		1.2442306280136108		1.5392009032702445		0.09906383988261223		0.19812767976522447
584		20.56665356492158		1.3093165159225464		1.5928437924098968		0.10322025362849235		0.2064405072569847
585		20.663985259016044		1.6503232717514038		1.8762168689322472		0.10878963887095451		0.21757927774190902
586		20.46754742099438		1.3199384212493896		1.6052861202907562		0.6584865028500557		1.3169730057001114
587		20.37740472704172		1.317509651184082		1.6013165100860596		0.7954792832612991		1.5909585665225983
588		20.47125488310121		1.693040370941162		1.8866216692447662		0.11959528539776802		0.23919057079553604
589		20.510423933970742		1.293819785118103		1.5815830772042274		0.09960395866632461		0.19920791733264923
590		20.34389572707005		1.3047186136245728		1.5822083148169517		0.3192981279850006		0.6385962559700012
591		20.330717192962766		1.4579143524169922		1.7010106108856202		0.12098782705664635		0.2419756541132927
592		20.364467289997265		1.6350157260894775		1.8505543349814415		0.18408337641954423		0.36816675283908845
593		20.369087149039842		1.3007667064666748		1.5952503257083892		0.13084264406561852		0.26168528813123704
594		20.507442340021953		1.7036871910095215		1.9046354789495468		0.11763209568858146		0.23526419137716292
595		20.54719475703314		1.3519481420516968		1.6236572145557404		0.1722414491713047		0.3444828983426094
596		20.484147470910102		1.3264636993408203		1.606941750779152		0.2567016056776047		0.5134032113552094
597		20.346157756983303		1.3480379581451416		1.6122012816882134		0.1977397473871708		0.3954794947743416
598		20.493220931035466		1.334663987159729		1.6237958441519738		0.6802082075357437		1.3604164150714875
599		20.496984547004104		1.2229621410369873		1.5182174963450432		0.09697035771906376		0.19394071543812752
600		20.398138510994613		1.3722201585769653		1.6537566572260856		0.11178255150318146		0.22356510300636293
601		20.443804763024673		1.320923924446106		1.5997888415241241		0.21301797168254852		0.42603594336509704
602		20.38787604100071		1.4364087581634521		1.6946047178030015		0.1873424665749073		0.3746849331498146
603		20.716976854018867		1.1996192932128906		1.5102379024577142		0.30288253529071807		0.6057650705814361
604		20.469529128982686		1.403530478477478		1.6782282807183266		0.5752989251613617		1.1505978503227234
605		20.417585211922415		1.4618555307388306		1.7023780597853662		0.1356791476368904		0.2713582952737808
606		20.41887117002625		1.4588053226470947		1.7232324432206154		0.8583226111888885		1.716645222377777
607		20.391406295006163		1.4161765575408936		1.6695749781036378		0.11172727085351944		0.22345454170703888
608		20.35652376897633		1.4519932270050049		1.7012091106510163		0.32612859444618225		0.6522571888923645
609		20.457062341971323		1.356516718864441		1.637399005382061		0.2181791214287281		0.4363582428574562
610		20.604166249046102		1.4368866682052612		1.6918295668482781		0.4285459634780884		0.8570919269561768
611		20.538760718074627		1.332260251045227		1.6177626652669908		0.10952208995223045		0.2190441799044609
612		20.403263972024433		1.2230064868927002		1.5233500732994079		0.5461162493109704		1.0922324986219407
613		20.396091842092574		1.3503443002700806		1.62117935526371		0.14436107071638107		0.28872214143276215
614		20.527552412939258		1.315334439277649		1.6060853882551194		0.10878984440565109		0.21757968881130219
615		20.370701438048854		1.573137640953064		1.8024688413906098		0.21341138923168182		0.42682277846336364
616		20.453895754995756		1.2626783847808838		1.5514962308645248		0.3530666267156601		0.7061332534313202
617		20.46755928802304		1.3931056261062622		1.6400836098384857		0.09623830266594886		0.19247660533189773
618		20.56396780803334		1.5971466302871704		1.7948797029876709		0.12620588384270667		0.25241176768541335
619		20.51869794598315		1.215956449508667		1.503225366575718		0.09887454794943333		0.19774909589886666
620		20.575535752926953		1.3525365591049194		1.6240612696051597		0.16957062917351723		0.33914125834703446
621		20.50606670801062		1.2012827396392822		1.4841602865076065		0.24508817890286447		0.49017635780572894
622		20.445576627971604		1.3969334363937378		1.6527785616970063		0.16987771678566932		0.33975543357133864
623		20.50769954000134		1.3175922632217407		1.5924635198330879		0.17207578060030937		0.34415156120061874
624		20.377830945071764		1.1647796630859375		1.4657506472110748		0.3213559647202492		0.6427119294404984
625		20.44936724798754		1.2976759672164917		1.5715947039723397		0.09663376352787018		0.19326752705574035
626		20.42585593101103		1.3303003311157227		1.6082721428012847		0.12205101608633995		0.2441020321726799
627		20.629580099019222		1.2344008684158325		1.5293411176419258		0.4172077392935753		0.8344154785871506
628		20.414344114018604		1.2981600761413574		1.5759063181328774		0.2865390293598175		0.573078058719635
629		20.597573290928267		1.3196439743041992		1.6078581619620322		0.7280672366023063		1.4561344732046126
630		20.64429926709272		1.230358600616455		1.5231967847967147		0.9470434404850007		1.8940868809700013
631		20.58018181694206		1.5305978059768677		1.7589222997999192		0.10317235409617424		0.20634470819234849
632		20.570893915952183		1.2448135614395142		1.537693435845375		0.20950961024165154		0.4190192204833031
633		20.601311255944893		1.427369475364685		1.6873366417431832		0.10321952107548714		0.20643904215097428
634		20.582804323057644		1.3577905893325806		1.6301837214899062		0.15705220547914506		0.3141044109582901
635		20.541954569984227		1.3942104578018188		1.6627761718297005		0.5652703343331814		1.1305406686663628
636		20.506691365968436		1.2862247228622437		1.5714191864204408		0.10000313810110092		0.20000627620220185
637		20.4900500329677		1.2417895793914795		1.5301429012584686		0.10640725214481354		0.2128145042896271
638		20.41131564998068		1.3619707822799683		1.6204262353897094		0.28685405930280683		0.5737081186056137
639		20.42984098708257		1.6066304445266724		1.8444501285672188		0.25495999304056166		0.5099199860811233
640		20.39127121504862		1.4311363697052002		1.6695302997612953		0.36472497527599335		0.7294499505519867
641		20.577795183984563		1.254138708114624		1.5436759152507782		0.220815560233593		0.441631120467186
642		20.567025764030404		1.2334868907928467		1.5236983538866042		0.09958610351383686		0.19917220702767371
643		20.52727065293584		1.3817821741104126		1.6697720817470552		0.15285141105651856		0.3057028221130371
644		20.34431504306849		1.2112348079681396		1.5159680555033683		0.14408658730983734		0.2881731746196747
645		20.37662166892551		1.3909862041473389		1.6598270204472543		0.11853727546334267		0.23707455092668533
646		20.347639334970154		1.5018565654754639		1.7349259023880959		0.11545779511332512		0.23091559022665023
647		20.48465314391069		1.3722224235534668		1.6391106943035125		0.4558059467315674		0.9116118934631348
648		20.42133271507919		1.4471254348754883		1.7143525957036019		0.09775264444351196		0.19550528888702393
649		20.412581355078146		1.310640811920166		1.5945459686112404		0.09392819131612777		0.18785638263225554
650		20.426674623973668		1.2906813621520996		1.5800525511431693		0.2366973932802677		0.4733947865605354
651		20.396216569002718		1.2649891376495361		1.5607064396977424		0.10339556963443756		0.20679113926887513
652		20.425196576979943		1.3302032947540283		1.6044262696146965		0.22484482238292694		0.4496896447658539
653		20.579112272011116		1.220165729522705		1.5298485634064674		0.10011215539574624		0.20022431079149247
654		20.397544799023308		1.3369946479797363		1.6132282224202157		0.4922922117471695		0.984584423494339
655		20.431370749953203		1.2726105451583862		1.5631274441194534		0.46878133088350293		0.9375626617670059
656		20.375898750964552		1.335221529006958		1.6244523614692687		0.10184287025928497		0.20368574051856994
657		20.525316242012195		1.2475203275680542		1.5337913901352882		0.1147631923019886		0.2295263846039772
658		20.60506740794517		1.3233224153518677		1.6161552456259727		0.4292241358757019		0.8584482717514038
659		20.506284984992817		1.3009216785430908		1.5893882400417327		0.14749611124396325		0.2949922224879265
660		20.535134706064127		1.2971982955932617		1.580990788075924		0.13111835923790932		0.26223671847581864
661		20.3600607420085		1.378868579864502		1.639081801226139		0.19299243583083153		0.38598487166166306
662		20.353620199020952		1.1459137201309204		1.453533996913433		0.1862763900578022		0.3725527801156044
663		20.3532813959755		1.4446827173233032		1.7070201977467536		0.19272413476109504		0.3854482695221901
664		20.555079395067878		1.2555710077285767		1.5473152565717696		0.14635110080838204		0.2927022016167641
665		20.478493402944878		1.3648507595062256		1.6411773443436624		0.09398510888814926		0.18797021777629852
666		20.288750823005103		1.2428418397903442		1.538446167898178		0.14443600407838822		0.28887200815677644
667		20.399178959080018		1.2006988525390625		1.5051835624599457		0.24559825333952903		0.49119650667905806
668		20.415303820045665		1.2974882125854492		1.5875328453350066		0.18292215467691422		0.36584430935382845
669		20.370409865980037		1.380911946296692		1.658328903067112		0.10099037572741508		0.20198075145483016
670		20.529206615989096		1.2472816705703735		1.5486071306777		0.10690040348172188		0.21380080696344375
671		20.43726431892719		1.2593035697937012		1.5351427916407585		0.09535281058847904		0.19070562117695808
672		20.601544172037393		1.2145090103149414		1.5092120421862603		0.1107907917380333		0.2215815834760666
673		20.561913291108795		1.602291464805603		1.8308770167517663		0.17973205999732017		0.35946411999464034
674		20.472967504058033		1.3379700183868408		1.6316058790135384		0.13103771864771843		0.26207543729543686
675		20.523943283013068		1.1697908639907837		1.4719682070636748		0.12762473450303077		0.25524946900606155
676		20.626868380000815		1.2347074747085571		1.5328299370765686		0.11578801864385604		0.2315760372877121
677		20.30680304695852		1.3013182878494263		1.5885193249988556		0.12787836192846297		0.25575672385692594
678		20.51676160399802		1.2539609670639038		1.557036369252205		0.09558140721321105		0.1911628144264221
679		20.422835690085776		1.4236938953399658		1.6767280246520042		0.28992004491686824		0.5798400898337365
680		20.477142596966587		1.1599721908569336		1.4686923018026352		0.15695953851938246		0.3139190770387649
681		20.427052554907277		1.291456699371338		1.579892821853161		0.14640536025762557		0.29281072051525114
682		20.495695314952172		1.1718249320983887		1.4800571745967865		0.1083216713488102		0.2166433426976204
683		20.531417528982274		1.0444318056106567		1.3686913366365432		0.09615461845695973		0.19230923691391946
684		20.604411047999747		1.345210313796997		1.632786915807724		0.11178138155341148		0.22356276310682296
685		20.658058376051486		1.4336133003234863		1.6928257294893265		0.13499280480146408		0.26998560960292817
686		20.476637003012		1.1626386642456055		1.461823232986927		0.19383204666376114		0.3876640933275223
687		20.510745433042757		1.2258585691452026		1.518455172431469		0.3597371468961239		0.7194742937922478
688		20.512524322024547		1.2801976203918457		1.5680779438447952		0.6342520978689193		1.2685041957378387
689		20.608366730972193		1.1724179983139038		1.4834242053842543		0.5452810726165771		1.0905621452331542
690		20.498500182991847		1.345933437347412		1.6392409207963943		0.127109816968441		0.254219633936882
691		20.431582757970318		1.2414169311523438		1.5358796205401422		0.1292288452386856		0.2584576904773712
692		20.418479152955115		1.2822229862213135		1.5602080625486374		0.551297325015068		1.102594650030136
693		20.411263405927457		1.1556352376937866		1.4608743923306464		0.14979862151145934		0.2995972430229187
694		20.612781081930734		1.1912779808044434		1.4981599059414863		0.10290420794188976		0.20580841588377952
695		20.506555535946973		1.31475031375885		1.5903413654160499		0.3022170671761036		0.6044341343522072
696		20.425689583062194		1.2919285297393799		1.5680002972865104		0.10930103760957718		0.21860207521915437
697		20.60261234198697		1.093155860900879		1.4147005785298348		0.171084765458107		0.342169530916214
698		20.66397852601949		1.1924057006835938		1.499380211701393		0.20994767877459525		0.4198953575491905
699		20.578858433058485		1.14996337890625		1.4640725108098984		0.15714477130770682		0.31428954261541364
700		20.507989345001988		1.2280776500701904		1.534588992524147		0.3938766555786133		0.7877533111572266
701		20.468566440977156		1.2899991273880005		1.5708800450849534		0.36456481130123136		0.7291296226024627
702		20.61175122007262		1.187520146369934		1.5014755094051362		0.15768749966621398		0.31537499933242796
703		20.526025917963125		1.1977697610855103		1.5040239622163774		0.34044035511016846		0.6808807102203369
704		20.496777942986228		1.121378779411316		1.438484579949379		0.2787517762064934		0.5575035524129868
705		20.423850895953365		1.209147334098816		1.4982177115488053		0.12345548058152199		0.24691096116304398
706		20.51867920800578		1.2727570533752441		1.557744956650734		0.4869642485380173		0.9739284970760346
707		20.496903183986433		1.2393478155136108		1.5362507414650917		0.318567888379097		0.637135776758194
708		20.493436130927876		1.2367581129074097		1.5399293486762047		0.46491860921382905		0.9298372184276581
709		20.4343733539572		1.1520520448684692		1.4560896028733255		0.10791710817813874		0.21583421635627748
710		20.45274940796662		1.277466058731079		1.5624636801552771		0.10627557669281959		0.21255115338563918
711		20.40774327807594		1.2271214723587036		1.5250174761962891		0.15612545219659804		0.3122509043931961
712		20.366972541902214		1.260532259941101		1.5495629870533942		0.14364762518405913		0.28729525036811826
713		20.377950878930278		1.1432039737701416		1.451080340807438		0.10499094216823578		0.20998188433647155
714		20.37133662693668		1.080925703048706		1.4096068574261664		0.2664922417640686		0.5329844835281372
715		20.416176190017723		1.2174794673919678		1.507874735674858		0.11180300191640855		0.2236060038328171
716		20.516235680086538		1.2429356575012207		1.5282371968841553		0.2548482445657253		0.5096964891314506
717		20.4364718219731		1.3509796857833862		1.628271995601654		0.546997454482317		1.093994908964634
718		20.488900288008153		1.2098047733306885		1.5009115046072006		0.10141866987049579		0.20283733974099158
719		20.45383646292612		1.2571302652359009		1.5475108106660842		0.0949120272397995		0.189824054479599
720		20.504404052975588		1.244059443473816		1.5388006248784065		0.340319660872221		0.680639321744442
721		20.52147613093257		1.1908711194992065		1.4903912857151032		0.1572642843604088		0.3145285687208176
722		20.565540737938136		1.1656826734542847		1.4751271525907517		0.1039461431980133		0.2078922863960266
723		20.437768763978966		1.116209864616394		1.4362077534937858		0.13796358458399774		0.2759271691679955
724		20.538950925925747		1.1144251823425293		1.4283148071694374		0.12220569867491722		0.24441139734983444
725		20.507232222007588		1.1643942594528198		1.4680839623117448		0.12616039814949034		0.2523207962989807
726		20.54438483400736		1.3132930994033813		1.5823473454904555		0.09772834081053734		0.19545668162107468
727		20.537218419020064		1.164541482925415		1.473105121693611		0.24072494868040084		0.4814498973608017
728		20.628384570940398		1.1575061082839966		1.4611591596984863		0.16529506671428681		0.33059013342857363
729		20.561194045003504		1.2752960920333862		1.5722126788687707		0.09086790784597397		0.18173581569194794
730		20.616396066034213		1.1220985651016235		1.4370367114019393		0.21297748012542725		0.4259549602508545
731		20.522641613031738		1.2282201051712036		1.5215075909233093		0.181325360840559		0.362650721681118
732		20.61639079800807		1.298282504081726		1.591859559879303		0.08981000154018402		0.17962000308036805
733		20.6121898900019		1.152937650680542		1.464531781899929		0.11380201635956765		0.2276040327191353
734		20.496038233977742		1.3294819593429565		1.6195472762918472		0.20738532828688622		0.41477065657377243
735		20.47998957708478		1.2071914672851562		1.512029020588398		0.19136277111768724		0.38272554223537447
736		20.63008671696298		1.210831642150879		1.5051110648274422		0.14878902183771134		0.2975780436754227
737		20.496216124971397		1.1516377925872803		1.46290355376482		0.11677984414100646		0.23355968828201293
738		20.52022681001108		1.2076785564422607		1.498664993031025		0.09174861188530922		0.18349722377061845
739		20.61415925505571		1.163129210472107		1.4602557697701455		0.9983355669140815		1.996671133828163
740		20.638433840940706		1.4005643129348755		1.6570190778684617		0.15327137926220893		0.30654275852441787
741		20.4127944719512		1.1709188222885132		1.4854323517251016		0.2636347852230072		0.5272695704460144
742		20.49559208098799		1.168593406677246		1.4691698151230812		0.5323946069180966		1.0647892138361932
743		20.476434492971748		1.428410291671753		1.6797665879178048		0.2695081852853298		0.5390163705706597
744		20.44388399994932		1.125149130821228		1.4389632017540932		0.3407921033978462		0.6815842067956924
745		20.43665556702763		1.1006141901016235		1.428286936404705		0.18162810130119325		0.3632562026023865
746		20.41426202096045		1.0953341722488403		1.409552921216488		0.09671835482120514		0.19343670964241028
747		20.449268526979722		1.1218217611312866		1.4328796714925767		0.16579741389751435		0.3315948277950287
748		20.506895425962284		1.1948013305664062		1.4988512739634514		0.6291576985478401		1.2583153970956802
749		20.538689152919687		1.1300300359725952		1.4438324250221253		0.19508029044866562		0.39016058089733124
750		20.507409487036057		1.2052663564682007		1.5053921778941155		0.09423827224373818		0.18847654448747636
751		20.442034914973192		1.234020471572876		1.5490963427829743		0.24042102719545363		0.48084205439090727
752		20.43818126898259		1.1078401803970337		1.4179391496133804		0.09054849054515361		0.18109698109030722
753		20.499916652916		1.1429414749145508		1.4659427113676071		0.13041160253286363		0.26082320506572726
754		20.480240221018903		1.1100949048995972		1.4148742779231072		0.1124579730451107		0.2249159460902214
755		20.388758345041424		1.1030046939849854		1.4319922172617912		0.09077856499254704		0.18155712998509407
756		20.49890751997009		1.1570395231246948		1.4689022906661033		0.13784733574390412		0.27569467148780824
757		20.40620031999424		1.2612688541412354		1.56061042668581		0.1336011757850647		0.2672023515701294
758		20.457341687986627		1.1748214960098267		1.4713841096258164		0.2677818707942963		0.5355637415885925
759		20.401476603001356		1.2333338260650635		1.5276233794045448		0.09310498311519623		0.18620996623039246
760		20.452788752038032		1.1861510276794434		1.4775357759904861		0.08920973486602306		0.17841946973204612
761		20.41610104998108		1.1666755676269531		1.4727810268235206		0.09269015126824379		0.18538030253648757
762		20.437336322036572		1.1937222480773926		1.5042872551059723		0.5189586730241775		1.037917346048355
763		20.484105300041847		1.0718713998794556		1.3937713338208197		0.12616360093355178		0.25232720186710356
764		20.425987528986298		1.1939404010772705		1.4898329781484605		0.19868937348127366		0.3973787469625473
765		20.45541479997337		1.3587604761123657		1.6309679823112488		0.09351175933480263		0.18702351866960526
766		20.432469854014926		1.1510989665985107		1.4536187162208558		0.5124816383838654		1.0249632767677308
767		20.49311888392549		1.1123355627059937		1.4405171659183502		0.1179160053551197		0.2358320107102394
768		20.48679307301063		1.1081632375717163		1.443777354323864		0.14037504608631135		0.2807500921726227
769		20.410299896961078		1.1615055799484253		1.4674068330192567		0.17096056081056596		0.3419211216211319
770		20.42251246899832		1.2183758020401		1.517093558716774		1.2006072292923928		2.4012144585847857
771		20.44099177001044		1.1584933996200562		1.4616649835205078		0.20900976091623305		0.4180195218324661
772		20.448053547996096		1.1230602264404297		1.4443474534225464		0.10854133036732673		0.21708266073465346
773		20.387927602045238		1.1865696907043457		1.491836236538887		0.09514329991340638		0.19028659982681276
774		20.49728052096907		1.0545028448104858		1.3876237915062903		0.1508427739739418		0.3016855479478836
775		20.344967950019054		1.1262129545211792		1.440605386147499		0.15963681588172912		0.31927363176345824
776		20.38955664797686		1.2652391195297241		1.5576502528476714		0.11913055118322373		0.23826110236644746
777		20.54657306394074		1.1610628366470337		1.4742377128148079		0.08974567641615867		0.17949135283231735
778		20.33470888598822		1.2212148904800415		1.5089040827035904		0.09617224115729332		0.19234448231458665
779		20.399234981043264		1.1093652248382568		1.4268751943206788		0.09658387995958329		0.19316775991916657
780		20.45005669305101		1.189772129058838		1.4914043199920655		0.20701709575057028		0.41403419150114057
781		20.533036368899047		1.1459195613861084		1.4618333454608918		0.1869968061864376		0.3739936123728752
782		20.42261701298412		1.2404961585998535		1.5356750507187844		0.18236365502476692		0.36472731004953385
783		20.449684533989057		1.0600453615188599		1.3806578964662553		0.114456923609972		0.228913847219944
784		20.398111219983548		1.1583373546600342		1.4646108637499808		0.08847220087051391		0.17694440174102782
785		20.435583738959394		1.102529525756836		1.4336964648294448		0.1896266830980778		0.3792533661961556
786		20.505370688973926		1.1230459213256836		1.4396899487519264		0.12285969583988189		0.24571939167976378
787		20.486325725913048		1.1897369623184204		1.5014240216565131		0.27909652664661405		0.5581930532932281
788		20.29481084703002		1.103601336479187		1.4299087400102615		0.1124709948182106		0.2249419896364212
789		20.398471420048736		1.1638739109039307		1.4643711444544791		0.09739698331952094		0.1947939666390419
790		20.409670202992857		1.2509822845458984		1.5320645311760903		0.31752004069685935		0.6350400813937187
791		20.373467996018007		1.3422843217849731		1.613406540122032		0.749320268857479		1.498640537714958
792		20.430141853983514		1.1475571393966675		1.4606912152314186		0.08879862664043903		0.17759725328087805
793		20.32786447799299		1.0813941955566406		1.409557200973034		0.18017438855171203		0.36034877710342406
794		20.47758286993485		1.1095607280731201		1.4255260671520233		0.10234543778300285		0.2046908755660057
795		20.444510082015768		1.2241411209106445		1.532028149344921		0.3388612561106682		0.6777225122213364
796		20.454692941973917		1.188568115234375		1.4920185762190818		0.15528808602094651		0.31057617204189303
797		20.427904797019437		1.1052128076553345		1.422531432569027		0.4144176570057869		0.8288353140115738
798		20.540718280011788		1.1409597396850586		1.451253094251156		0.1024795395821333		0.2049590791642666
799		20.78389911004342		1.081128716468811		1.4075522661590576		0.1584830859899521		0.3169661719799042
800		20.47991684603039		1.1017968654632568		1.4131475408792495		0.14800005282759665		0.2960001056551933
801		20.448941839975305		1.1658647060394287		1.4713611897420884		0.36045847580432894		0.7209169516086579
802		20.567770302994177		0.9963158369064331		1.3370573705554007		0.18134046393036843		0.36268092786073686
803		20.51577040506527		1.3114733695983887		1.5995110869288445		0.09410037447810173		0.18820074895620345
804		20.448765264009126		1.0646641254425049		1.393710200819969		0.1030620863378048		0.2061241726756096
805		20.474375479039736		1.2616633176803589		1.5616645299458505		0.1567532846748829		0.3135065693497658
806		20.499884951044805		1.097306251525879		1.4146504037070273		0.14221288987994193		0.28442577975988387
807		20.433177698985673		1.1366161108016968		1.4504932587790489		0.10529450838565826		0.21058901677131653
808		20.435430425102822		1.1864962577819824		1.4993464990067482		0.15042430610656737		0.30084861221313475
809		20.416165268979967		1.1180694103240967		1.4392510089039803		0.09145872461795806		0.18291744923591613
810		20.36103962000925		1.1076644659042358		1.4212486300468445		0.11121903716921806		0.22243807433843613
811		20.392908342997544		1.0750657320022583		1.3913885912036896		0.10406432012021542		0.20812864024043085
812		20.46969432604965		1.1455951929092407		1.4511285424900056		0.1805508644759655		0.361101728951931
813		20.481605713022873		1.1184539794921875		1.448100652835369		0.20246453553438187		0.40492907106876375
814		20.344769733026624		1.081235408782959		1.4142786556029319		0.10599398679733277		0.21198797359466554
815		20.469074250082485		1.0092589855194092		1.3439661988568306		0.09596278861761093		0.19192557723522186
816		20.461851839907467		1.1074811220169067		1.4196302865552903		0.09051661081314087		0.18103322162628174
817		20.451461103977636		1.150294303894043		1.4587067832803726		0.21371603432893754		0.4274320686578751
818		20.45223742502276		1.140730857849121		1.4575906764936448		0.10913297308683395		0.2182659461736679
819		20.387174325995147		1.1205639839172363		1.4231494098496438		0.14445089393258095		0.2889017878651619
820		20.37729766103439		1.1051684617996216		1.435701646015644		0.08990001934170723		0.17980003868341446
821		20.464151130989194		1.0793215036392212		1.4017739406061172		0.2601321919083595		0.520264383816719
822		20.371713698958047		1.059070110321045		1.3843645629787444		0.11184270384311676		0.22368540768623352
823		20.503760074963793		1.1058741807937622		1.4229490924429893		0.14989026017189025		0.2997805203437805
824		20.411370923975483		1.1578751802444458		1.4720774095225335		0.1835652826011181		0.3671305652022362
825		20.483317665057257		1.0877841711044312		1.410375797498226		0.13639363783597946		0.27278727567195893
826		20.56581932597328		1.0309940576553345		1.3662825542211532		0.29928467936515807		0.5985693587303161
827		20.599185914034024		1.1215928792953491		1.4403970568799973		0.29883978458642957		0.5976795691728591
828		20.454822683008388		1.066339135169983		1.3887046540927888		0.10607293932437897		0.21214587864875795
829		20.54356512997765		1.0310757160186768		1.369789544608593		0.15718638634085655		0.3143727726817131
830		20.34120950102806		1.2052804231643677		1.5086555306982994		0.2648636030673981		0.5297272061347962
831		20.346194352023304		1.1001486778259277		1.4179919495677948		0.14709624877572058		0.29419249755144117
832		20.374367219978012		1.0983245372772217		1.419594348218441		0.09106258125603199		0.18212516251206398
833		20.39463767502457		1.1082112789154053		1.4296941681694983		0.08552545731067658		0.17105091462135316
834		20.299636036972515		1.0953950881958008		1.4197568400478362		0.1073388761997223		0.2146777523994446
835		20.45525037799962		1.1301301717758179		1.4461382640337943		0.08519852938950062		0.17039705877900124
836		20.477901448961347		1.0889055728912354		1.4070921704053878		0.3638151338636875		0.727630267727375
837		20.5158912029583		1.087766170501709		1.4285944521856309		0.13506145386099816		0.2701229077219963
838		20.44682087097317		1.0618972778320312		1.3867864910554886		0.08594644680023193		0.17189289360046386
839		20.344650338985957		1.1511160135269165		1.4665391547250748		0.08765723819434643		0.17531447638869285
840		20.347725893952884		1.0330809354782104		1.3737019928598404		0.17556364164948463		0.35112728329896925
841		20.36424370307941		1.1323275566101074		1.446721951534748		0.21157353429198264		0.4231470685839653
842		20.471901851939037		1.2487701177597046		1.5443409636330605		0.13253902879953383		0.26507805759906766
843		77.88414160092361		1.0724670886993408		1.4011144421339035		0.14057487094402313		0.28114974188804626
844		20.58435331506189		1.036500334739685		1.365379544916153		0.10719641618132592		0.21439283236265183
845		20.46474702807609		1.076933741569519		1.3884483654594422		0.10788709047436715		0.2157741809487343
846		20.435273746959865		1.1992350816726685		1.5025313085961343		0.10131409380137921		0.20262818760275841
847		20.486410735058598		1.0732905864715576		1.3912648519968986		0.09436342016756534		0.18872684033513068
848		20.518906915094703		1.0656154155731201		1.3921896225333215		0.1526275576233864		0.3052551152467728
849		20.49169735808391		1.0698641538619995		1.3978138708662986		0.0946806533396244		0.1893613066792488
850		20.301585586043075		1.0714081525802612		1.3985279949688911		0.09508987442851066		0.19017974885702132
851		20.542894109967165		1.0076148509979248		1.3445788727355004		0.33443547228574755		0.6688709445714951
852		20.323567904066294		1.0818122625350952		1.3989089659953118		0.08526354754865169		0.17052709509730338
853		20.58613091998268		1.1167335510253906		1.4259977475190162		0.0887158539712429		0.1774317079424858
854		20.460500339977443		1.036747694015503		1.3671413755726813		0.12081520593762397		0.24163041187524795
855		20.556465497007594		1.0413157939910889		1.3695857919192314		0.09150999852716923		0.18301999705433847
856		20.54376255394891		1.087296962738037		1.4006433084964751		0.1765045578598976		0.3530091157197952
857		20.438222656026483		1.0118149518966675		1.351094821088314		0.09308370707035064		0.1861674141407013
858		20.392445274046622		1.1146812438964844		1.4342144540953636		0.14991812059879303		0.29983624119758606
859		20.44800482399296		1.0739736557006836		1.397245412094593		0.09335364803075791		0.18670729606151582
860		20.464771104976535		1.1226708889007568		1.4308742000389099		0.4015819175720215		0.803163835144043
861		20.578436039970256		1.1525423526763916		1.460228644528389		0.22201548877358437		0.44403097754716875
862		20.36416370992083		0.9757603406906128		1.312435660059452		0.22274104439616205		0.4454820887923241
863		20.423111650976352		1.1016366481781006		1.4207575418877603		0.47379106444120406		0.9475821288824081
864		20.500155523070134		1.1188347339630127		1.4392534318852424		0.0903437059879303		0.1806874119758606
865		20.522406104020774		1.007045865058899		1.3449895382499695		0.2857596859574318		0.5715193719148636
866		20.414194630924612		1.0695245265960693		1.3876651693010331		0.08796322125792504		0.17592644251585007
867		20.534031121991575		1.1167758703231812		1.4316511285161972		0.1051059553861618		0.2102119107723236
868		20.54422404395882		1.0238229036331177		1.3548753502082824		0.15151187782883643		0.30302375565767287
869		20.44777409604285		1.0498650074005127		1.3850434627795218		0.11141437633037567		0.22282875266075133
870		20.539629256003536		1.0371013879776		1.371654985332489		0.2771559759616852		0.5543119519233703
871		20.456701143993996		1.02190101146698		1.3545403745508193		0.0901828756302595		0.180365751260519
872		20.429840645985678		1.0084375143051147		1.351371972475052		0.20534583497643472		0.41069166995286943
873		20.532859120052308		1.0992759466171265		1.4183591825175286		0.16482296640276908		0.32964593280553817
874		20.473731927922927		1.0404330492019653		1.3678009746432305		0.2501101760685444		0.5002203521370888
875		20.492529525072314		1.0600780248641968		1.3833357316946984		0.460266148352623		0.920532296705246
876		20.473192958976142		1.002327561378479		1.332946671833992		0.09033341240584851		0.18066682481169702
877		20.384819004917517		1.0163744688034058		1.3516815010404586		0.0908844757169485		0.181768951433897
878		20.536755510955118		1.0923773050308228		1.4061363225889205		0.12403690982460976		0.2480738196492195
879		20.455518587026745		1.159294843673706		1.4705672872591018		0.09695729641020298		0.19391459282040596
880		20.437417312990874		1.046451449394226		1.3834268177437783		0.08845379428267479		0.17690758856534958
881		20.461024168063886		1.030641794204712		1.3653051761579513		0.3810703288316727		0.7621406576633454
882		20.381052160984837		1.0801912546157837		1.4080550255393982		0.10105515471100807		0.20211030942201613
883		20.433045499958098		0.9510522484779358		1.3010679337096214		0.11909930871725083		0.23819861743450166
884		20.42379865399562		1.0792193412780762		1.3958222780561447		0.09157480094730854		0.18314960189461707
885		20.383976547047496		1.1877176761627197		1.4757383188438415		0.10029128279089927		0.20058256558179854
886		20.352910776040517		1.0881261825561523		1.4073716121172906		0.08486792996525765		0.1697358599305153
887		20.349173506023362		1.0923550128936768		1.403982523496151		0.2645215171575546		0.5290430343151092
888		20.524200006038882		1.0547118186950684		1.3837328297710418		0.08702123356759549		0.17404246713519098
889		20.521886178059503		1.0375839471817017		1.3732323680233955		0.11564764612913132		0.23129529225826265
890		20.425100491032936		1.069212794303894		1.4022723984026908		0.10136913918852807		0.20273827837705613
891		20.5322692230111		1.068346619606018		1.3985811193394662		0.15772484776377677		0.31544969552755353
892		20.50965611706488		1.1524968147277832		1.4639839427804946		0.11568006758093834		0.23136013516187667
893		20.455831268103793		1.0157079696655273		1.353140193939209		0.18062137066721917		0.36124274133443834
894		20.486639661947265		1.0005431175231934		1.3385149291753768		0.15625852947235108		0.31251705894470216
895		20.469918840914033		1.0313764810562134		1.3622751685357093		0.0847194439291954		0.1694388878583908
896		20.539876441005617		1.0081205368041992		1.3363041949033738		0.13552974591851236		0.2710594918370247
897		20.49061205703765		1.0155117511749268		1.3476343059372902		0.1345505189061165		0.269101037812233
898		20.46812525310088		0.9806883931159973		1.320370538856983		0.08548431266844272		0.17096862533688545
899		20.4916779139312		0.990105152130127		1.3263548537564278		0.11705930645465851		0.23411861290931701
900		20.36828338401392		1.0466095209121704		1.3778765604877472		0.10133448232710361		0.20266896465420722
901		20.564330838038586		0.9819194078445435		1.3218309472966194		0.09970670068264008		0.19941340136528016
902		20.44457255594898		1.038174033164978		1.3760825832605361		0.08343725453615189		0.16687450907230378
903		20.474750695982948		1.0138643980026245		1.350544092283249		0.13073052186369896		0.2614610437273979
904		20.4071993510006		1.1368598937988281		1.4466100235772132		0.30407192783355713		0.6081438556671143
905		20.52911475300789		0.9749432802200317		1.3188594770741462		0.334085268586874		0.668170537173748
906		20.489248070050962		0.9800130724906921		1.3204093864369393		0.08669512538313866		0.17339025076627732
907		20.533894219901413		1.012195110321045		1.3527585298418998		0.08990544944405555		0.1798108988881111
908		20.526529985945672		0.9765625		1.3175127699184417		0.10988608909249306		0.21977217818498612
909		20.477428143960424		1.0417392253875732		1.37381074385643		0.1605855917096138		0.3211711834192276
910		20.464294065954164		1.1106997728347778		1.4414783113718033		0.24758277594447137		0.49516555188894273
911		20.456977942958474		0.9514338970184326		1.2942201859116553		0.1080421193242073		0.2160842386484146
912		20.496976112946868		1.0050253868103027		1.339363835978508		0.08474694594740867		0.16949389189481734
913		20.47472256596666		1.045427918434143		1.3814292168092728		0.12118249245285988		0.24236498490571975
914		20.537534679984674		1.0216898918151855		1.352878397834301		0.23483406126499176		0.4696681225299835
915		20.41583921900019		1.0048739910125732		1.3503945393919945		0.22718280228972434		0.4543656045794487
916		20.56851820310112		0.9647375345230103		1.3088519504761695		0.08764110209047794		0.1752822041809559
917		20.491062918910757		1.0204743146896362		1.353243508105278		0.09640309454798698		0.19280618909597397
918		20.499416826060042		0.9988606572151184		1.3336058728718758		0.09799893154203891		0.19599786308407782
919		20.49678326700814		1.0402884483337402		1.3674855827999115		0.09858171205818653		0.19716342411637305
920		20.565628687036224		0.9741588234901428		1.3128732396125793		0.35127351177334787		0.7025470235466957
921		20.506890731980093		0.9907554388046265		1.327356152303219		0.08522239566147327		0.17044479132294654
922		20.48097912594676		1.033308506011963		1.362970180130005		0.2524826984703541		0.5049653969407082
923		20.396530830999836		0.9412831664085388		1.2828552446317674		0.08341540659368038		0.16683081318736076
924		20.41775902698282		1.030065655708313		1.3651942301154136		0.14789851869940757		0.29579703739881513
925		20.47092871903442		1.0180017948150635		1.347045106136799		0.08353513405919075		0.1670702681183815
926		20.440038686967455		1.05171799659729		1.370719513232708		0.09105382388830185		0.1821076477766037
927		20.57725642400328		0.9918160438537598		1.3259910029387474		0.09325116814672947		0.18650233629345894
928		20.573719445965253		0.9622892737388611		1.307594223496914		0.4080342588365078		0.8160685176730156
929		20.502219493035227		0.9973645806312561		1.3341239814829826		0.1681179064333439		0.3362358128666878
930		20.504970869980752		0.9500150680541992		1.296468751885891		0.08532716220915318		0.17065432441830636
931		20.490661973017268		1.0222657918930054		1.3568452943730354		0.1905256084084511		0.3810512168169022
932		20.49286877596751		0.9759966731071472		1.3136801300573349		0.125897189193964		0.251794378387928
933		20.40615263802465		1.0294992923736572		1.3506196454501151		0.12795269336104392		0.25590538672208785
934		20.51896104309708		0.9546195268630981		1.2961875901937485		0.10790253677368164		0.21580507354736328
935		20.438634016085416		1.007761001586914		1.3508624287319184		0.2726069625377655		0.545213925075531
936		20.511843805084936		0.9904893636703491		1.3342452017998696		0.12808960629105567		0.25617921258211135
937		20.426648569991812		0.9994838237762451		1.3341950485610963		0.0823146985411644		0.1646293970823288
938		20.432949892943725		0.9970980286598206		1.3376747292852402		0.35022582720518114		0.7004516544103623
939		20.519747277954593		1.0338245630264282		1.3664076748466492		0.23071972126960755		0.4614394425392151
940		20.46996846899856		1.0199060440063477		1.351050038819313		0.08640938537716865		0.1728187707543373
941		20.501270635984838		0.9957386255264282		1.3294249024629592		0.1189944173336029		0.2379888346672058
942		20.4674826329574		1.037215232849121		1.3577184787869454		0.08852725584208965		0.1770545116841793
943		20.407746043987572		1.0007202625274658		1.329701019306183		0.13983025845885277		0.27966051691770555
944		20.45956038904842		0.9769935607910156		1.319156816778183		0.08811165452897549		0.17622330905795097
945		20.510387571994215		0.9894724488258362		1.3257866965222358		0.14236260020136834		0.2847252004027367
946		20.467736580991186		0.9660021662712097		1.3094172897934913		0.37433364239931105		0.7486672847986221
947		20.45702898898162		0.9452250599861145		1.2940166651844978		0.09138065999150276		0.18276131998300552
948		20.44211995101068		1.0247918367385864		1.3536840872240066		0.08139528710842132		0.16279057421684265
949		20.512726238928735		1.0308644771575928		1.364679320218563		0.08210805910825729		0.16421611821651458
950		20.42264880205039		1.0657453536987305		1.385253029999733		0.10859689349532127		0.21719378699064254
951		20.4206016829703		0.9677262306213379		1.3072915730881691		0.08139471622407436		0.16278943244814872
952		20.51199264090974		0.9474073052406311		1.298191465754509		0.1304191816329956		0.2608383632659912
953		20.457801877055317		0.95124351978302		1.2984723908543587		0.08736096921861172		0.17472193843722345
954		20.414716302067973		0.9562015533447266		1.3094247899246216		0.14111512008309365		0.2822302401661873
955		20.518081331974827		1.0183968544006348		1.3440311164021492		0.3866961691737175		0.773392338347435
956		20.425654459977522		0.9383946657180786		1.286072768559456		0.6349051750183106		1.2698103500366211
957		20.393682938069105		0.9859510064125061		1.3185517654013634		0.2438561268210411		0.4877122536420822
958		20.411418609903194		0.9612153768539429		1.3061555087471008		0.18382305198311805		0.3676461039662361
959		20.61079276201781		0.9118457436561584		1.263168360979557		0.18586061862111092		0.37172123724222184
960		20.528778894105926		1.0133488178253174		1.3442512370657922		0.08655095352232456		0.17310190704464912
961		20.427678095991723		0.9617598056793213		1.3051379712057114		0.5019262310504913		1.0038524621009826
962		20.475369257037528		0.9815000295639038		1.324043301115036		0.3941904668092728		0.7883809336185456
963		20.425000091083348		1.0156036615371704		1.3440034892892838		0.10596969956457615		0.2119393991291523
964		20.448297503986396		0.9881261587142944		1.3339343302369118		0.16854609575271606		0.3370921915054321
965		20.499710198957473		0.9336113929748535		1.2887478461575508		0.13312330679893494		0.2662466135978699
966		20.484740355983377		0.9702596664428711		1.316016597239971		0.09628454664945603		0.19256909329891206
967		20.39157327497378		0.9918480515480042		1.3330305127191544		0.27775013046860697		0.5555002609372139
968		20.545725284027867		0.978512704372406		1.3168084584164619		0.09734835463166237		0.19469670926332475
969		20.423385881003924		0.9677165150642395		1.311298887503147		0.08811093800067901		0.17622187600135802
970		20.384057183982804		0.934158980846405		1.2873281206035614		0.08254573122859		0.16509146245718
971		20.469092266983353		0.9275349974632263		1.2842042715978623		0.19739749259352685		0.3947949851870537
972		20.544864024035633		1.0167531967163086		1.351065570766926		0.09267729686796665		0.1853545937359333
973		20.53599584195763		0.9797298312187195		1.3247445277500152		0.08864402903020382		0.17728805806040765
974		20.484914932050742		0.9645617604255676		1.2958982910466195		0.08112615997195244		0.16225231994390488
975		20.452284072060138		1.0031870603561401		1.3397203751158715		0.10923517857789994		0.21847035715579988
976		20.39485189691186		0.9660159349441528		1.3019411174178124		0.08391654303371907		0.16783308606743813
977		20.497749933041632		0.9434130191802979		1.2871261979103088		0.2916930316030979		0.5833860632061958
978		20.486998567008413		0.9900657534599304		1.331753287806511		0.11996172265410424		0.23992344530820847
979		20.42519353807438		1.0220544338226318		1.3580839436769485		0.09275761083364487		0.18551522166728973
980		20.473755342070945		0.9147838950157166		1.2664000824165345		0.20007532517313958		0.40015065034627917
981		20.439533016993664		0.9795503616333008		1.32354417937994		0.08469847390055657		0.16939694780111314
982		20.384290067013353		0.9413211345672607		1.2852910855078696		0.17317542572021485		0.3463508514404297
983		20.494754712912254		0.9419304728507996		1.2848912157845498		0.0823892014592886		0.1647784029185772
984		20.431132233003154		0.9766285419464111		1.321041420149803		0.19953847136497496		0.3990769427299499
985		20.374882107949816		0.9727717638015747		1.3126538375759125		0.10316800878643989		0.20633601757287978
986		20.44944283599034		0.9181703925132751		1.266173297483921		0.08803686980605126		0.17607373961210251
987		20.516602837014943		0.9798248410224915		1.3199453662967682		0.08066374345123768		0.16132748690247536
988		20.50978480197955		0.9358625411987305		1.285639238498211		0.09244211660623551		0.18488423321247102
989		20.398960695019923		0.9735628366470337		1.3180866720461846		0.09532389076054096		0.19064778152108192
990		20.5077007439686		0.9099244475364685		1.2630353305673598		0.08609210651814937		0.17218421303629874
991		20.472951416973956		0.9384760856628418		1.2801323133945466		0.08418808569014072		0.16837617138028144
992		20.44642281893175		0.9436694979667664		1.2816915660095214		0.09160389012694359		0.18320778025388718
993		20.624809704022482		0.9801746010780334		1.3196755975484848		0.16201774376630784		0.3240354875326157
994		20.516537296003662		0.9259761571884155		1.2790971663355828		0.08085276454687118		0.16170552909374236
995		20.485646051936783		0.9111904501914978		1.2679787827205657		0.09356232707500457		0.18712465415000915
996		20.366267320001498		1.0316247940063477		1.3661615210151672		0.24918085059523581		0.49836170119047163
997		20.487849134020507		0.9461442828178406		1.2892304826927186		0.08560579971969128		0.17121159943938255
998		20.42495123599656		0.9464932084083557		1.2864319172215462		0.08025333499014378		0.16050666998028756
999		20.40851054294035		0.9720731973648071		1.315425962498188		0.2580761956632137		0.5161523913264274
1000		20.370091120013967		0.9361846446990967		1.2795556230282783		0.12089036883711815		0.2417807376742363
1001		20.57656021497678		0.9670519828796387		1.3036421185684204		0.08263751036524773		0.16527502073049546
1002		20.52381501707714		0.946314811706543		1.287649519367218		0.08278985490500927		0.16557970981001854
1003		20.412289911997505		0.9094598293304443		1.265142632985115		0.08231281327605247		0.16462562655210494
1004		20.35711786407046		0.9347056746482849		1.2898559031295775		0.08027045989334583		0.16054091978669166
1005		20.303557532955892		0.9390523433685303		1.2868719901013375		0.13671509564518927		0.27343019129037854
1006		20.35504330508411		0.9249563813209534		1.2718368065857888		0.08229863739609718		0.16459727479219435
1007		20.538252714904957		0.9085003733634949		1.2562834526515008		0.09765358451604843		0.19530716903209686
1008		20.414269902044907		0.9493774175643921		1.292883118033409		0.09964190479516984		0.19928380959033967
1009		20.368782166042365		0.8974881172180176		1.249551180973053		0.09386664379835129		0.18773328759670257
1010		20.374642541981302		1.002690315246582		1.3492307749223709		0.1398540991961956		0.2797081983923912
1011		20.483071903930977		0.9019237756729126		1.25750508654356		0.11031124477982521		0.22062248955965041
1012		20.472531654057093		0.9327288866043091		1.284049993648529		0.18685902109146119		0.37371804218292237
1013		20.514952084049582		1.0167651176452637		1.3436881663632392		0.08033169890344143		0.16066339780688285
1014		20.471324002020992		0.9455910921096802		1.2828289185619355		0.20956557407975196		0.4191311481595039
1015		20.44468622794375		0.9046738743782043		1.2503144089484215		0.11363200857043267		0.22726401714086533
1016		20.46484854898881		0.9414393305778503		1.2895241063022613		0.12162621816396713		0.24325243632793425
1017		20.436990617075935		0.9294403791427612		1.2797328516197204		0.11634663094878196		0.23269326189756392
1018		20.478913540020585		0.9209952354431152		1.273331192727089		0.08103379062414169		0.16206758124828338
1019		20.475192237994634		0.934045672416687		1.2824397972130774		0.09527053141593933		0.19054106283187866
1020		20.376513094990514		0.9261850714683533		1.2731678629350662		0.08401321642696857		0.16802643285393715
1021		20.398953414987773		0.9044945240020752		1.2529998635840416		0.19725618253946303		0.39451236507892606
1022		20.457762320060283		0.9613755941390991		1.2983106055164337		0.11667234470844269		0.23334468941688538
1023		20.49989691202063		0.9506409764289856		1.2994247238636016		0.10396107571721076		0.20792215143442153
1024		20.557919363025576		0.880548357963562		1.2318543921828269		0.11838359547257424		0.23676719094514848
1025		20.393845641054213		0.897760272026062		1.2560775118160248		0.10378320228457451		0.20756640456914902
1026		20.374329542042688		0.9093143343925476		1.2643977731752396		0.08524536973834038		0.17049073947668075
1027		20.44547556398902		0.9338344931602478		1.2793726571416855		0.09119184993505478		0.18238369987010955
1028		20.554464011103846		0.930595338344574		1.2799860585045815		0.4363694332063198		0.8727388664126396
1029		20.51407397398725		0.8984589576721191		1.2516059717035293		0.08529425022602082		0.17058850045204163
1030		20.375882465974428		0.8794873952865601		1.2297065247416497		0.083863591375947		0.167727182751894
1031		20.401238510967232		0.8810498714447021		1.2366796503281594		0.13883783659338952		0.27767567318677905
1032		20.422349508968182		0.9258989095687866		1.269873358914852		0.09764920586943626		0.19529841173887252
1033		20.351997338002548		0.8903982043266296		1.2346766460084915		0.07918164283633232		0.15836328567266464
1034		20.419390787021257		0.9005677103996277		1.2495368264842033		0.12556000301241874		0.25112000602483747
1035		20.345178249990568		0.9160923957824707		1.2681021697402		0.09404030656218529		0.18808061312437058
1036		20.43401323002763		0.9139581918716431		1.2637563488817214		0.0807677702575922		0.1615355405151844
1037		20.474029971985146		0.9324324131011963		1.277958966577053		0.23706481322646142		0.47412962645292284
1038		20.43320348195266		0.880007266998291		1.2326883004808427		0.1677825389623642		0.3355650779247284
1039		20.396445468999445		0.925674557685852		1.2807176003360747		0.08028361586928368		0.16056723173856735
1040		20.398929535062052		0.9043680429458618		1.2607553304076196		0.42797899260520933		0.8559579852104187
1041		20.40309472195804		0.8945146799087524		1.248752112851143		0.07925798428058624		0.15851596856117248
1042		20.32880831696093		0.8873275518417358		1.2366787768411636		0.09565446291267872		0.19130892582535744
1043		20.425551482010633		0.9257098436355591		1.2779629580020904		0.23903116240501404		0.4780623248100281
1044		20.428921628044918		0.8930055499076843		1.240569405939579		0.08418456947505475		0.1683691389501095
1045		20.423374908976257		0.9413987994194031		1.288094985437393		0.19114047515392305		0.3822809503078461
1046		20.44636142498348		0.9186607003211975		1.2697556366848946		0.1002074481189251		0.2004148962378502
1047		20.43069818604272		0.9125645756721497		1.2617912305998802		0.08065333063304424		0.16130666126608847
1048		20.4356596149737		0.8802809715270996		1.2301384657883645		0.22144308560490608		0.44288617120981216
1049		20.38103440706618		0.9303095936775208		1.2836543450069426		0.2040127841591835		0.408025568318367
1050		20.3162975119194		0.8733280301094055		1.2315284957575798		0.10670122865736485		0.2134024573147297
1051		20.381865743082017		0.8652411699295044		1.2224648745203017		0.08125308414697648		0.16250616829395295
1052		20.38242551498115		0.8777716755867004		1.2390061573672295		0.08092896084785461		0.16185792169570923
1053		20.365622029057704		0.8877132534980774		1.2436544442152977		0.08208584368526936		0.16417168737053872
1054		20.424132450018078		0.9006374478340149		1.2523979414796829		0.12288443407416344		0.24576886814832688
1055		20.525099903927185		0.9012477993965149		1.2546751596307755		0.15932817709445954		0.3186563541889191
1056		20.504907349008135		0.8954253196716309		1.2495938802194595		0.20904627578258514		0.4180925515651703
1057		20.480030638049357		0.8638510704040527		1.2233617735338211		0.07864274809956551		0.15728549619913101
1058		20.55773007706739		0.9078521132469177		1.2649194466423987		0.1934883611857891		0.3869767223715782
1059		20.427347303018905		0.8601638674736023		1.217937871310711		0.09250373497009277		0.18500746994018555
1060		20.516588747967035		0.9208894371986389		1.2706134704065324		0.07998961909115314		0.15997923818230628
1061		20.408660067012534		0.871329665184021		1.2321848262572288		0.08694961701631546		0.1738992340326309
1062		20.44883765594568		0.8751906752586365		1.230826238706112		0.15025042623877524		0.3005008524775505
1063		20.407319343066774		0.8939107060432434		1.2420786155033112		0.08702543314099312		0.17405086628198624
1064		20.382682292023674		0.8690567016601562		1.231084934542179		0.08136295826733113		0.16272591653466226
1065		20.482103232992813		0.849963903427124		1.2094900704908371		0.08048603689670562		0.16097207379341125
1066		20.484598387032747		0.8990123271942139		1.2568689446258545		0.08853122306168079		0.17706244612336158
1067		20.613744048052467		0.8768438100814819		1.226544728295803		0.11374120465517044		0.2274824093103409
1068		20.51413174904883		0.8749001622200012		1.227377427558899		0.08382217977941037		0.16764435955882073
1069		20.391127768089063		0.8616801500320435		1.2202414078354835		0.096851635196805		0.19370327039361
1070		20.35712753108237		0.9030101895332336		1.2518723844885826		0.07942122639715672		0.15884245279431344
1071		20.48967115697451		0.8727869391441345		1.225866090426445		0.07941375502347946		0.15882751004695891
1072		20.48155909497291		0.841995894908905		1.2000344167709351		0.09951618449687957		0.19903236899375915
1073		20.488091708975844		0.89069002866745		1.242017155725956		0.08967849916815758		0.17935699833631516
1074		20.516555284964852		0.9107731580734253		1.267168558664322		0.08564441268146038		0.17128882536292075
1075		20.274602889898233		0.8519580960273743		1.2112249677467346		0.09054340068995953		0.18108680137991906
1076		20.374823751975782		0.8845310807228088		1.2341253030586243		0.08287401494383811		0.16574802988767623
1077		20.38259845599532		0.8399845361709595		1.2035213752031326		0.14652698177099227		0.29305396354198454
1078		20.397639369941317		0.8672803640365601		1.2273965094161035		0.0813799999564886		0.1627599999129772
1079		20.551980245043524		0.8858702778816223		1.2345066108202933		0.09186225908398628		0.18372451816797256
1080		20.562170912045985		0.9123756289482117		1.266280765914917		0.12792835211753845		0.2558567042350769
1081		20.392903432017192		0.875808835029602		1.2307429170203208		0.10355878587663174		0.20711757175326348
1082		20.45715148106683		0.863556444644928		1.2185704044532777		0.08049941548705102		0.16099883097410203
1083		20.535450183902867		0.8609065413475037		1.2228451593279839		0.2224872731924057		0.4449745463848114
1084		20.533884155913256		0.883872926235199		1.2362622211456298		0.11736609318256379		0.23473218636512758
1085		20.480625843978487		0.8615858554840088		1.2162129192113877		0.09890938315391541		0.19781876630783082
1086		20.41210897208657		0.8738910555839539		1.2295767194402218		0.10831909873485565		0.2166381974697113
1087		20.343165479949676		0.8771798014640808		1.2318447727298736		0.08564026074707508		0.17128052149415016
1088		20.48996224300936		0.900211751461029		1.2532899354696274		0.08410833025872708		0.16821666051745415
1089		20.484204681008123		0.8791704177856445		1.2319330630254746		0.09943033682107925		0.1988606736421585
1090		20.417365430039354		0.8730428814888		1.2255202487373351		0.09156788662672043		0.18313577325344085
1091		20.537794344942085		0.8475615382194519		1.2052847280550003		0.08015886105000973		0.16031772210001946
1092		20.614892299985513		0.8661152124404907		1.2223791993021964		0.1091078412592411		0.2182156825184822
1093		20.486428471049294		0.8537852764129639		1.2084627681803704		0.12041094354987145		0.2408218870997429
1094		20.563343471032567		0.8921197652816772		1.247944937927723		0.08164172759354114		0.1632834551870823
1095		20.45929988892749		0.8565055131912231		1.2105612775993346		0.07823892376720905		0.1564778475344181
1096		20.556002554949373		0.8612341284751892		1.2210518710446359		0.07790095400810242		0.15580190801620483
1097		20.435185729060322		0.856378436088562		1.216306595582962		0.16418418618440628		0.32836837236881256
1098		20.536844238988124		0.8654107451438904		1.2257223398947716		0.0779131641536951		0.1558263283073902
1099		20.459681691019796		0.8844976425170898		1.2391866596508025		0.09578820749521255		0.1915764149904251
1100		20.498255713959225		0.8505474925041199		1.206380168287754		0.07761472314596177		0.15522944629192353
1101		20.476592384977266		0.8543446660041809		1.212366005716324		0.08805598583519458		0.17611197167038917
1102		20.518357066903263		0.8796709775924683		1.2367456577634812		0.09373137158155441		0.18746274316310882
1103		20.470654756994918		0.8327916264533997		1.1915982652401924		0.17645089383125306		0.35290178766250613
1104		20.54301314300392		0.8436849117279053		1.2000669536280633		0.08597112619280815		0.1719422523856163
1105		20.465173667063937		0.8532489538192749		1.2099467648363114		0.08343063248693942		0.16686126497387885
1106		20.411000335006975		0.890659511089325		1.2468931713104248		0.07972240079641342		0.15944480159282684
1107		20.511386706028134		0.8645312786102295		1.2199255786108971		0.0782231694996357		0.1564463389992714
1108		20.506932402029634		0.8726220726966858		1.2290599713635444		0.08175331898629665		0.1635066379725933
1109		20.443402598029934		0.8700659275054932		1.221389997589588		0.2298094664156437		0.4596189328312874
1110		20.60150597197935		0.8766409754753113		1.2299672814249993		0.13029842677712442		0.26059685355424883
1111		20.49667308491189		0.8547307848930359		1.2095788177239895		0.08226577520370483		0.16453155040740966
1112		20.41768117295578		0.8540067672729492		1.2112137065362931		0.08043817566037179		0.16087635132074357
1113		20.4582126919413		0.8238401412963867		1.1841643889045714		0.19478172822594642		0.38956345645189283
1114		20.547121422016062		0.8398923873901367		1.1990487765312194		0.1407470495700836		0.2814940991401672
1115		20.397832174086943		0.8979469537734985		1.2524362095189094		0.07869765205085277		0.15739530410170555
1116		20.368871427024715		0.8391035795211792		1.1992723467111588		0.15737329176068307		0.31474658352136614
1117		20.60146725398954		0.8342326879501343		1.1996262199306489		0.07708750963807107		0.15417501927614213
1118		20.631845065043308		0.8519462943077087		1.2089621975040437		0.18658785210251808		0.37317570420503615
1119		20.55837193201296		0.8434207439422607		1.2001601939606668		0.14193941825032233		0.28387883650064466
1120		20.48317023704294		0.8382821679115295		1.1963303628253936		0.081289003521204		0.162578007042408
1121		20.438686390058137		0.8430344462394714		1.199784597556591		0.07961159989535808		0.15922319979071617
1122		20.466171426000074		0.8710435628890991		1.229785884361267		0.15774060042500496		0.3154812008500099
1123		20.527501547010615		0.8467710018157959		1.2044799550628662		0.20623808784484862		0.41247617568969724
1124		20.560470124008134		0.8485080003738403		1.205217600183487		0.07772512983679772		0.15545025967359544
1125		20.30522362201009		0.8510362505912781		1.2069682346177102		0.07763068542778492		0.15526137085556985
1126		20.526017213007435		0.8428009748458862		1.1986362330341338		0.0776728231370449		0.1553456462740898
1127		20.536241966998205		0.8339130878448486		1.200092133359909		0.08083498066663743		0.16166996133327485
1128		20.6314704651013		0.8415360450744629		1.2024673174595832		0.07721024414896965		0.1544204882979393
1129		20.57313227292616		0.8360861539840698		1.1930685300135613		0.08948354078829289		0.17896708157658578
1130		20.367223938927054		0.8458564877510071		1.2071860079979897		0.08063558797538281		0.16127117595076562
1131		20.442457644967362		0.8593180775642395		1.216504107749462		0.08944897251427174		0.17889794502854348
1132		20.453105550957844		0.8521807789802551		1.2120234244537353		0.09765271773934364		0.19530543547868728
1133		20.45833871292416		0.8543829321861267		1.205899392387867		0.07953867406249046		0.15907734812498092
1134		20.440826463978738		0.8351027369499207		1.191016141438484		0.08594793153703213		0.17189586307406426
1135		20.477430796949193		0.8515413999557495		1.2083900960016252		0.18130765048861502		0.36261530097723005
1136		20.421858816989698		0.8662638068199158		1.2245512503910065		0.09450388869047165		0.1890077773809433
1137		20.397932135965675		0.8324451446533203		1.1962097318100928		0.08881447527706623		0.17762895055413247
1138		20.569623713963665		0.8739446401596069		1.228289480381012		0.1380777882695198		0.2761555765390396
1139		20.467588964966126		0.8414256572723389		1.2010350848293305		0.08835401015877724		0.17670802031755448
1140		20.38687133800704		0.8310628533363342		1.1885740661144257		0.07676014383137227		0.15352028766274453
1141		20.438240925897844		0.8567681312561035		1.2165409523296355		0.08566011963784695		0.1713202392756939
1142		20.60091341601219		0.8429938554763794		1.2054385219812394		0.11525362433195115		0.2305072486639023
1143		20.491954736993648		0.8587104678153992		1.2114428851556778		0.07706500550210475		0.1541300110042095
1144		20.36523884302005		0.835207462310791		1.1961767429876327		0.13203932398557663		0.26407864797115327
1145		20.566869186004624		0.83501136302948		1.1937108087444306		0.08077274897694588		0.16154549795389175
1146		20.416233488940634		0.870839536190033		1.221866060268879		0.09404714241027833		0.18809428482055665
1147		20.50062312092632		0.8244032859802246		1.189006744389534		0.07853988479077816		0.1570797695815563
1148		20.512970000039786		0.8341893553733826		1.197322712521553		0.0778205373108387		0.1556410746216774
1149		20.539555883035064		0.8418326377868652		1.199764959936142		0.12171715811491013		0.24343431622982026
1150		20.393531189998612		0.8398582339286804		1.1973441716504096		0.08352784800231457		0.16705569600462913
1151		20.57078554201871		0.8193399906158447		1.1793815078234673		0.2087666998267174		0.4175333996534348
1152		20.47327363397926		0.8247172236442566		1.1921963390517234		0.12877136569023132		0.25754273138046263
1153		20.408184212981723		0.8286040425300598		1.184828249104023		0.07779707494676114		0.15559414989352227
1154		20.53554454294499		0.809455156326294		1.1723613280320166		0.11526800832748413		0.23053601665496826
1155		20.48394524899777		0.8418282866477966		1.197638514034748		0.09305045665502548		0.18610091331005096
1156		20.53581754991319		0.831975519657135		1.1944655834126472		0.08024755875170231		0.16049511750340462
1157		20.494374883943237		0.8531720042228699		1.208657188999653		0.07678369650542737		0.15356739301085473
1158		20.40117184096016		0.8369041085243225		1.1990354849147797		0.07876242270171642		0.15752484540343284
1159		20.430691963993013		0.8100048303604126		1.174253636751175		0.08068501562774182		0.16137003125548363
1160		20.664634997956455		0.7993841767311096		1.1649638274979592		0.07668052051663399		0.15336104103326798
1161		20.498876555939205		0.8446930050849915		1.202386756863594		0.0781677872210741		0.1563355744421482
1162		20.580218903021887		0.8272829651832581		1.183548457121849		0.07727091484367847		0.15454182968735694
1163		20.494967335020192		0.8210294842720032		1.1831525254869462		0.10351137245595456		0.2070227449119091
1164		20.505337498965673		0.8156233429908752		1.176298379061222		0.09491542299985886		0.18983084599971772
1165		20.485639123013243		0.8571652770042419		1.2209773756432534		0.08285208232402802		0.16570416464805604
1166		20.606678459909745		0.80231112241745		1.1600101729488372		0.08641646286845207		0.17283292573690415
1167		20.534533445024863		0.8426771759986877		1.201624404630661		0.07891339747905732		0.15782679495811464
1168		20.530367931933142		0.8189921379089355		1.1826894353294373		0.07667654756307601		0.15335309512615203
1169		20.544906176044606		0.8114822506904602		1.169561342046261		0.07767922472059727		0.15535844944119453
1170		20.481107654049993		0.8354963064193726		1.1922656866240502		0.08310061682760715		0.1662012336552143
1171		20.644805596093647		0.8197978734970093		1.1847418321609497		0.0774589906334877		0.1549179812669754
1172		20.59609225403983		0.8168565630912781		1.1762502662491798		0.07728384789526463		0.15456769579052926
1173		20.56103952799458		0.8193762898445129		1.1828080205154419		0.07607249553203582		0.15214499106407164
1174		20.640298772021197		0.8113427758216858		1.1737375715446472		0.07691245538890362		0.15382491077780724
1175		20.57763714599423		0.8245939612388611		1.1839344267463685		0.0773836689054966		0.1547673378109932
1176		20.515847758972086		0.804246723651886		1.1691211031532287		0.08236639746725559		0.16473279493451118
1177		20.571545073064044		0.8177774548530579		1.1802185696852208		0.07814401815235615		0.1562880363047123
1178		20.59001551300753		0.8017122745513916		1.171221960299015		0.07684923217594623		0.15369846435189247
1179		20.606573994038627		0.8353331685066223		1.1942439561128617		0.07639929107427597		0.15279858214855194
1180		20.551340238074772		0.8126019835472107		1.1745608063530921		0.07649894430041314		0.15299788860082628
1181		20.525869205011986		0.8230559825897217		1.1810813839530945		0.08649867866635323		0.17299735733270646
1182		20.462975269998424		0.8434048891067505		1.1973426724100114		0.0907707944303751		0.1815415888607502
1183		20.450593509012833		0.816153347492218		1.1734605553579331		0.07696273750662803		0.15392547501325607
1184		20.652088996954262		0.8275153636932373		1.190088840584755		0.076183175650239		0.152366351300478
1185		20.445470873033628		0.8097164034843445		1.1697418795895576		0.0767142238855362		0.1534284477710724
1186		20.47247079096269		0.8216410875320435		1.1824556760931015		0.0794949267923832		0.1589898535847664
1187		20.387631907942705		0.8127610683441162		1.1760362604141235		0.10253634065389633		0.20507268130779266
1188		20.40332547505386		0.8261603713035583		1.185736631588936		0.08242754782438279		0.16485509564876558
1189		20.38712539698463		0.8226239085197449		1.181929852666855		0.11409147315621376		0.22818294631242753
1190		20.520858215983026		0.8201650381088257		1.1792461437749864		0.0855917705476284		0.1711835410952568
1191		20.508281970978715		0.8126633167266846		1.178394335501194		0.08062249328792095		0.1612449865758419
1192		20.556120710098185		0.8448976874351501		1.2038955381250382		0.07759562807679177		0.15519125615358353
1193		20.369617971009575		0.8097749948501587		1.1685981185412406		0.10209533872008324		0.20419067744016647
1194		20.440983262029476		0.809840738773346		1.17203532497406		0.07621950734555721		0.15243901469111443
1195		20.491894223028794		0.8048468828201294		1.1699879793715477		0.07616681172549725		0.1523336234509945
1196		20.394216542015783		0.8129310607910156		1.1799107071447372		0.09474866230487823		0.18949732460975646
1197		20.539173873956315		0.8101873397827148		1.1735692258763313		0.07647736172676087		0.15295472345352173
1198		20.532016115961596		0.8169529438018799		1.1758854944181443		0.08616155480444432		0.17232310960888864
1199		20.500668219057843		0.8082480430603027		1.1718800298595429		0.08547634832262993		0.17095269664525986
1200		20.321936735068448		0.8322840929031372		1.1875725924468041		0.0778098802804947		0.1556197605609894
1201		20.515145011944696		0.8179817795753479		1.1795399975919723		0.07826508212089539		0.15653016424179078
1202		20.49279445700813		0.8042935729026794		1.1675632761836052		0.096067499178648		0.192134998357296
1203		20.495834941975772		0.8081228137016296		1.1706580874800683		0.11118813041448593		0.22237626082897186
1204		20.356203013914637		0.8022404313087463		1.1647241367781163		0.17709487051963807		0.35418974103927614
1205		20.46130126004573		0.8018086552619934		1.1608051719629764		0.11320793852210045		0.2264158770442009
1206		20.454746925039217		0.8100184798240662		1.1745561102867126		0.07612122488021851		0.15224244976043702
1207		20.408061792026274		0.7997549772262573		1.1662183868169784		0.0769265029579401		0.1538530059158802
1208		20.567950623924844		0.8072967529296875		1.1675620160913467		0.08374233700037002		0.16748467400074005
1209		20.485065942979418		0.809347927570343		1.1722571125340462		0.08336432379484177		0.16672864758968353
1210		20.448121689027175		0.8117649555206299		1.1760865878605842		0.08953201648890972		0.17906403297781945
1211		20.405256704078056		0.8076289892196655		1.1713973273587226		0.07554174155294895		0.1510834831058979
1212		20.402831007028		0.8017206788063049		1.1644022395133973		0.07559560223519803		0.15119120447039605
1213		20.472939683008008		0.8052266240119934		1.164482323925495		0.09009201965928078		0.18018403931856156
1214		20.414530173991807		0.7887399196624756		1.1509981547737123		0.10760316756367684		0.21520633512735368
1215		20.54227550397627		0.8071078658103943		1.17475154201746		0.14778228531479837		0.29556457062959673
1216		20.455140304053202		0.7995857000350952		1.1623839072346687		0.07554893702566624		0.1510978740513325
1217		20.413480175076984		0.7967468500137329		1.1598856571817397		0.07825414107441903		0.15650828214883805
1218		20.408859566086903		0.7990821599960327		1.1579363036489487		0.08668217126429081		0.17336434252858163
1219		20.422473529004492		0.8255525827407837		1.1793808945035935		0.07792888685166836		0.15585777370333673
1220		20.479731940082274		0.8132050037384033		1.1750585983920097		0.07591067209243775		0.1518213441848755
1221		20.38369744794909		0.8028361797332764		1.1633949515032769		0.07615491655170918		0.15230983310341836
1222		20.46890316507779		0.7938330173492432		1.1590618956446648		0.082358016243577		0.164716032487154
1223		20.399326388025656		0.8003329634666443		1.161686169476509		0.08203205589354039		0.16406411178708077
1224		20.479908780078404		0.8034412860870361		1.1663677202415466		0.0763522647023201		0.1527045294046402
1225		20.312913893023506		0.8050274848937988		1.1663184842300416		0.07842141880989074		0.1568428376197815
1226		20.509172255988233		0.7967579364776611		1.1595579208028317		0.08493479105830193		0.16986958211660386
1227		20.40401625900995		0.7992566227912903		1.1635271966147422		0.09332412609159946		0.18664825218319891
1228		20.581682852935046		0.8051522970199585		1.163488843998909		0.07551543234288692		0.15103086468577384
1229		20.403674362925813		0.7973361611366272		1.1571538813233375		0.07596808189749718		0.15193616379499436
1230		20.410969625925645		0.8011366128921509		1.1596327288532258		0.10369654224514961		0.20739308449029922
1231		20.41560341103468		0.7992796897888184		1.1639488540506362		0.075337523534894		0.150675047069788
1232		20.43343424098566		0.7898834347724915		1.1567523800969124		0.07676376731395722		0.15352753462791444
1233		20.4554451770382		0.7998632788658142		1.1578052770972251		0.07591849747002125		0.1518369949400425
1234		20.436540968017653		0.7863524556159973		1.1485243746614455		0.0769131946593523		0.1538263893187046
1235		20.532447932986543		0.8039408922195435		1.1654796901500224		0.07662256156504155		0.1532451231300831
1236		20.613610028056428		0.8060218691825867		1.1627698830533029		0.07816042627990245		0.1563208525598049
1237		20.608971879002638		0.8033307790756226		1.1638508057522774		0.08126886885762215		0.1625377377152443
1238		20.470608875970356		0.7899118661880493		1.1510584535980224		0.07566118338108063		0.15132236676216126
1239		20.494034924078733		0.8020808100700378		1.1631248634004594		0.07570276909172535		0.1514055381834507
1240		20.462584819993936		0.8044720888137817		1.1598358312034607		0.09949750194847584		0.19899500389695168
1241		20.431984134949744		0.7937242984771729		1.1524012365555762		0.07597977282702922		0.15195954565405845
1242		20.415854302002117		0.8027620315551758		1.163735990099907		0.08249524255096913		0.16499048510193826
1243		20.46286604402121		0.7974122166633606		1.154607401635647		0.07549702129065991		0.15099404258131982
1244		20.51439874910284		0.7975872159004211		1.1567343995916843		0.0898231284737587		0.1796462569475174
1245		20.577612373046577		0.7968378067016602		1.1564435355830192		0.07981061027050018		0.15962122054100036
1246		20.494624017970636		0.7912560701370239		1.1521013343048097		0.07547437896430492		0.15094875792860984
1247		20.45223945903126		0.7938427329063416		1.1543956714582444		0.07749399838149548		0.15498799676299096
1248		20.47884494496975		0.8037216067314148		1.1662989078736306		0.0908275722682476		0.1816551445364952
1249		20.43669982603751		0.8051604628562927		1.1628792748486996		0.07966262601912022		0.15932525203824044
1250		20.41821568494197		0.7983046174049377		1.1582961708760262		0.07707442026436329		0.15414884052872657
1251		20.467582170967944		0.788719654083252		1.151766369392872		0.09001743036806584		0.18003486073613167
1252		20.545324326027185		0.7854930758476257		1.1484134803342818		0.07609873786270618		0.15219747572541237
1253		20.499849787098356		0.7989405989646912		1.1612390710306169		0.07512980496287346		0.1502596099257469
1254		20.635998558951542		0.7890927791595459		1.1498418027198314		0.07537371846735477		0.15074743693470954
1255		20.564412761013955		0.7935833930969238		1.152461887459755		0.07503433848321438		0.15006867696642875
1256		20.54097415006254		0.7940009832382202		1.1499014576220512		0.07576274152100086		0.15152548304200172
1257		20.564267514040694		0.7908248901367188		1.1496117244791983		0.07676584123969078		0.15353168247938156
1258		20.44228525692597		0.7997069954872131		1.15906913449049		0.0789037842810154		0.1578075685620308
1259		20.619607319007628		0.7916690707206726		1.1498902270746232		0.07547950347363949		0.15095900694727898
1260		20.45547467295546		0.7826153635978699		1.1446520539593696		0.07655498043894768		0.15310996087789536
1261		20.53605911892373		0.7830426096916199		1.1481689321017265		0.07654382817745209		0.15308765635490418
1262		20.442037577042356		0.784460186958313		1.1462755917358398		0.08094928707480431		0.16189857414960862
1263		20.451967158005573		0.7806327939033508		1.1422834300947189		0.07570366047620773		0.15140732095241546
1264		20.554625488934107		0.784665584564209		1.1453038905692101		0.07495575653910637		0.14991151307821274
1265		20.42463105393108		0.7906647324562073		1.154870518157482		0.07531602187156677		0.15063204374313355
1266		20.60553642595187		0.7822308540344238		1.14526614641428		0.07757409274280071		0.15514818548560141
1267		20.42959743901156		0.7890632748603821		1.1488786134767532		0.0751821420609951		0.1503642841219902
1268		20.42496815393679		0.7891015410423279		1.1470755736470222		0.07806338581442833		0.15612677162885666
1269		20.432040129904635		0.7842021584510803		1.1444508638715745		0.0756822329312563		0.1513644658625126
1270		20.456561719998717		0.7841265201568604		1.1477431974339485		0.10514167622625828		0.21028335245251656
1271		20.475811893935315		0.7861617207527161		1.1427375598430634		0.07752877295911312		0.15505754591822624
1272		20.39131937897764		0.7836558222770691		1.1451135059261321		0.07513904889822007		0.15027809779644014
1273		20.46047250693664		0.7872090339660645		1.1507954533827305		0.07519500657916069		0.15039001315832137
1274		20.540805547032505		0.7830356955528259		1.1419743038344383		0.07606570365726947		0.15213140731453895
1275		20.32579324604012		0.7864041924476624		1.1489259395384788		0.07684625740945339		0.15369251481890678
1276		20.487387389992364		0.7820164561271667		1.14265468490839		0.07493629099726677		0.14987258199453354
1277		20.55088610900566		0.7923941016197205		1.1544414406371117		0.07506052391529083		0.15012104783058167
1278		20.52554333594162		0.7855174541473389		1.1450442460119725		0.07708040655851364		0.15416081311702728
1279		20.452251754002646		0.7842515707015991		1.1430057568061351		0.08452917489409446		0.16905834978818893
1280		20.472592192003503		0.7805684208869934		1.1435196868872644		0.07499837933778764		0.14999675867557527
1281		20.46397359902039		0.7896400094032288		1.1523548389077187		0.09170768016278744		0.18341536032557487
1282		20.582791573018767		0.7811811566352844		1.1432659076857568		0.07488829178214074		0.14977658356428147
1283		20.41213636402972		0.785567581653595		1.1493723549413681		0.0748198842972517		0.1496397685945034
1284		20.526816884987056		0.7845861315727234		1.144896718325615		0.0749592760503292		0.1499185521006584
1285		20.480577421025373		0.7780612111091614		1.1372824182701111		0.07597705783545972		0.15195411567091943
1286		20.40035826805979		0.7790653705596924		1.1399518552279473		0.07594296762943267		0.15188593525886535
1287		20.461100591928698		0.7850396633148193		1.1446031252253055		0.0750518096357584		0.1501036192715168
1288		20.5014349949779		0.7792282104492188		1.1396243357539177		0.07530766775608062		0.15061533551216125
1289		20.539671157952398		0.7934000492095947		1.1506220941996574		0.08238347915112973		0.16476695830225946
1290		20.4900282130111		0.7801684737205505		1.1412885409879685		0.07502502817511558		0.15005005635023116
1291		20.671546841971576		0.7830065488815308		1.1477907239937781		0.074893637663126		0.149787275326252
1292		20.542621962027624		0.7799215912818909		1.139527727444172		0.07477161884605885		0.1495432376921177
1293		20.525144112994894		0.7850878834724426		1.1425748116016388		0.09433707025051118		0.18867414050102235
1294		20.315241331001744		0.7802481651306152		1.1409323725271225		0.07497439717054367		0.14994879434108735
1295		20.45900383393746		0.7849939465522766		1.145527524447441		0.09522058697938919		0.19044117395877838
1296		20.416016297996975		0.778601884841919		1.1362263321006298		0.07855399674773217		0.15710799349546434
1297		20.31880327395629		0.7827783226966858		1.1426098507022857		0.07545680803954602		0.15091361607909204
1298		20.478553556022234		0.7775261402130127		1.1325335879302025		0.07481671032309532		0.14963342064619065
1299		20.348001959966496		0.7816291451454163		1.1460556745362283		0.0746949246108532		0.1493898492217064
1300		20.288270553923212		0.78451007604599		1.144751106042862		0.07535136613845825		0.1507027322769165
1301		20.33749192696996		0.7799047231674194		1.137866040328741		0.07489769496619701		0.14979538993239402
1302		20.408906284021214		0.7765306830406189		1.135407141416073		0.07712080066204072		0.15424160132408143
1303		20.398369287024252		0.7819438576698303		1.1431125661396981		0.075051251450181		0.150102502900362
1304		20.34273131599184		0.7886866331100464		1.1477470779728889		0.07463245163559913		0.14926490327119826
1305		20.489656609017402		0.7790133953094482		1.1343521840202808		0.08069419295489788		0.16138838590979576
1306		20.664916786947288		0.7774331569671631		1.1401798141634465		0.07579556439518928		0.15159112879037856
1307		20.54246638598852		0.7810275554656982		1.135608698308468		0.07473646230995655		0.1494729246199131
1308		20.43895253993105		0.78205406665802		1.1388188985538483		0.07465685172080994		0.14931370344161987
1309		20.634205440990627		0.7706716060638428		1.1301615018224715		0.07452456086277962		0.14904912172555923
1310		20.553578293998726		0.7815051078796387		1.1392559136033058		0.07489700857698918		0.14979401715397836
1311		20.514813621062785		0.7749084830284119		1.1339525836014748		0.07490074056088925		0.1498014811217785
1312		20.486935682944022		0.7766452431678772		1.1334000083971023		0.0746168882071972		0.1492337764143944
1313		20.47298536298331		0.7768765687942505		1.1382199146962166		0.07476094582676887		0.14952189165353774
1314		20.64430451905355		0.7790622711181641		1.137421240029335		0.07532390813231468		0.15064781626462936
1315		20.489942083018832		0.7777056097984314		1.138617105255127		0.0751444629818201		0.1502889259636402
1316		20.372046394040808		0.7772359848022461		1.1375278163731097		0.07489615496993064		0.14979230993986128
1317		20.472348767099902		0.7810214757919312		1.136920822017193		0.07455461520254612		0.14910923040509225
1318		20.546893539954908		0.7723254561424255		1.1319409195804595		0.07844672536551953		0.15689345073103905
1319		20.49177359510213		0.7723586559295654		1.1324009685051442		0.0751322678565979		0.1502645357131958
1320		20.54310282494407		0.7730661630630493		1.1326897449982167		0.0760277742356062		0.1520555484712124
1321		20.386515600956045		0.7889554500579834		1.1470377382016181		0.074601198092103		0.149202396184206
1322		20.312847167951986		0.7719051241874695		1.132252412904501		0.07464352379441261		0.14928704758882522
1323		20.38337971502915		0.7742255926132202		1.130923123729229		0.07453809004426003		0.14907618008852005
1324		20.46954746195115		0.7795513272285461		1.1351699758100509		0.07512693126499653		0.15025386252999307
1325		20.368481045938097		0.7789408564567566		1.1343964007711411		0.07447872227430344		0.14895744454860688
1326		20.49702801706735		0.7748256921768188		1.1321481767129897		0.0744358657181263		0.1488717314362526
1327		20.480176758021116		0.7798188328742981		1.1350616940069198		0.08781368107497692		0.17562736214995384
1328		20.427970361080952		0.7729548811912537		1.1315155674982071		0.08025710709691047		0.16051421419382095
1329		20.427220575977117		0.7752745151519775		1.1341967640662194		0.07455840418338776		0.14911680836677552
1330		20.43429519899655		0.779310941696167		1.1360647494018077		0.07502770265340805		0.1500554053068161
1331		20.52830703894142		0.7724555134773254		1.1338135787987709		0.0836311779230833		0.1672623558461666
1332		20.516887031961232		0.7671788930892944		1.1276156883263588		0.07641544079482555		0.1528308815896511
1333		20.47401111596264		0.7723139524459839		1.1299751817584038		0.07475623697042465		0.1495124739408493
1334		20.426934511982836		0.7783238887786865		1.1316664646983146		0.07479952490329743		0.14959904980659486
1335		20.461611086968333		0.7738089561462402		1.129943427722454		0.07447021327018738		0.14894042654037476
1336		20.4939671989996		0.7737679481506348		1.127308926920891		0.074427214422822		0.148854428845644
1337		20.351793313981034		0.7747465968132019		1.1325098485469818		0.08272912540137768		0.16545825080275536
1338		20.40452079800889		0.768584668636322		1.1254178766775131		0.07455504857003689		0.14911009714007378
1339		20.49544234503992		0.7767720222473145		1.1327898250985144		0.07484861160516738		0.14969722321033477
1340		20.417157176998444		0.7711977958679199		1.1277834200274943		0.07446849606335162		0.14893699212670325
1341		20.6709427050082		0.7723851203918457		1.1280215121483803		0.07789083442389966		0.15578166884779932
1342		20.59949216397945		0.7724438905715942		1.1293375205969811		0.08034499160349369		0.16068998320698738
1343		20.37689853098709		0.7737513780593872		1.1305436534762383		0.07455220501720905		0.1491044100344181
1344		20.475863684085198		0.7708092927932739		1.1281774775362015		0.07652126843035222		0.15304253686070443
1345		20.437477680039592		0.7782964110374451		1.1355431282949449		0.0841185262143612		0.1682370524287224
1346		20.5380346350139		0.7680732011795044		1.1278992904829979		0.07438071780204773		0.14876143560409547
1347		20.49913446197752		0.773465633392334		1.131685053575039		0.07476581892967224		0.14953163785934448
1348		20.373847901937552		0.7690007090568542		1.124712098045349		0.0743615578353405		0.148723115670681
1349		20.34335310093593		0.770557701587677		1.1254315659999847		0.07439429524838924		0.14878859049677848
1350		20.200570234912448		0.7742869257926941		1.129130215728283		0.07671259312927722		0.15342518625855445
1351		20.490497367922217		0.771881639957428		1.1287990061664581		0.07452835904955864		0.14905671809911727
1352		20.582204277045093		0.775865375995636		1.1330620853233337		0.07542937014997006		0.15085874029994012
1353		20.53983539994806		0.7713065147399902		1.128000926091671		0.07457272177636623		0.14914544355273246
1354		20.488800303079188		0.7723131775856018		1.1299974062347413		0.07433584942221641		0.14867169884443282
1355		20.437919316929765		0.7754157781600952		1.1309579317808152		0.07456947501897812		0.14913895003795624
1356		20.370839016977698		0.769660234451294		1.1265774276065827		0.07612862530052662		0.15225725060105325
1357		20.3488253839314		0.7759653925895691		1.1334189857685566		0.07536746425330638		0.15073492850661277
1358		20.427808317006566		0.7710643410682678		1.1256772650384903		0.0750687116354704		0.1501374232709408
1359		20.40651325508952		0.7671172618865967		1.1230900439810754		0.07435636405348778		0.14871272810697556
1360		20.58629091596231		0.773452639579773		1.130556914179325		0.07611633223891258		0.15223266447782516
1361		20.435334988986142		0.7717654705047607		1.125893192641735		0.07453549271821976		0.1490709854364395
1362		20.50017980695702		0.7739585041999817		1.128454362244606		0.0754202219992876		0.1508404439985752
1363		20.590607210993767		0.769895076751709		1.1271873435211182		0.07545111113786697		0.15090222227573394
1364		20.408895637025125		0.7676003575325012		1.123930335713625		0.0745013584792614		0.1490027169585228
1365		20.38816456904169		0.7719264030456543		1.1290501066851615		0.0743106388926506		0.1486212777853012
1366		20.42381316702813		0.7701790928840637		1.1241775465011596		0.0743400280714035		0.148680056142807
1367		20.39453201100696		0.7686118483543396		1.1231788341879845		0.0743184983342886		0.1486369966685772
1368		20.4185956340516		0.7713333964347839		1.12773764965415		0.07423376428484917		0.14846752856969833
1369		20.49790584202856		0.7675485610961914		1.1241347453927995		0.07457325189113617		0.14914650378227234
1370		20.390189245925285		0.7719669342041016		1.1276440602087974		0.07433074890971184		0.14866149781942367
1371		20.515560988918878		0.7678677439689636		1.1246501077783109		0.07472126370370388		0.14944252740740777
1372		20.527947392081842		0.7676819562911987		1.1243959484338761		0.07491803684532643		0.14983607369065285
1373		20.62290320894681		0.7711434364318848		1.1250331480646134		0.07423505089879036		0.14847010179758072
1374		20.58897311601322		0.7684933543205261		1.123410766084194		0.07569105577766895		0.1513821115553379
1375		20.387267000973225		0.771399974822998		1.1275738032972813		0.07460706388354302		0.14921412776708604
1376		20.528171470970847		0.7681612968444824		1.1228879653477668		0.07423152306973935		0.1484630461394787
1377		20.54080871702172		0.769682765007019		1.1211757336258887		0.07423229305446148		0.14846458610892296
1378		20.475107292993926		0.7717589139938354		1.1259858539795875		0.07425213972330093		0.14850427944660186
1379		20.52982236002572		0.7701095938682556		1.1239671595788001		0.07421286950707436		0.1484257390141487
1380		20.58414241101127		0.7690470814704895		1.125680759189129		0.07429046715497971		0.14858093430995942
1381		20.393502464983612		0.7686050534248352		1.1231329212570191		0.07419806418716908		0.14839612837433816
1382		20.439357185037807		0.7669914364814758		1.1220206426405908		0.07441660733222961		0.14883321466445923
1383		20.484846987063065		0.7675781846046448		1.123538893610239		0.07432797269523143		0.14865594539046287
1384		20.460853956989013		0.764112114906311		1.12003232473135		0.07434934202730656		0.14869868405461312
1385		20.510971156065352		0.7689953446388245		1.1218636756527425		0.07473312394618987		0.14946624789237975
1386		20.519970271969214		0.7704108357429504		1.125939311645031		0.07452969834804535		0.1490593966960907
1387		20.43287544697523		0.7680489420890808		1.1210382122254372		0.08269289728105068		0.16538579456210137
1388		20.451537867076695		0.766900360584259		1.125263771402836		0.0742546346694231		0.1485092693388462
1389		20.465810936992057		0.7711066007614136		1.1223118989372254		0.07419778199195862		0.14839556398391723
1390		20.435733850928955		0.7672927379608154		1.120870396260023		0.07425803056955338		0.14851606113910676
1391		20.385174596100114		0.7693713307380676		1.123621110728979		0.07418146323263645		0.1483629264652729
1392		20.523250053054653		0.7658897638320923		1.1234018509352208		0.07423110564649105		0.1484622112929821
1393		20.420684571028687		0.7702023983001709		1.1233325904321672		0.07425083798766136		0.1485016759753227
1394		20.454785691923462		0.7664127349853516		1.121519186244011		0.07441702012717724		0.14883404025435448
1395		20.40842120698653		0.7711368799209595		1.125472791800499		0.07440573988258839		0.14881147976517678
1396		20.634993422892876		0.7689855098724365		1.1225951307463646		0.07440364808440209		0.14880729616880417
1397		20.518592786975205		0.7690910696983337		1.1221302502012254		0.07437499884665012		0.14874999769330025
1398		20.526641485048458		0.7698342800140381		1.1205624605298041		0.07417416299581528		0.14834832599163056
1399		20.58706109400373		0.7699116468429565		1.1241237501955033		0.074285597884655		0.14857119576931
1400		20.44380942103453		0.768229603767395		1.1232014472603797		0.07430008925795555		0.1486001785159111
1401		20.545336786890402		0.7693102359771729		1.1223606478464603		0.07417027578651905		0.1483405515730381
1402		20.53075178596191		0.7705428600311279		1.1235244474482535		0.07961684615910053		0.15923369231820106
1403		20.596212857053615		0.7679286003112793		1.1202797425961495		0.07563932028114796		0.15127864056229592
1404		20.564906596089713		0.7678638696670532		1.118987356402874		0.07424728633761406		0.14849457267522811
1405		20.476285067969002		0.7681387066841125		1.1234146141684056		0.0743934612095356		0.1487869224190712
1406		20.59955235698726		0.7701570987701416		1.125307016762495		0.07433657601773738		0.14867315203547476
1407		20.55455296393484		0.7702214121818542		1.1239091885638237		0.07421385418176651		0.14842770836353303
1408		20.54589666693937		0.7692320942878723		1.1184942684340478		0.07417904837727547		0.14835809675455094
1409		20.618326872005127		0.7682074308395386		1.1210041340577603		0.07416817520856857		0.14833635041713714
1410		20.629622226930223		0.7701717615127563		1.1202313668632506		0.0763431720405817		0.1526863440811634
1411		20.430601681931876		0.7654505968093872		1.1188436502480508		0.07415917699337006		0.14831835398674012
1412		20.646037911996245		0.7725986242294312		1.1237427118635177		0.07440956057608128		0.14881912115216256
1413		20.632989051984623		0.7662280797958374		1.1180865290665627		0.07416737729609013		0.14833475459218026
1414		20.650465722894296		0.7669929265975952		1.121201137188673		0.07488310253322124		0.14976620506644248
1415		20.570305166998878		0.7652485966682434		1.1197830937612057		0.07414445862174034		0.14828891724348067
1416		20.57383911195211		0.7691283226013184		1.121293864145279		0.07415403221249581		0.14830806442499161
1417		20.49528155301232		0.7687860727310181		1.119638540146351		0.07423882136046886		0.14847764272093772
1418		20.500897937919945		0.7683820724487305		1.122732505083084		0.07412929685413837		0.14825859370827674
1419		20.462645026040263		0.7678838968276978		1.1193818195772172		0.07414267772138118		0.14828535544276236
1420		20.446485327905975		0.7690274119377136		1.1214416053521634		0.07413396426141262		0.14826792852282525
1421		20.42429869202897		0.7653082609176636		1.1192041433739661		0.07415961352288723		0.14831922704577447
1422		20.609985935967416		0.7692728042602539		1.1181181619977951		0.07414049203693866		0.14828098407387733
1423		20.427531376015395		0.7700628042221069		1.1204637467443943		0.07415424537360668		0.14830849074721336
1424		20.471466587041505		0.7689411640167236		1.120974828003645		0.07415820279419422		0.14831640558838843
1425		20.36838328302838		0.7674622535705566		1.119397000722885		0.07520812177360058		0.15041624354720115
1426		20.460237863007933		0.7663221955299377		1.1208816590833663		0.0741263339549303		0.1482526679098606
1427		20.470372000010684		0.7662237882614136		1.1198715020489693		0.07421161673069		0.14842323346138
1428		20.65612798195798		0.7679226994514465		1.1178236964988708		0.07444800772070885		0.1488960154414177
1429		20.43810159806162		0.7688986659049988		1.1179006006336212		0.07518757710158824		0.1503751542031765
1430		20.40666607802268		0.7681013345718384		1.120799147348404		0.0741990654438734		0.1483981308877468
1431		20.59846460307017		0.7691142559051514		1.1197851621115207		0.07418122477531433		0.14836244955062866
1432		20.641882419004105		0.7672900557518005		1.1170717511260508		0.07521479227542877		0.15042958455085753
1433		20.53189750202		0.766506016254425		1.1194494047808647		0.07411160487532616		0.1482232097506523
1434		20.537021963042207		0.7664351463317871		1.1199872760128975		0.07415470229685306		0.14830940459370612
1435		20.442684039007872		0.7678580284118652		1.1191285789203644		0.0741257352590561		0.1482514705181122
1436		20.44199236505665		0.7685678601264954		1.1193096751713754		0.07414732189178466		0.14829464378356932
1437		20.59900759300217		0.7669739127159119		1.118633670296669		0.0748150270819664		0.1496300541639328
1438		20.580335585051216		0.767712414264679		1.1194448242104054		0.07433129884004593		0.14866259768009185
1439		20.510050220997073		0.7660779356956482		1.1179314830827713		0.07421427987217903		0.14842855974435806
1440		20.511624286998995		0.7686054706573486		1.1193525366294383		0.07413120965361596		0.1482624193072319
1441		20.47188824391924		0.7676016092300415		1.1197932066631318		0.07412144182622432		0.14824288365244864
1442		20.616891655954532		0.7702556848526001		1.1209361075782776		0.07413111978769302		0.14826223957538603
1443		20.475016790092923		0.7661769390106201		1.1195988646650314		0.07411521044969559		0.14823042089939117
1444		20.42941930005327		0.7695806622505188		1.120566452972889		0.07414579313397407		0.14829158626794814
1445		20.58974900795147		0.768201470375061		1.1202393039643765		0.07413447751700879		0.14826895503401757
1446		20.40260805399157		0.7676276564598083		1.1188795724213123		0.07415230613350868		0.14830461226701735
1447		20.48798216599971		0.7677221894264221		1.1198949544095993		0.07413869683742523		0.14827739367485046
1448		20.422342451987788		0.7679003477096558		1.119686041302681		0.07413693170845509		0.14827386341691018
1449		20.477937789983116		0.7715515494346619		1.119237586081028		0.0741536139190197		0.1483072278380394
1450		20.432466291007586		0.7698229551315308		1.1187338661146164		0.07411865383386612		0.14823730766773224
1451		20.44279376603663		0.7667582035064697		1.1184130303502082		0.07411827037930488		0.14823654075860976
1452		20.413960332982242		0.7692907452583313		1.1186988822686672		0.07414920379221439		0.14829840758442878
1453		20.53575069399085		0.7701625823974609		1.1193928004574776		0.07415284079015255		0.1483056815803051
1454		20.50206018006429		0.7669061422348022		1.119871993906498		0.0741382378757		0.1482764757514
1455		20.445650703040883		0.7687065601348877		1.1194685681724548		0.07412759597301483		0.14825519194602965
1456		20.39512211899273		0.7665887475013733		1.1173405860686303		0.07411897765696049		0.14823795531392098
1457		20.3841707080137		0.7692580223083496		1.121605633676052		0.07413905467391015		0.1482781093478203
1458		20.46468354703393		0.7652602195739746		1.1176549550437926		0.07412806313931943		0.14825612627863885
1459		20.41356241691392		0.7707783579826355		1.118978926370144		0.0741074446707964		0.1482148893415928
1460		20.34789036109578		0.766986608505249		1.1172596825861931		0.0741207286864519		0.1482414573729038
1461		20.372736812918447		0.7675922513008118		1.1192302540755272		0.07437950746417045		0.1487590149283409
1462		20.48768547992222		0.7662956714630127		1.1174673152911663		0.07414807748496532		0.14829615496993065
1463		20.52284101699479		0.7689001560211182		1.1197920502340795		0.07411366153955459		0.14822732307910919
1464		20.394459199975245		0.7674441933631897		1.1163949491429328		0.07411574956774712		0.14823149913549424
1465		20.443764114985242		0.7686061263084412		1.118976952944994		0.0741341725409031		0.1482683450818062
1466		20.49603500997182		0.7691830396652222		1.1184023216319083		0.07413100909292698		0.14826201818585397
1467		20.524368130019866		0.7663776874542236		1.1182290669810773		0.07411434005200863		0.14822868010401727
1468		20.476987423026003		0.7669649720191956		1.1184105579042434		0.07412125162780285		0.1482425032556057
1469		20.536648213979788		0.7705445885658264		1.1201196455001832		0.07411694987416267		0.14823389974832535
1470		20.48517882102169		0.7667969465255737		1.1200459083652496		0.07412609378397465		0.1482521875679493
1471		20.49793144594878		0.7672540545463562		1.1173579373526574		0.07411741791367531		0.14823483582735061
1472		20.509676452027634		0.7648968696594238		1.1180239064097404		0.07412025083005429		0.14824050166010858
1473		20.473798666964285		0.7725990414619446		1.1215769283533097		0.07411719858646393		0.14823439717292786
1474		20.464202851057053		0.7657639384269714		1.1177887184190751		0.07422918438017369		0.14845836876034738
1475		20.424952949979343		0.7693613767623901		1.119834018536806		0.07412064912319183		0.14824129824638366
1476		20.38821814698167		0.766736626625061		1.1182367792212964		0.07412710817456246		0.14825421634912492
1477		20.470117839053273		0.768406093120575		1.1192030136704445		0.07412764077782631		0.14825528155565262
1478		20.45373687101528		0.7689512372016907		1.1196484668707847		0.07411985611617565		0.1482397122323513
1479		20.410049155005254		0.7679951190948486		1.118725217986107		0.07412446783781051		0.14824893567562103
1480		20.409984795027412		0.7656517624855042		1.1181541950297356		0.0741203370988369		0.1482406741976738
1481		20.59522131702397		0.7679212093353271		1.120939670535326		0.07412030792534352		0.14824061585068704
1482		20.413227887940593		0.7693665623664856		1.1182924449574947		0.07411800820231437		0.14823601640462875
1483		20.310941389063373		0.7698047757148743		1.1183058388328553		0.07412232678234577		0.14824465356469155
1484		20.426582204992883		0.7716327905654907		1.121041172004938		0.07412629258930684		0.14825258517861367
1485		20.579942662036046		0.7683473825454712		1.1170932599329948		0.07411985989809036		0.14823971979618072
1486		20.566854468081146		0.7666268348693848		1.118750454158783		0.07411670340001583		0.14823340680003166
1487		20.587113492074423		0.7644697427749634		1.116039429833889		0.0741198503613472		0.1482397007226944
1488		20.623364960076287		0.7670179605484009		1.1180206946372986		0.07411605144739151		0.14823210289478303
1489		20.58515732700471		0.7704759240150452		1.121739594808817		0.07411695133447647		0.14823390266895295
1490		20.43518477899488		0.7659990191459656		1.1189578746831417		0.074116836181283		0.148233672362566
1491		20.455997455050237		0.7693052887916565		1.1183107171559334		0.07411783963739872		0.14823567927479744
1492		20.506095131044276		0.7717622518539429		1.1230224236011506		0.074118667024374		0.148237334048748
1493		20.504987439955585		0.7708080410957336		1.11995758163929		0.074118844678998		0.148237689357996
1494		20.442490612971596		0.766740620136261		1.119669734774828		0.07411767517030239		0.14823535034060478
1495		20.473269643029198		0.7642563581466675		1.1162940241146089		0.07411801927089691		0.14823603854179382
1496		20.420563632971607		0.7701441049575806		1.1184005276954174		0.07411796281039715		0.1482359256207943
1497		20.420262768981047		0.7708097696304321		1.1191374350488186		0.07411778402030468		0.14823556804060936
1498		20.468660978018306		0.7685610055923462		1.1216777483892442		0.0741177638232708		0.1482355276465416
1499		20.44095096294768		0.7689226269721985		1.1198861601126193		0.07411771661639213		0.14823543323278426