Epoch	Duration				Loss Step Train			Loss Full Train			Loss Step Test			Loss Full Test
0		17.55018730397569		30.36236572265625		33.82915324220657		2.600121824359894		5.200243648719788
1		16.764073150989134		28.717609405517578		31.101916494083405		2.9667368834495544		5.933473766899109
2		16.693116731999908		25.4814510345459		27.78256868209839		3.7454777567863466		7.490955513572693
3		16.508254693995696		45.71998977661133		45.273716418743135		1.6387732603788376		3.2775465207576753
4		16.419919690000825		53.6776237487793		52.629505414390565		1.1944684916496278		2.3889369832992555
5		16.573124927002937		67.67090606689453		65.34848584723473		1.0398087171077728		2.0796174342155456
6		16.713668140000664		62.51091003417969		59.53361541013717		1.2188951653003692		2.4377903306007385
7		16.77290590701159		22.695940017700195		29.050541871619224		1.4088687613606452		2.8177375227212904
8		16.584717655961867		13.433126449584961		20.076774429106713		0.6242330277502537		1.2484660555005074
9		16.58976091997465		12.188044548034668		18.25791561355591		0.6926230119526386		1.3852460239052773
10		16.749446130997967		11.816133499145508		17.38038024902344		0.7048486439049244		1.4096972878098488
11		16.789430854958482		11.435845375061035		17.183366605067253		0.6834266959190368		1.3668533918380736
12		16.748285170993768		10.300505638122559		15.304531967496873		0.5113622512996197		1.0227245025992393
13		16.860487063007895		7.9070234298706055		11.888131184577942		0.7261868910312652		1.4523737820625304
14		16.96784773102263		6.110259056091309		9.46848591336012		0.7798075388908386		1.5596150777816773
15		16.66551611199975		5.552407741546631		8.653527597939968		0.5515674195885658		1.1031348391771316
16		16.67263259901665		5.438756465911865		8.512608044004441		0.6050516273796558		1.2101032547593116
17		16.73134887003107		5.321159839630127		8.278038865029812		0.47458223288059237		0.9491644657611847
18		16.88380235299701		5.226218223571777		8.123952372527123		0.5276110638201237		1.0552221276402474
19		16.841408099979162		5.228887557983398		8.1108029925704		0.5672917374551296		1.1345834749102592
20		16.957410665985662		5.17597770690918		8.04127081887722		0.5276347729742527		1.0552695459485053
21		16.730064114031848		5.129034042358398		7.969721528756619		0.46770324673652647		0.9354064934730529
22		16.854737140994985		5.032715320587158		7.855387741303444		0.577284552204609		1.154569104409218
23		16.831820690014865		4.99628210067749		7.868710445547104		0.44631262850761416		0.8926252570152283
24		16.68688035401283		5.0062971115112305		7.813706837749481		0.5513970502376556		1.1027941004753112
25		16.67085978400428		4.9575910568237305		7.786667501747608		0.6656647170484066		1.3313294340968131
26		16.97029962897068		4.913949012756348		7.722088467121124		0.4572717881679535		0.914543576335907
27		16.94069177901838		4.911698818206787		7.681657188141346		0.494001118516922		0.988002237033844
28		16.828872002020944		4.941473007202148		7.769127516019345		0.5324970615446567		1.0649941230893134
29		16.877376703952905		4.9020233154296875		7.696899116206169		0.4580196092009544		0.9160392184019088
30		16.825766026973724		4.910215854644775		7.637943721616268		0.4548484396934509		0.9096968793869018
31		16.821437211998273		4.887053966522217		7.670845224988461		0.4514939240515232		0.9029878481030464
32		16.86581018997822		4.817053318023682		7.573496455299854		0.4347212882697582		0.8694425765395164
33		16.982598938047886		4.866698741912842		7.616707322955132		0.5467814850270748		1.0935629700541496
34		16.97717389202444		4.7760009765625		7.5669723273515705		0.4411842516064644		0.8823685032129288
35		16.958015548996627		4.776406288146973		7.5392655995726585		0.39650516039729117		0.7930103207945823
36		16.884949896018952		4.802471160888672		7.499315313100815		0.456423507386446		0.912847014772892
37		17.021138145995792		4.786348819732666		7.526780667281151		0.4012930468857288		0.8025860937714576
38		16.93688843899872		4.768109321594238		7.542497874343395		0.4641469164311886		0.9282938328623772
39		17.03003936301684		4.753289699554443		7.493947583556175		0.40596403494477273		0.8119280698895455
40		16.9836565820151		4.7943949699401855		7.537111196804046		0.4241564344704151		0.8483128689408302
41		16.999692943994887		4.777011394500732		7.505979385590553		0.4994363103508949		0.9988726207017898
42		16.952152176003437		4.76605749130249		7.48590157763958		0.44575923646092414		0.8915184729218483
43		16.788376074982807		4.777194976806641		7.491154895353318		0.4263719008266926		0.8527438016533851
44		16.768549570988398		4.727445602416992		7.425848745572567		0.479222420322895		0.95844484064579
45		16.80934536998393		4.6941328048706055		7.364783902978897		0.7697011268019677		1.5394022536039353
46		16.885944431007374		4.689521789550781		7.411789656770229		0.4171370396018028		0.8342740792036056
47		16.83186574699357		4.6962409019470215		7.4842342492461205		0.4267503969192505		0.853500793838501
48		16.99865260499064		4.715289115905762		7.419020674097538		0.4216491322338581		0.8432982644677162
49		16.886782318993937		4.649626731872559		7.368788092768193		0.40365935233831407		0.8073187046766281
50		16.800281725998502		4.725366115570068		7.416198105764389		0.4678814319610596		0.9357628639221192
51		16.891121942026075		4.643935680389404		7.370126589167118		0.40396182473897935		0.8079236494779587
52		16.94260392000433		4.587952613830566		7.258064874517918		0.38185568745732307		0.7637113749146461
53		16.955054930003826		4.598702430725098		7.21289857493639		0.3905558383643627		0.7811116767287254
54		16.788820352987386		4.585066795349121		7.282399514377117		0.6153343656480312		1.2306687312960625
55		16.760859823960345		4.612789154052734		7.319531527125835		0.4250708627402782		0.8501417254805564
56		16.887613971950486		4.6130523681640625		7.248661521136761		0.41584707186222075		0.8316941437244415
57		16.870442927000113		4.60013484954834		7.239780942225456		0.3799235605955124		0.7598471211910248
58		16.939446981996298		4.605181694030762		7.2789518622756		0.4259714419543743		0.8519428839087486
59		16.789142999972682		4.542827606201172		7.1738627093434335		0.3876064254105091		0.7752128508210182
60		16.702395329019055		4.6055216789245605		7.300474393606186		0.3866623471617699		0.7733246943235398
61		16.91784170398023		4.533031940460205		7.1951657418727875		0.535064362615347		1.070128725230694
62		16.94510472303955		4.568147659301758		7.206070906460285		0.4065401931941509		0.8130803863883018
63		17.034045168024022		4.56743049621582		7.220704928970337		0.3964715680837631		0.7929431361675262
64		16.99151465599425		4.595985412597656		7.181265462756157		0.4212551518321037		0.8425103036642074
65		16.904430328984745		4.561314582824707		7.191969439947605		0.42830243533849716		0.8566048706769943
66		16.80611761700129		4.4953179359436035		7.156634608173371		0.3768382851243019		0.7536765702486038
67		16.71095866599353		4.491365432739258		7.123930084073543		0.4698071626603603		0.9396143253207206
68		16.676431535044685		4.493771553039551		7.116337824177742		0.39696631810069083		0.7939326362013817
69		16.695958599972073		4.483071327209473		7.094658481371403		0.4362604101598263		0.8725208203196526
70		16.72017914999742		4.491044521331787		7.130826118028164		0.4013591601252556		0.8027183202505112
71		16.852667175990064		4.457528114318848		7.0621197942376135		0.4338378687620163		0.8676757375240326
72		16.950373939005658		4.492470741271973		7.155616392755508		0.3844403445363045		0.768880689072609
73		17.017183820018545		4.46895694732666		7.085524996936321		0.38057022395730017		0.7611404479146003
74		16.94349543499993		4.4700703620910645		7.0687875109553335		0.37828354869484904		0.7565670973896981
75		16.94893365300959		4.463093280792236		7.129262303423881		0.4040039755821228		0.8080079511642456
76		16.943265996000264		4.444451332092285		7.068523678207398		0.45609325684309004		0.9121865136861801
77		16.974830284016207		4.4551005363464355		7.063277098619938		0.44194985132217407		0.8838997026443481
78		16.860520502959844		4.440723896026611		7.046202829742431		0.4239539851248264		0.8479079702496528
79		16.756461401993874		4.452372074127197		7.052792287743092		0.39416906197667123		0.7883381239533425
80		16.807070652022958		4.451606273651123		7.086670456492901		0.42335141158103945		0.8467028231620789
81		17.04500632104464		4.386507987976074		6.894331420874596		0.5069054121375084		1.0138108242750168
82		16.952079957001843		4.45507287979126		7.067971597135067		0.5208407959222794		1.0416815918445588
83		16.960133414017037		4.414095401763916		7.026132210981846		0.3838856983721256		0.7677713967442512
84		16.889303197036497		4.397058486938477		6.984241307556629		0.45996384348869324		0.9199276869773865
85		16.80829390999861		4.418281555175781		6.970140850055218		0.3962529774069786		0.7925059548139572
86		16.94549148500664		4.4265007972717285		6.982061256790161		0.49655277895331384		0.9931055579066277
87		17.073669795994647		4.400629997253418		6.9365041945815085		0.3938254231274128		0.7876508462548256
88		17.02903893799521		4.389376640319824		6.9945743642568585		0.3976840389370918		0.7953680778741836
89		16.948376770014875		4.400506973266602		6.94503208398819		0.4251776730418205		0.850355346083641
90		16.85065127897542		4.414969444274902		7.015536782491207		0.469735678756237		0.939471357512474
91		16.806271595996805		4.403555870056152		6.9854017443180085		0.38371595190763474		0.7674319038152695
92		16.852991342020687		4.399015426635742		6.96105385518074		0.3923030300974846		0.7846060601949691
93		17.043807392008603		4.414459228515625		6.954749896812439		0.43533657792806624		0.8706731558561325
94		16.845193121000193		4.420701503753662		6.979166729235649		0.38901727143526077		0.7780345428705215
95		16.99718963203486		4.363480567932129		6.886076270818711		0.3841358814060688		0.7682717628121376
96		16.86736816301709		4.363437175750732		6.9201933825969695		0.39601231301426887		0.7920246260285377
97		16.859800289035775		4.402751922607422		6.9519418887138364		0.44032521055936813		0.8806504211187363
98		16.931412185018416		4.360755920410156		6.935943954277039		0.3796293530225754		0.7592587060451508
99		16.937930088024586		4.377139568328857		7.011024633002282		0.3955907194316387		0.7911814388632774
100		16.748828373965807		4.366018295288086		6.9185707527160645		0.4201180799126625		0.840236159825325
101		16.80321547400672		4.349004745483398		6.925864626657963		0.4157498772501946		0.8314997545003892
102		16.81008143897634		4.359513759613037		6.936315422272682		0.39086111845970156		0.7817222369194031
103		17.062311680987477		4.397873401641846		6.94370324921608		0.5533132205963135		1.106626441192627
104		16.82883734902134		4.398627281188965		6.930233924686909		0.43955531571507456		0.8791106314301491
105		17.011225947004277		4.380963325500488		6.940949916100502		0.5327780393838882		1.0655560787677765
106		16.797435544023756		4.37423849105835		6.951805859076977		0.39506767079234123		0.7901353415846825
107		16.927098596002907		4.34862756729126		6.8904969228863715		0.40745779195427895		0.8149155839085579
108		17.04136903397739		4.3403425216674805		6.897961326944828		0.38440995230674746		0.7688199046134949
109		16.91602604498621		4.323098659515381		6.817512551820278		0.39552907580137253		0.7910581516027451
110		17.008166454033926		4.363152027130127		6.854043904030323		0.391792062407732		0.783584124815464
111		16.985618220991455		4.335813999176025		6.8604320692062375		0.3893708496570587		0.7787416993141174
112		17.061671564006247		4.377123832702637		6.9321209921598435		0.4077976540505886		0.8155953081011772
113		16.83218957000645		4.309356212615967		6.853699955797196		0.3779508229792118		0.7559016459584236
114		16.684374829987064		4.322948455810547		6.891221016716957		0.39420528257489207		0.7884105651497841
115		16.664828569977544		4.294608116149902		6.823364081537724		0.40843835285902025		0.8168767057180405
116		16.848433915991336		4.342531204223633		6.880972297215462		0.3940902436554432		0.7881804873108864
117		16.647163623012602		4.291379451751709		6.797785561180115		0.3864318201124668		0.7728636402249336
118		16.884090217994526		4.286921501159668		6.87224948952198		0.3981611888766289		0.7963223777532578
119		16.673078718944453		4.335294246673584		6.860172852468491		0.396320491194725		0.79264098238945
120		16.81496823200723		4.318868160247803		6.886722002100944		0.4136254522204399		0.8272509044408798
121		16.7650276410277		4.341793537139893		6.844779324281216		0.43148974350094793		0.8629794870018959
122		16.804329524980858		4.313912391662598		6.824399847638607		0.4415032692193985		0.883006538438797
123		16.968188363010995		4.361367702484131		6.8577897700428965		0.419051558560133		0.838103117120266
124		16.980723469983786		4.268916606903076		6.782322292816639		0.40675685834884645		0.8135137166976929
125		16.726325024967082		4.296540260314941		6.836269849574566		0.3935516632020474		0.7871033264040947
126		16.79898675897857		4.306020736694336		6.840792232239246		0.37804699243307116		0.7560939848661423
127		16.832608120981604		4.278995990753174		6.8305101871371265		0.3807426337480545		0.761485267496109
128		16.864779863972217		4.318414688110352		6.911786050355435		0.38076078277230263		0.7615215655446053
129		16.91221720603062		4.305262565612793		6.83084031304121		0.4079715309560299		0.8159430619120598
130		16.6417248880025		4.236423492431641		6.726346775507927		0.4019821091890335		0.803964218378067
131		16.94796637399122		4.321911811828613		6.830444116389751		0.4027090059399605		0.805418011879921
132		16.962104681006167		4.292048931121826		6.780189193964005		0.37879817257523535		0.7575963451504707
133		17.020038768998347		4.294940948486328		6.862462004125118		0.41513499500751494		0.8302699900150299
134		16.90338288003113		4.273830413818359		6.802469347453117		0.4119597658455372		0.8239195316910743
135		16.82125402998645		4.282898902893066		6.858531690776348		0.39809760707616804		0.7961952141523361
136		16.821152529970277		4.342780590057373		6.895088151228428		0.47178345789909365		0.9435669157981873
137		16.75614680099534		4.340029716491699		6.827108287942409		0.43007621861696244		0.8601524372339249
138		16.852908243017737		4.275650501251221		6.80252714959383		0.39969712020754816		0.7993942404150963
139		16.84487250703387		4.329136371612549		6.855800864982605		0.45758420107364656		0.9151684021472931
140		16.837132554966956		4.305910587310791		6.8316981752038		0.3761180929839611		0.7522361859679222
141		16.879607305047102		4.32660436630249		6.832993107354641		0.607541676068306		1.215083352136612
142		16.74441340001067		4.264045715332031		6.7920185636222365		0.3996716144979		0.7993432289958
143		16.68684989097528		4.257903575897217		6.786136265873909		0.48503281388282776		0.9700656277656555
144		17.043871004018		4.260097980499268		6.776181285429001		0.3997458368122578		0.7994916736245156
145		16.80443679896416		4.260774612426758		6.807629519557953		0.37612510464191434		0.7522502092838287
146		16.974680416984484		4.272177219390869		6.781642184388637		0.393365548658371		0.786731097316742
147		16.954473029007204		4.29111909866333		6.7854178842782975		0.3692179683864117		0.7384359367728234
148		16.95940914103994		4.294200897216797		6.8167376365065575		0.37933235192298886		0.7586647038459777
149		16.755391771963332		4.311798095703125		6.826411741125583		0.43696217575073243		0.8739243515014649
150		16.746738435991574		4.2463178634643555		6.770761508047581		0.40406715307831764		0.8081343061566353
151		16.883355649013538		4.276737213134766		6.827668658328056		0.37773745893239974		0.7554749178647995
152		16.9241382679902		4.282861709594727		6.791327275121212		0.39244135661125185		0.7848827132225037
153		16.78343477199087		4.293423652648926		6.75124289085865		0.3779312980175018		0.7558625960350036
154		16.832039529981557		4.291574001312256		6.784052893269062		0.3768832335472107		0.7537664670944214
155		16.836874890024774		4.26038932800293		6.8036153028130535		0.48230136556625364		0.9646027311325073
156		16.974529810016975		4.287944316864014		6.803798445963859		0.39640767078995703		0.7928153415799141
157		17.090756927034818		4.293359279632568		6.804604922556877		0.3695135642230511		0.7390271284461022
158		16.842134275997523		4.269819259643555		6.783648498928547		0.4179036840438843		0.8358073680877686
159		16.813358606013935		4.252295970916748		6.730981721615791		0.36840002239346503		0.7368000447869301
160		16.905183447990566		4.291025638580322		6.831745125770569		0.3830442923426628		0.7660885846853256
161		16.914476017002016		4.226152420043945		6.75571879953146		0.3801504658281803		0.7603009316563606
162		16.9408118709689		4.241021156311035		6.72591958013773		0.4146681570827961		0.8293363141655922
163		16.922010141948704		4.27415132522583		6.7570319272995		0.37529069632291795		0.7505813926458359
164		16.838570498977788		4.238840579986572		6.72388760933876		0.38771275213360784		0.7754255042672157
165		16.867476352024823		4.269974231719971		6.793019516074658		0.4554156876683235		0.910831375336647
166		16.719405731011648		4.291586399078369		6.791207699358464		0.4313265202522278		0.8626530405044556
167		16.681586802005768		4.281171798706055		6.830093852865696		0.38011373116374014		0.7602274623274803
168		16.754736811039038		4.264235973358154		6.764211480259895		0.3679585702955723		0.7359171405911445
169		16.79856213898165		4.224460124969482		6.689444855082035		0.38727050134539603		0.7745410026907921
170		16.9263731429819		4.251288414001465		6.770069754755497		0.3824328977704048		0.7648657955408096
171		16.75573923502816		4.218664169311523		6.704985409843921		0.48006153242588046		0.9601230648517609
172		16.944675934966654		4.262003421783447		6.773166365981102		0.49882028982043264		0.9976405796408653
173		16.893351569015067		4.234766006469727		6.684283095479011		0.44129151991009713		0.8825830398201943
174		16.892927803040948		4.2698469161987305		6.774186445891857		0.3934565503537655		0.786913100707531
175		16.739813940017484		4.228794097900391		6.7494882723093035		0.3713121247828007		0.7426242495656014
176		16.92985472100554		4.23818302154541		6.776146404957771		0.38157323140501975		0.7631464628100395
177		16.80847830796847		4.245891094207764		6.781997270166874		0.37364825951457026		0.7472965190291405
178		17.00217321701348		4.23226261138916		6.709106550252438		0.39643824680447576		0.7928764936089515
179		16.867710847989656		4.20907735824585		6.69466005051136		0.4036496269106865		0.807299253821373
180		16.911423776997253		4.24150276184082		6.782109698784351		0.3995402450442314		0.7990804900884628
181		16.95178278296953		4.203846454620361		6.65439458963871		0.3988851799607277		0.7977703599214554
182		16.91899781295797		4.216699123382568		6.6585538012504575		0.391265446549654		0.782530893099308
183		16.899802423024084		4.23501443862915		6.728234590387344		0.3708352628946304		0.7416705257892608
184		16.83070177602349		4.218175888061523		6.7128000227749345		0.39865949279665946		0.7973189855933189
185		16.798058649001177		4.235772609710693		6.72383854111433		0.3839515417456627		0.7679030834913254
186		16.723590892972425		4.2437896728515625		6.741181809771061		0.38533133491277693		0.7706626698255539
187		16.897680387017317		4.237786769866943		6.704044472813607		0.4145363913238049		0.8290727826476098
188		16.815530365973245		4.205219268798828		6.678365085220337		0.3809411313533783		0.7618822627067566
189		16.818482353002764		4.2179951667785645		6.711910388553142		0.373685430419445		0.74737086083889
190		16.72693905502092		4.238373756408691		6.725192156815529		0.37376137944459914		0.7475227588891983
191		16.94317088200478		4.21658182144165		6.761405926132202		0.40110323525071145		0.8022064705014229
192		16.8541932060034		4.236926078796387		6.68847548699379		0.38189045463204385		0.7637809092640877
193		16.82710198801942		4.212254524230957		6.678721228754521		0.5238146196484565		1.047629239296913
194		16.854442263022065		4.241187572479248		6.824808765518665		0.39328456341624257		0.7865691268324851
195		16.77263123699231		4.166171550750732		6.674786214005947		0.38523941712379456		0.7704788342475891
196		16.84484124399023		4.196590900421143		6.695378523683548		0.3975532088458538		0.7951064176917076
197		16.835103630030062		4.193436145782471		6.68028898575306		0.387762830388546		0.775525660777092
198		16.694850655971095		4.186454772949219		6.673780220961571		0.389365683889389		0.778731367778778
199		16.92508174298564		4.195903778076172		6.666847639560699		0.37054355589151383		0.7410871117830277
200		16.861487999965902		4.227003574371338		6.712923388755321		0.4194443245232105		0.838888649046421
201		16.8239313790109		4.179299831390381		6.720065745234489		0.38516687303185465		0.7703337460637093
202		16.770700271998066		4.190309047698975		6.698401238918304		0.38416853168606757		0.7683370633721351
203		16.750582434004173		4.20529842376709		6.68926370471716		0.37378298498392104		0.7475659699678421
204		16.835119853029028		4.19270658493042		6.704122241079808		0.41243836936950684		0.8248767387390137
205		16.744014466996305		4.168232440948486		6.641419153761864		0.3868912851214409		0.7737825702428818
206		16.74752446397906		4.234210968017578		6.679249060857296		0.5223002165734768		1.0446004331469536
207		16.81233007699484		4.227210998535156		6.727225881910324		0.43337177366614343		0.8667435473322869
208		16.814253695018124		4.213735103607178		6.669836539542675		0.45976457187533376		0.9195291437506675
209		16.807732837973163		4.227716445922852		6.664920544159412		0.42804311735630035		0.8560862347126007
210		16.962502191017848		4.176805019378662		6.680667738354206		0.36795348658561705		0.7359069731712341
211		16.86625515698688		4.194791793823242		6.677769467878342		0.36478585325479507		0.7295717065095901
212		16.966147813014686		4.190047264099121		6.652096014642716		0.38386024434566496		0.7677204886913299
213		16.824053314048797		4.1673760414123535		6.694802439773083		0.4267249891102314		0.8534499782204628
214		16.97533842700068		4.179483413696289		6.592991071248054		0.45391010121703146		0.9078202024340629
215		16.87564869102789		4.238558292388916		6.72147317532301		0.39023851137757304		0.7804770227551461
216		16.912668650969863		4.228683948516846		6.731000856530667		0.5005464196324348		1.0010928392648697
217		16.86761805199785		4.178791522979736		6.65406788469553		0.41073899621367455		0.8214779924273491
218		16.799720598966815		4.155938148498535		6.660433566987514		0.4127577563345432		0.8255155126690864
219		16.851648094016127		4.191279411315918		6.675620058894157		0.3822053392767906		0.7644106785535812
220		16.707233167020604		4.1584086418151855		6.617659338510037		0.3704292504191399		0.7408585008382798
221		16.752297521044966		4.168962001800537		6.650577813076973		0.4473553966641426		0.8947107933282852
222		16.775799288996495		4.190116882324219		6.607311036992073		0.36464072257876395		0.7292814451575279
223		16.814671523985453		4.196652412414551		6.71117718141079		0.3663456537783146		0.7326913075566291
224		16.732120459957514		4.2046027183532715		6.723359029465914		0.4150652294456959		0.8301304588913918
225		16.973196456034202		4.170851230621338		6.668588855481148		0.36760656423568727		0.7352131284713745
226		16.92086232197471		4.188040256500244		6.695763813436032		0.3831721080839634		0.7663442161679268
227		17.081833328993525		4.172557830810547		6.645772666311264		0.40150146844983103		0.8030029368996621
228		17.0025368789793		4.176918029785156		6.653571375501156		0.5300764729082584		1.0601529458165169
229		17.039473668963183		4.185844421386719		6.655596402096748		0.3595201715230942		0.7190403430461884
230		16.935945083969273		4.218064308166504		6.623365696299076		0.5221680312693119		1.0443360625386238
231		16.863481115025934		4.2056427001953125		6.718397264534235		0.3867497488379478		0.7734994976758957
232		16.976276036002673		4.188504695892334		6.669967529726028		0.3750884126126766		0.7501768252253532
233		16.934238052985165		4.160152435302734		6.584655365586281		0.37859608637690545		0.7571921727538109
234		16.842273104994092		4.164231300354004		6.629188041484356		0.42314806063175203		0.8462961212635041
235		16.788379008008633		4.18546724319458		6.68416216776371		0.3838677242398262		0.7677354484796524
236		16.815751814981923		4.198520183563232		6.646252638804913		0.41477206493616103		0.8295441298723221
237		16.90595480799675		4.16314697265625		6.650632771527767		0.3629626954972744		0.7259253909945488
238		16.947986938990653		4.154596328735352		6.58668426194191		0.4355489269196987		0.8710978538393974
239		16.763414549001027		4.206396579742432		6.7314418433308605		0.48183775067329404		0.9636755013465881
240		16.782624754996505		4.181479454040527		6.612703475999832		0.40666003429293635		0.8133200685858727
241		16.787617974972818		4.152888774871826		6.621506238591671		0.36988308045864104		0.7397661609172821
242		16.889955544029362		4.175614356994629		6.703782986605168		0.3733409279286861		0.7466818558573722
243		16.921953755954746		4.151717662811279		6.675302759945392		0.3876216796636581		0.7752433593273163
244		16.932053166034166		4.18642520904541		6.663448853588104		0.3699203173279762		0.7398406346559524
245		16.888550649979152		4.170544624328613		6.661030343377591		0.4283052951395512		0.8566105902791024
246		16.957013451959938		4.1483893394470215		6.653739152991772		0.3876315470516682		0.7752630941033364
247		16.878304970043246		4.12399959564209		6.57456491997242		0.3874195168197155		0.774839033639431
248		16.80484457896091		4.1562700271606445		6.622709476089478		0.3709024829149246		0.7418049658298492
249		16.722653909004293		4.158074378967285		6.619996217381954		0.6256442162156105		1.251288432431221
250		16.794605116010644		4.146755695343018		6.597009044003487		0.3766586289405823		0.7533172578811645
251		16.82554369501304		4.160497188568115		6.628829716098308		0.37007807178497315		0.7401561435699463
252		16.89842691499507		4.141143798828125		6.617389622557163		0.37699340646862983		0.7539868129372597
253		16.755691220983863		4.128262996673584		6.570774488282204		0.36627906515598296		0.7325581303119659
254		17.03359368199017		4.157343864440918		6.62328345541954		0.3688457632422447		0.7376915264844894
255		16.699028028990142		4.151350498199463		6.6553974177360535		0.4553197609603405		0.910639521920681
256		16.73089904297376		4.147757053375244		6.612550094091892		0.5352824424803257		1.0705648849606515
257		16.84317386202747		4.162034034729004		6.634781399130821		0.3629754176020622		0.7259508352041244
258		16.709357364976313		4.178555011749268		6.624762179386615		0.38392448189258577		0.7678489637851715
259		16.87220374698518		4.203527450561523		6.669003070473671		0.38588977598547936		0.7717795519709587
260		16.90307004097849		4.157880783081055		6.6208418259859085		0.36774454439282417		0.7354890887856483
261		17.107084756018594		4.191081523895264		6.6486449420332905		0.37484146105647087		0.7496829221129417
262		16.740092306979932		4.123916149139404		6.582606729704142		0.45403374687433246		0.9080674937486649
263		16.774353990040254		4.152042865753174		6.538985986316204		0.36955739113092423		0.7391147822618485
264		16.78358557901811		4.154520034790039		6.560109470021724		0.3931067083477974		0.7862134166955947
265		17.056861273013055		4.13005256652832		6.623823807191849		0.3835783344686031		0.7671566689372062
266		16.93851608596742		4.174333572387695		6.666368524324894		0.39187849707603456		0.7837569941520691
267		16.905287830042653		4.150985240936279		6.583174168944359		0.37551785985827446		0.7510357197165489
268		16.880993565020617		4.15938138961792		6.626696932905912		0.37063474701046945		0.7412694940209389
269		17.04130532796262		4.146875381469727		6.606098605430126		0.472916065043211		0.945832130086422
270		16.7999023150187		4.112478256225586		6.544444848322868		0.3734995702266693		0.7469991404533386
271		16.926695961970836		4.156635284423828		6.603886449992657		0.38796820605397225		0.7759364121079445
272		16.741395268996712		4.185896396636963		6.671054958832264		0.37531523973345754		0.7506304794669151
273		16.81612991995644		4.174070835113525		6.588258986139297		0.3815935682356358		0.7631871364712716
274		16.721862656006124		4.135542869567871		6.54713381896019		0.37188193517923357		0.7437638703584671
275		16.699941682978533		4.18778133392334		6.689103206253051		0.37039283153414726		0.7407856630682945
276		16.8281324430136		4.1448235511779785		6.592343532919884		0.39058531749248504		0.7811706349849701
277		16.9199310039985		4.1314520835876465		6.548005185389519		0.39319319476485254		0.7863863895297051
278		16.763277105987072		4.136965751647949		6.6283084743976595		0.3977746895372868		0.7955493790745736
279		16.793113760999404		4.139812469482422		6.561187384104729		0.4026033712804317		0.8052067425608634
280		16.898007570998743		4.140867710113525		6.584465780019761		0.4277505375862122		0.8555010751724244
281		16.897780511004385		4.12940788269043		6.573809413862229		0.37395827149152755		0.7479165429830551
282		17.046276345965452		4.152465343475342		6.648014235663414		0.36236269481778144		0.7247253896355629
283		17.04061238397844		4.148928642272949		6.623325548064709		0.3618204378068447		0.7236408756136894
284		17.12535270297667		4.177942752838135		6.602811425113678		0.36788647856116297		0.7357729571223259
285		16.804442121007014		4.1338067054748535		6.641844212448597		0.3605799754261971		0.7211599508523941
286		16.890691063017584		4.13322114944458		6.5745640431165695		0.3662924539864063		0.7325849079728126
287		16.864385476976167		4.115005016326904		6.569686782908439		0.48585381170511244		0.9717076234102249
288		16.995819109026343		4.1431121826171875		6.5965214897036555		0.43932002472281456		0.8786400494456291
289		16.740975433960557		4.159341812133789		6.677061431109905		0.4005930755496025		0.801186151099205
290		16.940177503041923		4.154425144195557		6.541115509426594		0.365415226906538		0.730830453813076
291		16.82953903503949		4.188913345336914		6.6004927360773085		0.37547085337042807		0.7509417067408561
292		16.75796983903274		4.144689559936523		6.640743524622917		0.42461435002684594		0.8492287000536919
293		16.928856394952163		4.136675834655762		6.592497255754471		0.3659583912551403		0.7319167825102806
294		16.755437140003778		4.175899505615234		6.5612234247326855		0.39057797659635546		0.7811559531927109
295		17.03073736402439		4.152166366577148		6.5884278324127195		0.36520949450731277		0.7304189890146255
296		16.93536308198236		4.110581398010254		6.534669158244133		0.3814912983417511		0.7629825966835022
297		16.89584198902594		4.12769079208374		6.552238570415974		0.38285726956129074		0.7657145391225815
298		16.96490324201295		4.139053821563721		6.6113455446839335		0.4381469259977341		0.8762938519954682
299		17.137267848011106		4.16732120513916		6.6129677336931225		0.4139327981352806		0.8278655962705612
300		17.030821713036858		4.158892631530762		6.5706685072541235		0.3756147107899189		0.7512294215798379
301		17.203206514997873		4.140115737915039		6.563290140610933		0.37932301436662674		0.7586460287332535
302		16.891051482001785		4.142068862915039		6.600154619288444		0.3560215390145779		0.7120430780291558
303		17.224104380002245		4.161637783050537		6.622446575951576		0.35920342516899106		0.7184068503379821
304		17.002878899977077		4.129582405090332		6.605015733802318		0.3674422417521477		0.7348844835042954
305		17.20949619298335		4.1414031982421875		6.616764231717586		0.36496678664684296		0.7299335732936859
306		17.01517310302006		4.07987117767334		6.509958552408218		0.35867356643676757		0.7173471328735351
307		17.185129957972094		4.112635612487793		6.515996363633871		0.3624854904472828		0.7249709808945656
308		16.932065008033533		4.1296257972717285		6.565945837700367		0.3682905896425247		0.7365811792850494
309		17.00601537298644		4.132698059082031		6.54750299693346		0.35735932030677797		0.7147186406135559
310		17.157195477979258		4.091447353363037		6.491199231874943		0.36189501715898514		0.7237900343179703
311		17.04735404998064		4.109679698944092		6.533846607863903		0.3692637146294117		0.7385274292588234
312		17.094903366989456		4.109055042266846		6.523780409705639		0.411636345076561		0.823272690153122
313		17.07130273297662		4.085126876831055		6.470506470417976		0.3795187518656254		0.7590375037312508
314		17.13871141098207		4.100423812866211		6.536832342994213		0.38881665001511573		0.7776333000302315
315		16.99059095903067		4.148792266845703		6.660650889980793		0.3617261992812157		0.7234523985624314
316		17.188179388991557		4.114187717437744		6.518868871080875		0.543778106379509		1.087556212759018
317		16.923171253001783		4.120250225067139		6.5256123982548715		0.36028001301288604		0.7205600260257721
318		17.009322328027338		4.124008655548096		6.562437309390306		0.3756444710969925		0.751288942193985
319		16.912798888981342		4.105168342590332		6.5544621531426905		0.36326608226299284		0.7265321645259857
320		17.11344463704154		4.140318870544434		6.619764365983009		0.35958585331439974		0.7191717066287995
321		16.918818762991577		4.142204284667969		6.6231869751811026		0.3830122470676899		0.7660244941353798
322		16.88918601500336		4.095529556274414		6.531017918944359		0.35394528102874756		0.7078905620574951
323		17.047174552979413		4.121171951293945		6.538440667128563		0.3636157872438431		0.7272315744876862
324		16.923842067015357		4.1286139488220215		6.563074990403652		0.369681569314003		0.739363138628006
325		16.96802910300903		4.0899977684021		6.517892191684246		0.3595674715936184		0.7191349431872368
326		17.00596218602732		4.115737438201904		6.581126695501804		0.3829169155180454		0.7658338310360908
327		16.99066714302171		4.1624436378479		6.608327330368757		0.3744762972652912		0.7489525945305824
328		16.95477282401407		4.151918888092041		6.594502059137821		0.40474669214487075		0.8094933842897415
329		17.130464221991133		4.115136623382568		6.537732844090462		0.38852650582194326		0.7770530116438865
330		17.131913682969753		4.112151622772217		6.5692588717877864		0.3550824424803257		0.7101648849606514
331		17.27553554798942		4.089926242828369		6.548018565940857		0.4160648212313652		0.8321296424627304
332		17.08994433900807		4.104945659637451		6.5180393629550935		0.3984239941775799		0.7968479883551598
333		17.1160705149523		4.1495137214660645		6.632816370463371		0.39900239733457565		0.7980047946691513
334		16.986985703988466		4.085156440734863		6.535062863755226		0.38876427637934685		0.7775285527586937
335		17.097338083025534		4.109621524810791		6.535289266443253		0.4891839728415012		0.9783679456830024
336		16.843383500003256		4.10863733291626		6.565279256010055		0.48743299528956413		0.9748659905791283
337		17.096116343978792		4.120947360992432		6.567140445768834		0.35976446746587754		0.7195289349317551
338		17.0963533979957		4.082357883453369		6.5328079428792		0.3496156986892223		0.6992313973784446
339		17.058611641987227		4.086840629577637		6.523724102985859		0.3776974071025848		0.7553948142051696
340		17.09150282101473		4.087996959686279		6.528404718273878		0.36253768007755277		0.7250753601551055
341		17.09490760002518		4.111514568328857		6.5833203612685205		0.35824414746165273		0.7164882949233055
342		17.147985816001892		4.104079246520996		6.552793842017651		0.3639313264131546		0.7278626528263092
343		16.935826675966382		4.098963737487793		6.552822196114064		0.48987763484120367		0.9797552696824073
344		17.00512844097102		4.138096332550049		6.587451527929306		0.38281170675754544		0.7656234135150909
345		17.036221507005394		4.133538722991943		6.547049126696587		0.35612557595968247		0.7122511519193649
346		17.072168505052105		4.143431186676025		6.5795273218274115		0.34598363944888116		0.6919672788977623
347		16.8686455420102		4.117142677307129		6.570618387711048		0.41589609047174453		0.8317921809434891
348		17.026504523993935		4.144014835357666		6.5278330408096314		0.36532613129019736		0.7306522625803947
349		17.13960399001371		4.059586048126221		6.468696793830395		0.5314534791827202		1.0629069583654405
350		17.09614487097133		4.070544242858887		6.49177897772789		0.36552109736204147		0.7310421947240829
351		17.03791810403345		4.137052059173584		6.5315805158495905		0.37203483408689497		0.7440696681737899
352		17.215477204998024		4.111961841583252		6.581058780884743		0.3553830743193626		0.7107661486387252
353		17.181100625020918		4.114065647125244		6.535076233530044		0.5040618030965328		1.0081236061930656
354		16.883961488027126		4.112463474273682		6.530227192056179		0.35476259539127347		0.7095251907825469
355		17.09704248199705		4.109282493591309		6.544217816638946		0.44266303389668465		0.8853260677933693
356		16.929106306983158		4.093280792236328		6.520240237402916		0.37678476920723913		0.7535695384144783
357		16.970084091008175		4.07317590713501		6.490487571942806		0.4107872435569763		0.8215744871139526
358		16.962702475022525		4.098668098449707		6.587862101459503		0.3718415525197983		0.7436831050395966
359		17.28717681800481		4.1020708084106445		6.5294247330904005		0.3585853298485279		0.7171706596970558
360		17.09178770997096		4.114134788513184		6.531711949563026		0.3972362811565399		0.7944725623130798
361		17.07689076900715		4.117374420166016		6.521084339284897		0.35363300507068635		0.7072660101413727
362		17.128688097989652		4.090664863586426		6.523228532040119		0.3637403070986271		0.7274806141972542
363		17.173274983011652		4.068472385406494		6.5388279790520665		0.34736998106241224		0.6947399621248245
364		17.008048759016674		4.097968101501465		6.568302973270416		0.41722817645072935		0.8344563529014587
365		17.13942479196703		4.083086967468262		6.470667524659634		0.4108983100235462		0.8217966200470924
366		17.072008804010693		4.078961372375488		6.513681832921505		0.35277333562374114		0.7055466712474823
367		17.03942637098953		4.131442070007324		6.572389450776577		0.4165194232463837		0.8330388464927674
368		16.89538204402197		4.066371440887451		6.543973999047279		0.3615676046788692		0.7231352093577385
369		16.946860619995277		4.1180219650268555		6.529212769639492		0.42046810505986215		0.8409362101197243
370		17.023665620945394		4.109006404876709		6.5312092023968695		0.3558889553308487		0.7117779106616974
371		17.04672284197295		4.11428165435791		6.56169923350811		0.3974845351934433		0.7949690703868866
372		17.07354299997678		4.107852458953857		6.558167123448849		0.37901160506010056		0.7580232101202011
373		16.908415206009522		4.114487171173096		6.559028616321087		0.36697007526159287		0.7339401505231857
374		17.114951400028076		4.123189926147461		6.518733244752884		0.36642304636836054		0.7328460927367211
375		16.892386151012033		4.0620598793029785		6.436638398826123		0.35539827836751936		0.7107965567350387
376		17.049312020011712		4.1157755851745605		6.527560691404343		0.3475035633802414		0.6950071267604828
377		16.91312459198525		4.093784809112549		6.521091805708409		0.3478515412688255		0.695703082537651
378		16.956050487002358		4.072177410125732		6.5137521329164505		0.3642565245628357		0.7285130491256714
379		16.89568718901137		4.121588706970215		6.502412851202488		0.36015376949906347		0.7203075389981269
380		17.014493545982987		4.041656494140625		6.389547337651253		0.36845479773879053		0.7369095954775811
381		16.903337828000076		4.066155910491943		6.52005164090395		0.38262714470028875		0.7652542894005775
382		17.090893952990882		4.081263542175293		6.481611167061329		0.37834227650761604		0.7566845530152321
383		16.95951272599632		4.079891204833984		6.465038334286213		0.3597044120311737		0.7194088240623474
384		16.830606456962414		4.119596004486084		6.559278803300858		0.3629760820925236		0.7259521641850472
385		16.87803870299831		4.10792875289917		6.542441694521904		0.35898019635677336		0.7179603927135467
386		16.83671736100223		4.081719875335693		6.525921550059318		0.3543670458257198		0.7087340916514396
387		17.115782517008483		4.083113193511963		6.51896517572403		0.35894247568249704		0.7178849513649941
388		16.832386021967977		4.097200870513916		6.474710912656784		0.3735374826014042		0.7470749652028084
389		17.062855630007107		4.085772514343262		6.515881250786781		0.39984047036767006		0.7996809407353401
390		17.003801640996244		4.079305171966553		6.487834395205975		0.3488822675406933		0.6977645350813866
391		17.142851800017525		4.084993362426758		6.501893012833595		0.3508021637916565		0.701604327583313
392		17.014624692033976		4.098386287689209		6.519090684509277		0.3527735078930855		0.705547015786171
393		16.955540609022137		4.104709625244141		6.5072857699871065		0.37217604137063026		0.7443520827412605
394		16.955028199008666		4.065646648406982		6.497762634432315		0.38825009080171585		0.7765001816034317
395		17.103239407995716		4.122588634490967		6.583982251298427		0.37367109781503677		0.7473421956300735
396		16.816444039985072		4.0477681159973145		6.4563276361823085		0.5095036671936511		1.0190073343873023
397		16.85259572195355		4.07256555557251		6.465665896725654		0.417697207647562		0.835394415295124
398		16.817328731995076		4.0524420738220215		6.469416524392367		0.3770670286536217		0.7541340573072434
399		16.911546932009514		4.089576244354248		6.508830461919308		0.3681982620239258		0.7363965240478516
400		16.749005699006375		4.111599922180176		6.5516410397052764		0.36230301744341853		0.7246060348868371
401		16.691803503024857		4.083585739135742		6.509116721892357		0.36814619219899175		0.7362923843979835
402		16.923032365972176		4.096633434295654		6.531049928867817		0.35341810509562493		0.7068362101912499
403		16.743751123023685		4.092840671539307		6.52774038593769		0.34380089949965476		0.6876017989993095
404		16.874744907021523		4.116316795349121		6.566799981093407		0.36947950695753096		0.7389590139150619
405		16.813574119994882		4.087578773498535		6.490773079109192		0.35369506794810296		0.7073901358962059
406		16.94154793798225		4.0683274269104		6.487618115103245		0.38673062150478366		0.7734612430095673
407		16.819154200027697		4.08621072769165		6.516913072806597		0.3801094684004784		0.7602189368009568
408		16.80967970204074		4.066481113433838		6.495506023800373		0.3965218782842159		0.7930437565684318
409		16.835409058025107		4.110035419464111		6.5132071904301645		0.40614874274730683		0.8122974854946137
410		16.953366208006628		4.078939914703369		6.527463914263248		0.3527992448747158		0.7055984897494316
411		16.80609738698695		4.078394889831543		6.5195904103517535		0.3734661935091019		0.7469323870182037
412		16.78868303197669		4.078688621520996		6.534127017176151		0.36785901080965994		0.7357180216193199
413		16.935520828992594		4.062963485717773		6.475348118519783		0.3485680842757225		0.697136168551445
414		16.9478168010246		4.042020797729492		6.4657773143053054		0.3712729417026043		0.7425458834052086
415		17.059825895994436		4.083329677581787		6.5508356077075005		0.35284299302101135		0.7056859860420227
416		17.061420782993082		4.086095809936523		6.536254782140255		0.3612651607990265		0.722530321598053
417		16.895487929985393		4.080310344696045		6.524710985803604		0.34597978173494337		0.6919595634698867
418		16.72832577198278		4.066473960876465		6.460323993492127		0.368380246502161		0.736760493004322
419		16.808450140000787		4.089584827423096		6.45911428668499		0.3484994699895382		0.6969989399790764
420		16.72237120696809		4.082571506500244		6.523899945449829		0.4111788604557514		0.8223577209115028
421		16.80053412198322		4.057172775268555		6.476322799003124		0.3740138190805912		0.7480276381611825
422		16.675075283041224		4.095345973968506		6.545835951185227		0.43195374409556386		0.8639074881911277
423		16.845597303006798		4.077754020690918		6.53992077769041		0.3787575152337551		0.7575150304675102
424		16.770658618945163		4.069051742553711		6.498867601335049		0.404842879319191		0.809685758638382
425		16.81791223300388		4.037568092346191		6.453430400931835		0.4219913030564785		0.843982606112957
426		16.81910320202587		4.033756256103516		6.495253791975975		0.36215558744668963		0.7243111748933793
427		16.878794717020355		4.052346229553223		6.444788523042202		0.39227518876194956		0.7845503775238991
428		16.82686484704027		4.059760093688965		6.436242945146561		0.430303530395031		0.860607060790062
429		16.82857418002095		4.070188045501709		6.489201729530096		0.3845008140742779		0.7690016281485558
430		16.844439823005814		4.053820610046387		6.424959814679623		0.3567239161789417		0.7134478323578834
431		16.79023533401778		4.079555988311768		6.501224653840065		0.3529408875823021		0.7058817751646042
432		16.65074035304133		4.102835655212402		6.512108362674713		0.37755713642835614		0.7551142728567123
433		16.776560209982563		4.056206226348877		6.4927923618197445		0.3524398272752762		0.7048796545505523
434		16.861027455015574		4.078410625457764		6.448221812272072		0.3833555232465267		0.7667110464930534
435		16.774159112013876		4.066977024078369		6.443712822437286		0.34803636628389356		0.6960727325677871
436		16.867875543015543		4.053415298461914		6.428721827149391		0.36491239467859266		0.7298247893571853
437		16.739709793007933		4.049875736236572		6.398591848528385		0.35131481282114985		0.7026296256422997
438		16.90339730901178		4.035223484039307		6.474594485807419		0.35798871470689775		0.7159774294137955
439		16.877768146048766		4.091828346252441		6.543299111771583		0.5432715868353843		1.0865431736707687
440		16.862390942987986		4.071231842041016		6.503463721305132		0.3867468505382538		0.7734937010765076
441		17.047094519017264		4.0688157081604		6.45377828412056		0.407385297203064		0.814770594406128
442		17.014675874030218		4.0671491622924805		6.508792509245873		0.3498138350844383		0.6996276701688766
443		17.11538513295818		4.0760979652404785		6.476841965210438		0.3551746434569359		0.7103492869138718
444		16.93760085501708		4.055325508117676		6.464590668404102		0.642459537756443		1.284919075512886
445		17.05334284104174		4.0347137451171875		6.437141878855228		0.4165585077226162		0.8331170154452324
446		16.858968545973767		4.068176746368408		6.459020147949457		0.5342143045186997		1.0684286090373993
447		16.998130199033767		4.069087982177734		6.466517137014866		0.4068825241148472		0.8137650482296944
448		16.583680891024414		4.0846266746521		6.512265765619278		0.3513165320277214		0.7026330640554428
449		16.663688922009896		4.056092262268066		6.442061182129383		0.3758893592119217		0.7517787184238434
450		16.75852102600038		4.031466484069824		6.407685963511467		0.35467227274775504		0.7093445454955101
451		16.83159519097535		4.09361457824707		6.532027648186683		0.36320810053944586		0.7264162010788917
452		16.725727067969274		4.093014240264893		6.512738777399063		0.34586934834122657		0.6917386966824531
453		16.85306385497097		4.073484897613525		6.489340492963791		0.36406596596837043		0.7281319319367409
454		16.882885635015555		4.050958156585693		6.48109012671709		0.36202333774566653		0.7240466754913331
455		17.05740162701113		4.106541156768799		6.497502525770664		0.34065842160582543		0.6813168432116509
456		16.98781775200041		4.024964809417725		6.430421432435512		0.35537353684306144		0.7107470736861229
457		16.884751548001077		4.0629096031188965		6.447279807662964		0.34852040048241617		0.6970408009648323
458		16.84050227003172		4.056193828582764		6.429001579260826		0.36727612279057503		0.7345522455811501
459		16.984551103960257		4.077766418457031		6.493718269252777		0.3642885967671871		0.7285771935343742
460		16.894336029014084		4.072250843048096		6.483374308776855		0.388812835419178		0.777625670838356
461		16.799662503006402		4.053861141204834		6.4855698395967485		0.38511744714975354		0.7702348942995071
462		17.12519573100144		4.034242630004883		6.40541392237544		0.3497012942612171		0.6994025885224342
463		16.945401130011305		4.038344383239746		6.397089552199841		0.35761272438168523		0.7152254487633705
464		17.01191152597312		4.049206733703613		6.478691801059246		0.39721615105867386		0.7944323021173477
465		16.864170028013177		4.082768440246582		6.539312109315396		0.35722087673544883		0.7144417534708977
466		16.83604971697787		4.07017183303833		6.459952449822426		0.3941648972094059		0.7883297944188118
467		16.853059438988566		4.03012752532959		6.4521528470277785		0.4512096472799778		0.9024192945599556
468		16.766814442002214		4.069328308105469		6.468985625910759		0.4602205634057522		0.9204411268115044
469		16.874303539050743		4.02669620513916		6.4573981746792795		0.35556368206739425		0.7111273641347885
470		16.892196662025526		4.03028678894043		6.478279822909832		0.3477645667076111		0.6955291334152222
471		16.822890707000624		4.053032875061035		6.452988341295719		0.34053295407295225		0.6810659081459045
472		16.89056743204128		4.054336071014404		6.493816632735729		0.3638252204716206		0.7276504409432412
473		16.936309577024076		4.064820289611816		6.462698891365528		0.3618178150355816		0.7236356300711632
474		16.93128467700444		4.061802387237549		6.449806522262096		0.3727519656062126		0.7455039312124252
475		17.09565318003297		4.034097671508789		6.455714794516563		0.613319160670042		1.226638321340084
476		16.868335527018644		4.050882816314697		6.454413781535625		0.34603654277920726		0.6920730855584145
477		17.03523471398512		4.0704426765441895		6.470702145111561		0.3617750763595104		0.7235501527190208
478		16.83751114201732		4.068856239318848		6.436933324825763		0.34408923110961914		0.6881784622192383
479		16.777262301999144		4.046214580535889		6.446562900686264		0.3637011808037758		0.7274023616075516
480		16.78573330299696		4.012352466583252		6.439524533629418		0.35392635747790335		0.7078527149558067
481		16.699267694028094		4.025447368621826		6.440954189527035		0.4109989774167538		0.8219979548335076
482		16.821207877015695		4.027070999145508		6.47918813880682		0.348728238683939		0.697456477367878
483		16.881896484992467		4.0809431076049805		6.4027633594989775		0.37267409559488296		0.7453481911897659
484		16.848629403975792		4.069982051849365		6.471728636741638		0.3665855168938637		0.7331710337877274
485		16.808122554968577		4.021530628204346		6.413637919825315		0.3571539796590805		0.714307959318161
486		16.970163357036654		4.074365139007568		6.464322958076		0.35841414148807527		0.7168282829761505
487		16.807457572955173		4.04958438873291		6.398006263375282		0.3862634170353413		0.7725268340706826
488		16.816009406989906		4.103540897369385		6.502024810189009		0.3643238955616951		0.7286477911233902
489		16.7888078049873		4.077646732330322		6.420040315842629		0.5988416373550892		1.1976832747101784
490		16.974142220977228		4.0628838539123535		6.47158658246994		0.3440378459453583		0.6880756918907166
491		16.811831833969336		4.012024879455566		6.38518469272852		0.3420586771428585		0.684117354285717
492		16.97805607400369		4.032223701477051		6.435527990221977		0.3423495010495186		0.6846990020990372
493		16.9133174099843		4.031172752380371		6.384236119759083		0.3555791199326515		0.711158239865303
494		16.961806098988745		4.04642391204834		6.462118109208346		0.3459978560209274		0.6919957120418548
495		16.967335068038665		4.036943435668945		6.430367679083347		0.4033863671779633		0.8067727343559266
496		16.77909742499469		4.0377702713012695		6.434145443511009		0.3492370419859886		0.6984740839719772
497		16.799644023005385		4.057620048522949		6.42753610047102		0.34457839840650556		0.6891567968130111
498		16.821795134979766		4.008011817932129		6.3727093054533		0.3629972116887569		0.7259944233775139
499		16.91232346597826		4.047557353973389		6.4464769563794135		0.33836316301226615		0.6767263260245323
500		16.782392296998296		4.018199443817139		6.4238926924586295		0.3529024187326431		0.7058048374652862
501		16.827073855965864		4.02699089050293		6.417575650942325		0.36845771804451943		0.7369154360890389
502		16.836222395999357		4.0240654945373535		6.3963576031565665		0.3844161833167076		0.7688323666334153
503		16.754155018017627		4.018492698669434		6.411627787029743		0.35135883347392083		0.7027176669478417
504		16.891132477961946		4.046407222747803		6.495855371153355		0.3970643919348717		0.7941287838697434
505		16.88735531299608		4.019573211669922		6.406745525789261		0.3421914057791233		0.6843828115582467
506		16.73963237204589		4.034707069396973		6.42209636348486		0.3564883771777153		0.7129767543554306
507		17.156559110968374		4.085075378417969		6.452469419252872		0.3785793241918087		0.7571586483836173
508		16.96928076603217		4.0327043533325195		6.425007804203034		0.3549007503211498		0.7098015006422996
509		16.87294784496771		4.036809921264648		6.500994989037514		0.3430221445322037		0.6860442890644074
510		16.833080951997545		4.007721900939941		6.430630742216111		0.3441053607285023		0.6882107214570046
511		16.82504930399591		4.024829387664795		6.391996018469333		0.43540403826236723		0.8708080765247345
512		16.737472204025835		4.024012565612793		6.3633444354653355		0.3871725303113461		0.7743450606226921
513		16.752811265992932		4.05086612701416		6.495987216329574		0.345235455262661		0.690470910525322
514		17.025821002025623		4.043379783630371		6.454001693296433		0.3614701713979244		0.7229403427958488
515		16.84045665699523		4.049030303955078		6.455174778842926		0.3443215818345547		0.6886431636691094
516		16.894684821018018		4.084478855133057		6.491143468976021		0.37906062177419664		0.7581212435483933
517		16.799857160949614		4.029332160949707		6.361374646246433		0.3658023135125637		0.7316046270251274
518		17.06919916800689		4.054200172424316		6.4140784657001495		0.343795480632782		0.687590961265564
519		16.99692689900985		4.020513534545898		6.352066879892349		0.3984458663761616		0.7968917327523232
520		17.098924243997317		4.03214693069458		6.399297317111492		0.36087348577976225		0.7217469715595245
521		16.955481111013796		4.0614705085754395		6.468622472333908		0.34014538431763647		0.6802907686352729
522		16.98552180302795		4.016993522644043		6.375372542607784		0.3890398306488991		0.7780796612977982
523		16.80847726704087		4.03407096862793		6.422799755764007		0.34927078383564947		0.6985415676712989
524		17.004324754001573		4.0483317375183105		6.464308480417729		0.3436191685497761		0.6872383370995522
525		16.88586460996885		4.023960113525391		6.367294632744789		0.3461578903079033		0.6923157806158066
526		16.846760371990968		4.060033321380615		6.3796869410634045		0.3462156914710999		0.6924313829421997
527		16.852599790960085		4.02726411819458		6.422420130479336		0.3456686607897282		0.6913373215794564
528		16.79618806298822		4.043613910675049		6.48392520364523		0.3813163141012192		0.7626326282024384
529		16.84486759104766		4.026714324951172		6.38452434990406		0.38201251547932624		0.7640250309586525
530		16.965269309992436		4.050723075866699		6.437230374658108		0.38541750344634057		0.7708350068926811
531		17.041932288033422		4.03737735748291		6.39336161712408		0.4794502575159073		0.9589005150318146
532		16.8794908420532		4.068580627441406		6.492851190674305		0.3397572674036026		0.6795145348072053
533		16.849946214992087		4.02955436706543		6.421259461200237		0.3592397896051407		0.7184795792102814
534		16.86913819098845		4.0511274337768555		6.403638298439979		0.35425481555461885		0.7085096311092377
535		17.02341401600279		4.029116630554199		6.428395503056049		0.34408305557966234		0.6881661111593247
536		16.764749227033462		4.057718753814697		6.445205455183983		0.34631250633001326		0.6926250126600265
537		16.877383560000453		4.055580139160156		6.516118043589592		0.41066871713995934		0.8213374342799187
538		16.755027281993534		4.042427062988281		6.413105662816763		0.5068914583027363		1.0137829166054726
539		17.003919002017938		3.993683099746704		6.339373423993587		0.35905695868730547		0.7181139173746109
540		16.952941065013874		4.032864093780518		6.420407160156965		0.3673734477341175		0.734746895468235
541		16.86856648302637		4.03776741027832		6.36560363265276		0.5076368200659752		1.0152736401319504
542		16.876943603972904		4.052690505981445		6.429620673382282		0.35432120250463484		0.7086424050092697
543		16.936341508000623		4.001803398132324		6.4322031874060634		0.36839162957668303		0.7367832591533661
544		16.917026713956147		3.9868171215057373		6.344176282006502		0.3520908103108406		0.7041816206216812
545		16.997867811005563		4.0513105392456055		6.419237222135067		0.3411076571106911		0.6822153142213822
546		16.880750833952334		4.048729419708252		6.463664128530025		0.3579938538134098		0.7159877076268196
547		17.027535672998056		4.009105205535889		6.366796663570404		0.376459819227457		0.752919638454914
548		16.967828811029904		4.032926082611084		6.465272616577148		0.35421412492990495		0.7084282498598099
549		16.981917202007025		4.022334575653076		6.426771512395144		0.3722686944961548		0.7445373889923096
550		16.905487657990307		4.039118766784668		6.431058794605732		0.4068922198414803		0.8137844396829605
551		16.869038397970144		4.034541130065918		6.395923133802414		0.3554446283876896		0.7108892567753792
552		17.02564559801249		4.0081892013549805		6.402570765614509		0.34315069751143457		0.6863013950228691
553		17.008609770040493		4.039712429046631		6.437660908341408		0.35213376192450524		0.7042675238490105
554		16.785910013015382		4.029934406280518		6.415564251160622		0.4315362777352333		0.8630725554704666
555		16.851744927000254		3.9917984008789062		6.346298137307167		0.35386117903590203		0.7077223580718041
556		16.88668424100615		4.010708332061768		6.394542109251022		0.3508760694742203		0.7017521389484406
557		16.754158269963227		3.991563081741333		6.365177409017086		0.354115009355545		0.70823001871109
558		16.689447889046278		4.034667015075684		6.3737871764540674		0.34151550924777985		0.6830310184955597
559		16.852100999036338		4.017794609069824		6.374761604189873		0.35930944886207583		0.7186188977241517
560		16.746418988041114		4.024471759796143		6.41874899353981		0.41095807453989985		0.8219161490797997
561		16.832691307994537		3.980067491531372		6.345623764598369		0.35785056550502775		0.7157011310100555
562		16.71227398701012		4.015885353088379		6.4198409315466884		0.4309820816397667		0.8619641632795334
563		16.874286199978087		4.019471168518066		6.4204844156503675		0.3419359932780266		0.6838719865560532
564		17.10374434798723		4.036000728607178		6.385583722734451		0.35829597874879837		0.7165919574975967
565		17.114036120008677		3.9932596683502197		6.378631800436974		0.34278528165221217		0.6855705633044243
566		17.030426532961428		4.003185272216797		6.413838688409329		0.3661698664903641		0.7323397329807282
567		16.99551372899441		3.989908456802368		6.3666809371113775		0.3942361657679081		0.7884723315358162
568		16.952088695019484		4.024155139923096		6.404129517591		0.3546753733575344		0.7093507467150688
569		16.93347562197596		4.024799346923828		6.412936795055867		0.4206921169102192		0.8413842338204384
570		16.87252792401705		3.9990956783294678		6.346962678039074		0.34758998075723646		0.6951799615144729
571		16.770299033029005		4.072210311889648		6.433104469895363		0.3893476012647152		0.7786952025294304
572		17.029908997006714		4.047848224639893		6.417722432887554		0.35468105825185775		0.7093621165037155
573		22.453696993994527		4.03165340423584		6.370353734922409		0.3613808671295643		0.7227617342591286
574		22.53191738401074		4.009851455688477		6.386824567437172		0.3563944524407387		0.7127889048814774
575		21.939811185991857		4.025749683380127		6.367762168037891		0.3501382664084435		0.700276532816887
576		19.146280243992805		4.051896095275879		6.4520207216262815		0.350495824187994		0.700991648375988
577		16.912023493961897		4.034856796264648		6.3937472754716875		0.4048622899770737		0.8097245799541474
578		16.879040335013997		4.007073879241943		6.420954524207115		0.38918475394248964		0.7783695078849793
579		16.920337071001995		4.026595115661621		6.410537441295386		0.3415592680335045		0.683118536067009
580		17.042130223009735		4.042126655578613		6.426709137737751		0.37837591758966443		0.7567518351793289
581		17.04913685901556		4.004820823669434		6.416375697815418		0.38901762239933013		0.7780352447986603
582		16.958581160986796		4.008272171020508		6.392306386327744		0.3491339128732681		0.6982678257465362
583		16.98733869800344		3.994861125946045		6.335929281914234		0.361812256783247		0.723624513566494
584		17.01002511003753		3.9957966804504395		6.332461331093311		0.3723029688119888		0.7446059376239776
585		17.01154343097005		4.019356727600098		6.420247041153908		0.39217503858804703		0.7843500771760941
586		17.053862169967033		4.052249908447266		6.371653225725889		0.3582563139021397		0.7165126278042794
587		17.089205815980677		4.027326583862305		6.401016464954615		0.37019088980555537		0.7403817796111107
588		17.18495632300619		4.069197654724121		6.444650410878658		0.34810104503035544		0.6962020900607109
589		17.17500105703948		3.9831671714782715		6.344512717223167		0.40668590188026427		0.8133718037605285
590		17.113973213999998		4.027290344238281		6.441028660142422		0.34099192391633987		0.6819838478326797
591		17.084756918950006		4.029510498046875		6.405194388991594		0.35671102025508883		0.7134220405101777
592		17.05817948601907		4.007712364196777		6.41394881042242		0.4790276649296284		0.9580553298592568
593		17.054454230994452		4.023822784423828		6.365616352623701		0.3412624718546867		0.6825249437093734
594		17.027345762995537		4.024123668670654		6.378270231223106		0.381662004506588		0.763324009013176
595		17.053828291012906		3.997351884841919		6.330873703694343		0.36869220084548		0.73738440169096
596		17.02116331999423		4.006746292114258		6.395572725343704		0.3510523658692837		0.7021047317385674
597		16.869739554997068		3.980670928955078		6.342756595396995		0.3844367414236069		0.7688734828472138
598		17.113000173005275		4.013392925262451		6.388029796206951		0.35164841964840887		0.7032968392968177
599		17.110226375982165		4.008131504058838		6.440231382524967		0.35259393680095674		0.7051878736019135
600		17.042189983010758		3.983360528945923		6.321789698290825		0.376366483271122		0.752732966542244
601		16.972333010984585		3.9869461059570312		6.372888479793072		0.35105456874966623		0.7021091374993325
602		17.010496440983843		4.004726409912109		6.377369093209505		0.34558716819286345		0.6911743363857269
603		16.887796756986063		4.005047798156738		6.3911801144957545		0.36967472159266473		0.7393494431853295
604		17.03908950398909		4.035759449005127		6.366532515406608		0.4055869645178318		0.8111739290356637
605		16.916145882976707		4.0086517333984375		6.39240478579998		0.37766744329333307		0.7553348865866661
606		16.93444736697711		4.024796962738037		6.419810762757063		0.35409403907656667		0.7081880781531333
607		17.004228243022226		4.0110602378845215		6.355288336122036		0.34937692732214926		0.6987538546442985
608		16.83464382600505		4.01810359954834		6.4185118673801425		0.36063087773919106		0.7212617554783821
609		16.81480080302572		4.00181770324707		6.3589124838233		0.35271928272247316		0.7054385654449463
610		17.044031612982508		4.000599384307861		6.366124785029888		0.363008579146862		0.726017158293724
611		17.045546044013463		3.9860854148864746		6.320489124083519		0.344127971547842		0.688255943095684
612		17.053767915000208		3.9859249591827393		6.300115333986282		0.4481565826535225		0.896313165307045
613		17.099518104980234		3.987339735031128		6.357644774305821		0.37232788268327716		0.7446557653665543
614		16.859225565975066		4.0091142654418945		6.3838696342587475		0.43473482513427736		0.8694696502685547
615		16.986732589022722		3.9712913036346436		6.302395493376255		0.35403728297352793		0.7080745659470559
616		17.03860424202867		4.0264739990234375		6.433773182362318		0.36441408156752586		0.7288281631350517
617		16.87223122396972		3.984372854232788		6.348183085078001		0.34442323278784753		0.6888464655756951
618		16.991071228985675		4.019326686859131		6.361253872644902		0.34611717167794703		0.6922343433558941
619		17.11752070300281		4.021825790405273		6.35480335161686		0.3441084970235825		0.688216994047165
620		17.157768306031357		3.9833521842956543		6.285960192763805		0.34212849498987197		0.6842569899797439
621		16.971918324998114		3.9853732585906982		6.3801499403834345		0.3488602869153023		0.6977205738306046
622		16.951245141041		4.012328147888184		6.355542103433609		0.34851189598441124		0.6970237919688225
623		17.014291087980382		3.978315591812134		6.3286376226723196		0.3667774522840977		0.7335549045681954
624		17.037110716977622		3.9861698150634766		6.365447129261494		0.35045498828291893		0.7009099765658379
625		16.99047713103937		4.0162672996521		6.430754098498821		0.37469593204855917		0.7493918640971183
626		16.89393703598762		3.998011589050293		6.321184269475937		0.3575557635128498		0.7151115270256996
627		16.824062182975467		4.029016017913818		6.43373897767067		0.3605290353000164		0.7210580706000328
628		16.928170188970398		3.9990553855895996		6.408987576156854		0.3822552916407585		0.764510583281517
629		16.806837096984964		4.0158867835998535		6.348487944447994		0.45153137620687483		0.9030627524137497
630		17.08595208101906		3.9634761810302734		6.296203672480583		0.34757826825976373		0.6951565365195275
631		16.99215489096241		3.9989991188049316		6.301662940955162		0.38391239013671874		0.7678247802734375
632		16.981529996031895		3.9917585849761963		6.333655416125059		0.35944164577126503		0.7188832915425301
633		16.861473032971844		3.971186637878418		6.3545698241949085		0.3684599253833294		0.7369198507666588
634		17.166148866002914		3.9888768196105957		6.3830842857420445		0.3474018738865852		0.6948037477731704
635		17.14981351897586		3.9465689659118652		6.304519574034214		0.34825443095266817		0.6965088619053363
636		17.080210555985104		3.9873569011688232		6.3472037630915645		0.38016750265955923		0.7603350053191185
637		16.857803315971978		3.975163459777832		6.29807083426714		0.38231731660962104		0.7646346332192421
638		16.827106127049774		3.9905760288238525		6.3571531758785245		0.34559038410186765		0.6911807682037353
639		16.86805208894657		4.027222156524658		6.384568881720305		0.35367589355111123		0.7073517871022225
640		17.011892115988303		4.036898612976074		6.410844791793823		0.39077895616889		0.78155791233778
641		17.11308870499488		3.9821197986602783		6.310948038995266		0.360937477517128		0.721874955034256
642		16.922699856979307		3.976902723312378		6.3189519797265525		0.35050365182757376		0.7010073036551475
643		16.973708907025866		4.041680335998535		6.405640093559026		0.42787135680913924		0.8557427136182785
644		16.970076092984527		3.992543935775757		6.337784284377098		0.3494191697061062		0.6988383394122124
645		16.937921628006734		3.969633102416992		6.345468622994423		0.3546447585463524		0.7092895170927048
646		16.919743964041118		3.98866868019104		6.331134637475014		0.351887506467104		0.703775012934208
647		16.804216157994233		3.986867904663086		6.3280553961396215		0.422531954407692		0.845063908815384
648		16.880618480034173		3.9832818508148193		6.3176817680358885		0.3429499668478966		0.6858999336957932
649		16.790563067013863		4.00533390045166		6.389180374825001		0.3416363548874855		0.683272709774971
650		16.821221527003217		4.003171920776367		6.345723974275589		0.34868450172543525		0.6973690034508705
651		16.849635351041798		3.977815866470337		6.314082828879356		0.34579348408579824		0.6915869681715965
652		16.9246849269839		3.9892027378082275		6.346702748477459		0.4079147081077099		0.8158294162154198
653		16.796949798997957		3.9909424781799316		6.359184389197827		0.37239001563191415		0.7447800312638283
654		17.0120256600203		4.009095668792725		6.364697825568914		0.3501314498901367		0.7002628997802735
655		17.030397130001802		3.9979724884033203		6.334087010377646		0.39286907915472985		0.7857381583094597
656		17.02003530599177		4.029088020324707		6.434302339363098		0.3545616933763027		0.7091233867526054
657		16.99728397699073		3.965940237045288		6.271688870245218		0.4151714276432991		0.8303428552865982
658		16.952086735982448		4.008694648742676		6.39692213228941		0.3916870197921991		0.7833740395843982
659		16.97786821500631		3.987626075744629		6.31797485653162		0.3589093491435051		0.7178186982870102
660		17.022694720013533		4.001256465911865		6.350968716907501		0.3467852275371551		0.6935704550743103
661		16.916622275020927		4.011173725128174		6.3635378747165205		0.35004303956627847		0.7000860791325569
662		16.922751283971593		3.973745584487915		6.353853032976389		0.47172486510276795		0.9434497302055359
663		17.07216054102173		3.9991300106048584		6.309873439013958		0.36811101794242856		0.7362220358848571
664		17.060412192018703		4.00253963470459		6.390642412954569		0.42523770653009413		0.8504754130601883
665		16.8955000800197		4.008726119995117		6.336881187546253		0.3562666311740875		0.712533262348175
666		17.033016275963746		3.949016809463501		6.3196548337757585		0.34954198090434074		0.6990839618086815
667		16.89642223296687		3.9549365043640137		6.3437635486125945		0.454419757860899		0.908839515721798
668		16.754923225962557		3.9843432903289795		6.311149044501781		0.3598997910618782		0.7197995821237564
669		17.004524216987193		3.953557252883911		6.269314363920689		0.34523023199141023		0.6904604639828205
670		16.837435567053035		4.029392242431641		6.373028987544775		0.3727193617463112		0.7454387234926224
671		16.916791687021032		3.9797654151916504		6.2964175324499605		0.35445764810442926		0.7089152962088585
672		16.988889308006037		3.98409366607666		6.321853580081463		0.3718795107483864		0.7437590214967728
673		17.03641563502606		4.022572040557861		6.409073347222805		0.3524670672297478		0.7049341344594956
674		17.00656785501633		3.9904592037200928		6.334067284560204		0.36663318494558333		0.7332663698911667
675		16.933333733002655		4.002841472625732		6.354551082313061		0.3508757433950901		0.7017514867901802
676		16.938055904000066		3.9616687297821045		6.282019493985176		0.39455079659819603		0.7891015931963921
677		16.829571320966352		3.972393751144409		6.288621791368723		0.3707875146150589		0.7415750292301178
678		16.944650808989536		3.9814882278442383		6.329606693685054		0.537660981285572		1.075321962571144
679		16.90408878499875		3.9755210876464844		6.292843835806846		0.35105696959495547		0.7021139391899109
680		17.04262332303915		3.9665772914886475		6.323404853713512		0.3500152453243732		0.7000304906487465
681		16.91307963099098		3.996281623840332		6.335049797338248		0.3597469903945923		0.7194939807891846
682		17.110845936986152		3.9574859142303467		6.32520313501358		0.3613336835980415		0.722667367196083
683		16.972020954999607		3.974012851715088		6.376304745590687		0.35083344029188157		0.7016668805837631
684		17.045497707033064		3.9879744052886963		6.333610779488087		0.4439982439994812		0.8879964879989624
685		16.795587986009195		3.96000075340271		6.281960155141354		0.34474265770316126		0.6894853154063225
686		16.954047930950765		3.971572160720825		6.287380520796776		0.3452147452533245		0.690429490506649
687		16.983615628967527		4.016559600830078		6.383152539718151		0.3631774974346161		0.7263549948692322
688		17.08429548103595		3.967489242553711		6.260157072150707		0.3666528203547001		0.7333056407094002
689		16.990096936002374		4.005067825317383		6.343125106394291		0.3588861866533756		0.7177723733067513
690		16.825754145975225		3.959038496017456		6.293639031904936		0.3534697915256023		0.7069395830512046
691		16.821175417047925		3.9549505710601807		6.299975017809868		0.36086717151403425		0.7217343430280685
692		16.97192175895907		3.9811182022094727		6.331004432374239		0.34540234278440474		0.6908046855688095
693		16.857000141986646		4.016256809234619		6.369952402764559		0.42285330165028573		0.8457066033005715
694		16.93065214395756		3.994685411453247		6.408306454849243		0.3538982717394829		0.7077965434789658
695		16.894729328982066		4.002087593078613		6.317579421335458		0.3601212414741516		0.7202424829483032
696		17.019218742032535		3.945939779281616		6.313429945629835		0.34797880256175995		0.6959576051235199
697		17.040250788035337		3.98071551322937		6.280488123619556		0.3456493899077177		0.6912987798154354
698		17.05156786699081		3.9866838455200195		6.340564834994078		0.35108662213087083		0.7021732442617417
699		16.862587390991393		3.9599671363830566		6.327140431511402		0.35853894613981246		0.7170778922796249
700		17.008987994981		3.998443603515625		6.347293602973223		0.3456948486685753		0.6913896973371506
701		17.103079276974313		3.970865249633789		6.31799722276926		0.34155251204669473		0.6831050240933895
702		16.982919669011608		3.969756841659546		6.282612405204773		0.3588896287441254		0.7177792574882508
703		16.99357961799251		3.9760797023773193		6.311682937788963		0.3606722182393074		0.7213444364786148
704		16.82494211703306		3.9724552631378174		6.32971326123476		0.35958947061896324		0.7191789412379265
705		17.080040552013088		3.9708738327026367		6.3237825912535195		0.34614742183685304		0.6922948436737061
706		16.878300236014184		3.95489239692688		6.241905590057373		0.35214579870700835		0.7042915974140167
707		16.874922008020803		3.9872076511383057		6.309985244774818		0.35494540494680404		0.7098908098936081
708		16.860877056024037		3.9832162857055664		6.344756990355253		0.40392414964437484		0.8078482992887497
709		17.1353311620187		3.9709601402282715		6.30671818883419		0.35578024948835374		0.7115604989767075
710		16.865003946993966		3.9825823307037354		6.348160876357555		0.3572878458201885		0.714575691640377
711		16.968953389965463		3.9862873554229736		6.330547295284271		0.3657904300034046		0.7315808600068092
712		17.072723216027953		3.968137502670288		6.28709490891099		0.36287584140896795		0.7257516828179359
713		16.895501374965534		3.9590182304382324		6.281707335656882		0.3542663386106491		0.7085326772212982
714		16.986206658999436		3.9764349460601807		6.322996000140906		0.3506901822924614		0.7013803645849228
715		16.98248860897729		3.9669463634490967		6.3130700285673145		0.3722412355184555		0.744482471036911
716		16.91678192903055		3.983041286468506		6.3378273461282255		0.3751023773789406		0.7502047547578812
717		16.838474921998568		3.9495859146118164		6.327208935761452		0.34959776374101637		0.6991955274820327
718		16.995724060980137		3.9324452877044678		6.285611582481861		0.3436639684259892		0.6873279368519783
719		16.93944053602172		3.9730799198150635		6.312390806949138		0.36123334852457045		0.7224666970491409
720		17.025398435012903		3.9564921855926514		6.279743359494209		0.369001733148098		0.738003466296196
721		16.958838191989344		3.983922243118286		6.290424834561348		0.37232635766267774		0.7446527153253555
722		17.066183201037347		3.955761671066284		6.318537408673763		0.3620687983155251		0.7241375966310502
723		16.905881446960848		3.9536080360412598		6.295068927371502		0.36923446746468547		0.7384689349293709
724		17.146186714991927		3.972074031829834		6.337777470445633		0.34840982377529145		0.6968196475505829
725		16.974874150997493		3.9678738117218018		6.313048308879137		0.3441614553362131		0.6883229106724262
726		17.01115374697838		3.9691760540008545		6.259304123485088		0.3574457589805126		0.7148915179610252
727		17.032567782967817		3.932116746902466		6.279254384589195		0.36253246111869813		0.7250649222373963
728		17.108655040035956		3.949878454208374		6.228173088240624		0.36398547916412355		0.7279709583282471
729		16.918260232021566		3.9773905277252197		6.338163232564926		0.40853258814811705		0.8170651762962341
730		16.932334329991136		3.987643241882324		6.3259427281856535		0.36213708255290983		0.7242741651058197
731		17.00662956002634		3.9621853828430176		6.29932975153923		0.3945863310933113		0.7891726621866226
732		16.944103399990126		3.981069326400757		6.332064140492678		0.3520591928362846		0.7041183856725692
733		17.09624886896927		3.974266767501831		6.295353278112412		0.35888724772334096		0.7177744954466819
734		16.963733024022076		3.97409987449646		6.32617391730547		0.4082949430525303		0.8165898861050606
735		17.094316018978134		3.9780685901641846		6.344314081972837		0.3481870906770229		0.6963741813540458
736		17.037801500002388		3.912137508392334		6.232543967980146		0.36355761346817017		0.7271152269363403
737		17.135697416961193		3.9386417865753174		6.224954596698284		0.38071402319073677		0.7614280463814735
738		17.020255639974494		3.9863429069519043		6.35930062764883		0.3710698043346405		0.742139608669281
739		17.034667656000238		4.003436088562012		6.353819022691249		0.36633936929106714		0.7326787385821343
740		16.916222510975786		3.97711443901062		6.301354883116484		0.35936497278213503		0.7187299455642701
741		17.169304576003924		3.9501538276672363		6.330300550913811		0.36399914172291753		0.7279982834458351
742		16.97507228300674		3.960461139678955		6.23541200041771		0.3721579111337662		0.7443158222675323
743		16.896921574953012		3.9439611434936523		6.2236192243874076		0.3770427104175091		0.7540854208350182
744		16.783755053998902		3.963224411010742		6.205390956187248		0.3453899410188198		0.6907798820376396
745		16.970689984038472		3.9859299659729004		6.344397336226701		0.3517217761605978		0.7034435523211956
746		17.015193225990515		3.984717845916748		6.320093661648035		0.35746641454696654		0.7149328290939331
747		17.05707296001492		3.983097553253174		6.331182746100426		0.35285450217723846		0.7057090043544769
748		17.04887071502162		3.9404091835021973		6.251662070447207		0.35339238143563273		0.7067847628712655
749		17.000434461981058		3.948685884475708		6.289889166975021		0.354431614035368		0.708863228070736
750		17.069358458044007		3.9786362648010254		6.330398953324556		0.35698602747917174		0.7139720549583435
751		16.82645795098506		3.9582912921905518		6.266697122216224		0.352579799374938		0.705159598749876
752		17.154773681017105		3.9981303215026855		6.334621013265848		0.36036409311890605		0.7207281862378121
753		17.063856291992124		3.928345203399658		6.261814699763059		0.3791110268175602		0.7582220536351204
754		17.014664554968476		3.9434409141540527		6.282926085805893		0.35664686032533643		0.7132937206506729
755		17.002164962992538		3.9938905239105225		6.30968267685771		0.35701939495801926		0.7140387899160385
756		17.150973765004892		3.9687209129333496		6.307394319534302		0.35191596925854685		0.7038319385170937
757		16.88922440900933		3.993119716644287		6.343699357402325		0.3531941834270954		0.7063883668541908
758		16.86038097902201		3.9668772220611572		6.320676898920536		0.358340608561039		0.716681217122078
759		16.89269665000029		3.983687400817871		6.303198594278097		0.3490614381849766		0.6981228763699532
760		17.025913485034835		3.974863290786743		6.307053155267239		0.34853719009160994		0.6970743801832199
761		17.024062087992206		3.9626619815826416		6.305355987906456		0.3463745163887739		0.6927490327775478
762		16.9406268359744		3.9820501804351807		6.316839692312479		0.35398674464821817		0.7079734892964363
763		16.862223986012395		3.9527366161346436		6.310023699831962		0.35343703773617746		0.7068740754723549
764		16.880647353013046		3.987408399581909		6.338533521425724		0.358039712613821		0.716079425227642
765		16.93449665902881		3.951319456100464		6.329499320340156		0.35226661326289177		0.7045332265257835
766		16.725750112032983		4.019174575805664		6.367111305117607		0.36036901397109034		0.7207380279421807
767		16.802611903985962		3.9459691047668457		6.33448108201623		0.3512270620763302		0.7024541241526604
768		16.9232874000445		3.964308023452759		6.347080902427435		0.35318332380056383		0.7063666476011277
769		16.94702873501228		3.9478440284729004		6.273110664725303		0.4576511478126049		0.9153022956252098
770		17.003338295966387		3.9359281063079834		6.283885723119974		0.3926453665316105		0.785290733063221
771		17.064978132024407		3.9506611824035645		6.293346521621943		0.3807616710305214		0.7615233420610428
772		17.13489261403447		3.9556050300598145		6.230989057147503		0.3814737856566906		0.7629475713133812
773		17.26099932496436		3.946293592453003		6.32358293132782		0.37517750752270224		0.7503550150454045
774		16.93374742398737		3.9566240310668945		6.294326235640049		0.3484122539103031		0.6968245078206062
775		17.08765157702146		3.9089019298553467		6.257973127985001		0.3692743485212326		0.7385486970424652
776		16.835326287022326		3.990068197250366		6.33456969268322		0.37570577491521834		0.7514115498304367
777		16.947609697992448		3.969276189804077		6.333408115482331		0.35769673779010774		0.7153934755802155
778		16.98664658301277		3.999987840652466		6.393656151241064		0.42704691376686094		0.8540938275337219
779		16.864144883991685		3.9566919803619385		6.349735279643536		0.3688175673127174		0.7376351346254348
780		16.95912050799234		3.970907688140869		6.300471751248836		0.3945997832894325		0.789199566578865
781		16.818876565957908		3.9388787746429443		6.276886381864548		0.3886475492119789		0.7772950984239578
782		16.87870479200501		3.980539321899414		6.317887703120708		0.35044462928175923		0.7008892585635185
783		16.907067071995698		4.003419399261475		6.30789328814745		0.35101791966557505		0.7020358393311501
784		17.16678299801424		3.9535038471221924		6.2898341659128665		0.4442782678246498		0.8885565356492996
785		16.97532134602079		3.95059871673584		6.259864418667555		0.34503297996521		0.69006595993042
786		17.036112878995482		3.9734818935394287		6.285858413904905		0.3480649961411953		0.6961299922823906
787		16.846129829995334		3.957643747329712		6.3162077354609965		0.35163491172194483		0.7032698234438897
788		17.057646250992548		3.9626948833465576		6.277865436053276		0.36967302996516227		0.7393460599303245
789		17.09722585498821		3.936699151992798		6.259743549203873		0.35411609960198404		0.7082321992039681
790		17.197270559961908		3.9794323444366455		6.289776613259315		0.3622099870145321		0.7244199740290642
791		17.151140001951717		3.982297897338867		6.326078426408768		0.3697125891029835		0.739425178205967
792		17.116617873020004		3.973055839538574		6.3234061269283295		0.348260248029232		0.696520496058464
793		17.048774156952277		3.96565842628479		6.331068433493376		0.42319073528051376		0.8463814705610275
794		17.101169852016028		3.9985604286193848		6.2920619834303855		0.3554905790448189		0.7109811580896378
795		17.121921702986583		3.9518096446990967		6.266133935952187		0.4848174106478691		0.9696348212957382
796		16.911327875975985		3.896559953689575		6.2368186343967915		0.34768668262958524		0.6953733652591705
797		17.054100167995784		3.957991600036621		6.300541045498848		0.35142019464969637		0.7028403892993927
798		16.914001076947898		3.9641671180725098		6.300654744756222		0.34979517480134964		0.6995903496026993
799		17.09645393898245		3.955087423324585		6.286028889858723		0.38756694113016127		0.7751338822603225
800		17.044077302969526		3.9670233726501465		6.33351682896018		0.361275672519207		0.722551345038414
801		17.156166755012237		3.9474103450775146		6.267094942098856		0.34850755242705345		0.6970151048541069
802		16.8500200129929		3.964780330657959		6.3102371653318405		0.35674525616765024		0.7134905123353005
803		17.17365122504998		3.92465877532959		6.276488802647591		0.35632927869558334		0.7126585573911667
804		16.934809926955495		3.9883804321289062		6.338352812826633		0.3499967599391937		0.6999935198783874
805		17.155869739013724		3.9932096004486084		6.312791724073887		0.3663719960689545		0.732743992137909
806		17.000851713004522		3.9438116550445557		6.304462196969986		0.35130176153182985		0.7026035230636597
807		17.067255638015922		3.9901576042175293		6.323092503154278		0.3587365650594235		0.717473130118847
808		17.06611957703717		3.9327433109283447		6.259105162811279		0.34980903445482253		0.6996180689096451
809		16.912222045008093		3.9422171115875244		6.343972979718447		0.3616633383512497		0.7233266767024994
810		17.17692654399434		3.96572208404541		6.311508821636439		0.3629728385090828		0.7259456770181656
811		17.054772188013885		3.9895007610321045		6.288637374651432		0.36535276824831964		0.7307055364966393
812		16.90505836502416		3.9970014095306396		6.302130069494248		0.35173443411290645		0.7034688682258129
813		16.95814880297985		3.9533889293670654		6.280525928723812		0.35115088062286376		0.7023017612457275
814		17.06249361502705		3.9512264728546143		6.274593743687868		0.365145272141695		0.73029054428339
815		16.933569360000547		3.979473352432251		6.32934162569046		0.354061247253418		0.708122494506836
816		17.126924315001816		3.9522998332977295		6.229684690892697		0.4040611854612827		0.8081223709225654
817		17.02977754600579		3.980219841003418		6.307433554905653		0.3867120142817497		0.7734240285634995
818		17.05439067800762		3.948749542236328		6.278858852469921		0.3603693096756935		0.720738619351387
819		17.144365332031157		3.9681928157806396		6.341202970671654		0.37150521270036696		0.7430104254007339
820		17.035580024996307		3.94490647315979		6.270620163345337		0.3546633072853088		0.7093266145706176
821		16.934192318003625		3.9382448196411133		6.244619717973471		0.35733050552010537		0.7146610110402107
822		17.099577693035826		3.946892499923706		6.256794410932064		0.4076268529951572		0.8152537059903144
823		17.034555024001747		3.952501058578491		6.269311880600452		0.3583504802554846		0.7167009605109692
824		16.954235542973038		3.9631402492523193		6.318923951250315		0.3882213760435581		0.7764427520871162
825		17.001481606974266		3.9900400638580322		6.313228674340248		0.3520708012402058		0.7041416024804116
826		16.92819376499392		3.9443905353546143		6.275805227082968		0.3530845108956099		0.7061690217912198
827		16.856280720967334		3.9893431663513184		6.298671342194081		0.35409040376544		0.70818080753088
828		16.902751617017202		3.963345527648926		6.290902406346798		0.35269255289435386		0.7053851057887077
829		16.798148560046684		3.9400529861450195		6.29163296122551		0.35043792963624		0.70087585927248
830		17.149359718023334		3.9498276710510254		6.281380590587855		0.3768210596263409		0.7536421192526818
831		16.996500362991355		3.956583023071289		6.300920896601677		0.35097188594937323		0.7019437718987465
832		17.108928789035417		3.9534201622009277		6.261073399364948		0.4351224310815334		0.8702448621630668
833		16.899271149013657		3.961310386657715		6.26165487126112		0.3535698668718338		0.7071397337436676
834		17.187889127992094		3.954084634780884		6.283589088129998		0.35278297719359397		0.7055659543871879
835		17.018326751014683		3.985522985458374		6.290241456156969		0.36550335972905157		0.7310067194581031
836		17.150989994988777		3.9382472038269043		6.275657176589966		0.35583107749819753		0.7116621549963951
837		17.124021078983787		3.9514830112457275		6.268332906723023		0.3656138226866722		0.7312276453733444
838		17.006769605970476		3.9282772541046143		6.2190932441353795		0.3948666188657284		0.7897332377314568
839		16.943659935030155		3.9815890789031982		6.3040769855320455		0.3610491424381733		0.7220982848763466
840		16.890825199021492		3.975905656814575		6.332395227628946		0.35440684040486814		0.7088136808097363
841		17.122042902978137		3.964679479598999		6.297867809134722		0.3486100306481123		0.6972200612962246
842		16.888324483996257		3.9724128246307373		6.316041660809517		0.3474347823649645		0.694869564729929
843		16.907099856005516		3.9428493976593018		6.288164020848274		0.3542521575897932		0.7085043151795865
844		16.84753902698867		3.984637498855591		6.284985683333874		0.3569908320665359		0.7139816641330718
845		16.955556700006127		3.958726406097412		6.270448732244969		0.35564316279888153		0.7112863255977631
846		16.961911856022198		3.974595546722412		6.253842986631393		0.355365274399519		0.710730548799038
847		17.045360901975073		3.965437889099121		6.290491979128122		0.35090160818099975		0.7018032163619995
848		16.89269750000676		3.9795310497283936		6.31328878967762		0.35555192139446734		0.7111038427889347
849		17.187720161047764		3.9415905475616455		6.238108070206642		0.3543919863551855		0.708783972710371
850		17.103075255989097		3.9680123329162598		6.317766080284119		0.3563542056530714		0.7127084113061428
851		17.09378119802568		3.9331276416778564		6.2591417672336105		0.4056398996412754		0.8112797992825508
852		16.987236412009224		3.952641010284424		6.297833935296535		0.3517761379778385		0.703552275955677
853		16.8609020980075		3.956554889678955		6.24322328184247		0.3549977361440659		0.7099954722881318
854		16.889109754993115		3.9734041690826416		6.301555870115757		0.4011991086661816		0.8023982173323632
855		16.847601298009977		3.9370338916778564		6.260738613146543		0.35890674600303174		0.7178134920060635
856		17.025141421996523		3.944127321243286		6.300010466837883		0.3881229776024818		0.7762459552049636
857		16.86644742503995		3.9723663330078125		6.285917060530186		0.3544074164032936		0.7088148328065872
858		17.100696431996766		3.971811294555664		6.274674808830023		0.35400841899216173		0.7080168379843235
859		16.97479608800495		3.937472105026245		6.252846248996258		0.3748800650238991		0.7497601300477982
860		17.032320172991604		3.94704532623291		6.3055763465166095		0.3889225818991661		0.7778451637983322
861		16.921697595971636		3.974080801010132		6.237534498852491		0.3574153700172901		0.7148307400345802
862		17.22054794599535		3.9777913093566895		6.296265628266335		0.35144997988641263		0.7028999597728253
863		17.086728828027844		3.953070878982544		6.313112473732233		0.3533643769681454		0.7067287539362908
864		16.878161241009366		3.9506921768188477		6.253789625322819		0.3604553910911083		0.7209107821822166
865		16.93475616996875		3.9491569995880127		6.226136569792033		0.3589384309232235		0.717876861846447
866		16.81117981398711		3.937377691268921		6.2279643898248676		0.3625373407930136		0.7250746815860272
867		17.051555088022724		3.9566447734832764		6.2691111037492755		0.35404940783977507		0.7080988156795501
868		17.017500563990325		3.9477007389068604		6.31077163490057		0.43272800295352937		0.8654560059070587
869		17.06202932202723		3.9715018272399902		6.283099806773663		0.36376819143891337		0.7275363828778267
870		16.98599819903029		3.964721441268921		6.273490580868721		0.35821528992652896		0.7164305798530579
871		17.043459451990202		3.988319158554077		6.271809013015032		0.3568933480679989		0.7137866961359978
872		17.069297568988986		3.9518916606903076		6.282433521813155		0.36751931545734406		0.7350386309146881
873		17.134975855005905		3.9259159564971924		6.289101442533731		0.3622439321935177		0.7244878643870354
874		16.871411473024637		3.956376791000366		6.283671662414074		0.35043722827732565		0.7008744565546513
875		16.925035542983096		3.957524061203003		6.302861934739351		0.36213585956692695		0.7242717191338539
876		17.023452699009795		3.978978395462036		6.336916067874432		0.35604936152398586		0.7120987230479717
877		16.93391950498335		3.9407572746276855		6.257813888508082		0.35871619735658167		0.7174323947131633
878		16.898187474987935		3.9346415996551514		6.261588086283207		0.36329140305519103		0.7265828061103821
879		16.935970016987994		3.969111919403076		6.325698572194576		0.3568153705626726		0.7136307411253452
880		17.155322256032377		3.929863214492798		6.2444146493911745		0.3625817340105772		0.7251634680211544
881		16.928696372022387		3.9465980529785156		6.277599600243568		0.35647059451043606		0.7129411890208721
882		16.986518329009414		3.9905710220336914		6.301222146230936		0.35547166785895823		0.7109433357179165
883		17.088015813031234		3.93271541595459		6.282803088331223		0.35534119399785996		0.7106823879957199
884		16.90726268099388		3.968247652053833		6.3214509674966335		0.36107371300160884		0.7221474260032177
885		16.957226953993086		3.959167957305908		6.278071594822407		0.35721654000878333		0.7144330800175667
886		16.986250576970633		3.9929358959198		6.259623860114813		0.35196610721945765		0.7039322144389153
887		16.946495884971227		3.9255456924438477		6.249950310379266		0.35809787052869796		0.7161957410573959
888		17.15437884599669		3.945523738861084		6.208152213984728		0.36723612897396085		0.7344722579479217
889		17.039740057021845		3.9666240215301514		6.328020387834311		0.36028644562363626		0.7205728912472725
890		17.137177561002318		3.892193555831909		6.198491636162997		0.3584051448404789		0.7168102896809578
891		16.835892899951432		3.9643068313598633		6.298235478466749		0.3840521325290203		0.7681042650580406
892		16.889212120033335		3.9838483333587646		6.302105341809988		0.3641174356639385		0.728234871327877
893		16.939327576954383		3.9512147903442383		6.2418394502401355		0.35097367960214615		0.7019473592042923
894		17.03664917696733		3.89639949798584		6.2824506734788415		0.35769457673430444		0.7153891534686089
895		16.957199083000887		3.9905917644500732		6.2669581905484195		0.3688373281121254		0.7376746562242508
896		17.01377580803819		3.9581077098846436		6.305114284521341		0.3582386426478624		0.7164772852957249
897		16.865941700991243		3.9464287757873535		6.304052863943577		0.35347595636844636		0.7069519127368927
898		16.922037707990967		3.9917643070220947		6.317881693649292		0.35871973177194594		0.7174394635438919
899		16.894330128037836		3.957510471343994		6.233194668841362		0.36204775604009626		0.7240955120801925
900		16.908971358963754		3.976332664489746		6.28816489315033		0.3588702610641718		0.7177405221283436
901		17.00901385996258		3.9484927654266357		6.301622221624851		0.35858609620928766		0.7171721924185753
902		17.11470992100658		3.9590015411376953		6.266548625218868		0.3779205227732658		0.7558410455465316
903		17.111105029005557		3.9636170864105225		6.284553181993961		0.3609554060995579		0.7219108121991158
904		16.992191739962436		3.9568240642547607		6.286321451485157		0.36837142049074173		0.7367428409814835
905		17.029587031982373		3.9655139446258545		6.322551952445507		0.3849098970830441		0.7698197941660881
906		16.912294859008398		3.9243078231811523		6.212569330358505		0.3526157367795706		0.7052314735591412
907		16.92700532800518		3.9550483226776123		6.297262106752395		0.37268552755713463		0.7453710551142693
908		16.87030902702827		3.9679601192474365		6.291686515033245		0.3617141592860222		0.7234283185720444
909		16.988123011018615		3.9481654167175293		6.316770289880037		0.36615046555399894		0.7323009311079979
910		17.008235922956374		3.9384522438049316		6.24913866840601		0.353161116039753		0.706322232079506
911		17.090003735967912		3.958483934402466		6.297915550506115		0.3568430462002754		0.7136860924005508
912		17.005816533986945		3.9589521884918213		6.267763720178604		0.3574257928311825		0.714851585662365
913		16.993631197954528		3.9444847106933594		6.22461978071928		0.39390570440888406		0.7878114088177681
914		17.036258502979763		3.9580538272857666		6.233399232828617		0.37397819758057593		0.7479563951611519
915		16.95438272599131		3.955381155014038		6.238229162687063		0.35664575262069703		0.7132915052413941
916		17.078856836014893		3.960908889770508		6.307954340624809		0.3584203945219517		0.7168407890439034
917		16.894893541000783		3.9642810821533203		6.254009363806247		0.38450662679672243		0.7690132535934449
918		16.970053437980823		3.9399445056915283		6.2208830784201625		0.37010567412376405		0.7402113482475281
919		16.923895098036155		3.9338788986206055		6.27049656355381		0.3664797341048717		0.7329594682097434
920		17.026735860970803		3.9595303535461426		6.290314987206459		0.35841099908947943		0.7168219981789589
921		17.0669021459762		3.915494441986084		6.248636258983612		0.35964274406433105		0.7192854881286621
922		17.14339049597038		3.9597034454345703		6.314533314013481		0.3822240187823772		0.7644480375647544
923		17.08324916899437		3.9417564868927		6.277923873066902		0.37017229609191415		0.7403445921838283
924		17.133132813032717		3.944634199142456		6.24809895004034		0.360356881070137		0.720713762140274
925		16.86879878299078		3.9469857215881348		6.249757069158554		0.3695076591014862		0.7390153182029724
926		17.128550608991645		3.945844888687134		6.23923892685771		0.3549032751321793		0.7098065502643586
927		17.06460069399327		3.987663507461548		6.317307899367809		0.36106046684384346		0.7221209336876869
928		16.970518590009306		3.937035083770752		6.223841272044182		0.3850041251540184		0.7700082503080368
929		16.91653603600571		3.941025733947754		6.266729279983044		0.38901329870820045		0.7780265974164009
930		16.94778414600296		3.940779685974121		6.2766350326359275		0.3712268485158682		0.7424536970317364
931		16.898881624045316		3.9316201210021973		6.2275810619235035		0.35992578390836716		0.7198515678167343
932		16.890075239003636		3.961862325668335		6.266715768301487		0.38911212602853773		0.7782242520570755
933		17.058558031974826		3.91971755027771		6.271841717737913		0.36073415966629985		0.7214683193325997
934		16.85118329396937		3.93673038482666		6.2429184287369255		0.385799355751276		0.771598711502552
935		17.036365406005643		3.9511353969573975		6.2417179405272005		0.35764564968943596		0.7152912993788719
936		16.96094652597094		3.9475045204162598		6.266206686669588		0.36455106528401376		0.7291021305680275
937		16.952978174958844		3.96623158454895		6.253396118432283		0.36137043803334234		0.7227408760666847
938		16.946346309036016		3.9527621269226074		6.294091721081734		0.3613916768550873		0.7227833537101745
939		17.057205608987715		3.946375608444214		6.276568719214201		0.3586494903922081		0.7172989807844162
940		17.226412665040698		3.9509541988372803		6.2182267793118955		0.3666266777783632		0.7332533555567264
941		17.06620690599084		3.9505691528320312		6.23618853418231		0.3641844056725502		0.7283688113451005
942		16.93102469400037		3.9237210750579834		6.215735189366341		0.3589724213480949		0.7179448426961899
943		17.067441330000293		3.9034628868103027		6.203413643687964		0.3727714717745781		0.7455429435491562
944		16.920741487992927		3.9468698501586914		6.274286259007454		0.38440747557282445		0.7688149511456489
945		17.047213429992553		3.968153476715088		6.2697957825303074		0.3804395533680916		0.7608791067361832
946		17.021113571012393		3.9709584712982178		6.25681574665308		0.36108888476490975		0.7221777695298195
947		16.99569667002652		3.954294443130493		6.253568117839098		0.35702744782269		0.71405489564538
948		17.006602447014302		3.9711596965789795		6.344306487601996		0.35620181161761283		0.7124036232352257
949		17.105217325966805		3.936497211456299		6.2545659504592415		0.35904362229406833		0.7180872445881367
950		17.09558504499728		3.9363784790039062		6.210915593731404		0.3659277888029814		0.7318555776059628
951		17.0769967759843		3.952138900756836		6.238540969246626		0.36464519277215		0.7292903855443
952		17.182639905950055		3.9191136360168457		6.21943127361536		0.35832233964502813		0.7166446792900563
953		17.01174822804751		3.9421803951263428		6.222168274152279		0.37213919987082483		0.7442783997416497
954		17.12820394098526		3.9305155277252197		6.312318283379078		0.4070700058400631		0.8141400116801262
955		17.025958459009416		3.934020519256592		6.2578340102612975		0.35891976712942125		0.7178395342588425
956		17.129844757029787		3.9802775382995605		6.30876129617691		0.3640081894606352		0.7280163789212704
957		17.16925887897378		3.937709331512451		6.233758031654358		0.35729381568431856		0.7145876313686371
958		17.011291561007965		3.9450337886810303		6.271841185283661		0.3590769042789936		0.7181538085579872
959		17.118023593036924		3.9377405643463135		6.241535962820053		0.36017135671973227		0.7203427134394645
960		17.028174733975902		3.9349546432495117		6.255636389702558		0.37078767310380933		0.7415753462076187
961		17.45566559699364		3.9411749839782715		6.237044841980934		0.362224716719985		0.72444943343997
962		17.776716653024778		3.8948237895965576		6.238274099457264		0.3671599670678377		0.7343199341356754
963		17.752429181011394		3.95226788520813		6.265547620105743		0.3995215836584568		0.7990431673169136
964		17.37749108596472		3.8988230228424072		6.229586155617237		0.36123372930288317		0.7224674586057663
965		17.470776089001447		3.9595413208007812		6.306636224722863		0.35724031177163124		0.7144806235432625
966		17.36760515999049		3.930373430252075		6.20254600906372		0.35978729184865954		0.7195745836973191
967		17.33491876802873		3.941438913345337		6.248563638395071		0.3584328259527683		0.7168656519055366
968		17.292903892986942		3.9557857513427734		6.299521985369921		0.3603442756086588		0.7206885512173176
969		17.27165229903767		3.9176905155181885		6.21611116207242		0.36713662151098253		0.7342732430219651
970		17.386030813970137		3.951920986175537		6.242800231426954		0.36577313407063483		0.7315462681412697
971		16.939904371043667		3.9382736682891846		6.202204019212723		0.42895501669049263		0.8579100333809853
972		17.217797864985187		3.9569640159606934		6.238342434108257		0.3645690859735012		0.7291381719470024
973		16.8825905820122		3.9372260570526123		6.255715470063686		0.3683092817485332		0.7366185634970664
974		17.143386795010883		3.9565675258636475		6.320599081963301		0.36997622172236444		0.7399524434447289
975		17.142238355008885		3.914292573928833		6.239650782257319		0.3602842133879662		0.7205684267759324
976		17.00883642595727		3.947355270385742		6.246695733070373		0.37241660949587824		0.7448332189917565
977		16.86076975200558		3.9602928161621094		6.276107731276751		0.35713964725136754		0.7142792945027351
978		16.961039485002402		3.94330096244812		6.271890562129021		0.36287091629207135		0.7257418325841427
979		16.837753782980144		3.929718255996704		6.2259585447311405		0.3763056284099817		0.7526112568199634
980		16.978693880024366		3.939985752105713		6.271851542115211		0.3564713740557432		0.7129427481114864
981		16.91377508000005		3.92891001701355		6.2738842268824575		0.3756153074234724		0.7512306148469448
982		16.964687501022127		3.929283380508423		6.224336706960202		0.36077187564969065		0.7215437512993813
983		16.918226761976257		3.8994834423065186		6.2351919181346895		0.388666410279274		0.777332820558548
984		17.005802112049423		3.90959095954895		6.193133749186993		0.43341970897316934		0.8668394179463387
985		16.83600601600483		3.920156955718994		6.226103184723854		0.36548453105688095		0.7309690621137619
986		17.036022200016305		3.9238717555999756		6.232712928581238		0.3695025929033756		0.7390051858067512
987		16.96681582002202		3.9168455600738525		6.158810888499022		0.3769997063457966		0.7539994126915932
988		17.024385850003455		3.9496123790740967		6.268338172501325		0.36125628381967545		0.7225125676393509
989		17.112605032976717		3.961221694946289		6.2802764838635925		0.42562544164657595		0.8512508832931519
990		17.02307437499985		3.923495292663574		6.228766155326366		0.3887236116349697		0.7774472232699394
991		16.87134994904045		3.936676025390625		6.238208801400662		0.36278925999999045		0.7255785199999809
992		16.874659512017388		3.914440631866455		6.215053214871883		0.3625014364302158		0.7250028728604316
993		17.11870962602552		3.9362573623657227		6.222268617892265		0.3678074538767338		0.7356149077534676
994		17.01315496803727		3.970524787902832		6.240771099060773		0.367033178961277		0.734066357922554
995		17.2150147560169		3.9480581283569336		6.247645661199093		0.3677851428240538		0.7355702856481076
996		17.08161753299646		3.9531569480895996		6.254290127551555		0.36777129198908803		0.7355425839781761
997		17.013583788007963		3.9623193740844727		6.291361305212974		0.3609996745467186		0.7219993490934372
998		17.054994328005705		3.9454333782196045		6.226796776860953		0.3602149245858192		0.7204298491716384
999		17.047022000013385		3.952692985534668		6.252068104994297		0.3647093591660261		0.7294187183320522
1000		16.9384689439903		3.9225683212280273		6.226696351641417		0.36586479705274105		0.7317295941054821
1001		16.97708766203141		3.9525585174560547		6.248605835777521		0.36252887098789216		0.7250577419757843
1002		17.178205200994853		3.917813301086426		6.2240001445710655		0.3718812076628208		0.7437624153256416
1003		17.10794228099985		3.9283499717712402		6.229720035976172		0.3783769770026207		0.7567539540052414
1004		17.13010970700998		3.880972146987915		6.166467257004976		0.3631920939683914		0.7263841879367828
1005		16.992361109005287		3.965480327606201		6.259671533632279		0.3599414751678705		0.719882950335741
1006		17.1182102849707		3.9738311767578125		6.296658817130327		0.3687601593017578		0.7375203186035156
1007		17.002266972966027		3.9388623237609863		6.243852819555998		0.372201371306181		0.744402742612362
1008		17.057785184006207		3.915067434310913		6.259465988916158		0.36378310991227625		0.7275662198245525
1009		16.898146204999648		3.9182724952697754		6.261796221089363		0.3600231989294291		0.7200463978588582
1010		16.81142414000351		3.9207053184509277		6.224080814516545		0.3772368795067072		0.7544737590134144
1011		16.922822886961512		3.9632225036621094		6.249376073056459		0.36477254395484926		0.7295450879096985
1012		16.83208135102177		3.911970615386963		6.205265038973093		0.36066915274858474		0.7213383054971695
1013		17.04654632101301		3.9414515495300293		6.312270544540882		0.36288176458775995		0.7257635291755199
1014		16.95005746500101		3.9319658279418945		6.211543930518627		0.3666385757356882		0.7332771514713764
1015		17.095186681952327		3.982624053955078		6.282152186763287		0.3618693512707949		0.7237387025415898
1016		17.011379479023162		3.9262096881866455		6.220159481865168		0.3921859292685986		0.7843718585371972
1017		16.89076381799532		3.9303767681121826		6.2361648269057275		0.36762888122200965		0.7352577624440193
1018		16.74986437096959		3.970353364944458		6.279020631021261		0.36157558094263076		0.7231511618852615
1019		16.81650734198047		3.92864727973938		6.201920257806778		0.3614591192483902		0.7229182384967804
1020		17.044177582953125		3.9676456451416016		6.271623361057043		0.36594033468067644		0.7318806693613529
1021		16.835749910969753		3.932957410812378		6.262345016628504		0.36684640263915064		0.7336928052783013
1022		16.972734988026787		3.935105085372925		6.207569674980641		0.39207180826663973		0.7841436165332795
1023		17.035964056034572		3.9653635025024414		6.266156030857563		0.360215113607049		0.720430227214098
1024		17.101701577019412		3.924532413482666		6.247902514177561		0.36222622237503527		0.7244524447500705
1025		16.977992592030205		3.9076099395751953		6.182625586414337		0.36913990575373173		0.7382798115074635
1026		17.131462689954787		3.9267587661743164		6.25196892991662		0.3663536630898714		0.7327073261797428
1027		16.84993815101916		3.9393205642700195		6.224371372425556		0.41040895555615425		0.8208179111123085
1028		16.982040649978444		3.972407341003418		6.262078776854277		0.36333139400184156		0.7266627880036831
1029		16.82649925001897		3.954789638519287		6.239049218684435		0.37489573281407357		0.7497914656281471
1030		16.994963760022074		3.9339120388031006		6.210587550461292		0.3596112259298563		0.7192224518597126
1031		17.01368143199943		3.9231276512145996		6.249465337854624		0.36209805984795096		0.7241961196959019
1032		16.82755508396076		3.9410014152526855		6.236915609437228		0.3595038007080555		0.719007601416111
1033		16.977302366984077		3.9028217792510986		6.170121909856796		0.362685745459795		0.72537149091959
1034		16.98041994997766		3.946302652359009		6.248254508161545		0.3627312543302774		0.7254625086605548
1035		17.138778209977318		3.9592936038970947		6.256389490574598		0.3643646988272667		0.7287293976545334
1036		17.063144084997475		3.9129467010498047		6.217633877176047		0.36962235135436056		0.7392447027087211
1037		17.188087921007536		3.9651265144348145		6.29562273953557		0.3645111971527338		0.7290223943054676
1038		16.98323726002127		3.889129877090454		6.1910231538116935		0.3636634642958641		0.7273269285917282
1039		16.93475465098163		3.952418327331543		6.300438580483198		0.36422250019907954		0.7284450003981591
1040		16.983240299043246		3.9543328285217285		6.24980391432643		0.3757232859611511		0.7514465719223022
1041		17.0575480160187		3.92000150680542		6.1862336813569065		0.3922555637300014		0.7845111274600028
1042		17.141747576999478		3.943485736846924		6.219875086003542		0.36172453353106976		0.7234490670621395
1043		17.028640835022088		3.9356143474578857		6.187551410019398		0.3681574101090431		0.7363148202180863
1044		16.844153976009693		3.921907663345337		6.215354817163944		0.3636101300865412		0.7272202601730824
1045		16.847992678987794		3.9423248767852783		6.240862644696236		0.3749690438717604		0.7499380877435208
1046		17.079359305032995		3.951413154602051		6.254359056615829		0.36553394463956357		0.7310678892791271
1047		17.066724025004078		3.9508867263793945		6.230841375643015		0.36150566128194334		0.7230113225638867
1048		17.087288698996417		3.957056999206543		6.2679134095191955		0.36774148357510567		0.7354829671502113
1049		16.84450096002547		3.906672477722168		6.227443585824966		0.374328131505847		0.748656263011694
1050		17.16600508999545		3.9638397693634033		6.2811958067297935		0.3703350905895233		0.7406701811790466
1051		16.988426794006955		3.937885046005249		6.3180546912670135		0.37538295603990557		0.7507659120798111
1052		17.09327048296109		3.9506285190582275		6.256821773612499		0.36853166069090365		0.7370633213818073
1053		17.03688394097844		3.941706657409668		6.271893182247877		0.3687404247552156		0.7374808495104312
1054		17.115127926983405		3.898406505584717		6.189532199072838		0.36441262126564977		0.7288252425312995
1055		16.960135410015937		3.928250312805176		6.228396357005835		0.380474447530508		0.760948895061016
1056		17.044694305979647		3.8956944942474365		6.247616699433327		0.3646909497022629		0.7293818994045258
1057		16.952584706014022		3.9404702186584473		6.246867536830902		0.36520344541966915		0.7304068908393383
1058		16.982586585974786		3.955716371536255		6.276992506885528		0.3636315395534039		0.7272630791068078
1059		17.040765697020106		3.945507049560547		6.233265168964863		0.36464768210053444		0.7292953642010689
1060		16.966238642984536		3.962574005126953		6.244003788214922		0.3624655486613512		0.7249310973227024
1061		17.250592644966673		3.9079506397247314		6.1435855147898195		0.3640419448554516		0.7280838897109032
1062		16.934375373995863		3.9467859268188477		6.265586645889282		0.375493636995554		0.750987273991108
1063		17.194726032030303		3.941066026687622		6.223898065781594		0.3639338322222233		0.7278676644444466
1064		17.153986253018957		3.914231061935425		6.2198359824895855		0.3707400714159012		0.7414801428318024
1065		17.149635568028316		3.9320428371429443		6.228262239784002		0.3657052998811007		0.7314105997622014
1066		17.06629625998903		3.903059244155884		6.225427093011141		0.36631521029770375		0.7326304205954075
1067		17.08747544500511		3.9347105026245117		6.212738152295351		0.3943866855621338		0.7887733711242676
1068		17.017295257013757		3.959233522415161		6.264309505963325		0.37141278415620327		0.7428255683124065
1069		17.07693484495394		3.953690528869629		6.278746363389492		0.40194965518713		0.80389931037426
1070		17.033229846972972		3.9471421241760254		6.225185831958055		0.36422250895500186		0.7284450179100037
1071		17.010750834015198		3.963628053665161		6.283575281840563		0.36232639514505866		0.7246527902901173
1072		17.10857468796894		3.955594778060913		6.282082888013124		0.3782437075912952		0.7564874151825904
1073		16.985115618037526		3.9626529216766357		6.292476092529297		0.37020929890275		0.7404185978055
1074		17.027345395006705		3.9335062503814697		6.221248967379331		0.36382570194602015		0.7276514038920403
1075		17.01738567103166		3.9352357387542725		6.207089382582903		0.3625557026565075		0.725111405313015
1076		16.85221174597973		3.9533865451812744		6.30743011123538		0.3649177139610052		0.7298354279220104
1077		17.12156297097681		3.9438202381134033		6.2328486864566806		0.36391770084798336		0.7278354016959667
1078		17.10323705599876		3.9474096298217773		6.250543349677324		0.3653657157987356		0.7307314315974712
1079		16.99586248700507		3.9175949096679688		6.246015586531162		0.41775008830428123		0.8355001766085625
1080		17.015266595000867		3.9614295959472656		6.30405110630393		0.3656214566767216		0.7312429133534432
1081		16.867849961970933		3.9294941425323486		6.246900956404209		0.3662097431778908		0.7324194863557816
1082		16.810054693953134		3.9223198890686035		6.187123571425676		0.37587593088448046		0.7517518617689609
1083		17.032921037985943		3.9284656047821045		6.236871921372414		0.36354571153521537		0.7270914230704307
1084		16.876231433008797		3.9132726192474365		6.1988411883294585		0.37324224511682985		0.7464844902336597
1085		17.00334032200044		3.949723243713379		6.263070219361782		0.36602520153820517		0.7320504030764103
1086		16.905470167985186		3.9146814346313477		6.208586491888761		0.3747261517137289		0.7494523034274578
1087		16.989043854991905		3.9521565437316895		6.316274733036757		0.3654367622196674		0.7308735244393348
1088		17.022762374952435		3.9423420429229736		6.285071709156036		0.37265774334073065		0.7453154866814613
1089		16.884483521978837		3.9439892768859863		6.220641498351097		0.3679588234603405		0.735917646920681
1090		17.06441931898007		3.929274797439575		6.2323554660975935		0.3720960858643055		0.744192171728611
1091		17.15512430900708		3.9227495193481445		6.266611656963825		0.382553605812788		0.765107211625576
1092		17.049556926998775		3.893472909927368		6.2025530549049375		0.3710452910065651		0.7420905820131302
1093		16.950974659004714		3.9442970752716064		6.230925744885206		0.3686415741890669		0.7372831483781338
1094		16.872727903013583		3.9180123805999756		6.249472537457943		0.36484106210172174		0.7296821242034435
1095		17.053064846026246		3.950223684310913		6.223693388682604		0.36947466505765914		0.7389493301153183
1096		17.21766894601751		3.935671329498291		6.211110095906258		0.36668785279393196		0.7333757055878639
1097		17.045303597988095		3.928851842880249		6.242779697042703		0.375923089325428		0.751846178650856
1098		17.068269724957645		3.9280307292938232		6.27475255509615		0.36681542603969575		0.7336308520793915
1099		17.03676057199482		3.929819345474243		6.229404746758938		0.36969252109229567		0.7393850421845913
1100		17.219866717001423		3.9169561862945557		6.238044449681044		0.371405244871974		0.742810489743948
1101		17.05449284700444		3.9258666038513184		6.212809287196397		0.3674866374731064		0.7349732749462128
1102		17.03420095698675		3.933497905731201		6.230718381047248		0.3679325084090233		0.7358650168180466
1103		17.095137487980537		3.942859172821045		6.2546512524545195		0.3676903094470501		0.7353806188941002
1104		17.14648309297627		3.9139652252197266		6.270041966283322		0.37149417707920074		0.7429883541584015
1105		16.98357484699227		3.9504358768463135		6.270987433356047		0.37731010111570357		0.7546202022314071
1106		17.076512928004377		3.930232286453247		6.213473915535212		0.39910831586122514		0.7982166317224503
1107		17.111409083998296		3.941565990447998		6.2338675165236		0.3677648755311966		0.7355297510623932
1108		16.949879681982566		3.9232070446014404		6.224851028507948		0.3696563121199608		0.7393126242399216
1109		17.145919247996062		3.929196834564209		6.276925281333924		0.3672874702215195		0.734574940443039
1110		17.16840477200458		3.904041290283203		6.23729679325819		0.36712327897846697		0.7342465579569339
1111		17.102248689974658		3.933527708053589		6.252238485449553		0.3672250071227551		0.7344500142455102
1112		17.046986416971777		3.9184181690216064		6.225409224700928		0.3788086583375931		0.7576173166751862
1113		17.0414390139631		3.9071807861328125		6.259858337283134		0.36772630323767663		0.7354526064753533
1114		16.909344408020843		3.9495439529418945		6.2912954967498775		0.3706407911300659		0.7412815822601319
1115		17.029853793035727		3.9242007732391357		6.278685156106949		0.3733418128967285		0.746683625793457
1116		17.130920150026213		3.891578435897827		6.234941511505842		0.3738924007385969		0.7477848014771938
1117		17.035789852961898		3.96293306350708		6.255078129184246		0.3728806790322065		0.745761358064413
1118		17.076941322011407		3.9246585369110107		6.1998706158936026		0.37074645196795464		0.7414929039359093
1119		17.209036030981224		3.9568746089935303		6.22175615285635		0.3734837767958641		0.7469675535917282
1120		17.122313924017362		3.938427686691284		6.2364051555216315		0.3668283849060535		0.733656769812107
1121		17.04461749200709		3.9443368911743164		6.252652516877651		0.3725923273414373		0.7451846546828746
1122		17.01753060996998		3.942310333251953		6.2385561988294125		0.36776019483208655		0.7355203896641731
1123		16.94300527899759		3.897204875946045		6.2057756173968315		0.36890060505867006		0.7378012101173401
1124		17.257942854019348		3.944216728210449		6.297054043084383		0.3695232455044985		0.739046491008997
1125		17.058153383026365		3.9064717292785645		6.205774156975746		0.37010431272387506		0.7402086254477501
1126		17.12385518901283		3.905860424041748		6.1949454460024835		0.37252742898762226		0.7450548579752445
1127		17.0945129590109		3.9024369716644287		6.243080416309834		0.3689754930824041		0.7379509861648083
1128		17.135989350033924		3.917255401611328		6.251062654078007		0.3703133182287216		0.7406266364574432
1129		16.938616812985856		3.955439329147339		6.243829704332351		0.37556986731290815		0.7511397346258163
1130		16.9875020320178		3.949462890625		6.201394538933038		0.3965383206665516		0.7930766413331032
1131		16.955108764988836		3.9050116539001465		6.2267199860811235		0.36804726966917517		0.7360945393383503
1132		17.136424769996665		3.925640106201172		6.251550997966528		0.3711267407655716		0.7422534815311432
1133		16.963839197997004		3.9383280277252197		6.211818697512149		0.37534636620879175		0.7506927324175835
1134		17.050124950997997		3.9202702045440674		6.213131538343429		0.37003355702757834		0.7400671140551567
1135		16.967573157977313		3.9335365295410156		6.262515690112114		0.3677610566288233		0.7355221132576466
1136		17.024924282974098		3.925651788711548		6.277234791624546		0.37087118325829505		0.7417423665165901
1137		17.127579393971246		3.9394078254699707		6.231977445703745		0.36872310086786747		0.7374462017357349
1138		17.08296725997934		3.929821491241455		6.230498263353109		0.37783392035365104		0.7556678407073021
1139		17.045944684999995		3.9406826496124268		6.259155389404297		0.377342101469636		0.754684202939272
1140		17.108027979033068		3.8711562156677246		6.19216594054699		0.36782671449780463		0.7356534289956093
1141		16.96922662301222		3.914125680923462		6.2004089120328425		0.36867569148242474		0.7373513829648495
1142		17.01665749499807		3.9130194187164307		6.189147521698475		0.3718990439802408		0.7437980879604816
1143		17.018346438999288		3.929387331008911		6.246728314447403		0.3754211848706007		0.7508423697412014
1144		16.892407513980288		3.922719717025757		6.190946339231729		0.3681191676557064		0.7362383353114128
1145		17.02746150502935		3.922034740447998		6.220205365276336		0.36799862877130507		0.7359972575426101
1146		16.88669368700357		3.915874481201172		6.211071003925801		0.3688690764337778		0.7377381528675556
1147		16.86479458899703		3.9528582096099854		6.215850601655244		0.37037118723094464		0.7407423744618893
1148		16.919440647005104		3.861218214035034		6.13777473821044		0.37559982704520223		0.7511996540904045
1149		17.00101290701423		3.9132533073425293		6.211856939709187		0.36791101899147033		0.7358220379829407
1150		16.71835735498462		3.919869899749756		6.242082363075018		0.3691481982856989		0.7382963965713978
1151		16.863963438023347		3.9604854583740234		6.273756263428926		0.36840710189640524		0.7368142037928105
1152		16.836534489004407		3.9245967864990234		6.24076445299983		0.37240813695788383		0.7448162739157677
1153		16.955609579046723		3.908885955810547		6.215230768948794		0.36888499203920366		0.7377699840784073
1154		16.91212956700474		3.961703300476074		6.27348255314827		0.3684939681380987		0.7369879362761974
1155		16.8614388119895		3.954524040222168		6.262294570469856		0.37150878263413906		0.7430175652682781
1156		16.93163079000078		3.9334120750427246		6.239208288735151		0.37211893469691276		0.7442378693938255
1157		16.90316064003855		3.923612117767334		6.266084376204014		0.37045375519394874		0.7409075103878975
1158		17.01969300804194		3.9167544841766357		6.1889638480782505		0.37761945593953133		0.7552389118790627
1159		16.966113845002837		3.9019956588745117		6.246373870241642		0.37773712149858474		0.7554742429971695
1160		17.011593564006034		3.931811571121216		6.2104171330630775		0.3699336415857077		0.7398672831714154
1161		17.017283397028223		3.9372799396514893		6.186337217891216		0.3926062857210636		0.7852125714421272
1162		16.98467857000651		3.9288296699523926		6.240603216427565		0.3703434261113405		0.740686852222681
1163		17.065897772961762		3.939324140548706		6.255618223929405		0.36994842654764654		0.7398968530952931
1164		17.141641772992443		3.9279229640960693		6.205289639401435		0.37011671462655066		0.7402334292531013
1165		17.030918339034542		3.9346156120300293		6.1957453880667686		0.36903676190376283		0.7380735238075257
1166		17.17720511398511		3.941176414489746		6.245943877494335		0.3831476965844631		0.7662953931689263
1167		16.883652712975163		3.931694746017456		6.209192152345181		0.3725981798112392		0.7451963596224784
1168		17.100837216014042		3.919677257537842		6.180384330821037		0.3765030715018511		0.7530061430037022
1169		16.948851029970683		3.9018023014068604		6.159401140356064		0.37352791100740435		0.7470558220148087
1170		16.893811015004758		3.9245896339416504		6.238008905178308		0.37589220113754274		0.7517844022750855
1171		16.89364874997409		3.9173648357391357		6.2319021076798435		0.37279937766194343		0.7455987553238869
1172		17.125604874046985		3.9570257663726807		6.223553039652109		0.37088778061270716		0.7417755612254143
1173		17.17868495703442		3.950730323791504		6.253829188597202		0.37138349906504153		0.7427669981300831
1174		17.181086872995365		3.9357287883758545		6.230495998167991		0.37133679416179655		0.7426735883235931
1175		17.048902923997957		3.931417465209961		6.230273550319672		0.3720066451102495		0.744013290220499
1176		16.915244040021207		3.9113404750823975		6.167690273731947		0.3706337786644697		0.7412675573289395
1177		17.037636769004166		3.949505090713501		6.233180599969625		0.3699302423685789		0.7398604847371578
1178		17.05754012602847		3.9296951293945312		6.247302851974964		0.384142764377594		0.768285528755188
1179		17.137186061008833		3.957716226577759		6.296630136597156		0.38132072638869285		0.7626414527773857
1180		16.95147786202142		3.9301624298095703		6.214670022386312		0.3758271208435297		0.7516542416870594
1181		16.977275437035132		3.932058095932007		6.247927346760035		0.3894369814097881		0.7788739628195762
1182		16.933735736005474		3.9147584438323975		6.210141231536865		0.37204770781397817		0.7440954156279563
1183		16.89085193898063		3.9192726612091064		6.208678814208508		0.3727406831413507		0.7454813662827015
1184		17.024856058007572		3.937249183654785		6.202220205181837		0.3714300441324711		0.7428600882649422
1185		16.91357508202782		3.932765245437622		6.204216790539026		0.371086157271266		0.742172314542532
1186		17.016929513018113		3.9175095558166504		6.163727815169096		0.38363794949650765		0.7672758989930153
1187		17.0143203670159		3.9115207195281982		6.190424367517233		0.3723104478031397		0.7446208956062794
1188		17.247367753006984		3.912987470626831		6.233139782470465		0.37246084702908994		0.7449216940581799
1189		17.027873579994775		3.889008045196533		6.204165189450979		0.3767095112681389		0.7534190225362778
1190		17.003000115044415		3.909928798675537		6.23599603202343		0.3761975216805935		0.752395043361187
1191		17.033903907984495		3.925537347793579		6.230382032173872		0.37191092925965785		0.7438218585193157
1192		16.977668449981138		3.9179725646972656		6.190194040125609		0.3756113611996174		0.7512227223992348
1193		17.198813124967273		3.9282662868499756		6.213933483368159		0.37203248765170577		0.7440649753034115
1194		17.16646449896507		3.936143636703491		6.232098349708319		0.37498075093626976		0.7499615018725395
1195		17.139691538992338		3.9435505867004395		6.2141994982182975		0.3868782586634159		0.7737565173268318
1196		17.096792131022085		3.8799405097961426		6.189422274899483		0.3709067039459944		0.7418134078919888
1197		17.06057403597515		3.9302988052368164		6.2511668026208875		0.37491540120244027		0.7498308024048805
1198		16.945712159969844		3.918684720993042		6.220136415654421		0.37055180519521236		0.7411036103904247
1199		17.178408099978697		3.936426877975464		6.22872904651165		0.378832362639904		0.757664725279808
1200		17.172485434974078		3.9317495822906494		6.24280206002593		0.3747551146507263		0.7495102293014526
1201		17.015677342016716		3.913705348968506		6.174261167746782		0.37855919388234616		0.7571183877646923
1202		17.08550894400105		3.896796703338623		6.193540977233648		0.381546144631505		0.76309228926301
1203		16.94916470098542		3.9620437622070312		6.28014596350193		0.3732820148408413		0.7465640296816826
1204		17.029123427986633		3.8881194591522217		6.178820295721293		0.3761788214713335		0.752357642942667
1205		17.076252948027104		3.926208972930908		6.192563927996159		0.3774650764584541		0.7549301529169082
1206		17.125576958002057		3.9552390575408936		6.2456016721189025		0.37316383819282056		0.7463276763856411
1207		17.142104617960285		3.9050300121307373		6.215469905865192		0.3720923347234726		0.7441846694469452
1208		16.935809959017206		3.8980963230133057		6.169810486793518		0.3742692432522774		0.7485384865045548
1209		16.99052368203411		3.941612482070923		6.212788017749786		0.37364688321948053		0.7472937664389611
1210		16.91133329202421		3.9148752689361572		6.221367119473219		0.3760867729604244		0.7521735459208488
1211		17.000457998015918		3.9370124340057373		6.254764514541626		0.37699218739867213		0.7539843747973443
1212		17.035403263987973		3.918499231338501		6.269533123737574		0.3765446309864521		0.7530892619729042
1213		16.96824518899666		3.9291179180145264		6.248365960234404		0.3724171648144722		0.7448343296289444
1214		17.104799074993934		3.9270853996276855		6.215823945915699		0.37241962111890314		0.7448392422378063
1215		17.08197821403155		3.8924713134765625		6.1681120830833915		0.3740543389201164		0.7481086778402328
1216		17.221802598971408		3.9323534965515137		6.212949341142178		0.37392607998549937		0.7478521599709987
1217		17.10863812500611		3.939948797225952		6.304899798828363		0.3725877030700445		0.745175406140089
1218		17.05013827298535		3.9131877422332764		6.213997269827128		0.3725386561304331		0.7450773122608662
1219		16.99932434898801		3.9197323322296143		6.259934688943624		0.3748584663182497		0.7497169326364994
1220		16.992672231979668		3.907907009124756		6.174563642144204		0.3746582462012768		0.7493164924025536
1221		17.089057011005934		3.932231903076172		6.2630780550897125		0.3744521536946297		0.7489043073892594
1222		16.95246532402234		3.9181554317474365		6.208448455184698		0.3774062810689211		0.7548125621378422
1223		17.15486481395783		3.9344677925109863		6.207817006254196		0.372090994694829		0.744181989389658
1224		17.09033428702969		3.939692497253418		6.24060246681571		0.3732456331640482		0.7464912663280964
1225		17.300287207996007		3.8992862701416016		6.225179655009508		0.3759872031152248		0.7519744062304496
1226		17.20663972501643		3.9064717292785645		6.192454031848907		0.3734786712169647		0.7469573424339294
1227		17.22672933404101		3.9240355491638184		6.16704536947608		0.37500000455379484		0.7500000091075897
1228		17.282742633018643		3.9361820220947266		6.2171227222144605		0.37511383292973044		0.7502276658594609
1229		16.964412019995507		3.9353291988372803		6.30850290324688		0.37584623040258885		0.7516924608051777
1230		17.113243767002132		3.8896710872650146		6.188143605285883		0.3741010566115379		0.7482021132230758
1231		16.97653803799767		3.9283041954040527		6.242886786824465		0.37333324346542357		0.7466664869308471
1232		17.08181640796829		3.902365207672119		6.2304388553977015		0.3764022734224796		0.7528045468449592
1233		17.030506576003972		3.9030983448028564		6.202090043240785		0.37365763131976126		0.7473152626395225
1234		17.041502312989905		3.957858085632324		6.2919790145576		0.3762582613915205		0.752516522783041
1235		17.01307198603172		3.937185764312744		6.244454645514488		0.37522202235758306		0.7504440447151661
1236		17.138367426989134		3.913241386413574		6.2253826741814615		0.3749475430846214		0.7498950861692428
1237		17.067134993034415		3.9014885425567627		6.227939866000414		0.37511621674001216		0.7502324334800243
1238		17.027830075006932		3.9221725463867188		6.242751674109697		0.37601721781790254		0.7520344356358051
1239		17.16294399398612		3.906686305999756		6.229991473215819		0.38361702969670297		0.7672340593934059
1240		17.20840180903906		3.902251958847046		6.196657844400406		0.37408468888401986		0.7481693777680397
1241		17.206352699024137		3.93009090423584		6.179689937955141		0.38895715354681015		0.7779143070936203
1242		16.90493411902571		3.9450831413269043		6.271049537962675		0.3735260830849409		0.7470521661698818
1243		17.102105272002518		3.9317691326141357		6.242674961996078		0.3752182596206665		0.750436519241333
1244		17.1246383949765		3.927286148071289		6.169787372940779		0.37264775414764884		0.7452955082952977
1245		17.166713280021213		3.941534996032715		6.250788159686327		0.37415724692344665		0.7483144938468933
1246		17.145926519995555		3.936530351638794		6.209455894684791		0.3775450463742018		0.7550900927484036
1247		17.13018286699662		3.8841593265533447		6.203934976029396		0.3740913560271263		0.7481827120542526
1248		17.34234470798401		3.919015407562256		6.170745781320334		0.3768452757298946		0.7536905514597892
1249		17.142787481017876		3.904402732849121		6.246733641993999		0.37533042975366115		0.7506608595073223
1250		17.119592166040093		3.9242799282073975		6.198618392002582		0.3758075914591551		0.7516151829183102
1251		16.921925856964663		3.894990921020508		6.176412541413307		0.3761203929781914		0.7522407859563828
1252		17.072823711961973		3.905818223953247		6.1848136960566045		0.3750698635160923		0.7501397270321846
1253		17.167508470010944		3.913846731185913		6.2243288380563255		0.3919623543322086		0.7839247086644172
1254		16.837173933978193		3.929802179336548		6.23931346334815		0.37627402118742465		0.7525480423748493
1255		17.28728373895865		3.9063570499420166		6.218706939738989		0.3769649281352758		0.7539298562705516
1256		17.06130358396331		3.9016928672790527		6.134653076094389		0.37685826715528964		0.7537165343105793
1257		17.236628960003145		3.9209213256835938		6.1851375737309455		0.37762359511852267		0.7552471902370453
1258		17.086112715944182		3.9013874530792236		6.215462764209509		0.37846973961591723		0.7569394792318345
1259		16.9433205499663		3.9039502143859863		6.223360233515501		0.37543923148810865		0.7508784629762173
1260		17.332995361997746		3.943840503692627		6.314918489527702		0.37648907088041306		0.7529781417608261
1261		16.991971314011607		3.9015557765960693		6.128319955968856		0.3759628800034523		0.7519257600069046
1262		17.141828357009217		3.9447710514068604		6.275554072237015		0.3749409920990467		0.7498819841980934
1263		17.109580552962143		3.9246459007263184		6.24407485525012		0.3759913167625666		0.7519826335251332
1264		17.277884649985936		3.899549961090088		6.195211808913946		0.3780546246320009		0.7561092492640018
1265		17.210744370997418		3.9145076274871826		6.160089284944534		0.3786092776566744		0.7572185553133488
1266		17.148533878964372		3.909693956375122		6.145326036721468		0.3761950985759497		0.7523901971518994
1267		17.092288814019412		3.8985354900360107		6.178434723609686		0.38347254405617714		0.7669450881123543
1268		16.96746901399456		3.930504560470581		6.249754966938496		0.3790190348446369		0.7580380696892738
1269		17.14279427699512		3.915630340576172		6.214541950148344		0.37638906470537187		0.7527781294107437
1270		16.900791583990213		3.9240052700042725		6.2165548217892646		0.37681666528582575		0.7536333305716515
1271		17.163857464969624		3.962106466293335		6.254327109360695		0.3774130930781364		0.7548261861562728
1272		17.13795864203712		3.9266324043273926		6.227569972854853		0.3772137758553028		0.7544275517106056
1273		17.005050313018728		3.931199789047241		6.236558127194643		0.3776912862688303		0.7553825725376606
1274		17.195977682014927		3.9273390769958496		6.231594155353307		0.3887907284885645		0.777581456977129
1275		17.105769058980513		3.9272022247314453		6.217937661671638		0.3763996520012617		0.7527993040025234
1276		17.256895261001773		3.919839382171631		6.227526092451811		0.3780009911566973		0.7560019823133945
1277		16.96630157402251		3.930485486984253		6.261823136562109		0.37713047381937503		0.7542609476387501
1278		17.241225722944364		3.9265730381011963		6.236124651426077		0.37668629122972486		0.7533725824594497
1279		16.917985632957425		3.9250121116638184		6.219242574858665		0.37696267036795617		0.7539253407359123
1280		16.92238570097834		3.928929567337036		6.223470415699482		0.37762840303480627		0.7552568060696125
1281		16.99095358402701		3.9142677783966064		6.2009439909756185		0.37653399791121483		0.7530679958224297
1282		17.069512297050096		3.933797597885132		6.224808064854145		0.3765582553386688		0.7531165106773376
1283		17.185534068965353		3.9219179153442383		6.235146552616357		0.37696929545402524		0.7539385909080505
1284		17.18752585799666		3.8993935585021973		6.182832200622559		0.37803359008133414		0.7560671801626683
1285		17.164544016995933		3.9260523319244385		6.238251837164164		0.3781065768778324		0.7562131537556648
1286		17.05119534896221		3.9164600372314453		6.213163766348362		0.3775299261271954		0.7550598522543908
1287		17.11947977298405		3.9102783203125		6.202194921070337		0.37731048423051833		0.7546209684610367
1288		17.24092529300833		3.916890859603882		6.232827924901247		0.3775257945626974		0.7550515891253948
1289		16.985344448999967		3.915544033050537		6.202053710532188		0.37868076287806035		0.7573615257561207
1290		17.088895727996714		3.913828134536743		6.2259195273816585		0.3776109819442034		0.7552219638884068
1291		16.98190448002424		3.910094738006592		6.215065885853767		0.37791109997332095		0.7558221999466419
1292		17.089717705035582		3.9323341846466064		6.257641213732958		0.37907682855129243		0.7581536571025849
1293		17.054853401961736		3.895537853240967		6.148490479618311		0.37792753756940367		0.7558550751388073
1294		17.15663282299647		3.8788154125213623		6.204670688897371		0.376914877897501		0.753829755795002
1295		17.07354110502638		3.9190189838409424		6.18750652154684		0.37904262021183965		0.7580852404236793
1296		16.932429592998233		3.9174206256866455		6.198991476678848		0.3778968553751707		0.7557937107503414
1297		17.10255018400494		3.9112191200256348		6.213450156289339		0.37697133206427097		0.7539426641285419
1298		17.09549274999881		3.9073140621185303		6.175811543649435		0.37812245164513586		0.7562449032902717
1299		17.291643358999863		3.924717426300049		6.215269261395931		0.37858894858658315		0.7571778971731663
1300		17.215437063015997		3.878807306289673		6.170173273801804		0.3794108161628246		0.7588216323256493
1301		17.159792935010046		3.9186127185821533		6.224837074494362		0.3784457350492477		0.7568914700984954
1302		17.26161767402664		3.911115884780884		6.263455639928579		0.3784187274903059		0.7568374549806118
1303		17.307728294981644		3.941706895828247		6.231477785247565		0.37746047434806823		0.7549209486961365
1304		17.243449946981855		3.924274206161499		6.249513950455189		0.3799511728256941		0.7599023456513881
1305		16.935551135975402		3.931317090988159		6.208053507626056		0.3789678000211716		0.7579356000423432
1306		17.031054342980497		3.882258176803589		6.1534207852602005		0.3787639775872231		0.7575279551744462
1307		16.986244043975603		3.9492831230163574		6.239935919678211		0.379840301117301		0.759680602234602
1308		16.970743598998524		3.9347798824310303		6.219949392199516		0.3793079559087753		0.7586159118175506
1309		17.22402714198688		3.8855655193328857		6.206411693757772		0.3788302126288414		0.7576604252576828
1310		16.940182735968847		3.944925308227539		6.230393473315239		0.37956393594145776		0.7591278718829155
1311		17.0041016000323		3.8965978622436523		6.205068840169907		0.3792639177471399		0.7585278354942798
1312		17.085556108970195		3.890125274658203		6.172368586951494		0.3831773403674364		0.7663546807348728
1313		17.168165485025384		3.9445784091949463		6.224994254565239		0.38077627820372584		0.7615525564074517
1314		17.0779596149805		3.9449503421783447		6.187706752133369		0.37933378533422946		0.7586675706684589
1315		17.101347025018185		3.9437975883483887		6.237182173234224		0.37884469984173774		0.7576893996834755
1316		17.105674886028282		3.8984081745147705		6.171273214799165		0.37896224902570247		0.7579244980514049
1317		17.094775616016705		3.928584575653076		6.2059875980913635		0.37990149268507956		0.7598029853701591
1318		17.083354171016254		3.93039870262146		6.244245208102464		0.3787706044971943		0.7575412089943886
1319		17.058298636984546		3.921046733856201		6.235346051490307		0.378509799015522		0.757019598031044
1320		17.11355555895716		3.9579365253448486		6.226891445577144		0.37903419077396394		0.7580683815479279
1321		16.881979270023294		3.9101264476776123		6.209626662033796		0.3788373298764229		0.7576746597528458
1322		17.17434325197246		3.9229788780212402		6.180196798735857		0.379524005112052		0.759048010224104
1323		16.89894937200006		3.9196135997772217		6.200872698128223		0.37920982597768305		0.7584196519553661
1324		16.78557578800246		3.9553513526916504		6.219833762961626		0.37910265226364137		0.7582053045272827
1325		16.91315289400518		3.8997457027435303		6.14412067605257		0.3793626822590828		0.7587253645181656
1326		16.99866143503459		3.9609436988830566		6.252178699970245		0.3784020243436098		0.7568040486872196
1327		16.955144551990088		3.8911619186401367		6.20279536306262		0.3795277746796608		0.7590555493593216
1328		17.191408650018275		3.969322919845581		6.278395161724091		0.3820481629818678		0.7640963259637356
1329		17.079864714993164		3.9043920040130615		6.210762579512596		0.38038511643111705		0.7607702328622341
1330		17.137984166969545		3.9317080974578857		6.205999592334032		0.3811112549453974		0.7622225098907948
1331		17.231758665002417		3.9405784606933594		6.218839288121462		0.38080744766891		0.76161489533782
1332		17.056008398009		3.914973258972168		6.2139832353591915		0.3798124908864498		0.7596249817728996
1333		17.240576946991496		3.9190263748168945		6.243396394550801		0.3812894512295723		0.7625789024591446
1334		17.206373352964874		3.894216775894165		6.183195555996895		0.3795426668316126		0.7590853336632252
1335		17.14516769204056		3.8848588466644287		6.2159618399381635		0.3791723194569349		0.7583446389138698
1336		17.250104386010207		3.902759313583374		6.1954977144122125		0.3791323931872845		0.758264786374569
1337		16.898614406003617		3.92132306098938		6.239854480665922		0.3796831496715546		0.7593662993431092
1338		17.152215678012		3.927558422088623		6.2422744474649425		0.3845564067810774		0.7691128135621548
1339		17.256843621027656		3.9110257625579834		6.208584944891929		0.37970454480946064		0.7594090896189213
1340		17.25473020802019		3.9563448429107666		6.241274162507057		0.3801531150013208		0.7603062300026416
1341		17.254602539993357		3.885044813156128		6.181302334290743		0.380275245654583		0.760550491309166
1342		17.16195555595914		3.867131233215332		6.221910950034856		0.38058118819594383		0.7611623763918877
1343		17.09786883700872		3.9032328128814697		6.208840063995123		0.38056002675294875		0.7611200535058975
1344		17.041794534015935		3.9300665855407715		6.244459867185355		0.3798692497909069		0.7597384995818138
1345		17.12206771300407		3.91025447845459		6.238822430181504		0.38193457742333414		0.7638691548466683
1346		16.9966799239628		3.9370784759521484		6.231907794237137		0.379952539229393		0.759905078458786
1347		17.126940440037288		3.8863697052001953		6.186741170120239		0.381691778498888		0.763383556997776
1348		17.19856908399379		3.9174768924713135		6.224683092343807		0.38073848343491556		0.7614769668698311
1349		17.122065265022684		3.930243730545044		6.260646365243196		0.3803676144629717		0.7607352289259434
1350		17.223129397025332		3.9143686294555664		6.198765878760815		0.3805812644839287		0.7611625289678574
1351		17.260764697974082		3.9180400371551514		6.215018855506182		0.38162952950298784		0.7632590590059757
1352		17.231299077975564		3.9473373889923096		6.249984265363216		0.3800988977342844		0.7601977954685688
1353		17.250748252030462		3.9232752323150635		6.185436429047584		0.382442249083519		0.764884498167038
1354		17.062369449005928		3.9018874168395996		6.180818580698967		0.3806698751240969		0.7613397502481938
1355		16.990678957023192		3.934727668762207		6.233694424623251		0.3809494848191738		0.7618989696383476
1356		17.135358806990553		3.9056780338287354		6.210387559127808		0.3805251313835383		0.7610502627670765
1357		17.12292122404324		3.920024871826172		6.206915865522623		0.381113312792778		0.762226625585556
1358		17.138634876988363		3.9496583938598633		6.226647393596172		0.3826183296471834		0.7652366592943668
1359		17.082487753010355		3.9093689918518066		6.236358987760544		0.3811258100092411		0.7622516200184822
1360		17.11986244301079		3.9404327869415283		6.263312265640497		0.381609966301918		0.763219932603836
1361		17.093581192020793		3.9586198329925537		6.288118404614925		0.3808649741888046		0.7617299483776092
1362		17.123714181012474		3.9506263732910156		6.258565589922666		0.3807178014934063		0.7614356029868126
1363		17.17134826502297		3.9067866802215576		6.215926901489496		0.38128900431692603		0.7625780086338521
1364		17.227920196019113		3.9200665950775146		6.244299343597889		0.3807670532166958		0.7615341064333916
1365		17.16844449500786		3.8919713497161865		6.189296880304814		0.3810956869006157		0.7621913738012314
1366		17.204098824993707		3.9547178745269775		6.269332550263405		0.3817931949019432		0.7635863898038864
1367		17.28131923195906		3.9130756855010986		6.225008543723821		0.3812352026849985		0.762470405369997
1368		17.232281401054934		3.900500774383545		6.164854496318102		0.3813573692023754		0.7627147384047508
1369		17.12967320898315		3.923339366912842		6.225486248242855		0.38105507032871244		0.7621101406574249
1370		17.210842703992967		3.9445509910583496		6.242558645164967		0.38152900981605053		0.7630580196321011
1371		17.118661665008403		3.9338736534118652		6.195356592011452		0.3808255172967911		0.7616510345935822
1372		17.013796199986245		3.8782799243927		6.170387775790691		0.38101282730102537		0.7620256546020507
1373		16.974396892997902		3.9354100227355957		6.221106851619482		0.3812363140910864		0.7624726281821728
1374		16.916214664001018		3.9272234439849854		6.223085585451126		0.3824919894903898		0.7649839789807796
1375		17.076033740013372		3.9066972732543945		6.254322146981955		0.38111951773762703		0.7622390354752541
1376		17.103477808996104		3.8978466987609863		6.182351338374615		0.38165268214643		0.76330536429286
1377		17.117043456993997		3.9284064769744873		6.23176446262598		0.38108608516454695		0.7621721703290939
1378		17.152836640016176		3.899613618850708		6.168283060377836		0.38112087050378324		0.7622417410075665
1379		17.048704177024774		3.9042913913726807		6.182668869274854		0.38282217477560043		0.7656443495512009
1380		17.052731913980097		3.908795118331909		6.225667979103327		0.384621884983778		0.769243769967556
1381		17.255820627033245		3.9017748832702637		6.225751488763094		0.38181628492176534		0.7636325698435307
1382		17.23297382995952		3.938728094100952		6.206272289299965		0.38177769528329375		0.7635553905665875
1383		17.24167097202735		3.883650302886963		6.169108972430229		0.3814509107351303		0.7629018214702606
1384		17.026268016023096		3.903017044067383		6.185438976162672		0.38178336075544356		0.7635667215108871
1385		17.058196583006065		3.967693567276001		6.252185870748758		0.38232848668396474		0.7646569733679295
1386		16.975492711993866		3.9168198108673096		6.283363839995861		0.3813130404561758		0.7626260809123516
1387		16.9923532140092		3.937410831451416		6.220455532819033		0.3814290105432272		0.7628580210864544
1388		17.070931138005108		3.925401449203491		6.21871593735218		0.38176435235738754		0.7635287047147751
1389		17.022130831028335		3.8935675621032715		6.207243834578991		0.3816899349182844		0.7633798698365688
1390		17.21161373902578		3.896533489227295		6.1704530431211		0.3819510197609663		0.7639020395219326
1391		16.909941073972732		3.921882390975952		6.225158067297936		0.3824101414054632		0.7648202828109264
1392		17.040624028013553		3.9005658626556396		6.172736246293783		0.3826416720926762		0.7652833441853524
1393		17.077570613997523		3.9256412982940674		6.208861961317062		0.38151704683601856		0.7630340936720371
1394		17.228118034952786		3.9253475666046143		6.2426574984669685		0.38177317208647726		0.7635463441729545
1395		17.148928024980705		3.872850179672241		6.218147016620636		0.3830084227859974		0.7660168455719948
1396		17.11681723804213		3.9287447929382324		6.249066207075119		0.3820777981430292		0.7641555962860584
1397		17.157618695986457		3.937063455581665		6.26409761570096		0.3813918952554464		0.7627837905108928
1398		17.1791074280045		3.900791645050049		6.148780054187775		0.38192371485233306		0.7638474297046661
1399		17.258911007025745		3.9033191204071045		6.224304575532675		0.38187891528308393		0.7637578305661679
1400		17.109560607001185		3.913212776184082		6.229012645256519		0.38173664621114733		0.7634732924222947
1401		17.11766821600031		3.924558162689209		6.177644853538275		0.3825094385176897		0.7650188770353794
1402		16.896733487024903		3.9120845794677734		6.207838950896263		0.3822399344295263		0.7644798688590526
1403		17.033703584980685		3.905325174331665		6.2187950158		0.3822686410933733		0.7645372821867465
1404		17.30962581996573		3.950432777404785		6.239512891447544		0.38210987584888934		0.7642197516977787
1405		17.177868090046104		3.9361767768859863		6.229561909669638		0.3824476442873478		0.7648952885746956
1406		17.20852778101107		3.8928534984588623		6.225797634708881		0.3823456594377756		0.7646913188755512
1407		17.177521501027513		3.9509940147399902		6.271266830277443		0.3825159727305174		0.7650319454610348
1408		17.124166711990256		3.9034273624420166		6.192022743862867		0.38242444352805616		0.7648488870561123
1409		17.19833765400108		3.911175012588501		6.19133706317544		0.3826635987728834		0.7653271975457668
1410		17.142413639987353		3.9086174964904785		6.205458052682877		0.3819889688104391		0.7639779376208782
1411		17.035122373956256		3.912978410720825		6.188982028496265		0.3833479697346687		0.7666959394693375
1412		17.178686617000494		3.9602339267730713		6.240873697900772		0.3830362366825342		0.7660724733650685
1413		17.256809170998167		3.90801739692688		6.282610463649035		0.38238220928609373		0.7647644185721875
1414		17.192321709007956		3.895409345626831		6.158467902469635		0.382569580245018		0.765139160490036
1415		17.11908551095985		3.896592140197754		6.189602977448702		0.3828662410736084		0.7657324821472168
1416		16.927041898015887		3.9151341915130615		6.237672510331869		0.38290157847106454		0.7658031569421291
1417		17.096591934969183		3.95273494720459		6.252970271515847		0.38250625400543214		0.7650125080108643
1418		17.09806936897803		3.9475655555725098		6.257347308987379		0.3824196623921394		0.7648393247842789
1419		17.119421790004708		3.8892815113067627		6.206961059606075		0.3823040066689253		0.7646080133378506
1420		17.238426029973198		3.887615442276001		6.122140426158905		0.38234907819628716		0.7646981563925743
1421		16.951926849025767		3.887935161590576		6.208862079381943		0.3820367117881775		0.764073423576355
1422		16.980278047034517		3.9109652042388916		6.190481953328848		0.3821730351090431		0.7643460702180862
1423		17.032979340001475		3.926253318786621		6.264136435216665		0.3823559542506933		0.7647119085013866
1424		17.086573962005787		3.9045276641845703		6.236682274246216		0.3825012763828039		0.7650025527656078
1425		16.990840300975833		3.935244083404541		6.174429045504332		0.3826175878375769		0.7652351756751538
1426		16.943612358008977		3.9129703044891357		6.226232741320133		0.38318570014238357		0.7663714002847671
1427		16.921402067993768		3.931917905807495		6.274366874212027		0.3824732177555561		0.7649464355111122
1428		16.9318393249996		3.909536123275757		6.193615726619959		0.38280476720929146		0.7656095344185829
1429		16.987038125982508		3.924834966659546		6.2316910792768		0.3825491633623838		0.7650983267247676
1430		16.91084297199268		3.929168224334717		6.221237219244242		0.3825410394251347		0.7650820788502694
1431		17.24915609700838		3.9186413288116455		6.223108348506689		0.38255281640291217		0.7651056328058243
1432		17.201041846943554		3.9139463901519775		6.204757278209924		0.3829945084363222		0.7659890168726444
1433		17.145516590040643		3.9658968448638916		6.273947575896979		0.3828255804002285		0.765651160800457
1434		16.941867385990918		3.899996042251587		6.183592266082764		0.38284713034331797		0.7656942606866359
1435		16.90352334396448		3.9104151725769043		6.204765025544167		0.3827042152702808		0.7654084305405616
1436		17.005903584999032		3.9061644077301025		6.173061190724373		0.383164689257741		0.766329378515482
1437		17.103970249998383		3.9263463020324707		6.226222039425373		0.3828907684326172		0.7657815368652344
1438		17.188016747997608		3.892183780670166		6.170978731822967		0.38250834465920924		0.7650166893184185
1439		17.224413439980708		3.9083635807037354		6.174904961705208		0.3829336330085993		0.7658672660171986
1440		17.290512321982533		3.9071147441864014		6.194473760932684		0.382837488847971		0.765674977695942
1441		16.836338509980123		3.908704996109009		6.203293350720406		0.38263019768595696		0.7652603953719139
1442		17.19237422000151		3.9024786949157715		6.2395527306616305		0.3824748924642801		0.7649497849285603
1443		17.030738533998374		3.9543392658233643		6.302247769296169		0.3824417675942183		0.7648835351884365
1444		17.07749216700904		3.908409357070923		6.235932460767031		0.38286337597370146		0.7657267519474029
1445		17.09407257003477		3.8724193572998047		6.17634966467619		0.3824188606917858		0.7648377213835716
1446		16.958226916962303		3.9128124713897705		6.216806019258499		0.38277350375652314		0.7655470075130463
1447		17.03560215199832		3.9383440017700195		6.209091153991222		0.3828483895659447		0.7656967791318894
1448		16.82329785998445		3.952501058578491		6.305917612951994		0.382877780136466		0.765755560272932
1449		16.81150546798017		3.909996747970581		6.217178212594986		0.38303408798873423		0.7660681759774685
1450		16.865608001011424		3.897260904312134		6.150733506006002		0.38273071192204955		0.7654614238440991
1451		17.0471379540395		3.90148663520813		6.158591629201174		0.3827974724203348		0.7655949448406696
1452		17.070478727982845		3.9341800212860107		6.22394393029809		0.3827814605742693		0.7655629211485386
1453		16.92165347095579		3.8870558738708496		6.1219452646493915		0.38261844999492167		0.7652368999898433
1454		17.134818837977946		3.9436728954315186		6.256241311156749		0.3826681868076324		0.7653363736152649
1455		17.001263029989786		3.937129259109497		6.264849478495121		0.38270553987622263		0.7654110797524453
1456		17.24258718296187		3.934602975845337		6.20274778085947		0.3827519793361425		0.765503958672285
1457		17.038279484026134		3.9371490478515625		6.243485927808285		0.38269801530241965		0.7653960306048393
1458		17.152695133001544		3.905860424041748		6.2171528859138485		0.3826589299470186		0.7653178598940372
1459		17.17993037897395		3.915719747543335		6.234640321153402		0.38289968675374986		0.7657993735074997
1460		17.204115397995338		3.912860870361328		6.2106691575527195		0.3828804389774799		0.7657608779549598
1461		17.269176402012818		3.9271833896636963		6.20939774876833		0.3828525287628174		0.7657050575256348
1462		17.139023318013642		3.935431480407715		6.201878756958246		0.38279871050715447		0.7655974210143089
1463		17.226873860985506		3.861541986465454		6.141023940956592		0.3828631500184536		0.7657263000369072
1464		17.048132480995264		3.890902519226074		6.157683935403824		0.38283084772825243		0.7656616954565049
1465		17.020454048004467		3.9130654335021973		6.203826805275678		0.3828739151328802		0.7657478302657604
1466		17.096877593023237		3.895197868347168		6.152676164954901		0.382957661485672		0.765915322971344
1467		16.852240264997818		3.8976354598999023		6.148897609323263		0.38283602360486985		0.7656720472097397
1468		17.08152211800916		3.910748243331909		6.193633458793164		0.38274405788183213		0.7654881157636643
1469		16.890399591997266		3.9336159229278564		6.255034013140201		0.3828120385289192		0.7656240770578384
1470		17.011659584008157		3.9019670486450195		6.230979626691341		0.3827232717007399		0.7654465434014798
1471		16.947214849002194		3.9326367378234863		6.257583042961359		0.3828894709378481		0.7657789418756962
1472		17.181565873965155		3.900650978088379		6.171152173089981		0.38273971403837204		0.7654794280767441
1473		17.185375586966984		3.8970835208892822		6.144492036551237		0.38288657928705216		0.7657731585741043
1474		17.180178134003654		3.8983218669891357		6.220507040405273		0.3828241457879543		0.7656482915759086
1475		17.13173404400004		3.893195629119873		6.207330550551415		0.3829105114012957		0.7658210228025913
1476		17.199139725009445		3.9401354789733887		6.233532668161392		0.38282912443578243		0.7656582488715649
1477		16.959590298007242		3.8956751823425293		6.209055121654272		0.38287252469956873		0.7657450493991375
1478		16.931295731978025		3.941401481628418		6.2006635401010515		0.38291261059939863		0.7658252211987973
1479		17.140792254998814		3.9306275844573975		6.231823854720592		0.38276925492286684		0.7655385098457337
1480		16.981204640003853		3.894151449203491		6.215461834979057		0.38286602844297885		0.7657320568859577
1481		17.041989953955635		3.9046199321746826		6.177205899459124		0.3828047639161348		0.7656095278322697
1482		17.0915898589883		3.8811209201812744		6.204675213712454		0.38281813798844816		0.7656362759768963
1483		17.080780434946064		3.9193131923675537		6.182017087507248		0.38289284065663814		0.7657856813132763
1484		16.90108814195264		3.91180682182312		6.274127147221566		0.38282724207341673		0.7656544841468335
1485		17.062084406032227		3.905439853668213		6.200446087992192		0.38280891033709047		0.7656178206741809
1486		17.031791020010132		3.8806207180023193		6.202385881310701		0.3828413457661867		0.7656826915323734
1487		17.04087977297604		3.952638864517212		6.258427293670177		0.38286378748118877		0.7657275749623775
1488		17.140363470010925		3.952254295349121		6.249015930658579		0.38284072403907776		0.7656814480781555
1489		16.987468436011113		3.9249370098114014		6.211395210772753		0.3828405598133802		0.7656811196267604
1490		17.163587573973928		3.9550530910491943		6.188570900785923		0.38285181356668474		0.7657036271333695
1491		16.957740198005922		3.9123268127441406		6.233826295250654		0.3828484381020069		0.7656968762040138
1492		16.86169015901396		3.9055159091949463		6.211211434984207		0.38283981518447396		0.7656796303689479
1493		16.88879073795397		3.9304378032684326		6.250881112396717		0.3828428581535816		0.7656857163071632
1494		17.027085752983112		3.9351115226745605		6.204991932183504		0.3828400131732225		0.765680026346445
1495		17.239600102009717		3.909177541732788		6.209184070110321		0.3828405430138111		0.7656810860276222
1496		17.125245719973464		3.9125897884368896		6.233844817095995		0.3828411844551563		0.7656823689103126
1497		17.140544406021945		3.898550271987915		6.199474876141548		0.3828413206666708		0.7656826413333416
1498		17.02676724799676		3.906395673751831		6.18489905834794		0.3828413276493549		0.7656826552987098
1499		16.98589560901746		3.8656740188598633		6.1902012980997565		0.38284114035367967		0.7656822807073593