Epoch	Duration				Loss Step Train			Loss Full Train			Loss Step Test			Loss Full Test
0		19.34505329500007		17.255237579345703		18.356780424118043		2.2713772790908813		4.5427545581817625
1		18.4471165760001		15.108325004577637		15.080299993476867		1.1530358779907226		2.306071755981445
2		18.51601670900004		9.951608657836914		9.746378684196472		1.2701014150619507		2.5402028301239015
3		18.715414005999946		17.57962417602539		17.270190021800996		1.0676167699813843		2.1352335399627687
4		18.63129853800001		13.460641860961914		12.650265849266052		1.337502229499817		2.675004458999634
5		18.570658598000136		21.980030059814453		19.274038938388824		1.2238093341827392		2.4476186683654784
6		18.576820511999813		19.140155792236328		17.827728475151062		1.2145170553207398		2.4290341106414797
7		18.476324486000067		15.309295654296875		14.570292371063232		1.0120018880844117		2.0240037761688234
8		18.5071830039999		23.659961700439453		21.814270760345458		1.0014267896652223		2.0028535793304445
9		18.45671752399994		9.110878944396973		12.955862253570556		0.8855207666397095		1.771041533279419
10		18.556922733999954		3.5658748149871826		5.88467470867157		0.8582482466697693		1.7164964933395386
11		18.563203985999962		2.0129165649414062		2.779946525840759		0.9050037771701813		1.8100075543403626
12		18.67989072499995		1.7418780326843262		2.2413962242889403		0.7647926044464112		1.5295852088928223
13		18.78373425100017		1.531043529510498		1.9731027209472656		0.5520449636936188		1.1040899273872375
14		18.825086144000124		1.4466800689697266		1.861747084197998		0.5002749771595001		1.0005499543190002
15		18.81422350699995		1.4965811967849731		1.8842348538208007		0.4434576187133789		0.8869152374267578
16		18.536178747999884		1.2920715808868408		1.6699008863449096		0.6267309215068817		1.2534618430137634
17		18.77823922099992		1.3661601543426514		1.73876175201416		0.4323137114286423		0.8646274228572846
18		18.861686295000027		1.2287511825561523		1.5960910236930848		0.35478910083770754		0.7095782016754151
19		18.6457195349999		1.131381869316101		1.4938678913116454		0.3293986196756363		0.6587972393512725
20		18.793675715999825		1.1475895643234253		1.506142831363678		0.3295237459421158		0.6590474918842316
21		18.77862402400001		1.3137696981430054		1.6693266367435455		0.30964117829799653		0.6192823565959931
22		18.626865335000048		1.140241026878357		1.4982636300086976		0.31232543787956235		0.6246508757591247
23		18.6131418330001		1.1363521814346313		1.495696752023697		0.30304199826717376		0.6060839965343475
24		18.861028717999943		1.0741753578186035		1.424590169467926		0.280208460521698		0.560416921043396
25		18.69039313799999		1.1037404537200928		1.4612762032604218		0.7473054670333862		1.4946109340667724
26		18.744310251000115		1.1418246030807495		1.4973866514015197		0.3114264956712723		0.6228529913425446
27		18.65589970399992		1.219089150428772		1.5693158381938934		0.6507373210906983		1.3014746421813965
28		18.601921903999937		1.036610722541809		1.3892969398117065		0.242514286005497		0.485028572010994
29		18.53950993600006		1.124563217163086		1.4756399662780761		0.28409819922447205		0.5681963984489441
30		18.631544988000087		1.0940513610839844		1.4492735337924958		0.29098705320358276		0.5819741064071655
31		18.804621417999897		1.1399530172348022		1.4920897496223449		0.229493266248703		0.458986532497406
32		18.679385234999927		1.004530906677246		1.3575860399723052		0.22272177311182023		0.44544354622364046
33		18.847621347999848		1.1236315965652466		1.4731313631916045		1.0430135209083558		2.0860270418167115
34		18.659408675999885		1.0756049156188965		1.4327217806816102		0.23622652004957198		0.47245304009914396
35		18.544896623000113		1.0494201183319092		1.3998673482894897		0.22693900747299195		0.4538780149459839
36		18.779656492999948		1.1144686937332153		1.4614349757099152		0.21267712059020996		0.4253542411804199
37		18.819307534000018		1.009215235710144		1.3610032806015016		0.22445745575428008		0.44891491150856017
38		18.81937349000009		1.0694624185562134		1.4245259127521515		0.2061664205789566		0.4123328411579132
39		18.82862977700006		1.0227696895599365		1.3742490373897553		0.2124934407711029		0.4249868815422058
40		18.7336289079999		1.0911495685577393		1.4386307811880112		0.21549883440732956		0.4309976688146591
41		18.72514745599983		1.1422501802444458		1.501878610496521		0.20107555457353593		0.40215110914707186
42		18.736691116000202		1.013427734375		1.3683057543849946		0.25416729041337965		0.5083345808267593
43		18.836823955		1.0514907836914062		1.399297328262329		0.27857540299892425		0.5571508059978485
44		18.61581099499972		0.9878559112548828		1.338919216966629		0.19713232675790787		0.39426465351581574
45		18.62838399200018		1.0655138492584229		1.4175386298942565		0.18708405376672746		0.3741681075334549
46		18.67715719500029		1.1024549007415771		1.4515804409122468		0.19122413252592088		0.38244826505184176
47		18.735606869000094		0.9882655143737793		1.3404791706371308		0.17758946323394775		0.3551789264678955
48		18.803727339000034		0.9896926879882812		1.3465332835149766		0.3087316836357117		0.6174633672714234
49		18.721438297000077		1.0193830728530884		1.3751736909151078		0.17433483986854553		0.34866967973709106
50		18.64896021100003		1.0291904211044312		1.3767695753765106		0.18722082030773163		0.37444164061546326
51		18.793731878000017		0.9979763031005859		1.3517330807590484		0.2114596236586571		0.4229192473173142
52		18.791997484999683		1.153430700302124		1.502346346359253		0.17254433645009995		0.3450886729001999
53		18.86608020099993		0.9786548018455505		1.3305576872634888		0.18559534257650376		0.3711906851530075
54		18.846609957000055		1.0179429054260254		1.3690882515573501		0.1638894047498703		0.3277788094997406
55		18.817601765999825		1.0064040422439575		1.3501185613822937		0.24292021111249923		0.48584042222499846
56		18.924683668999933		1.0274505615234375		1.3830000059080123		0.1769996128797531		0.3539992257595062
57		18.892692223999802		1.064847469329834		1.4119266439056397		0.20124495136737824		0.4024899027347565
58		18.839286722999987		0.9467240571975708		1.291498602900505		0.16558656862974167		0.33117313725948333
59		18.880378016999657		1.0482888221740723		1.4007561802101136		0.16169900267124176		0.32339800534248353
60		19.002195733999997		0.9460621476173401		1.2982591834688186		0.21686277943849563		0.43372555887699127
61		18.928051134999805		1.019355297088623		1.3774400147628785		0.20324490151405333		0.40648980302810667
62		18.79395002000001		0.9869303107261658		1.3396694334745407		0.28160312082767486		0.5632062416553497
63		18.73489433299983		0.9667826890945435		1.3180273506450653		0.23111198217868806		0.4622239643573761
64		18.680582849000075		1.053232192993164		1.4024366793727874		0.15124275111556054		0.3024855022311211
65		18.779763682000066		0.963064432144165		1.313254437789917		0.17813033796548844		0.3562606759309769
66		18.771622108999964		1.083224892616272		1.436594925980568		0.4772299395084381		0.9544598790168762
67		18.7566760159998		0.9952622652053833		1.3499243273591994		0.2242912667632103		0.4485825335264206
68		18.6933593079998		0.9867238998413086		1.335495384812355		0.15124384003281593		0.30248768006563187
69		18.675466150000375		1.0241360664367676		1.3653841051626205		0.30245657650232316		0.6049131530046463
70		18.95263850800029		0.9382870197296143		1.2862367525148393		0.20462483825683594		0.4092496765136719
71		18.78993927800002		0.9604791402816772		1.316040962266922		0.2093364501953125		0.418672900390625
72		18.722971446999964		1.100334882736206		1.445336243405342		0.1675714248418808		0.3351428496837616
73		18.839214645000084		0.9710202217102051		1.3148826789283752		0.14428246662020683		0.28856493324041366
74		18.832852458999696		1.0025335550308228		1.3487056524276733		0.15862595391273498		0.31725190782546997
75		18.863079911000113		1.0147771835327148		1.3590219424819947		0.21224986655712128		0.42449973311424255
76		18.84702746999983		0.9403985142707825		1.2925782908296586		0.1758949223637581		0.3517898447275162
77		19.001691516000392		1.0330657958984375		1.3826076101398468		0.1703634034514427		0.3407268069028854
78		18.740956755999832		0.991375207901001		1.3326620224285126		0.16586025911569596		0.3317205182313919
79		18.892859300000055		0.9766901135444641		1.3297013002204896		0.17209626928567887		0.34419253857135773
80		18.959581910999987		1.0154423713684082		1.3679088986825942		0.1510825001001358		0.3021650002002716
81		19.036269645000175		1.002523422241211		1.3556167259502412		0.13876115767359734		0.2775223153471947
82		19.034412887000144		0.9776363968849182		1.3207890622329712		0.14167497811317445		0.2833499562263489
83		19.190565787000196		0.9180230498313904		1.2679796520519258		0.4303204930186272		0.8606409860372544
84		19.031033147000016		1.0444493293762207		1.3933258950805665		0.15320912350416183		0.30641824700832365
85		19.10136908100003		0.9713230133056641		1.3163261404418944		0.459006342959404		0.918012685918808
86		18.92251820399997		0.9727835655212402		1.3164705134630204		0.13610750908255578		0.27221501816511157
87		18.987974029999805		0.981163501739502		1.3290551306724547		0.15657281587719918		0.31314563175439836
88		19.030908669999917		1.0104833841323853		1.3601831555509567		0.3938865352153778		0.7877730704307556
89		18.953353591999985		1.0568655729293823		1.403831877708435		0.19877033095359803		0.39754066190719606
90		18.83659233299977		0.9345542788505554		1.2844554425811767		0.13542919090390204		0.2708583818078041
91		18.88378737999983		0.9193238615989685		1.2743467668008803		0.15973140746355058		0.31946281492710116
92		18.92673644899969		0.9315792918205261		1.2859968984174728		0.13467834004163742		0.26935668008327485
93		18.90509864700016		1.0779751539230347		1.4216208202266694		0.18862160028219224		0.3772432005643845
94		19.058481648999987		0.9562931060791016		1.3046114661312103		0.14068499238491058		0.28136998476982117
95		19.09452659899989		1.0138262510299683		1.3625693484306336		0.13414592891931534		0.2682918578386307
96		19.011834679999993		0.9427987933158875		1.2888968165826797		0.19766147089004515		0.3953229417800903
97		19.059081560000322		0.9128820300102234		1.264258341150284		0.25945290014743805		0.5189058002948761
98		19.076077997000084		1.0195319652557373		1.3602698133850097		0.17063078352212907		0.34126156704425814
99		19.130547706000016		0.9655845165252686		1.31980090259552		0.16086637399196624		0.3217327479839325
100		19.11199199900011		1.0899261236190796		1.4318902041816712		0.1492840783715248		0.2985681567430496
101		19.313205958000253		0.908494770526886		1.2506274471235275		0.14940867599248886		0.2988173519849777
102		19.11315673399986		0.9551916122436523		1.299763283662796		0.13090966985225677		0.26181933970451354
103		23.801464298000155		0.9925839304924011		1.3455287550878525		0.13300044331550598		0.26600088663101196
104		18.92954502800012		0.9761961698532104		1.333381229248047		0.1344705980539322		0.2689411961078644
105		19.063768229999823		0.9306367039680481		1.2775186464309691		0.1319165211200714		0.2638330422401428
106		19.216752538000037		0.9470135569572449		1.2992219439792634		0.13085906478762627		0.26171812957525253
107		19.296335879999788		1.1790400743484497		1.532402947907448		0.15606219687461853		0.31212439374923706
108		19.175143595999998		0.9473104476928711		1.299917378334999		0.1938245949447155		0.387649189889431
109		19.19740751900008		0.9144282341003418		1.2729645221710204		0.12131194046139718		0.24262388092279435
110		19.239627669999663		0.9794470071792603		1.3253138801527022		0.18864029698371887		0.37728059396743774
111		19.309329655000056		0.9766764044761658		1.3198460896921158		0.1649645814180374		0.3299291628360748
112		19.19515447399999		0.9489781260490417		1.3044003699302673		0.16102751914262772		0.32205503828525545
113		19.169062535000194		0.966227650642395		1.3180579582118988		0.13585508728027343		0.27171017456054686
114		19.092344624999896		0.9278108477592468		1.2833766059303284		0.1760016360402107		0.3520032720804214
115		19.33653978700022		0.9616381525993347		1.3119671808052062		0.127162533223629		0.254325066447258
116		19.150558893999914		0.9794263243675232		1.3297583557033539		0.20019030863046647		0.40038061726093294
117		19.03158350700005		0.9399785995483398		1.286082540717125		0.13785734348297118		0.27571468696594237
118		19.00936996700011		0.9561342597007751		1.3007410953521727		0.11764139596819878		0.23528279193639756
119		19.03483923399972		1.0190348625183105		1.3653251131629944		0.1547751622259617		0.3095503244519234
120		23.797363454999868		0.9531503915786743		1.300476278820038		0.2850236552715302		0.5700473105430603
121		19.044416758000352		0.9825571775436401		1.3367226947689057		0.1944202363014221		0.3888404726028442
122		19.091328229000283		0.9656913876533508		1.3077303695631026		0.19965433064699173		0.39930866129398346
123		19.092010044999824		0.9891518354415894		1.3338676026153564		0.18502234106063842		0.37004468212127684
124		19.054197008999836		0.944451630115509		1.2932397971487046		0.2415485107421875		0.483097021484375
125		18.965085909999743		0.913093626499176		1.2557387238550186		0.11659113887548446		0.23318227775096892
126		19.204006650999872		0.944884717464447		1.29489134827137		0.1585637334227562		0.3171274668455124
127		19.10972935100017		0.9774991273880005		1.3254479372501373		0.12631387131810187		0.25262774263620374
128		18.978296946999762		0.9849985837936401		1.3485916897010803		0.14134392161369325		0.2826878432273865
129		18.980292525000095		0.971773087978363		1.3271112400960923		0.2534104570686817		0.5068209141373634
130		19.036137028999747		0.9741843342781067		1.3188649773263932		0.9169973525762558		1.8339947051525116
131		18.9021630670004		0.9899477958679199		1.3428952916765213		0.139221948158741		0.278443896317482
132		19.050064957999894		0.984657347202301		1.329527064113617		0.1290554669380188		0.2581109338760376
133		19.14193395600023		0.9917807579040527		1.3429749210214614		0.13362043283581734		0.2672408656716347
134		19.165595936000045		0.9298286437988281		1.2791270759773254		0.23461892291307448		0.46923784582614897
135		19.089491810000254		1.0006757974624634		1.362483044819832		0.12326727226376534		0.24653454452753068
136		19.09926133099998		0.927426278591156		1.280684121029377		0.16681266068220138		0.33362532136440276
137		19.090592743999878		0.9873407483100891		1.3382317649936677		0.14542757933735848		0.29085515867471695
138		22.43129235999959		0.9110409021377563		1.2605436753940582		0.12116345024108886		0.24232690048217773
139		19.045252385999902		0.9926685690879822		1.3470192923927307		0.13611265622377397		0.27222531244754794
140		19.14269662400011		0.8931957483291626		1.2456263569641113		0.11601562348604202		0.23203124697208405
141		20.202878851999685		1.0199205875396729		1.3662108248949052		0.11106737124919891		0.22213474249839782
142		19.18723454300016		0.9034043550491333		1.2501740368270875		0.11148321009874344		0.2229664201974869
143		19.20756119700036		0.9556227326393127		1.3070707517242433		0.12020482966303825		0.2404096593260765
144		19.10597351599972		0.9024630188941956		1.2529010027098655		0.12887375000119208		0.25774750000238417
145		19.2051317800001		0.9381762146949768		1.290472027168274		0.14562913131117822		0.29125826262235643
146		19.166191526000148		1.0358003377914429		1.378652739481926		0.21472437279224396		0.4294487455844879
147		19.33304438899995		0.9159883856773376		1.2617569720721244		0.15523066511154174		0.3104613302230835
148		19.01740933400015		0.9343377351760864		1.2869905399250985		0.14543408195972443		0.29086816391944886
149		19.113627998000084		0.975687563419342		1.3270473997116088		0.11384165419340134		0.22768330838680267
150		19.058926390000124		0.8760895133018494		1.2171867064714432		0.1145903702378273		0.2291807404756546
151		19.179853483999977		1.083691120147705		1.4275138057041168		0.5962607941865921		1.1925215883731841
152		19.171302333999847		0.9455627202987671		1.2918272800302506		0.10917814874649048		0.21835629749298097
153		19.063435916000344		0.9232653379440308		1.2724302037286759		0.15243641251921652		0.30487282503843305
154		19.19364800099993		0.9418060779571533		1.2971470437526702		0.2623841953277588		0.5247683906555176
155		19.03896936000001		0.9299593567848206		1.2859364387273788		0.11511075099110603		0.23022150198221206
156		19.091685804999543		0.9218838810920715		1.270600420846939		0.13257146459817887		0.26514292919635774
157		19.104718331000186		0.9335915446281433		1.290268302359581		0.14724342302680016		0.2944868460536003
158		19.124161943000217		0.922947883605957		1.2850685621643065		0.3528654684305191		0.7057309368610382
159		19.162940958000036		0.9729906916618347		1.3226298241996766		0.11523966668844222		0.23047933337688445
160		19.162768385999698		0.862313985824585		1.2110280956220627		0.12783245583176614		0.2556649116635323
161		19.375013595999917		0.9679667949676514		1.321192050228119		0.15205118672251702		0.30410237344503405
162		19.1428817420001		0.9712836742401123		1.32723119284153		0.14354493584632874		0.2870898716926575
163		19.220349027999873		0.8940548300743103		1.255412600569725		0.1114759069621563		0.2229518139243126
164		19.04870548300005		0.9603132605552673		1.3113303674459458		0.13106042347550392		0.26212084695100785
165		20.714422410000225		0.880517840385437		1.2259074295544625		0.14087243037223815		0.2817448607444763
166		19.344288164000318		0.9168614745140076		1.2665973183393477		0.12118485497832299		0.24236970995664597
167		19.100462923999658		0.9060126543045044		1.2548592832112313		0.11270300563573837		0.22540601127147675
168		19.08643993899932		1.018240213394165		1.3614013615989684		0.28008730800151826		0.5601746160030365
169		18.888860781999938		0.9128044843673706		1.2626200002288819		0.11745873349308968		0.23491746698617935
170		18.996166300999903		0.9333599805831909		1.2798159404277802		0.1830167094230652		0.3660334188461304
171		18.96021383599964		0.9064640998840332		1.2580407925987243		0.22603966698050498		0.45207933396100997
172		18.875084117999904		0.9474323391914368		1.2923680204057693		0.3020407896161079		0.6040815792322158
173		19.107457244000216		0.9462134838104248		1.29104773478508		0.10850732665657997		0.21701465331315994
174		19.184651405000295		0.9132692217826843		1.2725731736660004		0.185887321805954		0.371774643611908
175		21.384239545000128		1.0612841844558716		1.4102594825530053		0.13176513844728469		0.26353027689456937
176		18.881240411999897		0.8606481552124023		1.2084945441842079		0.22400766790509224		0.4480153358101845
177		18.832290459000433		0.9966961741447449		1.3521398756074905		0.11500234653949737		0.23000469307899474
178		18.92576013099915		0.9095134139060974		1.2589930317425728		0.11973740572333336		0.2394748114466667
179		19.052293925999948		0.9423074722290039		1.2852314059591294		0.1417587199985981		0.2835174399971962
180		19.047342150000077		0.9633243680000305		1.311359154996872		0.12993961736559867		0.25987923473119734
181		19.21109696700023		0.9176713824272156		1.272928030874729		0.10911175612807274		0.21822351225614547
182		18.91232243400009		0.9461021423339844		1.3000496470236778		0.10239083693027497		0.20478167386054993
183		19.039197124000566		0.9404214024543762		1.2985052376365662		0.112424725741148		0.224849451482296
184		18.93262007500016		0.9636197686195374		1.309580940682888		0.1762379625618458		0.3524759251236916
185		19.075046216999908		0.9389679431915283		1.2965928141880037		0.12329617602825164		0.2465923520565033
186		19.272549277000508		0.8691565990447998		1.2244397871279717		0.09805338727235795		0.1961067745447159
187		19.196703345999595		0.9960131049156189		1.346670915236473		0.13014345745444297		0.26028691490888595
188		19.06524717299999		0.8748142719268799		1.2242592954015732		0.3024565956532955		0.604913191306591
189		22.52420178400007		1.0059021711349487		1.3484892253613472		0.19442486649751664		0.3888497329950333
190		19.127799817000778		0.8984453678131104		1.2548467279982567		0.10314785181879997		0.20629570363759994
191		19.226827256000433		0.9155752658843994		1.2635492676544189		0.23881382772922516		0.4776276554584503
192		19.155951687999732		0.9642227292060852		1.31529319480896		0.10213474712967872		0.20426949425935745
193		19.283654397000646		0.9035254716873169		1.2614427213311195		0.10139772922992707		0.20279545845985414
194		19.34519619099956		0.9190192818641663		1.265427829773426		0.31003010452985763		0.6200602090597153
195		19.334640082000078		0.9291827082633972		1.2837888615202904		0.21176019294857978		0.42352038589715957
196		19.154189293000854		0.8892814517021179		1.250525386171341		0.12244036465287209		0.24488072930574417
197		19.14345574500021		0.9151718020439148		1.2686910105967522		0.10292244437932968		0.20584488875865936
198		19.177993068999967		0.9861649870872498		1.3405139597392082		0.11537177574634552		0.23074355149269105
199		19.168593277000582		0.861297607421875		1.216982553524971		0.09911620361804963		0.19823240723609925
200		19.193984024999736		0.8894387483596802		1.2380274026870728		0.10820503098368645		0.2164100619673729
201		19.138832447999448		0.9490169882774353		1.296125422270298		0.26580024571418764		0.5316004914283753
202		19.076075319000665		0.9313734769821167		1.2769595823049544		0.1560634681582451		0.3121269363164902
203		19.217147322000528		0.9051956534385681		1.2578305961728096		0.10557301369905472		0.21114602739810945
204		19.3092482739994		0.9590007662773132		1.306323731276989		0.10635337873101235		0.2127067574620247
205		20.00761138100006		1.0505751371383667		1.3960269888210297		0.14318818426132202		0.28637636852264403
206		19.162867725999604		0.8642355799674988		1.219711896317005		0.10215386373996735		0.2043077274799347
207		19.08206649099975		0.9047948718070984		1.2585002542972565		0.11785734602212906		0.23571469204425813
208		19.13544077500046		0.9135435819625854		1.2735389671444892		0.11948105365633964		0.23896210731267928
209		19.03220844400039		0.958716630935669		1.3108381214642524		0.10290012438893319		0.20580024877786637
210		19.110180532999948		0.9545037150382996		1.3080002882862092		0.4117466060757637		0.8234932121515274
211		19.15922681200027		0.9175145030021667		1.267666288628578		0.09874690081477165		0.1974938016295433
212		19.19852114100013		0.9145617485046387		1.263518781480789		0.09963725352883339		0.19927450705766678
213		19.084373679000237		0.9198218584060669		1.2706605829286575		0.10489028383493423		0.20978056766986847
214		19.043864870000107		0.9475608468055725		1.3044311482238768		0.6791302721500396		1.3582605443000793
215		18.90694225200059		0.8984166383743286		1.2512396996855735		0.10136215875148773		0.20272431750297545
216		19.048574223000287		0.9309576153755188		1.2852135995602607		0.10279775085449219		0.20559550170898439
217		19.077947486000085		1.0248918533325195		1.3728937382316588		0.10101270065903664		0.20202540131807328
218		18.961979462000272		0.8927673697471619		1.2532690392446517		0.1225293421447277		0.2450586842894554
219		19.069236442000147		0.9137706160545349		1.266541869518757		0.2560477205693722		0.5120954411387444
220		19.003552718999345		0.9288206696510315		1.281511155834198		0.12067756896615028		0.24135513793230057
221		19.29360045300018		0.8877459764480591		1.2463913354301452		0.10712813044786454		0.21425626089572908
222		19.13499514400064		0.9827315211296082		1.336492393026352		0.09617003800868988		0.19234007601737976
223		19.155487794999317		0.8787675499916077		1.2372729109454155		0.11240411714315414		0.22480823428630828
224		19.18814922399997		0.9286971688270569		1.2806409219765662		0.15767279796600342		0.31534559593200684
225		19.155213388000448		0.8621617555618286		1.2192788969540596		0.11294931336045265		0.2258986267209053
226		18.9553237680002		0.9410883188247681		1.29249651232481		0.1004120950102806		0.2008241900205612
227		19.088652780000302		0.9244401454925537		1.2768639914536477		0.0937532074391842		0.1875064148783684
228		19.159998819000066		0.9099758863449097		1.262360085875988		0.1636315990924835		0.327263198184967
229		19.082840523000414		0.9270176887512207		1.282563163585663		0.18016685754060746		0.3603337150812149
230		19.26743104900015		0.9407686591148376		1.2941559146094321		0.09729091938138008		0.19458183876276017
231		19.20340859800035		0.9446613788604736		1.2920769164681434		0.09476187878251076		0.18952375756502152
232		19.105272927999977		0.9590228796005249		1.2984514993476868		0.09164408276081085		0.1832881655216217
233		18.903699214999506		0.8909797668457031		1.2427434450721742		0.11657497490048409		0.23314994980096818
234		19.060886696000125		0.9195656776428223		1.2653805103063582		0.0952358341038227		0.1904716682076454
235		19.04489120799917		0.9337053894996643		1.279868577826023		0.3390951159477234		0.6781902318954468
236		19.316321569999673		1.0025831460952759		1.351219407477379		0.09539363504052162		0.19078727008104324
237		19.03157039600046		0.8949365615844727		1.2448957203722		0.1918106895029545		0.383621379005909
238		19.115615742000045		0.9208346605300903		1.2728939675974846		0.09461214508116245		0.1892242901623249
239		19.058446923999327		0.9036403894424438		1.252723647327423		0.2225702015697956		0.4451404031395912
240		18.990734787999827		0.9516381621360779		1.3038381860256194		0.09843811029195786		0.1968762205839157
241		19.158744082999874		0.9097765684127808		1.2587662028717994		0.23011335816383363		0.46022671632766726
242		19.28775501200016		0.9485311508178711		1.2991855388975144		0.1403139135181904		0.2806278270363808
243		19.174718834000487		0.8773574233055115		1.2329287516021727		0.09969026809334755		0.1993805361866951
244		18.966049063000355		0.9041569232940674		1.2597713480329513		0.12211978122591972		0.24423956245183945
245		19.11579592399994		0.9365513920783997		1.2964475631594659		0.09568189188241959		0.19136378376483917
246		19.02639674999955		0.8700820803642273		1.2246189405345917		0.187299060100317		0.374598120200634
247		18.997046747999775		0.9485469460487366		1.3017921232819558		0.09370450448393822		0.18740900896787643
248		19.11946389700006		0.8978288173675537		1.256169926521778		0.10540351642370224		0.21080703284740449
249		19.296682983999744		0.9801027178764343		1.3231663722515106		0.23575111587643624		0.4715022317528725
250		19.228361100000257		0.894023597240448		1.2470275650763512		0.2655059333384037		0.5310118666768074
251		18.834812729000078		0.9488415122032166		1.2968348244953156		0.10190751042962075		0.2038150208592415
252		18.90994087600029		0.919951856136322		1.2750533437776566		0.10962064057588577		0.21924128115177155
253		19.200130287999855		0.8944739103317261		1.2469894993114472		0.096372003698349		0.192744007396698
254		19.145053674000337		0.9213359355926514		1.276365770010948		0.2534276272714138		0.5068552545428276
255		19.210687503999907		0.8822301626205444		1.233827438697815		0.10152270514965057		0.20304541029930115
256		18.926345840000067		0.865473747253418		1.221808152937889		0.09993988841772079		0.19987977683544159
257		18.810544032000507		0.9217162132263184		1.2710658521080016		0.3080075902402401		0.6160151804804802
258		18.844732694000413		0.9125001430511475		1.261330853278637		0.09779247116446495		0.1955849423289299
259		18.912611323999954		0.8947576284408569		1.243759682598114		0.08837581291794777		0.17675162583589554
260		19.113804558999618		0.921636164188385		1.2777434933137894		0.13404366073608398		0.26808732147216796
261		18.982334969000476		0.8953715562820435		1.2564523148298263		0.09376864582896233		0.18753729165792465
262		18.98017690600045		0.9640186429023743		1.3058911952233314		0.08879950808882714		0.17759901617765428
263		19.034752909999952		0.8788654208183289		1.2276806793880464		0.23934764417409896		0.4786952883481979
264		18.80101243199988		0.9279260635375977		1.2719437030768395		0.09672143070697785		0.1934428614139557
265		18.840082974000325		0.899626612663269		1.2603903698921204		0.13329863190054894		0.2665972638010979
266		18.960682287000054		0.8639196157455444		1.2219987240481376		0.09061658110022545		0.1812331622004509
267		18.991736013999798		0.9845582842826843		1.3267844833803177		0.13493090280294417		0.26986180560588835
268		19.19499784599975		0.909923255443573		1.2643298968482017		0.12596465866565704		0.2519293173313141
269		18.952951299000233		0.9099878668785095		1.2701565857863426		0.14255313207507134		0.2851062641501427
270		18.878434766999817		0.8693596720695496		1.2274876805067063		0.15633427628278732		0.31266855256557463
271		19.042075375000422		0.879818856716156		1.2434468711447715		0.09508646537959575		0.1901729307591915
272		19.190140013999553		0.8768008947372437		1.2328197448563576		0.13643232712745668		0.27286465425491335
273		18.987942534000467		0.9406970143318176		1.2945174792766572		0.17361179701685905		0.3472235940337181
274		18.937610771000436		0.9525394439697266		1.310419713318348		0.24238841224312782		0.48477682448625564
275		18.965867705000164		0.9125929474830627		1.2649065059566498		0.08860564458668233		0.17721128917336465
276		19.06695861499975		0.9180912375450134		1.2634012428736687		0.10346391699314117		0.20692783398628234
277		18.982243573000233		0.9339207410812378		1.2822749376416207		0.1278707435131073		0.2557414870262146
278		19.12472670399984		0.9143235087394714		1.268471583867073		0.10850715039372444		0.21701430078744888
279		19.120651589999397		0.9259573817253113		1.2726061112785338		0.08766075563728809		0.17532151127457618
280		18.854683237000245		0.9612774848937988		1.3191281983685494		0.09638982334136963		0.19277964668273925
281		19.03951563800001		0.9305415153503418		1.2754995193982124		0.10334041452407837		0.20668082904815674
282		19.003611868000007		0.8909878730773926		1.2538655028676986		0.09790452017784118		0.19580904035568236
283		18.856244591000177		0.9476736187934875		1.2884017666649819		0.0916343512237072		0.1832687024474144
284		20.068859141999383		0.8734753727912903		1.228433315091133		0.09343917226195335		0.1868783445239067
285		18.914261024000552		0.9047707319259644		1.2564911475396157		0.4272948746562004		0.8545897493124008
286		18.951702286999534		0.8439669609069824		1.2069740091085435		0.10032681003808976		0.2006536200761795
287		19.228541409000172		0.8762657046318054		1.2359926704120636		0.11998556943535804		0.23997113887071608
288		19.199562558999787		0.8734921813011169		1.2270895868301392		0.17544308359622957		0.35088616719245913
289		18.907040093999967		0.9288890957832336		1.2757370096802712		0.10995152162313461		0.21990304324626922
290		19.115511494000202		0.8857983946800232		1.2395979903078078		0.10087593951821328		0.20175187903642655
291		19.21116151700062		0.8713794350624084		1.2290962760972977		0.0865869408160448		0.1731738816320896
292		23.373627150000175		0.8966047167778015		1.2471076237368584		0.08688412949740887		0.17376825899481774
293		19.147168274999785		0.8813693523406982		1.2401995497918128		0.08674195412695408		0.17348390825390816
294		19.063846516000012		0.9386023879051208		1.2947445786261558		0.137049433195591		0.274098866391182
295		19.086784897000143		0.8657572269439697		1.2219828724503516		0.21389911517500879		0.42779823035001757
296		19.148190459000034		0.9862692952156067		1.3339391854143143		0.10274483085274697		0.20548966170549393
297		19.116777965000438		0.9167762398719788		1.261492211470604		0.09867720422744751		0.19735440845489502
298		18.962522222999723		0.8911266922950745		1.2412707002019883		0.09426477774381638		0.18852955548763276
299		18.99150976800047		0.940674901008606		1.2913527143168448		0.2082161765575409		0.4164323531150818
300		18.8799473629997		0.9221184849739075		1.2802180155658722		0.09694301639795304		0.19388603279590608
301		18.939349969999967		0.9516122937202454		1.3070535833191872		0.09348855069279671		0.18697710138559342
302		19.057059811999352		0.8541239500045776		1.203836058754921		0.0951637215167284		0.1903274430334568
303		19.014573834999283		0.9154032468795776		1.257328420803547		0.18243820666670799		0.36487641333341597
304		18.9389075400004		0.906367838382721		1.2729709364628792		0.08823006933927537		0.17646013867855073
305		19.196619767999437		0.8558862805366516		1.2150050878810883		0.10356715335249901		0.20713430670499802
306		18.986129871999765		0.9347999095916748		1.2822011306786538		0.08597636902928352		0.17195273805856703
307		19.02404033700077		0.9096356630325317		1.260801672167778		0.08541349330246449		0.17082698660492898
308		19.045011209000222		0.9348829984664917		1.2865949448657037		0.10026537892222405		0.2005307578444481
309		19.09402698500071		0.9408167600631714		1.3050097465705872		0.10758524035811425		0.2151704807162285
310		20.475896367000132		0.8873080015182495		1.2423655566763878		0.09301610361933708		0.18603220723867417
311		18.91901517399947		0.916187584400177		1.267157914993763		0.08983522268235683		0.17967044536471366
312		19.09342863599977		0.9076827168464661		1.2598018760466576		0.49321838662624357		0.9864367732524871
313		18.92933139700017		0.9204167127609253		1.2673953513288498		0.1276192281216383		0.2552384562432766
314		19.034308661999603		0.9132006764411926		1.2675014152407647		0.2101687226176262		0.4203374452352524
315		19.05910205100008		0.8710281848907471		1.2276822067832946		0.640634361076355		1.28126872215271
316		22.385925769000096		0.9792275428771973		1.3300358473420144		0.09022856461405754		0.18045712922811508
317		19.030074283999966		0.8218886256217957		1.1771404348397254		0.08989112876355648		0.17978225752711297
318		18.83743995199984		0.9032320380210876		1.25554225001812		0.10046309834122658		0.20092619668245315
319		18.930171039000015		0.8875138759613037		1.2391936955237388		0.08731692630946636		0.17463385261893272
320		19.04509769300057		0.8838840126991272		1.2335586756896972		0.0933922602057457		0.1867845204114914
321		19.166923916000087		0.8638882637023926		1.2222086941480637		0.08826533422768117		0.17653066845536233
322		20.494315165000444		0.8602801561355591		1.2140343824601174		0.09890079309344292		0.19780158618688584
323		19.063431928000682		0.9529330134391785		1.3117908386206627		0.0885732736647129		0.1771465473294258
324		19.23733665800046		0.9250739812850952		1.276537844901085		0.09136493617892265		0.1827298723578453
325		19.025759060000382		0.8622809052467346		1.219822029118538		0.12238005219101906		0.24476010438203813
326		19.155222361000597		0.8958525657653809		1.2515621176600455		0.2653071828722954		0.5306143657445908
327		19.30330467800013		0.8297077417373657		1.1857357274317741		0.08354504816532135		0.1670900963306427
328		19.248393238000062		0.903081476688385		1.2575425019311905		0.13236233034729958		0.26472466069459916
329		19.11133410399998		0.8629480004310608		1.2064681104207038		0.08352031644582748		0.16704063289165497
330		19.05977534000067		0.8869290351867676		1.240009184472561		0.1233939357817173		0.2467878715634346
331		18.895953263999218		0.8699214458465576		1.2354768362379074		0.08856548238694668		0.17713096477389337
332		18.79797971300013		0.8963168263435364		1.2536824456453324		0.4466991168141365		0.893398233628273
333		19.037978638999448		0.8882336616516113		1.2435662921524049		0.08453502115905284		0.16907004231810568
334		18.99900589200024		0.8623027801513672		1.223136514532566		0.10697914251089095		0.2139582850217819
335		19.016482010999425		0.8947643637657166		1.2552563362646103		0.14983100517988204		0.2996620103597641
336		23.035415061000094		0.9003399014472961		1.2599890008354186		0.1253004903972149		0.2506009807944298
337		19.034071617000336		0.8601149916648865		1.2173593704676628		0.08419999302327633		0.16839998604655265
338		18.995692575999783		0.9018633365631104		1.2561469476222993		0.08349745328724384		0.16699490657448768
339		19.053929563000565		0.8445199728012085		1.1996762331080437		0.08229622709453106		0.16459245418906213
340		19.09656513200025		0.9757903814315796		1.328681367468834		0.09776863198876382		0.19553726397752763
341		19.124572237999928		0.8680874705314636		1.2221115328240395		0.2275774427652359		0.4551548855304718
342		19.021410647000266		0.8900467157363892		1.2437825242686271		0.1079558875977993		0.2159117751955986
343		19.202128879000156		0.9129579663276672		1.2510455543351173		0.10655273413062095		0.2131054682612419
344		19.784945274000165		0.8919262886047363		1.2411008335494995		0.12638140683174134		0.2527628136634827
345		18.992712008000126		0.9483340382575989		1.2902182099175452		0.25702285414934156		0.5140457082986831
346		18.984305318000224		0.8819735646247864		1.24918705483675		0.10624803736209869		0.21249607472419738
347		19.056662637000045		0.8847530484199524		1.2373000706768036		0.0885615914195776		0.1771231828391552
348		19.106333604999236		1.112457036972046		1.4531810637164115		0.5371406610250473		1.0742813220500946
349		19.01818907500001		0.858934760093689		1.2111005304813385		0.09218177944123745		0.1843635588824749
350		18.991476027999852		0.8948831558227539		1.2506272440981865		0.0863209263920784		0.1726418527841568
351		18.880549036000048		0.860652506351471		1.2205036238479614		0.08954286824464798		0.17908573648929596
352		19.0709587249994		0.8989668488502502		1.2612645730400085		0.10492009889483452		0.20984019778966903
353		19.168192107999857		0.8659883141517639		1.2180180668330192		0.11024990700483323		0.22049981400966645
354		19.132113077000213		0.9096876382827759		1.2639877152132988		0.09324664751589298		0.18649329503178597
355		19.11494483200022		0.8678984642028809		1.2188316612648964		0.08507822470664977		0.17015644941329955
356		19.149214182999458		0.8711529970169067		1.229074721839428		0.08674315463006496		0.17348630926012992
357		19.02399392300049		0.9128502607345581		1.2747113003754615		0.08279656907022		0.16559313814044
358		19.03560040299999		0.8495483994483948		1.2101369932174684		0.1275178675532341		0.2550357351064682
359		19.10661575299946		0.8946930170059204		1.2460889850211143		0.09550037799477577		0.19100075598955155
360		19.16341265400024		0.9240203499794006		1.271919522716999		0.10326435341238975		0.2065287068247795
361		19.109454747998825		0.8637527227401733		1.2149318023705482		0.10371231245398521		0.20742462490797042
362		19.105688546000238		0.8840871453285217		1.2419103793048858		0.0934508004784584		0.1869016009569168
363		19.126608192000276		0.9169062972068787		1.271564058971405		0.1969611664891243		0.3939223329782486
364		19.05361260400059		0.8354498744010925		1.1846518827199937		0.08108916005194187		0.16217832010388375
365		19.283928558001207		0.9370729327201843		1.2922045839881897		0.08443370224833488		0.16886740449666976
366		19.233912961000897		0.8516405820846558		1.2009396167182922		0.10497346649765968		0.20994693299531936
367		19.11137293899992		0.913224995136261		1.262265713903904		0.08060682508945465		0.1612136501789093
368		19.25852757999928		0.8235417604446411		1.1846310445332526		0.23092382875084877		0.46184765750169754
369		19.225183681999624		0.8796622157096863		1.2288399291348457		0.09461666864156723		0.18923333728313446
370		18.96360870299941		0.9432392716407776		1.2874679609417916		0.09491032028198242		0.18982064056396483
371		18.964349668998693		0.9330025315284729		1.2942837008810044		0.1237809396803379		0.2475618793606758
372		18.98373748999984		0.8644092082977295		1.219963159263134		0.09403473002016545		0.1880694600403309
373		18.978667345998474		0.9564357399940491		1.304524174273014		0.08988900154829026		0.1797780030965805
374		18.99820835399987		0.9155377149581909		1.2842417752218247		0.10882896673679351		0.21765793347358703
375		18.905169659999956		0.8641907572746277		1.2168743670773505		0.12246357020139695		0.2449271404027939
376		19.25406884699987		0.8786375522613525		1.2419033112883568		0.09444422813653947		0.18888845627307893
377		18.98036147499988		0.918483555316925		1.2680405797934533		0.16896169096231461		0.33792338192462923
378		19.16967753099925		0.8881767988204956		1.2505050909757613		0.0897377867013216		0.1794755734026432
379		18.974630050000997		0.8724814057350159		1.224678344578743		0.08742368483841419		0.17484736967682837
380		19.116183750000346		0.922675371170044		1.2703382643151284		0.08547243593037128		0.17094487186074256
381		19.006048643999748		0.8676462769508362		1.2170134029507638		0.09835815435051919		0.19671630870103837
382		18.907272824000756		0.8781963586807251		1.2311321037602425		0.08483948282301426		0.16967896564602852
383		19.03255596300005		0.8897443413734436		1.2424521817469596		0.1432232294201851		0.2864464588403702
384		18.97765688399886		0.8951002955436707		1.2476132901072503		0.21266603534221648		0.42533207068443296
385		19.00728394699945		0.8831772208213806		1.2420307993769646		0.34069411096572877		0.6813882219314575
386		19.11336588999984		0.8991410136222839		1.2472330948209762		0.11207686299681663		0.22415372599363326
387		19.062129388999892		0.8845900297164917		1.2423989270329476		0.1425478489100933		0.2850956978201866
388		19.103060233999713		0.8409108519554138		1.2029914896011353		0.08996470103263855		0.1799294020652771
389		19.06603539400021		0.8784677386283875		1.2274114793729782		0.0827551062643528		0.1655102125287056
390		23.826249212999755		0.914290189743042		1.2662126955270767		0.08347133610248565		0.1669426722049713
391		19.131734333999702		0.8979579210281372		1.2466070502185822		0.0977061861872673		0.1954123723745346
392		19.266591647001405		0.8797234892845154		1.231408590772152		0.11914903250336648		0.23829806500673295
393		19.14847387000009		0.8692077994346619		1.2272831402587892		0.09788808687329292		0.19577617374658585
394		19.24839549799981		0.8776739835739136		1.236510044710636		0.13509049651622773		0.27018099303245546
395		19.034751954999592		0.8926535844802856		1.2540498954987527		0.1155469559788704		0.2310939119577408
396		19.168239178001386		0.8599810600280762		1.2165914444112778		0.10555458241701127		0.21110916483402253
397		23.286574322999513		0.931228518486023		1.2804979116010666		0.08659281330108642		0.17318562660217285
398		19.23424883000007		0.8411388993263245		1.1879476151394843		0.08806056247949601		0.17612112495899201
399		19.175852227999712		0.8598622679710388		1.2123745571446418		0.1486518235743046		0.2973036471486092
400		19.08510729199952		0.8895797729492188		1.244422241680622		0.3678749486804008		0.7357498973608017
401		19.02671034999912		0.8778607845306396		1.2332959266519548		0.1335331659793854		0.2670663319587708
402		26.037452182999914		0.8898670077323914		1.2512226651978493		0.1241568632364273		0.2483137264728546
403		19.088587428999745		0.842907190322876		1.2011025672698021		0.33595834636092187		0.6719166927218437
404		19.045082630998877		0.8827779293060303		1.2377705077719687		0.15675540354251863		0.31351080708503726
405		19.13883096599966		0.849499523639679		1.2145001029396056		0.09064209368228912		0.18128418736457824
406		18.958892039001512		0.9081045985221863		1.2653244842624665		0.10835027422308922		0.21670054844617845
407		19.212700467000104		0.862535297870636		1.2156983874177933		0.2106272816002369		0.4212545632004738
408		19.23101074799888		0.9496181011199951		1.301048893098831		0.09022014415264129		0.18044028830528258
409		19.321864042000016		0.8773956298828125		1.2248214301800728		0.09751614646613598		0.19503229293227195
410		19.57833586200104		0.8859275579452515		1.234461718146801		0.11527602641582489		0.23055205283164978
411		19.2049889050013		0.8689270615577698		1.2268219562196732		0.08625775619745255		0.1725155123949051
412		19.291958916999647		0.9030231833457947		1.2631482319784164		0.08137643161416054		0.16275286322832108
413		23.67212328200003		0.8867379426956177		1.2388944874358176		0.16368497037887572		0.32736994075775144
414		19.05863633499939		0.8261702656745911		1.1799485686135291		0.19952240722179412		0.39904481444358825
415		19.064012716000434		0.970183789730072		1.315364611468315		0.07996046846807003		0.15992093693614007
416		19.24320327699934		0.8414109349250793		1.203062525215149		0.07955919347703456		0.15911838695406913
417		19.207818232000136		0.9062768816947937		1.2547337891459465		0.11146408670544625		0.2229281734108925
418		19.068862755000737		0.8590197563171387		1.204491683320999		0.09163395156264305		0.1832679031252861
419		19.181716162000157		0.8760829567909241		1.2212808723855018		0.09832279534339905		0.1966455906867981
420		22.88450264899984		0.885330855846405		1.2442613710570336		0.0944260762155056		0.1888521524310112
421		18.90366303799965		0.8644919395446777		1.2130781689476966		0.09069733482599258		0.18139466965198517
422		19.109882402999574		0.9235244989395142		1.2784828066754341		0.0840895887941122		0.1681791775882244
423		19.209852788000717		0.8939641118049622		1.2497125851249695		0.12278760110139847		0.24557520220279694
424		19.225189822000175		0.8663905262947083		1.2251273663830757		0.08005907217562198		0.16011814435124397
425		19.233553870999458		0.8338298797607422		1.180007566304207		0.08954687222242355		0.1790937444448471
426		19.184813597001266		0.8755029439926147		1.2207733592772483		0.07923169653415679		0.15846339306831358
427		19.34368215500035		0.8550413250923157		1.2060704618525504		0.10167368149161339		0.20334736298322678
428		19.197749384000417		0.8818008899688721		1.2379303109955788		0.08370745522379876		0.16741491044759751
429		19.319652152000344		0.9029723405838013		1.266858827443123		0.1950548389971256		0.3901096779942512
430		19.32568637699842		0.8834340572357178		1.2389095110368729		0.15217847494482994		0.3043569498896599
431		19.473612585999945		0.8891282677650452		1.2443335891127587		0.08083757148981094		0.16167514297962188
432		19.28282021999985		0.8376219272613525		1.2007176229691505		0.12980658062100411		0.25961316124200823
433		19.13309750299959		0.833378791809082		1.1876938460421562		0.07765642576217652		0.15531285152435303
434		19.173198118000073		0.8879413604736328		1.2437125299954415		0.08243745087981225		0.1648749017596245
435		19.172103060000154		0.8794878721237183		1.2244359152436257		0.11733852200508117		0.23467704401016234
436		19.301223763999587		0.8563545942306519		1.2034729910874367		0.11451170392036437		0.22902340784072875
437		19.304951235999397		0.8403263688087463		1.19654573264122		0.14825648593902588		0.29651297187805176
438		19.185186508999323		0.8972668647766113		1.2539138264417649		0.08524901852607727		0.17049803705215455
439		19.034083931999703		0.8474657535552979		1.203425939297676		0.1640069636285305		0.328013927257061
440		19.128167292999933		0.8447175621986389		1.1979475973105431		0.13584580495357512		0.27169160990715024
441		19.271883565999815		0.855957567691803		1.2134504601025582		0.0887521492600441		0.1775042985200882
442		19.25944487200104		0.8357924222946167		1.1910048555970192		0.11222218298316002		0.22444436596632003
443		19.352607061000526		0.8868958353996277		1.242263909432888		0.29898002021312714		0.5979600404262543
444		19.212260745000094		0.9264662861824036		1.2833991279625894		0.1923071013212204		0.3846142026424408
445		19.227330667999922		0.8711674809455872		1.2314760033488275		0.1366989977121353		0.2733979954242706
446		19.192699897999773		0.8131709694862366		1.1736293845725059		0.12855766308307648		0.25711532616615296
447		18.87310984099895		0.9575706124305725		1.3052026049852372		0.08320728171169758		0.16641456342339517
448		18.89230748599948		0.8648986220359802		1.2180672866058349		0.1626273969233036		0.3252547938466072
449		19.041763413999433		0.8945285677909851		1.2506436865258217		0.07837389055490494		0.15674778110980989
450		19.18104805999974		0.8883913159370422		1.2504410229468346		0.08041101484298706		0.16082202968597412
451		19.059211388999756		0.8643217086791992		1.2054040115857125		0.07688456936478615		0.1537691387295723
452		19.22875751600077		0.93376225233078		1.2906716427516938		0.08515728826522827		0.17031457653045654
453		18.979680599000858		0.873153030872345		1.2352363011193275		0.08569097142219544		0.17138194284439087
454		18.987504718999844		0.8752230405807495		1.2366708309817314		0.08077905583381653		0.16155811166763306
455		19.211280413999702		0.8264410495758057		1.1776380510044098		0.14351084014177323		0.28702168028354647
456		19.078301147001184		0.8277930021286011		1.190193009660244		0.10941639696955681		0.21883279393911362
457		19.076791302000856		0.9176934957504272		1.2672622925186157		0.0856751816689968		0.1713503633379936
458		18.997383873000217		0.8428983092308044		1.187834776072502		0.13162541579008102		0.26325083158016205
459		19.10681571599889		0.900951087474823		1.261188173892498		0.14226280471086503		0.28452560942173005
460		18.945573663000687		0.8996346592903137		1.2548020608878137		0.08441798257231713		0.16883596514463425
461		19.079337858000144		0.8254299163818359		1.1837904904150962		0.07710425102710725		0.1542085020542145
462		19.06227629499881		0.9033247232437134		1.2514990627980231		0.10268005138635636		0.20536010277271272
463		18.979892736999318		0.8482056856155396		1.2054852742695807		0.07745872054696083		0.15491744109392167
464		19.032373153000663		0.8516684174537659		1.206059453113079		0.2549242512345314		0.5098485024690628
465		18.952761279999322		0.878478467464447		1.2355363098955154		0.17743167772293092		0.35486335544586184
466		18.960084590000406		0.8118097186088562		1.1618510514044762		0.07582059282064438		0.15164118564128876
467		19.08620620399961		0.8176775574684143		1.1710340966463089		0.12482092984914779		0.24964185969829558
468		19.227040925999972		0.9156847596168518		1.2656013808917999		0.07687672074139118		0.15375344148278236
469		19.10754566899959		0.9127063155174255		1.2618806016921997		0.16579494734406472		0.33158989468812944
470		19.10667106099936		0.937214195728302		1.289602008833885		0.10729297568202019		0.21458595136404038
471		18.909121685999708		0.7916128635406494		1.1462162934422493		0.08824972791969776		0.17649945583939552
472		19.042211936999593		0.8443419337272644		1.1997499190616607		0.07812587383389473		0.15625174766778946
473		19.074893319000694		0.8526670932769775		1.1973065937137604		0.09097394951283931		0.18194789902567862
474		19.149256859998786		0.8557989597320557		1.2090262773513794		0.0984756343305111		0.1969512686610222
475		19.10816248899937		0.8473639488220215		1.1996301978874206		0.08532387676239013		0.17064775352478026
476		18.915316997001355		0.8921129703521729		1.241167560839653		0.07786605106294155		0.1557321021258831
477		18.932151114999215		0.8141570687294006		1.1768956933355332		0.07787057916224002		0.15574115832448004
478		18.945165336001082		0.847809374332428		1.2029128580522537		0.14578522391915322		0.29157044783830643
479		18.904447105000145		0.8644947409629822		1.2167552546525002		0.09705929543375968		0.19411859086751937
480		18.993848600999627		0.8863604664802551		1.2375324492883681		0.08335203737020493		0.16670407474040985
481		18.949602282000342		0.843752920627594		1.2076198165249825		0.13955825622677803		0.27911651245355606
482		19.0179299600004		0.8627427816390991		1.2143787366127967		0.07767743608653545		0.1553548721730709
483		18.904692221000005		0.8702948093414307		1.217771943809986		0.11480240615904332		0.22960481231808663
484		18.842990748999		0.8634775280952454		1.2163964474987983		0.0867006969153881		0.1734013938307762
485		18.87228870799845		0.8239520192146301		1.1814848548150063		0.31004119215607645		0.6200823843121529
486		19.018569481000668		0.88991779088974		1.2418700024366378		0.07638859625458717		0.15277719250917435
487		18.980344540999795		0.871343195438385		1.2169567871284486		0.15903309956789016		0.3180661991357803
488		19.048324274999686		0.8317167162895203		1.1914694178652763		0.0881771115899086		0.1763542231798172
489		18.973702778999723		0.8178194165229797		1.18008775537014		0.07791377200186253		0.15582754400372506
490		18.928434818000824		0.8587378859519958		1.2111345765471457		0.08435906521081925		0.1687181304216385
491		18.872389000000112		0.8216858506202698		1.1785406378889083		0.09783216735124588		0.19566433470249175
492		18.963886331999674		0.8364011645317078		1.1942473131775857		0.2758027712404728		0.5516055424809456
493		19.09757975699904		0.8813414573669434		1.2310482003211975		0.1242937629878521		0.2485875259757042
494		18.988351291000072		0.9475164413452148		1.2978965078186988		0.10964896242022515		0.2192979248404503
495		19.09212208000099		0.8910688757896423		1.2426857526516915		0.0938670890212059		0.1877341780424118
496		19.042611996999767		0.8737034797668457		1.2227581936717034		0.083125882640481		0.166251765280962
497		18.93559516700043		0.8410530090332031		1.194834830312729		0.07743487302660942		0.15486974605321885
498		18.994725444999858		0.8643488883972168		1.221935607612133		0.12266497333049774		0.24532994666099547
499		19.03706777000116		0.8404804468154907		1.196080900886059		0.08368424302339554		0.16736848604679108
500		18.955860316000326		0.8578289747238159		1.2121668260860443		0.07725419343709945		0.1545083868741989
501		18.85831493799924		0.8386191129684448		1.192556485517025		0.09395499992966652		0.18790999985933304
502		19.028789273001166		0.8275690674781799		1.1865612806749344		0.12969166849851607		0.25938333699703214
503		19.052581313999326		0.8789546489715576		1.2217653459453583		0.07784797579050064		0.15569595158100127
504		19.115277684999455		0.8430020809173584		1.2007491359639169		0.08027005531489849		0.16054011062979698
505		19.056475825000234		0.844896674156189		1.2022757393074035		0.07602920781075954		0.1520584156215191
506		19.17237315500097		0.8188728094100952		1.1823539087986945		0.21022894585132598		0.42045789170265196
507		19.129457711000214		0.8330323100090027		1.1906667523360253		0.07724047530591488		0.15448095061182976
508		19.116801427999235		0.8289821147918701		1.1829169908809662		0.08662867275774479		0.17325734551548957
509		19.092681187999915		0.8570541143417358		1.217842083323002		0.3826530277132988		0.7653060554265976
510		19.019671736001328		0.8728584051132202		1.2222614412021637		0.07963738034367561		0.15927476068735122
511		19.034996570000658		0.8758702278137207		1.2222936984992028		0.07767396519184112		0.15534793038368225
512		19.151024363000033		0.8455075621604919		1.19952688423872		0.09432350557744502		0.18864701115489005
513		19.110784111999237		0.8351892828941345		1.199243055958748		0.0868689469307661		0.1737378938615322
514		19.117962177000663		0.9125117063522339		1.2655516858172418		0.07855690577030182		0.15711381154060364
515		18.93607278899981		0.8485164046287537		1.1904146000409126		0.07549708092808724		0.15099416185617448
516		18.931224788999316		0.8829507827758789		1.234681688425541		0.30375532541275024		0.6075106508255005
517		19.02096537899888		0.8029236793518066		1.1580744244456291		0.0894234622836113		0.1788469245672226
518		19.08477153399872		0.8547652959823608		1.2088157622885705		0.08763209372758865		0.1752641874551773
519		19.096533519999866		0.9136962294578552		1.2726562195920945		0.18311813678741454		0.3662362735748291
520		19.07881941999949		0.8765714764595032		1.2275019883203506		0.07481340511143207		0.14962681022286414
521		19.018052535000606		0.8496672511100769		1.2083714424705505		0.11495677439570427		0.22991354879140855
522		18.948466312000164		0.8355944156646729		1.1884745456314088		0.08808440364599228		0.17616880729198456
523		18.928356493999672		0.8809491395950317		1.2289440267920495		0.09342932450175286		0.1868586490035057
524		19.06339803999981		0.8224833607673645		1.1715411439323424		0.0838743355602026		0.1677486711204052
525		19.042408625000462		0.807431161403656		1.166565796496868		0.08051620407998562		0.16103240815997125
526		19.126152804001322		0.8335869312286377		1.1897900737190246		0.08630574390590191		0.17261148781180383
527		19.033238756999708		0.8591398000717163		1.2063606283044814		0.0978544501632452		0.1957089003264904
528		19.04718803399919		0.8064286708831787		1.163819038732052		0.140193050968647		0.280386101937294
529		18.905681270998684		0.8598366975784302		1.204292997663021		0.07723759551346301		0.15447519102692603
530		19.143287193001015		0.796271562576294		1.1456035506105422		0.13613364344835283		0.27226728689670565
531		19.080742333999297		0.8958359360694885		1.250973278734684		0.13713413029909133		0.27426826059818266
532		19.0413806760007		0.8231563568115234		1.1770636076807977		0.07935333885252475		0.1587066777050495
533		18.923702348000006		0.8409497737884521		1.2030901656985282		0.09433882631361484		0.18867765262722969
534		18.941528389999803		0.8476817607879639		1.2014991515374183		0.09062556265592575		0.1812511253118515
535		18.79724466600055		0.8233860731124878		1.1812169639348984		0.14235856274962425		0.2847171254992485
536		18.84823555299954		0.8692337274551392		1.2173842104125023		0.08071269600689411		0.16142539201378822
537		18.924694631999955		0.8345560431480408		1.1930385113596915		0.10150668725967407		0.20301337451934814
538		19.04004171499946		0.8675332069396973		1.219929671525955		0.194517056787014		0.389034113574028
539		19.15228089700031		0.8250930309295654		1.1752281550049781		0.08665875973701477		0.17331751947402954
540		19.272049358000004		0.8729325532913208		1.2327386216616631		0.09427066828608513		0.18854133657217026
541		19.27649607800049		0.8542656302452087		1.2077617721271514		0.07384709525704383		0.14769419051408766
542		19.552100627000982		0.9016327857971191		1.25294101896286		0.2729667028665543		0.5459334057331086
543		19.22967759600033		0.8811658620834351		1.2344170144057274		0.11282376536726951		0.22564753073453903
544		19.174411922998843		0.843262255191803		1.2108296267223357		0.07478036062121392		0.14956072124242784
545		19.460469580999415		0.8200632333755493		1.1723250742292404		0.07664127147495747		0.15328254294991495
546		19.38898755899936		0.8413589596748352		1.1902107238268853		0.08852427119612694		0.17704854239225387
547		19.142911580000145		0.7878608107566833		1.1440451498460769		0.09239452536702156		0.18478905073404311
548		19.062297570000737		0.8789418339729309		1.2401933286333084		0.08213385366499423		0.16426770732998847
549		19.079231994999645		0.8138519525527954		1.1650899417352676		0.09616959472894669		0.19233918945789338
550		19.394821955000225		0.831271767616272		1.1892874270653724		0.09856799028515816		0.1971359805703163
551		19.292247138000675		0.9305117130279541		1.281940570204258		0.07598608306348324		0.15197216612696648
552		19.46768873700057		0.9067537188529968		1.244733548169136		0.11947174688577653		0.23894349377155305
553		19.290278448999743		0.8237875699996948		1.1856378771638871		0.1979828375339508		0.3959656750679016
554		19.1065721949999		0.830102264881134		1.1927182769155502		0.07503805648088455		0.1500761129617691
555		18.956796993999887		0.8399410843849182		1.1961714730143547		0.16071945778131486		0.3214389155626297
556		19.130023775000154		0.8458296656608582		1.2010797988057136		0.0799797833263874		0.1599595666527748
557		21.07089360399914		0.8489150404930115		1.201199401409626		0.08847237369418144		0.17694474738836288
558		19.103746676999435		0.887602686882019		1.2338196603393554		0.08680357724428177		0.17360715448856354
559		19.09695317799924		0.8151220083236694		1.1712907001543045		0.15412091700434685		0.3082418340086937
560		19.0571936489996		0.8403581976890564		1.1964133070135117		0.09393304584622383		0.18786609169244767
561		18.92190871599996		0.8446750044822693		1.2095065872979165		0.13794422475099563		0.27588844950199126
562		19.13451203799923		0.8102128505706787		1.1593370560526848		0.1289353841573		0.2578707683146
563		19.105128408000382		0.8338201642036438		1.1896670723843574		0.07480739127397537		0.14961478254795074
564		19.17709165999986		0.872880756855011		1.2297820029854774		0.07821720964014531		0.15643441928029062
565		19.199433772999328		0.836756706237793		1.1988218630218506		0.08104638347625732		0.16209276695251465
566		19.207587296999918		0.8585915565490723		1.212526415965557		0.07655211349725723		0.15310422699451445
567		19.21871405999991		0.7973195314407349		1.1586567250204087		0.07487752880454063		0.14975505760908125
568		19.19526641700031		0.8163391947746277		1.1775825818896293		0.28464944308400153		0.5692988861680031
569		19.384466433999478		0.8906540274620056		1.2440012697196008		0.08201253296136857		0.16402506592273713
570		19.242916581999452		0.8134618401527405		1.1721842407751084		0.12155231747031212		0.24310463494062423
571		19.19965819800018		0.8252755403518677		1.1803884032988547		0.21514138069152833		0.43028276138305666
572		19.235685290999754		0.8437438607215881		1.197656988043785		0.18647945736050606		0.3729589147210121
573		19.12443407399951		0.8185428977012634		1.1752054398584366		0.1275204305768013		0.2550408611536026
574		19.280519564001224		0.8790583610534668		1.2318028118371964		0.18599121433496474		0.3719824286699295
575		19.39887070000077		0.8225587010383606		1.1715637644433976		0.07898334019184113		0.15796668038368225
576		19.256018048999977		0.8303910493850708		1.1857304946637153		0.08489235306084156		0.16978470612168312
577		19.29822209899976		0.8516573309898376		1.2006344162154197		0.08026177167594432		0.16052354335188865
578		19.25464548599848		0.8039320111274719		1.1582667489743232		0.07436521827280522		0.14873043654561044
579		19.14931341999909		0.8019172549247742		1.1587458316612245		0.19600698294043542		0.39201396588087084
580		19.217676489999576		0.8550941944122314		1.2218041768717767		0.08999311750531197		0.17998623501062394
581		19.141999260000375		0.8147069215774536		1.1715137704634666		0.1359181452333927		0.2718362904667854
582		22.89321892299995		0.8110610842704773		1.167759366388321		0.12987358414530753		0.25974716829061506
583		19.53996323499996		0.8105522394180298		1.1712895303153992		0.07508861056566238		0.15017722113132476
584		21.17133858300076		0.8463482856750488		1.1984517656064033		0.07270472949445247		0.14540945898890495
585		19.482150188998276		0.8420286774635315		1.1996828508782387		0.07337416050434113		0.14674832100868226
586		22.61727512499965		0.8305522203445435		1.186244900715351		0.14676274603605272		0.29352549207210543
587		19.05835389599997		0.8391309380531311		1.1923745993733406		0.11549003049731255		0.2309800609946251
588		19.024493114000506		0.9319748282432556		1.2782777771687508		0.10399474324584007		0.20798948649168014
589		19.165677580000192		0.8122017979621887		1.1716734260678292		0.07358105200231076		0.1471621040046215
590		19.352107057000467		0.8169346451759338		1.1712611570429803		0.1123616019487381		0.2247232038974762
591		19.314963497001372		0.8967131972312927		1.2408525767016412		0.07235423937439918		0.14470847874879836
592		19.34164505499939		0.8343763947486877		1.1866108504033088		0.07440498553812504		0.14880997107625007
593		19.296124337999572		0.8020253777503967		1.1676533145356178		0.09027262402772904		0.18054524805545807
594		19.45606720000069		0.8351125717163086		1.1910249605464935		0.08246067222952842		0.16492134445905685
595		19.136075685999458		0.8069491982460022		1.1601962158679962		0.08633784484863281		0.17267568969726563
596		19.15301857600025		0.8399025797843933		1.1996341304779052		0.11165418536663055		0.2233083707332611
597		19.424690928999553		0.8452705144882202		1.199967474682331		0.13160224615931512		0.26320449231863025
598		24.183318153000073		0.809289276599884		1.162165467927456		0.14725369920134546		0.2945073984026909
599		19.21640364400082		0.8042120933532715		1.1609660087943077		0.08277241202890873		0.16554482405781745
600		19.347043322999525		0.8249744176864624		1.1715898957204818		0.0766130777835846		0.1532261555671692
601		19.10284972699992		0.8189850449562073		1.16978655554533		0.07733256969749927		0.15466513939499854
602		19.168003011998735		0.8266832828521729		1.1773697193551063		0.0951424637466669		0.1902849274933338
603		19.249921890001133		0.8630653619766235		1.221152321677208		0.17285369716286658		0.34570739432573316
604		19.313856279999527		0.8322898149490356		1.1862967957139015		0.13231229842603207		0.26462459685206413
605		19.39052624500073		0.8744673132896423		1.2223655912017821		0.1034283363878727		0.2068566727757454
606		19.24087803099974		0.8425444960594177		1.1962725568318366		0.11936315241456032		0.23872630482912063
607		19.35379898300016		0.8796262145042419		1.2350473958802224		0.07423194001913071		0.14846388003826141
608		19.062934830000813		0.818098783493042		1.1691745475435258		0.15365176315903664		0.3073035263180733
609		19.21286021599917		0.8364246487617493		1.1965667540740967		0.10152194721996784		0.20304389443993567
610		19.473027582000213		0.8002582788467407		1.1495307132601738		0.08310121435523034		0.16620242871046068
611		19.446514614999614		0.8430852293968201		1.2005131682181358		0.07722701562941074		0.15445403125882148
612		19.250482880001073		0.8346417546272278		1.1850864865279198		0.15751157542169095		0.3150231508433819
613		19.223871264999616		0.8247570991516113		1.1695030865669251		0.07826031019687653		0.15652062039375306
614		24.06198423600108		0.8060488700866699		1.1680781144666672		0.09887450177669525		0.1977490035533905
615		19.231308144999275		0.8461761474609375		1.19981783608675		0.13216846114099026		0.2643369222819805
616		18.947817646998374		0.8286614418029785		1.189017403268814		0.20765824201107025		0.4153164840221405
617		19.45664356799898		0.8552981615066528		1.2014684039211274		0.07096490149497986		0.14192980298995972
618		19.13084255100148		0.8547956943511963		1.2030128079128266		0.12475833465456962		0.24951666930913924
619		18.98261880100108		0.8133227229118347		1.1612807459831238		0.07145223781466484		0.14290447562932967
620		19.106237037000028		0.8325289487838745		1.1878147897100448		0.08028172529637814		0.16056345059275628
621		19.1295477700005		0.7915353178977966		1.1461675613236428		0.08075848898291588		0.16151697796583175
622		18.910462264999296		0.8384196758270264		1.192081273546219		0.2268783174395561		0.4537566348791122
623		23.670150969001043		0.8137039542198181		1.1748112934231758		0.07227478858530521		0.14454957717061043
624		19.381007055999362		0.798231303691864		1.1554949344420433		0.13127517892718316		0.2625503578543663
625		19.241988525000124		0.8399971723556519		1.2052500921559335		0.0724175058722496		0.1448350117444992
626		19.188349997999467		0.858103334903717		1.2099957995605468		0.07461473707854747		0.14922947415709495
627		19.064759732998937		0.8081789612770081		1.159149164955616		0.0828999234855175		0.165799846971035
628		19.207765672999813		0.8571368455886841		1.2049432807660103		0.25353520266413687		0.5070704053282737
629		19.300543155000923		0.7996211647987366		1.1508488193202018		0.14990014194846155		0.2998002838969231
630		19.542067298998518		0.8235196471214294		1.181780947906971		0.115474551653862		0.230949103307724
631		19.306987718000528		0.8136813044548035		1.1670425612449646		0.07074853430390358		0.14149706860780717
632		21.277100741999675		0.8274056315422058		1.180939845099449		0.1190699439316988		0.2381398878633976
633		19.061428901999534		0.8173781633377075		1.1754197952651977		0.07141990185081959		0.14283980370163918
634		18.98271899499923		0.8350849151611328		1.1842014793324471		0.07139240251779556		0.14278480503559113
635		19.052871128000334		0.8183714747428894		1.1725035041618348		0.12481966951489448		0.24963933902978896
636		19.278520709000077		0.824996829032898		1.1863589394831657		0.07042527889311313		0.14085055778622627
637		24.35703254500004		0.8624967932701111		1.2135296464037895		0.0935080412119627		0.1870160824239254
638		19.070137665999937		0.7969099879264832		1.151996898574829		0.08042875789701939		0.16085751579403879
639		19.05636871799834		0.8438159823417664		1.2001403520965577		0.11841537129878998		0.23683074259757997
640		19.057285580000098		0.8333392143249512		1.1855756082820892		0.07202223235070705		0.1440444647014141
641		19.34846556299999		0.7960666418075562		1.1481959191560744		0.10744148641228676		0.21488297282457353
642		19.176058978999208		0.8388692140579224		1.198315967322588		0.07245325264334679		0.14490650528669358
643		19.303755320001073		0.8458475470542908		1.2067922703051568		0.11019388285577297		0.22038776571154595
644		19.47811782700046		0.8116276264190674		1.154347684030533		0.07437631849646568		0.14875263699293137
645		19.41228479900019		0.8283535242080688		1.1852625293827057		0.08555489660203457		0.17110979320406913
646		19.055920500000866		0.8452415466308594		1.1994978032159804		0.08322181705832482		0.16644363411664964
647		19.072036634999677		0.824972927570343		1.1787265005230905		0.10992476087808609		0.21984952175617217
648		19.24688417499965		0.831476092338562		1.1899292545485496		0.07147550162374973		0.14295100324749946
649		19.26207486199928		0.8209640383720398		1.167243034889698		0.07638298551738262		0.15276597103476525
650		19.07998694900016		0.8088896870613098		1.1535690232563018		0.0765270813792944		0.1530541627585888
651		19.250041569999667		0.8026295304298401		1.1585829024887084		0.07785908550322056		0.15571817100644111
652		19.187221156000305		0.7967272400856018		1.1500083455824852		0.11879433411955834		0.23758866823911667
653		19.347505583000384		0.7895973920822144		1.1453270292258262		0.21725270035266875		0.4345054007053375
654		19.35478058300032		0.8410421013832092		1.1951383498954773		0.12975586583614349		0.25951173167228697
655		19.394122459001665		0.8244016170501709		1.1794237805700303		0.21331964867115022		0.42663929734230044
656		19.203462150999258		0.8140418529510498		1.168182581231594		0.09029304012656211		0.18058608025312423
657		19.242392991000088		0.7945709824562073		1.153725081474781		0.08318143520057202		0.16636287040114403
658		19.26699036500031		0.8285194039344788		1.1867727714276313		0.17780020205378533		0.35560040410757066
659		19.236679743999048		0.789762020111084		1.1535224382185936		0.07170928179621697		0.14341856359243393
660		19.28836185		0.809893786907196		1.1679775050163268		0.0714860447049141		0.1429720894098282
661		19.240189170999656		0.8136431574821472		1.1732663584780694		0.08186810100078583		0.16373620200157166
662		19.22094711000136		0.7804517149925232		1.1364623355674743		0.08705129010379314		0.1741025802075863
663		23.76927793499999		0.7910382747650146		1.1476285789585114		0.08440418649315834		0.16880837298631668
664		19.22114739599965		0.825309693813324		1.188053826060295		0.10520191706120968		0.21040383412241936
665		19.147093261999544		0.8417041301727295		1.2029370599627496		0.06967694326639176		0.13935388653278352
666		23.026732372998595		0.8030388355255127		1.1525180161356925		0.13673446946442128		0.27346893892884255
667		19.021249276000162		0.7967699766159058		1.153638047094345		0.09456687427759171		0.18913374855518342
668		19.150627314000303		0.7936747670173645		1.1462460476660727		0.09146999784708024		0.18293999569416047
669		19.306332284000746		0.783902645111084		1.1397546823191642		0.07884655826985836		0.1576931165397167
670		19.239319526001054		0.8187947273254395		1.1763017442631722		0.07044126696288586		0.1408825339257717
671		19.067793817001075		0.8079811334609985		1.1583381133508681		0.08165640416145324		0.16331280832290648
672		19.14401551999981		0.8000931739807129		1.1549766373443604		0.10290525034964085		0.2058105006992817
673		18.951496512998347		0.8503625392913818		1.2006665919470787		0.07024176978468895		0.1404835395693779
674		19.045935826999994		0.8306761384010315		1.177584403398037		0.07629837628602981		0.15259675257205962
675		19.07267172399952		0.796818196773529		1.1391971585512162		0.10070090372562408		0.20140180745124817
676		19.22599055000137		0.7936838269233704		1.1492073497915267		0.06984787196815014		0.13969574393630027
677		19.267930475998583		0.84054034948349		1.1954328071594238		0.0823424833059311		0.1646849666118622
678		19.224923173000207		0.8159927725791931		1.1743881913495064		0.06958565523028373		0.13917131046056747
679		19.121468258999812		0.8117007613182068		1.1574537438106536		0.07977984356284142		0.15955968712568283
680		19.274456237000777		0.8057959675788879		1.1542937114071845		0.08244056744873524		0.16488113489747047
681		19.27057115199932		0.7865473031997681		1.1460544239783288		0.1060816583186388		0.2121633166372776
682		19.260774210999443		0.8015893697738647		1.1503654477238656		0.06915712477862834		0.13831424955725669
683		19.185245351998674		0.8498714566230774		1.1975678208518028		0.07397430435419082		0.14794860870838164
684		19.088661373998548		0.7947373986244202		1.1532291415166855		0.11140637723207474		0.22281275446414947
685		19.219569498000055		0.8086901903152466		1.1652585620999336		0.07358528641164302		0.14717057282328605
686		19.179348191999452		0.7954193353652954		1.149241346821785		0.09666714155375958		0.19333428310751916
687		19.03914541999984		0.8174604773521423		1.1742540747189523		0.2256721773147583		0.4513443546295166
688		22.510590940999464		0.7957737445831299		1.151229096915722		0.23941292958855628		0.47882585917711257
689		19.09320517299966		0.8125830888748169		1.1607512945199012		0.20315178996920585		0.4063035799384117
690		19.248254862000977		0.7893388867378235		1.145038959476948		0.077214117243886		0.154428234487772
691		19.341405782999573		0.8214113712310791		1.1716912646532058		0.06917985370457172		0.13835970740914344
692		19.342593478999333		0.8553770184516907		1.2035584863114357		0.23633104171156882		0.47266208342313765
693		19.04456806899907		0.795175313949585		1.1532756587481499		0.07065923207700253		0.14131846415400506
694		19.232944916000633		0.7921684980392456		1.140064745440483		0.07301429234147072		0.14602858468294144
695		19.254149955000685		0.8229764103889465		1.188124421737194		0.2201199696600437		0.4402399393200874
696		19.528266929000893		0.8370981812477112		1.1820228690576553		0.07012560351788998		0.14025120703577995
697		19.356992787001218		0.7756633162498474		1.1264154921078682		0.07252202942967415		0.1450440588593483
698		19.082631254999797		0.7927807569503784		1.1514141933107376		0.06966369987428188		0.13932739974856376
699		19.161609638998925		0.7898887395858765		1.1515146027255059		0.07034765742719173		0.14069531485438347
700		19.14675405900016		0.7846057415008545		1.132409245595932		0.21464469531178473		0.42928939062356947
701		19.30428338999991		0.8236596584320068		1.1763421837258339		0.10966001732349395		0.2193200346469879
702		19.39362581000023		0.795440673828125		1.1550653617119788		0.12508896521925927		0.25017793043851855
703		19.253343528000187		0.8127437233924866		1.1596713875555993		0.4404897777915001		0.8809795555830002
704		19.25240210800075		0.7865663170814514		1.1473059897208213		0.12919861005842687		0.25839722011685373
705		19.206306521000442		0.8017606139183044		1.1575070605659485		0.06977909586429595		0.1395581917285919
706		19.1082111120013		0.7904726266860962		1.1489087048959732		0.08203249589502812		0.16406499179005624
707		19.3597220190004		0.7823372483253479		1.1403563224864006		0.08488252233564854		0.16976504467129708
708		19.329192670998964		0.8117902874946594		1.163254579846859		0.20113032875061035		0.4022606575012207
709		19.26950875900002		0.8015408515930176		1.1492461001968384		0.06848285705149174		0.13696571410298347
710		19.262000778000584		0.8556497693061829		1.213408420176506		0.06947764578461647		0.13895529156923295
711		19.10004209700128		0.7767189741134644		1.1318558504867553		0.0864028664469719		0.1728057328939438
712		19.12890700800017		0.789213240146637		1.150870732896328		0.06916906861960888		0.13833813723921776
713		19.213184653999633		0.7775962352752686		1.128429046859741		0.0799309889793396		0.1598619779586792
714		19.402575221000006		0.7835864424705505		1.1345494742894173		0.08108883308172225		0.1621776661634445
715		19.406689810999524		0.7864841222763062		1.1463676118421555		0.07420926630496978		0.14841853260993956
716		19.097778622999613		0.8244335055351257		1.1691455883145332		0.09252948060631752		0.18505896121263504
717		19.218626543000937		0.7975678443908691		1.1478330475986005		0.19800391814410687		0.39600783628821373
718		19.300946922001458		0.8053122162818909		1.1641144745755196		0.09909548079967499		0.19819096159934999
719		19.291800897999565		0.820587158203125		1.1858860705685617		0.06920235802829265		0.1384047160565853
720		19.204847162998703		0.7986271381378174		1.1584001229190826		0.07011188664436341		0.14022377328872682
721		19.467895400999623		0.7854592204093933		1.1265957118213177		0.15051586800813674		0.3010317360162735
722		19.357411400000274		0.7778021097183228		1.1278055597162246		0.06930575815737247		0.13861151631474494
723		19.155497417999868		0.8143229484558105		1.1684453519368172		0.06911654071807861		0.13823308143615723
724		19.340401079000003		0.7865122556686401		1.137620230369568		0.08765373977124691		0.17530747954249382
725		19.204513700999087		0.792858362197876		1.1495016625237464		0.07733060737252236		0.1546612147450447
726		19.088857527000073		0.7924289703369141		1.1437882056713105		0.06806417353451252		0.13612834706902505
727		19.098339611000483		0.7710619568824768		1.1300862287545204		0.12491792671084403		0.24983585342168807
728		19.212287317999653		0.7953755855560303		1.153636253156662		0.0758817250072956		0.1517634500145912
729		21.315994821999993		0.8211805820465088		1.1776082658743858		0.07189428780376911		0.14378857560753822
730		19.243706110999483		0.7901767492294312		1.142550034072399		0.09300279488861561		0.18600558977723122
731		19.277408001000367		0.7895379662513733		1.1488267286086082		0.07844133960306644		0.15688267920613289
732		18.9548827159997		0.8150774836540222		1.1671859327244758		0.06855307161211968		0.13710614322423936
733		18.93847040899891		0.8480271697044373		1.1970915847826005		0.08050786522328854		0.16101573044657708
734		19.07637677299863		0.7689638733863831		1.1228535976862908		0.09023132790923119		0.18046265581846238
735		23.212590814999203		0.8157891035079956		1.1650976052188873		0.10487218570411205		0.2097443714082241
736		19.221562378999806		0.7993097305297852		1.1468798605895043		0.0801983756750822		0.1603967513501644
737		19.067632833999596		0.770508348941803		1.1302896940159797		0.07940073010623455		0.1588014602124691
738		18.95250739399853		0.7747809290885925		1.1322577276515962		0.06750280295312405		0.1350056059062481
739		18.947589003999383		0.7952436804771423		1.1462500601315497		0.34405074298381805		0.6881014859676361
740		19.06714432499939		0.7993950843811035		1.1577839112520218		0.07758710286617279		0.15517420573234558
741		19.025482401000772		0.7745051980018616		1.1302201071596145		0.10446793237924576		0.20893586475849152
742		19.178892317000646		0.789425790309906		1.1442725143051147		0.18442309990227224		0.3688461998045445
743		19.145857611998508		0.8104376196861267		1.1731993850040436		0.07453918369710445		0.1490783673942089
744		19.366180117000113		0.7985435128211975		1.1655622697019576		0.07162759001851082		0.14325518003702165
745		19.298300600999937		0.8235466480255127		1.1880945571875572		0.07112755441963672		0.14225510883927345
746		24.115949359998922		0.8155587911605835		1.161294065656662		0.06840925111472607		0.13681850222945213
747		19.22524615799921		0.7770498991012573		1.1331340571498871		0.07076475537419319		0.14152951074838638
748		19.226722043000336		0.7925974726676941		1.143863254842758		0.16993681245446204		0.3398736249089241
749		19.088323427000432		0.8000804781913757		1.1498701089286805		0.06916364172697068		0.13832728345394135
750		19.121159865000664		0.7838060855865479		1.1305528850841522		0.06913011929094791		0.13826023858189582
751		19.226216547998774		0.7777247428894043		1.141760372583866		0.08110429064035415		0.1622085812807083
752		18.963052662000337		0.7752023339271545		1.126742338644266		0.06864151303470135		0.1372830260694027
753		19.054240142000708		0.7777149081230164		1.1347973676776886		0.06807034498751163		0.13614068997502327
754		19.23805233100029		0.7844989895820618		1.1366817614603042		0.06869586982727051		0.13739173965454102
755		19.105590975999803		0.7780089378356934		1.1340843936657905		0.0689527986317873		0.1379055972635746
756		19.154444661000525		0.8065487146377563		1.164928966782093		0.08050963429510594		0.16101926859021187
757		19.19215859200085		0.7896156907081604		1.1446109079921245		0.07029637521207333		0.14059275042414665
758		19.203457809999236		0.774287223815918		1.1245192168235778		0.10889227038621903		0.21778454077243806
759		18.994819637000546		0.7975090146064758		1.158061071064472		0.07387182138562202		0.14774364277124405
760		19.12897704900024		0.7944889068603516		1.1443346218204498		0.07088090516626835		0.1417618103325367
761		19.116548879999755		0.7863181233406067		1.136286293387413		0.06724646569788456		0.13449293139576912
762		19.083376230000795		0.772395133972168		1.1234621306920052		0.13927779819369315		0.2785555963873863
763		19.08966941500148		0.7973613142967224		1.15510208050251		0.0697086660027504		0.1394173320055008
764		18.999661358000594		0.8038641214370728		1.1603722236728669		0.08684497179985047		0.17368994359970094
765		18.98402716900091		0.8178389668464661		1.1683158569216727		0.06754766582846641		0.13509533165693283
766		19.099697161000222		0.8022791147232056		1.146249678980112		0.1449083647966385		0.289816729593277
767		19.095410612000705		0.7720683217048645		1.1253957719397545		0.06773639429211617		0.13547278858423234
768		19.275726563999342		0.7661892771720886		1.1262352440309524		0.08747075755000114		0.17494151510000228
769		19.12924092600042		0.782459020614624		1.1452131661534308		0.1038473446458578		0.2076946892917156
770		18.943937387000915		0.7676471471786499		1.1265923501229287		0.08939970579445362		0.17879941158890725
771		19.008611256000222		0.7817694544792175		1.1445878906154632		0.14001412754952908		0.28002825509905815
772		19.139931656000044		0.7741928696632385		1.1322505647659302		0.07149468789100646		0.14298937578201293
773		19.338585402001627		0.80804842710495		1.1565079890036583		0.08180956919789314		0.1636191383957863
774		19.174849313998493		0.7752662897109985		1.1266509901189805		0.07547651212513447		0.15095302425026894
775		18.99273153899958		0.7857491970062256		1.151273234090805		0.07115274187922478		0.14230548375844956
776		18.963851099999374		0.8015099167823792		1.1640266765117646		0.07564879301190376		0.15129758602380752
777		19.052223396000045		0.7986642122268677		1.1514416813993453		0.07095418968200684		0.14190837936401368
778		19.08369627600041		0.7794914841651917		1.1293271595311165		0.06698825677931308		0.13397651355862616
779		19.173761611998998		0.7870964407920837		1.1406681355285644		0.06675515924096108		0.13351031848192216
780		19.246441865001543		0.7873895764350891		1.1526654564595222		0.06709558940529824		0.13419117881059647
781		19.295296096999664		0.790256917476654		1.1456220995414257		0.06763413356542587		0.13526826713085174
782		19.226699415998155		0.7918763756752014		1.1504020023059844		0.06798191478550435		0.1359638295710087
783		22.502426431001368		0.7836947441101074		1.1412963141012191		0.0748065291851759		0.1496130583703518
784		19.250265544000285		0.7829891443252563		1.1391283101153373		0.0738853352278471		0.1477706704556942
785		19.20482516699849		0.7794203758239746		1.1255228945827485		0.07064123245477677		0.14128246490955354
786		19.192449138001393		0.7889019250869751		1.1472726063084602		0.0809900376856327		0.1619800753712654
787		19.213555018999614		0.7896780967712402		1.1483367219781875		0.11589211265444756		0.23178422530889511
788		19.14083149399812		0.7932599186897278		1.152433884100914		0.09362496579289437		0.18724993158578873
789		19.18032783200033		0.769939661026001		1.123859814839363		0.08136297438144684		0.16272594876289367
790		19.14888658899872		0.8139743804931641		1.161478637609482		0.18703619343936442		0.37407238687872885
791		19.200659054000425		0.7820578217506409		1.1377104378736018		0.15499777102470397		0.30999554204940794
792		19.230755377000605		0.7870988249778748		1.1398480261158943		0.08105553071796893		0.16211106143593787
793		19.154008657002123		0.8048422336578369		1.1589732576656342		0.09961821366250515		0.1992364273250103
794		19.277137490000314		0.7985415458679199		1.154965202678442		0.06795402157008648		0.13590804314017296
795		19.13066389999949		0.7682936787605286		1.1196394073605538		0.14764272806346415		0.2952854561269283
796		19.243071436998434		0.795387864112854		1.1453322638320922		0.08726032792329788		0.17452065584659576
797		19.047124006003287		0.774219810962677		1.13036992141366		0.15460294327735902		0.30920588655471803
798		19.12491160799982		0.7832980155944824		1.1378697569847107		0.06819469449520112		0.13638938899040223
799		19.237031108001247		0.7792962789535522		1.13067889439106		0.08949021130800247		0.17898042261600494
800		19.273654846998397		0.7722216844558716		1.125600874660015		0.06698465017080307		0.13396930034160615
801		19.365534606000438		0.7749625444412231		1.1292375326764583		0.07786365792155266		0.1557273158431053
802		19.277555864002352		0.7667219042778015		1.1143482103443145		0.08011503027677536		0.1602300605535507
803		19.166200891999324		0.7934345006942749		1.1579008309555054		0.06903447902798653		0.13806895805597305
804		19.276618075000442		0.7666064500808716		1.1193538307619095		0.06917706629931927		0.13835413259863855
805		19.05093573799968		0.7897533178329468		1.1411713414037228		0.07505703771412373		0.15011407542824745
806		19.211801855002705		0.7785884141921997		1.1359708471941947		0.0890821583032608		0.1781643166065216
807		19.28914861999874		0.7563982605934143		1.1105051878261567		0.07875556198060513		0.15751112396121025
808		19.292677549001382		0.8113880753517151		1.1699631155610084		0.16937090237140656		0.3387418047428131
809		19.32439721600167		0.7821170687675476		1.135002795135975		0.06694469415247441		0.13388938830494881
810		19.201277841002593		0.7533365488052368		1.1144114295601846		0.07054857259988785		0.1410971451997757
811		19.099533180000435		0.7860322594642639		1.1353885583889485		0.07977841763198376		0.15955683526396752
812		19.06546328100012		0.7703316807746887		1.1195075754070283		0.10692758783698082		0.21385517567396164
813		19.037552767000307		0.7685173153877258		1.1229352235364913		0.06708825808763504		0.13417651617527007
814		19.30855924199932		0.7860396504402161		1.1408969440078736		0.0758633402466774		0.1517266804933548
815		19.13388755499909		0.7757154703140259		1.1307323021411895		0.07362179082334042		0.14724358164668083
816		19.234102690999862		0.7826337218284607		1.1316008895230294		0.07173386360108852		0.14346772720217704
817		19.038806327000202		0.778161883354187		1.1335763400924206		0.07875561051368714		0.15751122102737428
818		19.43237175700051		0.7642301917076111		1.122397220516205		0.0808111504971981		0.1616223009943962
819		19.2991548889986		0.7824339866638184		1.136199028801918		0.06663381050825119		0.13326762101650239
820		19.170436247000907		0.759488046169281		1.120203570202589		0.06758466114997863		0.13516932229995726
821		19.198835469000187		0.7767238616943359		1.1259618374419211		0.0697905709296465		0.139581141859293
822		19.04276494700025		0.7691468596458435		1.124246530506611		0.08031520573496818		0.16063041146993637
823		19.06573280399971		0.7678524255752563		1.1268896218812465		0.07337360787391663		0.14674721574783325
824		19.414612071999727		0.7864019870758057		1.1384871012663842		0.06586295439600945		0.1317259087920189
825		19.49466708199907		0.7744649052619934		1.1243412135338784		0.08896636612713336		0.17793273225426673
826		23.50041747599971		0.7879985570907593		1.1471311382246017		0.06871562910079956		0.13743125820159913
827		19.214565194000897		0.7789393067359924		1.1392222130680085		0.07907856572568417		0.15815713145136834
828		19.242383664000954		0.7959738969802856		1.1450908010029792		0.09868831193447113		0.19737662386894225
829		19.19678580300024		0.7548680305480957		1.1115216238355636		0.08030630818009377		0.16061261636018753
830		19.178477658999327		0.7920609712600708		1.1592787248158456		0.12352894628047943		0.24705789256095886
831		19.088060957998096		0.771446168422699		1.1246856492710113		0.06576835849881173		0.13153671699762345
832		19.280328125001688		0.767288088798523		1.1181478077232838		0.10380631071329117		0.20761262142658235
833		19.353920968998864		0.777987539768219		1.1349847188341617		0.06514646307229996		0.13029292614459992
834		19.167325754999183		0.7783857583999634		1.124887437634468		0.06775616230964661		0.13551232461929322
835		19.79732027999853		0.7672357559204102		1.1308785464835167		0.0653258816242218		0.1306517632484436
836		19.1820305609981		0.7679020762443542		1.1227150605762004		0.1578359386086464		0.3156718772172928
837		23.97916305099716		0.785457193851471		1.1424248660635947		0.0720027546197176		0.1440055092394352
838		19.299384842001018		0.7606087923049927		1.11707458958745		0.06592618011534214		0.13185236023068428
839		19.259032273999765		0.777350664138794		1.1227415749526024		0.06653073510825634		0.13306147021651268
840		19.313478412001132		0.7632992267608643		1.1195897277593612		0.09288238373994827		0.18576476747989654
841		19.28463190399998		0.7620567083358765		1.121203912448883		0.07798619075715542		0.15597238151431084
842		19.39912576899951		0.7690384984016418		1.125916083214283		0.06818179326057434		0.1363635865211487
843		19.180036564997863		0.7630693316459656		1.1136849558877946		0.09856238480210304		0.19712476960420608
844		19.22113856299984		0.7567963600158691		1.110022121886015		0.06905641845464706		0.13811283690929413
845		19.34936733900031		0.7840271592140198		1.13687298276186		0.08391540188491345		0.1678308037698269
846		19.158442258998548		0.81284099817276		1.1658632827162743		0.06702152390778064		0.13404304781556128
847		19.273426013998687		0.7554010152816772		1.1049973299264908		0.06554186034500599		0.13108372069001198
848		19.244070899003418		0.773217499256134		1.1154366457748413		0.07931811247766019		0.15863622495532037
849		19.242209519001335		0.7696326375007629		1.1211502854192257		0.07082565546035767		0.14165131092071534
850		24.113190275002125		0.7717013955116272		1.1164852770113944		0.07271834762692451		0.14543669525384903
851		19.17451501100004		0.7677019834518433		1.1258191172897816		0.14377515215277673		0.28755030430555345
852		19.189713878000475		0.7712545990943909		1.1226698238015176		0.06603411541581154		0.13206823083162308
853		19.265819152002223		0.7911350727081299		1.1528565581095218		0.0669903154104948		0.1339806308209896
854		19.275740992001374		0.7652099132537842		1.1224645483994484		0.06697404492497444		0.13394808984994888
855		19.177281239000877		0.7637115716934204		1.1073871673679352		0.06647166991233826		0.13294333982467652
856		19.100154861000192		0.7993805408477783		1.1408921924006938		0.07329942414462566		0.14659884828925132
857		19.279148567002267		0.7688333988189697		1.1153171423995494		0.11323717519044876		0.22647435038089753
858		19.39829136299886		0.7777577638626099		1.1312797033643722		0.06915000201165676		0.13830000402331352
859		19.5177031839994		0.7669212818145752		1.1184151392078399		0.06450985349416732		0.12901970698833465
860		19.2681889029991		0.7922680974006653		1.1439712657094		0.22468044974803925		0.4493608994960785
861		19.275286910997238		0.7677187323570251		1.120738473534584		0.06607170525491238		0.13214341050982475
862		19.25820871600081		0.7656439542770386		1.1164715561056138		0.09117308427989483		0.18234616855978966
863		19.36804266499894		0.758726954460144		1.1086899960815906		0.14092044910490512		0.28184089820981023
864		19.128885584999807		0.8064169883728027		1.1615795495831966		0.06579953521490096		0.13159907042980193
865		19.14449716099989		0.7684640288352966		1.1242497651100158		0.09912610379457473		0.19825220758914947
866		19.21485275500163		0.7671002149581909		1.1124281939983367		0.06614735535383225		0.1322947107076645
867		19.335535099999106		0.7500037550926208		1.113327392513752		0.067496194383502		0.134992388767004
868		19.385522024000238		0.8011225461959839		1.1531699436163902		0.07116880878210068		0.14233761756420135
869		19.13956012199924		0.7644222974777222		1.113790619071722		0.06843817006647587		0.13687634013295175
870		19.205200833999697		0.7610316276550293		1.1108832485699653		0.08047270863354206		0.1609454172670841
871		19.092220866998105		0.7529261708259583		1.1028924759268761		0.06550671934485436		0.13101343868970872
872		19.041810982002062		0.7512720227241516		1.1040855383944512		0.06821530131399632		0.13643060262799264
873		19.364626243997918		0.752973735332489		1.103112229090929		0.0654570217192173		0.1309140434384346
874		21.811819047001336		0.7814602851867676		1.140311014711857		0.0814512509137392		0.1629025018274784
875		19.177358286000526		0.7521460056304932		1.1035913128101826		0.09365951924026013		0.18731903848052026
876		19.23997515099836		0.7591034770011902		1.1088662271523475		0.07656368622779847		0.15312737245559693
877		18.992820234998362		0.7590507864952087		1.1169704093432427		0.07434037216007709		0.14868074432015418
878		19.148827294997318		0.7904761433601379		1.1413195275974273		0.07549949654340744		0.1509989930868149
879		19.19977626200125		0.7716764807701111		1.130718060770035		0.06573801183104515		0.1314760236620903
880		19.37631183800113		0.7458974123001099		1.110287802900076		0.07948172860741615		0.1589634572148323
881		19.38439967099839		0.7723376154899597		1.1277701485919953		0.09275917766094208		0.18551835532188415
882		19.162509780002438		0.7625952959060669		1.112504753947258		0.06755745960772037		0.13511491921544075
883		19.251950596000825		0.7458333373069763		1.0987859118688106		0.06889753515124321		0.13779507030248642
884		19.228684297002474		0.7569559812545776		1.1092091352927684		0.06452267692089081		0.12904535384178162
885		18.930529237000883		0.7526137828826904		1.1018842980670929		0.06935072992146016		0.13870145984292032
886		19.32432861000052		0.7466042041778564		1.1115594551301002		0.06450280235111713		0.12900560470223427
887		19.390894222000497		0.7659151554107666		1.1186921490895747		0.13102513246536254		0.2620502649307251
888		19.334846901001583		0.7610906958580017		1.1133943342602253		0.06577083865106106		0.13154167730212213
889		19.230883500000346		0.7602159380912781		1.110425072671175		0.071101306822896		0.142202613645792
890		19.11355964700124		0.7364411354064941		1.0910170148074627		0.07171695868372917		0.14343391736745834
891		19.09429442200053		0.7771864533424377		1.1374903739976883		0.06783680731654167		0.13567361463308333
892		19.178693710997322		0.7768744230270386		1.1288080665004254		0.08153423402905464		0.1630684680581093
893		19.111092027000268		0.7653788924217224		1.1143165150070191		0.06469778931736946		0.1293955786347389
894		19.51136621399928		0.7360963225364685		1.0984480734181403		0.10953279150426387		0.21906558300852774
895		19.49381637999977		0.7614589929580688		1.108578514215946		0.06391271665394306		0.12782543330788612
896		19.44135952799843		0.7536893486976624		1.1151486469078065		0.06465628998279571		0.12931257996559142
897		19.366975049000757		0.7588703036308289		1.1065208055150508		0.10510334035754204		0.21020668071508408
898		19.43185764900045		0.7427042722702026		1.1021503442895413		0.0643253727376461		0.1286507454752922
899		19.29847363099907		0.7473242282867432		1.1066274897503854		0.07849167891740799		0.15698335783481598
900		19.415301930999703		0.7557041049003601		1.106215415353775		0.06460901010930538		0.12921802021861076
901		19.42152925299888		0.7568718791007996		1.1082386646819116		0.06816513884961604		0.1363302776992321
902		19.416120191999653		0.7781338691711426		1.136704249356985		0.07498451394438743		0.14996902788877486
903		19.334463797000353		0.7448974847793579		1.1051292866516114		0.11871987136006355		0.2374397427201271
904		19.43337357999917		0.7756689786911011		1.1299920667755603		0.06840239961445331		0.13680479922890662
905		24.69265835600163		0.737409770488739		1.09286045155406		0.14184448492228985		0.2836889698445797
906		19.180148850999103		0.7391088008880615		1.0883791835427283		0.06367168173789978		0.12734336347579955
907		19.41810726299809		0.7552728056907654		1.1077834555912018		0.07454565860033036		0.1490913172006607
908		19.484489784998004		0.7628167867660522		1.1072814352059364		0.08655030933022499		0.17310061866044998
909		19.457640321001236		0.744854748249054		1.1001852614068985		0.08927054703831673		0.17854109407663346
910		19.417500531999394		0.7653276324272156		1.130476532752514		0.09976922681629657		0.19953845363259315
911		19.409192282997537		0.7442198395729065		1.0952240317130089		0.06920082196891308		0.13840164393782617
912		19.36472555599903		0.7512737512588501		1.1048862808835507		0.06536177664399147		0.13072355328798294
913		19.25216978499884		0.7475153803825378		1.099043059976101		0.06851884099245072		0.13703768198490143
914		19.31470407099914		0.741864800453186		1.0965075651621818		0.08946309534311295		0.1789261906862259
915		19.21370070899866		0.7553292512893677		1.115715730831623		0.06462135472297668		0.12924270944595337
916		19.35286915799952		0.7452175617218018		1.0942835471642018		0.06464035745561122		0.12928071491122245
917		19.382331908000197		0.7749488353729248		1.1267487251496315		0.06385468966960907		0.12770937933921814
918		19.398345107998466		0.7697021961212158		1.1193842587172984		0.063728360080719		0.127456720161438
919		19.42358605499976		0.7704336643218994		1.1168190273165703		0.06337657739520072		0.12675315479040145
920		19.218519631001982		0.7555750608444214		1.1045063925778866		0.07195888378918171		0.14391776757836341
921		19.25322389699795		0.750583291053772		1.095498713812828		0.06376202204227448		0.12752404408454895
922		19.346631604999857		0.7479245662689209		1.1030857168269157		0.10911979712545872		0.21823959425091743
923		19.334737399000005		0.7456509470939636		1.097792210136652		0.06408827394843102		0.12817654789686203
924		19.3016568239982		0.7429996728897095		1.1058497305250168		0.06657252251803875		0.1331450450360775
925		19.174767659998906		0.7666537165641785		1.1135302447128297		0.07730244473516941		0.15460488947033882
926		19.10202577900054		0.7606484889984131		1.1101576128911972		0.06547471551001072		0.13094943102002143
927		19.24558626900034		0.7596293687820435		1.1106675980663299		0.06734781078100205		0.1346956215620041
928		19.26993790299821		0.7450249791145325		1.102675201499462		0.08399059873223305		0.1679811974644661
929		19.270936681998137		0.7521040439605713		1.1051509122622014		0.06635370612442494		0.13270741224884988
930		19.25175230899913		0.7442779541015625		1.105379869812727		0.07176442126333714		0.14352884252667428
931		19.340238636999857		0.7472561597824097		1.1064280297017097		0.08079244930148125		0.1615848986029625
932		19.099653156001295		0.7650642991065979		1.1071786897206306		0.06750749409496784		0.13501498818993568
933		19.129329768999014		0.7759778499603271		1.1272484785628318		0.10384859874546527		0.20769719749093055
934		19.177183333998983		0.742570161819458		1.1046099229407311		0.07858811014294624		0.15717622028589248
935		19.32464459900075		0.7584775686264038		1.1058626298630239		0.09707921140491962		0.19415842280983925
936		19.442583716998342		0.7393313646316528		1.0993948437678813		0.06656293486654759		0.13312586973309518
937		19.39582359799897		0.7449096441268921		1.0975146250891685		0.06353013724684715		0.1270602744936943
938		19.260440067999298		0.7432143688201904		1.101957673331499		0.16823204710781575		0.3364640942156315
939		19.289329192000878		0.7609529495239258		1.1217200021135807		0.13538946278095246		0.2707789255619049
940		19.393572345001303		0.7554189562797546		1.1105783910775184		0.07228780004382133		0.14457560008764267
941		19.286705221999		0.7637142539024353		1.1087065106225014		0.09313969462811947		0.18627938925623894
942		19.241873897000914		0.7398535013198853		1.091186541196108		0.06279550391733646		0.12559100783467292
943		19.249335549000534		0.7474405169487		1.09269450137496		0.06954610838890075		0.1390922167778015
944		19.353009017999284		0.7628620266914368		1.1123083313035964		0.07294784265458584		0.14589568530917169
945		19.24632480299988		0.7487486004829407		1.1012667325127126		0.06427678213119507		0.12855356426239015
946		19.14431041300122		0.7387354373931885		1.09837823851943		0.11364087527394295		0.2272817505478859
947		19.15998216099979		0.7516801357269287		1.1026687117636205		0.06332422203421592		0.12664844406843184
948		19.26451239800008		0.758808434009552		1.1048320067715645		0.0634919989258051		0.1269839978516102
949		19.247148009999364		0.7347155213356018		1.0895053159689903		0.06298150861859321		0.12596301723718642
950		19.351158141002088		0.7636513113975525		1.1163470430588722		0.0727577078819275		0.145515415763855
951		19.211163910000323		0.7421112060546875		1.0962335145902633		0.06287122608721256		0.12574245217442512
952		19.250878648999787		0.7541354298591614		1.1046852359342576		0.07802967277169227		0.15605934554338455
953		19.32790260099864		0.7482207417488098		1.0995935798585414		0.06454932246804237		0.12909864493608475
954		19.31914220100225		0.7477792501449585		1.0950886013305188		0.06393231790363789		0.12786463580727578
955		19.335298964000685		0.7607155442237854		1.1112942334020137		0.09220400739610195		0.1844080147922039
956		19.429067621000286		0.7547242641448975		1.1000042252194882		0.1101481319963932		0.2202962639927864
957		19.379876786999375		0.7545763850212097		1.0912961188209056		0.09925093666315078		0.19850187332630156
958		19.320040737002273		0.7520305514335632		1.1063419231820106		0.10418991605043411		0.20837983210086822
959		19.270737211001688		0.7477646470069885		1.0940830574047566		0.0758990174561739		0.1517980349123478
960		19.345412522001425		0.7580842971801758		1.1074953123927116		0.06425648365318776		0.12851296730637551
961		19.355426432997774		0.7464722394943237		1.0934443564021588		0.1847150979936123		0.3694301959872246
962		19.395891758998914		0.7475259900093079		1.1014348128330707		0.12660977345705032		0.25321954691410065
963		19.40938912799902		0.7559413313865662		1.110639059125185		0.06351965756118298		0.12703931512236596
964		19.41166751900164		0.7460774779319763		1.1055207614648341		0.08293850465118885		0.1658770093023777
965		19.212092804998974		0.7623589634895325		1.1176252548754215		0.08076592927277088		0.16153185854554175
966		19.27360414800205		0.7394372224807739		1.0944857024466992		0.06796223450303078		0.13592446900606156
967		19.362599013998988		0.7478395700454712		1.0991705165684222		0.06310511999428273		0.12621023998856545
968		19.389435520002735		0.7564975619316101		1.105894717873335		0.06778385261297226		0.13556770522594452
969		19.413794838001195		0.7512901425361633		1.09620738091588		0.06406878264844418		0.12813756529688836
970		19.359184585999174		0.7331591844558716		1.084914462939501		0.06273973699510098		0.12547947399020196
971		19.189273569998477		0.7492285966873169		1.094078676418066		0.07984228017032147		0.15968456034064293
972		19.480856537000363		0.7458106279373169		1.096804467369318		0.06446235117912293		0.12892470235824585
973		19.381268090997764		0.7588872313499451		1.1197507231116295		0.06283192757964134		0.1256638551592827
974		19.294626860999415		0.7416523098945618		1.0930055131232739		0.06435812115669251		0.12871624231338502
975		19.426533780999307		0.746110737323761		1.0926641182971		0.06881258446276188		0.13762516892552376
976		19.163696337000147		0.7364539504051208		1.0926976112341882		0.06632101263403893		0.13264202526807786
977		19.18906459200298		0.7327932119369507		1.0820668847727775		0.15285476992726327		0.30570953985452654
978		19.194934451003064		0.7803558111190796		1.1365218908011914		0.11234046461582184		0.22468092923164368
979		19.17152197500036		0.7462693452835083		1.0983619105005265		0.06592182736098766		0.13184365472197532
980		19.06926228299926		0.7294827699661255		1.0836939954102038		0.0670536348104477		0.1341072696208954
981		19.116374053999607		0.736348569393158		1.0939491451537608		0.062324583354592324		0.12464916670918465
982		19.239689106998412		0.7501370310783386		1.10272139234066		0.06537984265983104		0.1307596853196621
983		19.25211844200021		0.758377194404602		1.104322607331276		0.06264601857662201		0.12529203715324402
984		19.25091058199905		0.744576632976532		1.090218770788908		0.10358085305988789		0.20716170611977577
985		19.16465553800299		0.7407602667808533		1.0860762402236461		0.06368976825773716		0.12737953651547432
986		19.24382145400159		0.7347897291183472		1.084292476503849		0.06339546806812286		0.12679093613624573
987		19.14099497600182		0.7464547753334045		1.0938910521113872		0.06227223932743073		0.12454447865486146
988		19.22371816499799		0.7333180904388428		1.0883981495308876		0.06433126713335514		0.1286625342667103
989		19.48682956199991		0.7449378967285156		1.1018611511492729		0.06338159540593624		0.12676319081187248
990		19.36881292799808		0.7346681356430054		1.082444309760332		0.06315270985960961		0.12630541971921921
991		19.413105643001472		0.7376416325569153		1.0995589014482499		0.06437748841643333		0.12875497683286666
992		19.35449450500164		0.748808741569519		1.100097771384716		0.06697519763708115		0.1339503952741623
993		19.07538863300215		0.7372857332229614		1.083784963617325		0.06374132256805896		0.12748264513611793
994		19.053312495998398		0.7380608320236206		1.084105456317663		0.0626776524066925		0.125355304813385
995		19.16574708999906		0.7554548978805542		1.099658833233118		0.062432895880937575		0.12486579176187515
996		19.126402387999406		0.7496452331542969		1.0913869547188282		0.10574504114091396		0.21149008228182792
997		19.315097827999125		0.7601383924484253		1.0974059074997902		0.06232927043437958		0.12465854086875916
998		19.31012519000069		0.7452206015586853		1.0888022615110875		0.06382127321064472		0.12764254642128944
999		19.13145129699842		0.7344884276390076		1.0834141432702542		0.06335075794756413		0.12670151589512826
1000		19.27619750499798		0.7371129393577576		1.0853659470725059		0.06574725275039672		0.13149450550079345
1001		19.21311980399696		0.7400782108306885		1.096947031276226		0.06418219655156135		0.1283643931031227
1002		19.431224711999675		0.7379693388938904		1.099787921513319		0.0627019987642765		0.125403997528553
1003		19.248932931001036		0.7248419523239136		1.0800068127465248		0.062207666540145874		0.12441533308029175
1004		19.08943420000287		0.7432721853256226		1.092798133392334		0.06296943836212159		0.12593887672424317
1005		19.09376932899977		0.7360844612121582		1.0955109545218944		0.06240027887821197		0.12480055775642394
1006		19.02979469699858		0.743480920791626		1.0936546639406681		0.06231246448755264		0.12462492897510528
1007		19.108137142997293		0.7382664680480957		1.091054995855093		0.06254603355228901		0.12509206710457801
1008		19.14874726600101		0.7360518574714661		1.0889423950266839		0.0867039263010025		0.173407852602005
1009		19.281478165001317		0.7317611575126648		1.0789169856369496		0.06434723319411277		0.12869446638822554
1010		19.090956072002882		0.7437697649002075		1.0938049247252941		0.0633438400298357		0.1266876800596714
1011		19.236115776999213		0.7296831607818604		1.0871542877054214		0.06452492739260196		0.12904985478520392
1012		19.15706777899686		0.7383021712303162		1.0932392905426025		0.06300972606241703		0.12601945212483406
1013		19.217072645998996		0.7479418516159058		1.08923479465127		0.06205113576650619		0.12410227153301238
1014		19.349102024003514		0.7476200461387634		1.0877608605337143		0.06311426418721676		0.12622852837443352
1015		19.340514629999234		0.7317420244216919		1.0861674999022484		0.06835573396384716		0.1367114679276943
1016		19.302897230998497		0.7473704218864441		1.0838972194111347		0.062173646807670596		0.12434729361534119
1017		19.27583154200329		0.756781280040741		1.1057050329780578		0.0636031352877617		0.1272062705755234
1018		19.254246984997735		0.7305138111114502		1.0834664756691457		0.06481439446508884		0.12962878893017768
1019		19.18127840300076		0.74288409948349		1.0910528399503232		0.06229187544584274		0.12458375089168548
1020		19.263802138000756		0.7377194166183472		1.086484231543541		0.062258561259508134		0.12451712251901627
1021		19.196522100999573		0.7358413338661194		1.077903467680216		0.11859340668320656		0.23718681336641312
1022		19.30862639299812		0.7447009086608887		1.0927094563984872		0.06367350477576256		0.12734700955152511
1023		19.307490424998832		0.735429584980011		1.0774076546621323		0.0660953521937132		0.1321907043874264
1024		19.278999874000874		0.7388003468513489		1.0866603549754619		0.10432606964707375		0.2086521392941475
1025		19.193118554001558		0.7409746646881104		1.088465068758726		0.06267221518158912		0.12534443036317824
1026		19.141325507000147		0.7337844967842102		1.08627658867836		0.06306867728531361		0.12613735457062722
1027		19.267840221997176		0.7262372970581055		1.0726572707211972		0.06212286959886551		0.12424573919773102
1028		19.291174552003213		0.7373775839805603		1.0892805492448807		0.06996321855485439		0.13992643710970878
1029		19.320296066998708		0.7359078526496887		1.085134159141779		0.064600094512105		0.12920018902421
1030		19.156993332999264		0.7376084923744202		1.0797508671689033		0.0639978462100029		0.1279956924200058
1031		19.15535276099763		0.7386097311973572		1.0882085400617123		0.06403852581679821		0.12807705163359642
1032		19.137466141000914		0.736386239528656		1.0816968719387055		0.061606177377700806		0.12321235475540161
1033		19.20577118199799		0.7401129007339478		1.0915646093893052		0.061765691751241684		0.12353138350248337
1034		19.103332601000147		0.733374834060669		1.0930795986640454		0.061976335728168484		0.12395267145633697
1035		19.139995732999523		0.7241060733795166		1.0770182369327546		0.06665321521162987		0.13330643042325974
1036		19.265489161000005		0.7305080890655518		1.081973342603445		0.06161842874884606		0.12323685749769211
1037		19.26288838700202		0.7517004013061523		1.0976453669917583		0.21222983154654504		0.4244596630930901
1038		19.08414023899968		0.7429828643798828		1.0836315749394894		0.06498800458610057		0.12997600917220115
1039		19.28886879700076		0.7383471131324768		1.090214156190157		0.06290362305343151		0.12580724610686303
1040		19.17132572400078		0.7393532395362854		1.0817300296092034		0.07303388314247132		0.14606776628494264
1041		19.018854156998714		0.7289979457855225		1.0778608057284356		0.06198421642780304		0.12396843285560608
1042		19.03651850999813		0.7360514402389526		1.0820376975107193		0.08274624117910861		0.16549248235821723
1043		19.043027951000113		0.7312319278717041		1.0883388677430152		0.06179532364010811		0.12359064728021622
1044		19.04941969200081		0.7303634285926819		1.0744091242349147		0.09275066554546356		0.18550133109092712
1045		19.057770718001848		0.739142894744873		1.0879125558149814		0.08320134193003177		0.16640268386006354
1046		19.154064337999444		0.741753339767456		1.087559719632864		0.06383944185972214		0.12767888371944427
1047		19.030806611997832		0.7417044639587402		1.0852858314979077		0.06184598387777805		0.1236919677555561
1048		19.11007112399966		0.7345153093338013		1.072619886777401		0.07002590879499912		0.14005181758999824
1049		19.171525272002327		0.7326280474662781		1.082437701573372		0.08041435555815697		0.16082871111631394
1050		19.24349946700022		0.7214687466621399		1.0807680050587654		0.06723876993358135		0.1344775398671627
1051		19.25497158199869		0.7315310835838318		1.0829047270023824		0.08189940710067749		0.16379881420135498
1052		19.173603896000714		0.7266523241996765		1.0788459549975395		0.06202516810297966		0.12405033620595932
1053		19.233304822999344		0.7229899168014526		1.0749367086696624		0.06143015466034413		0.12286030932068825
1054		19.189075305999722		0.7384294867515564		1.086458451961279		0.06625308171808719		0.13250616343617438
1055		19.14101249400119		0.7276098132133484		1.0824090929293633		0.06907598681747913		0.13815197363495826
1056		19.22249575599926		0.730708658695221		1.0717040923833847		0.09780402087569237		0.19560804175138474
1057		19.184227523001027		0.7283340692520142		1.0779068139541148		0.061512037777900694		0.12302407555580139
1058		19.44070828400072		0.7333462238311768		1.0815888772690296		0.08454872395992279		0.16909744791984557
1059		19.361987866999698		0.7297597527503967		1.0775439095914363		0.06262161444425583		0.12524322888851167
1060		19.32319491800081		0.7309020161628723		1.0805095308411121		0.06346567924022675		0.1269313584804535
1061		19.239499567996972		0.7610001564025879		1.1023404311478138		0.06211544007360935		0.1242308801472187
1062		19.308412779999344		0.7263043522834778		1.082223867032528		0.06323465217351913		0.12646930434703826
1063		19.178738388000056		0.7451692819595337		1.0930726727151872		0.06366554493010045		0.1273310898602009
1064		19.139736229000846		0.7311882376670837		1.0716523636734485		0.061372617056965825		0.12274523411393165
1065		19.087119529998745		0.7281414866447449		1.0720197965705396		0.061736437663435936		0.12347287532687187
1066		19.0170297759978		0.7345050573348999		1.0819382960307597		0.06442963453531265		0.1288592690706253
1067		19.171163176997652		0.7351154685020447		1.0769662153434754		0.06361370697617531		0.12722741395235063
1068		19.168844152998645		0.7234291434288025		1.0745540182340145		0.06162808958292008		0.12325617916584015
1069		19.130426427000202		0.7351123094558716		1.0777663095080852		0.0833567309319973		0.1667134618639946
1070		19.13700091300052		0.7355396747589111		1.0738535620343685		0.06214237043857575		0.1242847408771515
1071		19.119004907002818		0.7296375632286072		1.077339430860281		0.07101015478670597		0.14202030957341194
1072		19.022847374002595		0.7339587211608887		1.0759981046664715		0.0642594823896885		0.128518964779377
1073		19.062864895997336		0.7258257865905762		1.082985177577734		0.06935940429866314		0.13871880859732627
1074		19.116159137000068		0.7306079268455505		1.0897627140700816		0.06258104227185249		0.12516208454370498
1075		19.136133830998006		0.7272157669067383		1.0721956573569775		0.06079052620530129		0.12158105241060257
1076		19.137460388999898		0.7366541028022766		1.088063590925932		0.07925266170203686		0.15850532340407372
1077		19.070505223997316		0.7221517562866211		1.0725447943365574		0.08450453199148178		0.16900906398296356
1078		19.011154595002154		0.7412862181663513		1.0838391736614703		0.06207936443090439		0.12415872886180877
1079		19.029471018999175		0.7395710945129395		1.0826811711525917		0.06418644926548005		0.1283728985309601
1080		19.085247609000362		0.7334186434745789		1.0736092441046239		0.06695120965242386		0.13390241930484773
1081		19.11557171900131		0.7294866442680359		1.0779403679382802		0.06539466001987457		0.13078932003974914
1082		19.152985043998342		0.7274280786514282		1.0747735429143905		0.06814838217794895		0.1362967643558979
1083		19.205310361001466		0.7241656184196472		1.0793424658441544		0.09910747794210911		0.19821495588421822
1084		19.085799043001316		0.7368197441101074		1.0844152369129658		0.06568782425224781		0.13137564850449562
1085		19.033492002999992		0.7283831238746643		1.0737723343777656		0.06160930467545986		0.12321860935091972
1086		19.08634990199789		0.7317908406257629		1.074607405860424		0.06204141881465912		0.12408283762931824
1087		19.160636944001453		0.7454214692115784		1.0869471107578277		0.06923696150779723		0.13847392301559447
1088		19.14943452299849		0.7268441915512085		1.0746789381372928		0.06321615715622902		0.12643231431245805
1089		19.238074929002323		0.7385639548301697		1.0763614848446845		0.06645066213309765		0.1329013242661953
1090		19.20792488599909		0.7323766946792603		1.0733310503983498		0.06234104681909084		0.12468209363818168
1091		19.030646713999886		0.7296152114868164		1.0776694595396519		0.06160846649408341		0.12321693298816681
1092		19.049427238001954		0.7255012392997742		1.0751180175590516		0.06280633817315101		0.12561267634630202
1093		19.289539960002003		0.7317603826522827		1.074529162478447		0.0722346307516098		0.1444692615032196
1094		19.229621419999603		0.7389392256736755		1.086222967609167		0.06074942677915096		0.12149885355830192
1095		19.166661941999337		0.7191847562789917		1.0679387358522414		0.06134881618320942		0.12269763236641884
1096		19.15625731700129		0.7201055288314819		1.0731912610411645		0.06062434525191784		0.12124869050383567
1097		19.249582598000416		0.7224375605583191		1.0749133427262305		0.06375603756606579		0.12751207513213159
1098		19.087925682997593		0.7271660566329956		1.0728294147455693		0.060964734369516375		0.12192946873903275
1099		19.312711626000237		0.7323120832443237		1.0738487621903419		0.06589370632469654		0.1317874126493931
1100		19.37080757899821		0.7280393838882446		1.074928234052658		0.06062170914113522		0.12124341828227043
1101		19.298953749999782		0.7273769974708557		1.0733291037404538		0.062142084947228435		0.12428416989445687
1102		19.28761190899968		0.7446739673614502		1.0827462511706352		0.0649849785387516		0.1299699570775032
1103		19.288506455999595		0.7254223227500916		1.0747825135457516		0.06306754143834115		0.1261350828766823
1104		19.25550646800184		0.717305064201355		1.0735387732768058		0.060507117080688476		0.12101423416137695
1105		19.26120194300165		0.7242911458015442		1.0680798394918443		0.06225769377052784		0.12451538754105568
1106		19.131262364000577		0.7277317047119141		1.076428739078045		0.06136793287098408		0.12273586574196815
1107		19.472000649999245		0.7335625886917114		1.0740496005034448		0.06216335599720478		0.12432671199440956
1108		19.24314630000299		0.7258681654930115		1.072197479916811		0.06118344599604607		0.12236689199209214
1109		19.425624600997253		0.7293593287467957		1.0762535239338875		0.0630186991930008		0.1260373983860016
1110		19.332244489000004		0.7323726415634155		1.0771641484439374		0.08336588822305202		0.16673177644610404
1111		19.213465379998524		0.7251099944114685		1.0742385087180137		0.06415833728313446		0.1283166745662689
1112		19.349143863997597		0.7273761034011841		1.0770795302248002		0.06254970070123672		0.12509940140247344
1113		19.372758305002208		0.7178436517715454		1.0669254856538772		0.06115953785777092		0.12231907571554183
1114		19.441990994997468		0.7233831286430359		1.0717228013122082		0.06375221627056599		0.12750443254113197
1115		19.244626032999804		0.7300145626068115		1.072831472429037		0.060329252085089685		0.12065850417017937
1116		19.34024684399992		0.7222758531570435		1.0674981441378593		0.09311224899590015		0.1862244979918003
1117		19.225085079000564		0.7235685586929321		1.0765035611367226		0.06088925833702087		0.12177851667404174
1118		19.32316314199852		0.7249890565872192		1.0685968113780022		0.06124718028306961		0.12249436056613922
1119		19.33771650500057		0.7167489528656006		1.068497114237547		0.08886395413279534		0.17772790826559068
1120		19.297142123999947		0.7259162068367004		1.0740878234565259		0.062234305277466775		0.12446861055493355
1121		19.43296794300113		0.72083979845047		1.0721597859025		0.06041575345098972		0.12083150690197944
1122		19.44528397400063		0.7220799922943115		1.0661113184690476		0.06239729903638363		0.12479459807276726
1123		19.14980205900065		0.7293521165847778		1.073907495315075		0.11042993333339692		0.22085986666679383
1124		19.050633893999475		0.7330485582351685		1.0753587442445756		0.060565448102355		0.12113089620471
1125		19.05048812699897		0.7216508388519287		1.0661139810311795		0.06093102953732014		0.12186205907464027
1126		19.09943040500002		0.7310956120491028		1.0771105431628227		0.07384869444966316		0.14769738889932632
1127		19.234186626999872		0.724288284778595		1.075791996998787		0.060512540271878246		0.12102508054375649
1128		19.275112600000284		0.7280975580215454		1.0760775301408767		0.06031142045259476		0.12062284090518952
1129		19.197780960003		0.7355974316596985		1.0710580627584458		0.06861334460675717		0.13722668921351433
1130		19.284351719998085		0.7227599024772644		1.074144225937128		0.06241611776351929		0.12483223552703858
1131		19.18767156800095		0.7243459224700928		1.0730214930129052		0.06272632015049458		0.12545264030098915
1132		19.149933114000305		0.7271909713745117		1.072464458423853		0.07444303282499314		0.14888606564998627
1133		19.135378065999248		0.716262936592102		1.0677318226325512		0.06047188820838928		0.12094377641677856
1134		19.304716831000405		0.7294632792472839		1.0645492618870736		0.06040844411551952		0.12081688823103905
1135		19.221453325000766		0.7177310585975647		1.0669368007612228		0.08705176266431809		0.17410352532863618
1136		19.114874384998984		0.7266409993171692		1.0733845581161976		0.06069274865686893		0.12138549731373786
1137		19.20550053199986		0.7154633402824402		1.062131972757578		0.06231482045650482		0.12462964091300964
1138		19.15547762600181		0.7361031174659729		1.0770655780386924		0.0602410532027483		0.1204821064054966
1139		19.15873637000186		0.7269861698150635		1.0682825779438019		0.06033615550398826		0.12067231100797653
1140		19.227354719001596		0.7277306318283081		1.0665082213079928		0.06027125297188759		0.12054250594377518
1141		19.34394799999791		0.7216991782188416		1.0728648734092712		0.060184986478090285		0.12036997295618057
1142		19.34111933999884		0.7289966940879822		1.0691850698947907		0.060878762501478195		0.12175752500295639
1143		19.422876833999908		0.7247356176376343		1.068095480942726		0.060139150124788286		0.12027830024957657
1144		19.309400410002127		0.723934531211853		1.0661271057224273		0.06028901333808899		0.12057802667617798
1145		19.335827459999564		0.7256893515586853		1.070094438419342		0.06092940877377987		0.12185881754755974
1146		19.341015687001345		0.7271906733512878		1.069023040663004		0.06226188106834889		0.12452376213669777
1147		19.333465788000467		0.7184282541275024		1.0661387924170493		0.060146855375170706		0.12029371075034141
1148		19.294777576000342		0.7239764928817749		1.071767536572218		0.06732264229655266		0.13464528459310532
1149		19.329724645998795		0.7323163151741028		1.0704851799666881		0.06983451187610626		0.13966902375221252
1150		19.11682171299981		0.7175202965736389		1.0666875645315648		0.062311636835336685		0.12462327367067337
1151		19.106895135999366		0.7218625545501709		1.063154289921522		0.09704825321137905		0.1940965064227581
1152		19.064208351999696		0.711990475654602		1.0598937002038955		0.06979378736913204		0.13958757473826408
1153		19.165123238999513		0.7262192964553833		1.0686661730027198		0.06047208378016949		0.12094416756033897
1154		19.189510889998928		0.7135049700737		1.0630706065177917		0.061290991702675816		0.12258198340535163
1155		19.148504972999945		0.722585141658783		1.0704584685885907		0.061073008927702906		0.12214601785540581
1156		19.09678698299831		0.7143760919570923		1.065387134168148		0.060026773434877397		0.12005354686975479
1157		19.053683608999563		0.7219929695129395		1.0677556617331505		0.060191789194941524		0.12038357838988305
1158		19.119074100002763		0.7235469222068787		1.0687268936765193		0.060297395396232606		0.12059479079246521
1159		19.219565090003016		0.7176814675331116		1.06038342425704		0.06003287092745304		0.12006574185490608
1160		19.406976684997062		0.7234651446342468		1.0651596771132945		0.06145014517307282		0.12290029034614564
1161		19.42715459700048		0.7219381928443909		1.0678664376747609		0.06055880014598369		0.12111760029196739
1162		19.3976725600005		0.7250990271568298		1.0680730612254143		0.060035595333576205		0.12007119066715241
1163		19.340392996000446		0.7264556884765625		1.0631971892356873		0.0600764894515276		0.1201529789030552
1164		19.271697591000702		0.72340327501297		1.0658674991226196		0.06171019113063812		0.12342038226127625
1165		19.276107260000572		0.7246396541595459		1.0674411622321607		0.060863223165273664		0.12172644633054733
1166		19.182505417000357		0.720373809337616		1.0582837220215797		0.06921798237264157		0.13843596474528314
1167		19.314120415001526		0.7195767164230347		1.0610354496586323		0.06142150126993656		0.12284300253987313
1168		19.38770997100073		0.7217536568641663		1.0715447959280013		0.05983044071495533		0.11966088142991066
1169		19.353399055002228		0.7238885164260864		1.0638260548055172		0.06429306562244892		0.12858613124489784
1170		19.29114390900213		0.7229192852973938		1.0694922362399102		0.05974333555400371		0.11948667110800743
1171		19.30434094500015		0.720842719078064		1.0631793244159222		0.06744739762246608		0.13489479524493217
1172		19.105104281999957		0.7170963287353516		1.0594492142343521		0.0598511029869318		0.1197022059738636
1173		19.215173574997607		0.7248653769493103		1.0665800527310372		0.05970842676758766		0.11941685353517532
1174		19.318196221000107		0.7217113375663757		1.0648734557151796		0.060507446417212486		0.12101489283442497
1175		19.27248411400069		0.712720513343811		1.066778647648096		0.06034163193702698		0.12068326387405395
1176		19.42677963800088		0.7145196199417114		1.0610424014222621		0.0605643738001585		0.121128747600317
1177		19.30599043500115		0.714078426361084		1.0612255849587917		0.0606626356869936		0.1213252713739872
1178		19.2514662829999		0.7164873480796814		1.064372589417696		0.059742074219882486		0.11948414843976497
1179		19.15905214799932		0.7246642708778381		1.0664807588517666		0.05971670932173729		0.11943341864347458
1180		19.3106406529987		0.7196619510650635		1.0653506538379192		0.06061079142689705		0.1212215828537941
1181		19.25095047099967		0.7168815732002258		1.0643977083861829		0.08604869655966758		0.17209739311933517
1182		19.247951511999418		0.7267414927482605		1.0665539677143097		0.06087811697125435		0.1217562339425087
1183		19.22119624900006		0.7169131636619568		1.0601156982839108		0.059686207228899		0.119372414457798
1184		19.289022082000884		0.7197105884552002		1.0667260395908356		0.060169947698712346		0.12033989539742469
1185		19.39081782300127		0.7161205410957336		1.0617141495907307		0.05978295075595379		0.11956590151190757
1186		19.162571713000943		0.7152712941169739		1.0637243336701394		0.05968232068121433		0.11936464136242866
1187		19.330601771001966		0.7198866009712219		1.06256602861166		0.06254570977687836		0.12509141955375672
1188		19.299936056999286		0.7220445275306702		1.0623057452678681		0.06322541665136815		0.1264508333027363
1189		19.34753913300301		0.7151264548301697		1.0642786866378784		0.0597562058120966		0.1195124116241932
1190		19.286250044002372		0.7118520140647888		1.0626918506371974		0.06439291588962077		0.12878583177924155
1191		19.288005391001207		0.7165602445602417		1.0620892743909358		0.060783568462729455		0.12156713692545891
1192		19.321964859998843		0.734368085861206		1.0700006200432777		0.06011245092749596		0.12022490185499192
1193		19.13978323700212		0.7152041792869568		1.0601732875025272		0.06202501019835472		0.12405002039670944
1194		19.18322256800093		0.7116712927818298		1.0575079883205891		0.05977123094946146		0.11954246189892292
1195		19.265881152001384		0.7259820103645325		1.0639367575275898		0.059793221199512483		0.11958644239902497
1196		19.265746695000416		0.720704197883606		1.0619043315577508		0.06726221966147423		0.13452443932294847
1197		19.35032362000129		0.7143623232841492		1.0626962747561932		0.05963910675495863		0.11927821350991726
1198		19.342571466000663		0.7194860577583313		1.0627389960062503		0.06238784839510918		0.12477569679021835
1199		19.25068669599932		0.7287510633468628		1.0694687809753418		0.06034805499017239		0.12069610998034477
1200		19.341910385999654		0.7137496471405029		1.0618564449703694		0.059957213565707206		0.11991442713141441
1201		19.28934450900124		0.7152330279350281		1.0622664629542828		0.0594910610049963		0.1189821220099926
1202		19.35018195000157		0.7235516905784607		1.0610778616583347		0.05988056151568889		0.11976112303137779
1203		19.380600440999842		0.7225252985954285		1.060231369342804		0.07177718147337436		0.14355436294674873
1204		19.342323217999365		0.7174090147018433		1.0624772300982475		0.06271722756922245		0.1254344551384449
1205		19.317259875999298		0.714455783367157		1.0627211517083646		0.06433313246071339		0.12866626492142677
1206		19.250354587999027		0.7142833471298218		1.0648687367880345		0.0642201345205307		0.1284402690410614
1207		19.07111652599997		0.7121459245681763		1.0606477805817127		0.05964276005923748		0.11928552011847496
1208		19.218097930999647		0.7160645723342896		1.0623837200415134		0.05968516468405723		0.11937032936811447
1209		19.13164125900221		0.719135046005249		1.062214900186062		0.059695539350807666		0.11939107870161533
1210		19.12551572099983		0.7167618274688721		1.0598943590903283		0.05967585970759392		0.11935171941518784
1211		19.133276190001197		0.7240296006202698		1.0657374583315848		0.05959915060698986		0.11919830121397972
1212		19.025059542000236		0.7117788791656494		1.0639547650778294		0.05934485634863377		0.11868971269726754
1213		19.04953275799926		0.723649799823761		1.0583023967885972		0.05944473247528076		0.11888946495056152
1214		19.349842728999647		0.7219684720039368		1.0571772202455998		0.06275676513016223		0.12551353026032447
1215		19.291641686999355		0.7182467579841614		1.062385718508959		0.09412376599013805		0.1882475319802761
1216		19.377789031001157		0.718627393245697		1.0651526896488666		0.05958996731638908		0.11917993463277816
1217		19.124701715998526		0.7070512175559998		1.0560179281747342		0.05942907171845436		0.11885814343690872
1218		19.184336439000617		0.7154075503349304		1.0618271882688999		0.06322905873954296		0.12645811747908592
1219		19.084088404000795		0.722899854183197		1.0601308151197433		0.05980095611214638		0.11960191222429276
1220		19.130013461999624		0.7135013937950134		1.0596250553655624		0.059582940107584		0.119165880215168
1221		19.186374258002616		0.7280262112617493		1.0611242944693566		0.07027703772485257		0.14055407544970513
1222		19.33355346999815		0.72320157289505		1.0586457328653336		0.060048213058710095		0.12009642611742019
1223		19.411821500998485		0.7127652764320374		1.0586700868201255		0.060451609966158865		0.12090321993231773
1224		19.298849588001758		0.7161882519721985		1.0592825995016097		0.05950330924093723		0.11900661848187447
1225		19.33007628500127		0.728415846824646		1.0632397072196007		0.05963136457502842		0.11926272915005684
1226		19.220600452998042		0.7162927985191345		1.059088387557268		0.05979092661142349		0.11958185322284698
1227		18.997006042001885		0.7165017127990723		1.057966857138872		0.06035880158543587		0.12071760317087174
1228		19.21290463100013		0.7280816435813904		1.0587067430245876		0.05953656051158905		0.1190731210231781
1229		19.41769783500058		0.7180958390235901		1.056667812845707		0.05944598973095417		0.11889197946190834
1230		19.353686816000845		0.7246896028518677		1.0575716497027874		0.05997348948419094		0.11994697896838188
1231		19.218670440997812		0.7259454727172852		1.0650299203038216		0.05936176819205284		0.11872353638410568
1232		19.343041637999704		0.7133699059486389		1.059838186751604		0.059874147906899454		0.11974829581379891
1233		19.033729658000084		0.7110026478767395		1.0569276933777332		0.05933842789828777		0.11867685579657554
1234		19.16378118099965		0.7241576313972473		1.0591970505702495		0.0592346005871892		0.1184692011743784
1235		19.048887966997427		0.7178046703338623		1.055962984495163		0.05929079223424196		0.11858158446848392
1236		19.08544105799956		0.7217730283737183		1.0589098198461533		0.059417038053274154		0.11883407610654831
1237		19.168692592997104		0.7207977175712585		1.064844789148569		0.05928961420804262		0.11857922841608524
1238		19.18357508400004		0.7187294363975525		1.058565986982584		0.05952122631669045		0.1190424526333809
1239		19.427337685996463		0.7144309282302856		1.0557438076531886		0.059235812896490096		0.11847162579298019
1240		19.364494419998664		0.7209407687187195		1.05823999699831		0.06559928599894047		0.13119857199788093
1241		19.183072228999663		0.7235754728317261		1.0566725202691556		0.059155275958776475		0.11831055191755295
1242		19.2758645310023		0.7142859697341919		1.060586193654537		0.060234033958613875		0.12046806791722775
1243		19.35541070399995		0.7184019088745117		1.055879157217741		0.059264897778630254		0.11852979555726051
1244		19.15186418999656		0.7231488823890686		1.057081480538845		0.06159430928826332		0.12318861857652665
1245		19.080263204999937		0.7210339903831482		1.0572125649046897		0.059567196981608866		0.11913439396321773
1246		19.106494353000016		0.7212368845939636		1.062200704574585		0.05917105331122875		0.1183421066224575
1247		19.05767208800171		0.7093183994293213		1.0590197636377812		0.05907288898825645		0.1181457779765129
1248		19.166318916999444		0.7145013213157654		1.0565201198315621		0.05937328178286552		0.11874656356573104
1249		19.406621980000637		0.7237317562103271		1.0582503665435314		0.05915669942498207		0.11831339884996414
1250		19.20051653400151		0.7142230868339539		1.0566652128875256		0.0619877725481987		0.1239755450963974
1251		19.281021011996927		0.7233866453170776		1.060518238196373		0.059349094900488855		0.11869818980097771
1252		19.40997074599727		0.7169968485832214		1.058897990950346		0.05920248101949692		0.11840496203899384
1253		19.386258965001616		0.7148376107215881		1.0592740442478656		0.059174287536740304		0.11834857507348061
1254		19.360626696001418		0.712637722492218		1.055559794716835		0.059079250420629975		0.11815850084125995
1255		19.238222255000437		0.7134323120117188		1.0566427837264538		0.059226770462095735		0.11845354092419147
1256		19.31260224000289		0.7281634211540222		1.0591036174607278		0.05916747551858425		0.1183349510371685
1257		19.40865989699887		0.7238604426383972		1.05744618832469		0.05951767105460167		0.11903534210920334
1258		19.117346492999786		0.7208755016326904		1.0601300536644458		0.06013754277080297		0.12027508554160594
1259		19.105036358996585		0.7156394124031067		1.0561838574504852		0.059134513033926486		0.11826902606785297
1260		19.165920310999354		0.7234138250350952		1.0561949265050887		0.05940917687118053		0.11881835374236106
1261		19.128211724997527		0.7141767740249634		1.0575649247276784		0.059592619970440866		0.11918523994088173
1262		19.3563771750014		0.7113825678825378		1.0569654574131966		0.06610967364311218		0.13221934728622436
1263		19.349554508000438		0.7098625898361206		1.0549686378824712		0.05924950194358826		0.11849900388717652
1264		19.43231292999917		0.716213583946228		1.0555823215544224		0.05903736416101456		0.11807472832202912
1265		19.471973230000003		0.7112156748771667		1.056108884667158		0.05902438479959965		0.1180487695991993
1266		19.265228631000355		0.7174092531204224		1.0556543047976494		0.05959834990501404		0.11919669981002808
1267		19.273871830002463		0.7178954482078552		1.0586358235645295		0.059840656408667564		0.11968131281733513
1268		19.260228377999738		0.7166903018951416		1.054030370233059		0.05905674877911806		0.11811349755823612
1269		19.23389078100081		0.7168280482292175		1.0554152499186993		0.05911534814536572		0.11823069629073144
1270		19.33056884299731		0.7154627442359924		1.0551565717530251		0.06629287098944187		0.13258574197888373
1271		19.23392489300022		0.7209357619285583		1.0537538407969476		0.05905175374150276		0.11810350748300552
1272		19.43557258999863		0.7176117300987244		1.0565329874289036		0.06019076847434044		0.12038153694868088
1273		19.23452324000027		0.7132446765899658		1.053247984752655		0.05904059851765633		0.11808119703531265
1274		19.123924157996953		0.7233985662460327		1.0573119876480102		0.058962616962194445		0.11792523392438889
1275		19.082701140003337		0.7235207557678223		1.055641999553442		0.0592773692086339		0.1185547384172678
1276		19.329941669999243		0.7146775722503662		1.0546092400991918		0.0590487880691886		0.1180975761383772
1277		19.498761446997378		0.7136148810386658		1.0584400751066207		0.059313877326250077		0.11862775465250015
1278		19.46344717700049		0.7242116928100586		1.0539723997962476		0.05901884621083736		0.11803769242167472
1279		19.362737472001754		0.7209740281105042		1.057626520074606		0.06317300128936768		0.12634600257873535
1280		19.10429804299929		0.7169935703277588		1.0545682180225848		0.0591281409740448		0.1182562819480896
1281		19.026930363997963		0.7224129438400269		1.0555953378987313		0.058972488871216776		0.11794497774243355
1282		19.07946923000054		0.7146902680397034		1.0565381906235218		0.05905240918695927		0.11810481837391854
1283		19.16434970699993		0.7172861695289612		1.05835826821208		0.05902351526468992		0.11804703052937984
1284		19.19539815600001		0.7132625579833984		1.0548296322619914		0.058961065167188645		0.11792213033437729
1285		19.375719208997907		0.7222330570220947		1.054022350409031		0.060760430139303205		0.12152086027860641
1286		19.378754479002964		0.7217750549316406		1.0566358784854413		0.05898090154379606		0.11796180308759212
1287		19.317834950998076		0.7092278599739075		1.0532354314219952		0.059094635757803916		0.11818927151560783
1288		19.29361862100268		0.7156978845596313		1.0555601521277427		0.05945259592831135		0.1189051918566227
1289		19.301592463001725		0.7161233425140381		1.0534787349426746		0.06284917681515217		0.12569835363030435
1290		19.3347354380021		0.7200076580047607		1.0567758229553699		0.05886170619279146		0.11772341238558293
1291		19.27601535299982		0.7098249197006226		1.0559550080049038		0.059184117901325224		0.11836823580265045
1292		19.315797773000668		0.711279034614563		1.0555728216814995		0.05903666830509901		0.11807333661019802
1293		19.112434078997467		0.7161314487457275		1.0526150949287414		0.05891586061269045		0.1178317212253809
1294		19.070835581998836		0.7164374589920044		1.0567075680994988		0.05949794918000698		0.11899589836001397
1295		19.04873515700092		0.7148870229721069		1.0553391256904603		0.06673523582220077		0.13347047164440154
1296		19.091578997999022		0.7139771580696106		1.0545199294018746		0.05892151399999857		0.11784302799999714
1297		19.13176987800034		0.7189241051673889		1.0540220118582249		0.05883964827656746		0.11767929655313492
1298		19.125837502997456		0.7180865406990051		1.053434840620756		0.058955141445994376		0.11791028289198875
1299		19.119430923001346		0.710429847240448		1.053656812093258		0.059037019696831707		0.11807403939366341
1300		19.13331141299932		0.7260980010032654		1.0544254289710522		0.05880315212160349		0.11760630424320698
1301		19.178199857000436		0.7196552753448486		1.0545230888211727		0.05886857677698135		0.1177371535539627
1302		19.11042812499727		0.7151483297348022		1.0520535798740387		0.06240316913127899		0.12480633826255798
1303		19.296276184002636		0.7191540598869324		1.054701720725298		0.05901253595948219		0.11802507191896439
1304		19.35982261100071		0.7192385196685791		1.0553812903237343		0.058901742243766785		0.11780348448753357
1305		19.18744019099904		0.7221967577934265		1.053133834555149		0.058903018364310264		0.11780603672862053
1306		19.27591628600203		0.718132734298706		1.0540568681550027		0.0589415349110961		0.1178830698221922
1307		19.288812941998913		0.7188048362731934		1.0533302497255803		0.058879966482520106		0.11775993296504021
1308		19.194893849999062		0.7139842510223389		1.0523378707528115		0.058879105973243716		0.11775821194648743
1309		19.21106594599769		0.7202828526496887		1.0526161584222318		0.05882691462635994		0.11765382925271987
1310		19.271848922999197		0.7129294276237488		1.0533184021484852		0.05876864550411701		0.11753729100823403
1311		19.397532742001204		0.7226903438568115		1.0521099143195152		0.05881397438645363		0.11762794877290726
1312		19.385369987001468		0.7182198166847229		1.0522186508238316		0.06186662242114544		0.12373324484229088
1313		19.339630497001053		0.7177118062973022		1.0540505209970474		0.0594524956792593		0.1189049913585186
1314		19.224234003002493		0.7197573781013489		1.0527140802037716		0.05881346227675676		0.11762692455351352
1315		19.121421859999828		0.7243114709854126		1.0559646259903908		0.05876542014181614		0.11753084028363228
1316		19.173240133000945		0.716840922832489		1.0524634692537784		0.06038934281170368		0.12077868562340736
1317		19.31117167100092		0.7280164957046509		1.052256661912203		0.058805116319656375		0.11761023263931275
1318		19.355320088001463		0.7148011326789856		1.0520979593491555		0.059542710250616075		0.11908542050123215
1319		19.443088443000306		0.7097620368003845		1.05270811601758		0.058818611696362495		0.11763722339272499
1320		19.295160831999965		0.7168521881103516		1.0542489352309703		0.05924974310696125		0.1184994862139225
1321		19.30868257399925		0.7102227807044983		1.052745895049572		0.058778575897216793		0.11755715179443359
1322		19.307747614002437		0.718622088432312		1.0531950479543208		0.05876005686968565		0.1175201137393713
1323		19.210818444000324		0.7108778953552246		1.0508491597259044		0.058672636708617214		0.11734527341723443
1324		19.325373938998382		0.7232669591903687		1.054620454454422		0.05875888315439224		0.11751776630878448
1325		19.30297828699986		0.7201862335205078		1.0513036820077897		0.058675890004634856		0.11735178000926971
1326		19.25230270499742		0.7226628065109253		1.0540791354286672		0.05875628147274256		0.11751256294548512
1327		19.204562456998246		0.7166481614112854		1.0526845791113377		0.06311928566396237		0.12623857132792474
1328		19.188128084999335		0.7155050039291382		1.0509625407636165		0.06189672904908657		0.12379345809817315
1329		19.128317963997688		0.7129554748535156		1.0535323699212074		0.05893658221513033		0.11787316443026066
1330		19.204978797002696		0.7255843281745911		1.0512477454280853		0.06420073073506355		0.1284014614701271
1331		19.24615754900151		0.7125834226608276		1.051156417198181		0.06087755037844181		0.12175510075688362
1332		19.29905681799937		0.7140153050422668		1.0513692724132537		0.058791444927453994		0.11758288985490799
1333		19.248215998999513		0.7180408239364624		1.0521994730401039		0.058816501644253734		0.11763300328850747
1334		19.165587090999907		0.7221260070800781		1.0508630991518497		0.05862523119300604		0.11725046238601208
1335		19.13357315399844		0.7175042629241943		1.0519083987534046		0.05867827795594931		0.11735655591189861
1336		19.08165351599746		0.7193989753723145		1.0497289039182662		0.05883083735257387		0.11766167470514774
1337		19.174185058996954		0.7115681767463684		1.052772956497669		0.05868178356289864		0.11736356712579728
1338		19.22468725500221		0.7170903086662292		1.0507274152600765		0.058747780326008796		0.11749556065201759
1339		19.188716824999574		0.7244998812675476		1.0535370081341267		0.05913033362627029		0.11826066725254059
1340		19.283439891001763		0.7174426913261414		1.0519939321386813		0.05871353739500046		0.11742707479000092
1341		19.178585551999277		0.7156883478164673		1.050928620430231		0.059489079064130784		0.11897815812826157
1342		19.16455175200099		0.7271760702133179		1.052258724886179		0.05886325773149729		0.11772651546299458
1343		19.158556895999936		0.7186306118965149		1.0517773906731605		0.058694734306633474		0.11738946861326695
1344		19.106751197999984		0.7195018529891968		1.0510881413984299		0.05936335137039423		0.11872670274078846
1345		19.29934633599987		0.709935188293457		1.0529856400501727		0.05876856715381146		0.11753713430762291
1346		19.323369769001147		0.7171879410743713		1.0502342778658866		0.05868890413939953		0.11737780827879905
1347		19.34883279299902		0.7180080413818359		1.053673909853697		0.058662063819169996		0.11732412763833999
1348		19.33472959899882		0.7128584384918213		1.0504436394667624		0.0586326163560152		0.1172652327120304
1349		19.0862829889993		0.7110244631767273		1.0522920287930966		0.05866539491713047		0.11733078983426094
1350		19.09410956299689		0.715112566947937		1.0510463276696205		0.05867087369859219		0.11734174739718438
1351		19.17739391199939		0.7129384875297546		1.051745369900465		0.05865351774543524		0.11730703549087047
1352		19.246128357000998		0.716818630695343		1.0514084714365006		0.05969715257585049		0.11939430515170098
1353		19.3309577229993		0.7195674180984497		1.0515122961938381		0.05904939655959606		0.11809879311919212
1354		19.103550415999052		0.7152609825134277		1.0524600220143796		0.05868563462495804		0.11737126924991607
1355		19.133274914998765		0.719714343547821		1.0530537679862977		0.05878144579678774		0.11756289159357548
1356		19.098586328000238		0.7062166929244995		1.0513708931052685		0.05901620547324419		0.11803241094648838
1357		19.114890019001905		0.7106330990791321		1.0541062323212624		0.05870569116324186		0.11741138232648372
1358		19.158281956999417		0.7201323509216309		1.0510173906600475		0.058934390296041965		0.11786878059208393
1359		19.29672014300013		0.7084079384803772		1.0499293783318997		0.05867040733098984		0.11734081466197968
1360		19.155537915001332		0.7187873125076294		1.0527313055360317		0.05921023972630501		0.11842047945261001
1361		19.024519933998818		0.7065045833587646		1.0502205552744865		0.05858312560915947		0.11716625121831895
1362		19.014216731997294		0.7198134064674377		1.0528859114933014		0.06019081876575947		0.12038163753151894
1363		19.067877354998927		0.7213011384010315		1.0508988437771798		0.058602918265759946		0.11720583653151989
1364		19.10821710300297		0.720521867275238		1.0506111286985875		0.058632072108983996		0.11726414421796799
1365		19.125449908999144		0.7156565189361572		1.050956719455719		0.058604146155714985		0.11720829231142997
1366		19.217155408001418		0.7206071019172668		1.0507583852398394		0.05858847156465054		0.11717694312930108
1367		19.19140056300239		0.7152206897735596		1.0502782404589652		0.05860751900672913		0.11721503801345826
1368		19.018252185000165		0.7170799970626831		1.0508771273505688		0.058602569665014745		0.11720513933002949
1369		19.14008986599947		0.7042078971862793		1.050874377348423		0.0585404571712017		0.1170809143424034
1370		19.19950349800274		0.7149290442466736		1.052370438734293		0.05889038436710835		0.1177807687342167
1371		19.232246430998202		0.71441251039505		1.051317524266243		0.058593485766649245		0.11718697153329849
1372		19.305364941003063		0.7176172733306885		1.051050443392992		0.05860469294786453		0.11720938589572906
1373		19.076856036997924		0.7264847755432129		1.0504870585238935		0.058909673629701134		0.11781934725940227
1374		19.134958711001673		0.7186955213546753		1.0499289032411576		0.058580795428156855		0.11716159085631371
1375		19.26764535500115		0.7113177180290222		1.0515607595038414		0.05855725423246622		0.11711450846493245
1376		19.180625510001846		0.7180483937263489		1.050268792155981		0.058539849992096424		0.11707969998419285
1377		19.119602914997813		0.7189635038375854		1.0490182910990715		0.058612004551291466		0.11722400910258293
1378		19.26058108399957		0.710138201713562		1.05250247056365		0.058555436171591285		0.11711087234318257
1379		19.331309247998433		0.712645947933197		1.0508712091004848		0.05860182729512453		0.11720365459024906
1380		19.079198583000107		0.7150479555130005		1.0505236972749232		0.05869372232854366		0.11738744465708732
1381		19.15397790499992		0.7220403552055359		1.0506337047839165		0.05859670102447272		0.11719340204894543
1382		19.140587261998007		0.7174734473228455		1.049926558712721		0.058695213662087915		0.11739042732417583
1383		19.137309195000853		0.7065631747245789		1.0497431824576855		0.058608434134721756		0.11721686826944351
1384		19.161069034998945		0.7083128094673157		1.049028060054779		0.058569981691241266		0.11713996338248253
1385		19.182252421996964		0.7186042070388794		1.0502703745734692		0.05859078665077686		0.11718157330155372
1386		19.173362612000346		0.722895085811615		1.0510702110886574		0.05863401273488998		0.11726802546977996
1387		19.11806321200129		0.7158847451210022		1.0492122812139988		0.058612353518605234		0.11722470703721047
1388		19.043644296998536		0.7108030915260315		1.0512740581381321		0.058556489676237104		0.11711297935247421
1389		19.052727253998455		0.7165501117706299		1.0502978929889202		0.058513828107714654		0.11702765621542931
1390		18.974436025000614		0.7162125706672668		1.049742469754219		0.05854702374339104		0.11709404748678208
1391		19.293123305000336		0.7144762873649597		1.0494814946448803		0.05857527707070112		0.11715055414140224
1392		19.243670362000557		0.7119348049163818		1.0510123096454143		0.058588209015130996		0.11717641803026199
1393		19.307043704000534		0.724590539932251		1.051227043298483		0.05851617713868618		0.11703235427737237
1394		19.215038399997866		0.7146171927452087		1.049622654390335		0.05858820653557777		0.11717641307115555
1395		18.970553417999326		0.7164901494979858		1.0507294892632961		0.058562623795866964		0.11712524759173393
1396		19.008184408001398		0.719346284866333		1.050665860220194		0.058559410500526425		0.11711882100105285
1397		19.28162105299998		0.7133671045303345		1.049674023680687		0.05854763252139091		0.11709526504278182
1398		19.258755310998822		0.7173284888267517		1.0505659427022933		0.05851414382904768		0.11702828765809536
1399		19.329980455000623		0.7178884148597717		1.0519961917233467		0.058529947201907635		0.11705989440381527
1400		19.07906906900098		0.7223444581031799		1.0506819786000252		0.05852416917979717		0.11704833835959434
1401		19.068542681998224		0.7104879021644592		1.0508586002480984		0.05851718917191029		0.11703437834382058
1402		19.069250862001354		0.7223515510559082		1.0495703075158596		0.05851404645740986		0.11702809291481972
1403		19.0395683880015		0.7193678021430969		1.0497748510336875		0.058560080628097054		0.11712016125619411
1404		19.262123375996453		0.7156299948692322		1.0490478951263427		0.05850054954737425		0.1170010990947485
1405		19.216357861001597		0.7252739071846008		1.0508388666713238		0.05853947552740574		0.11707895105481148
1406		19.17071750100149		0.7164945006370544		1.052167181442976		0.05853919487595558		0.11707838975191116
1407		19.364573599999858		0.718333899974823		1.05119558501482		0.05858894780278206		0.11717789560556412
1408		19.44644161600081		0.7170770168304443		1.0489651832652092		0.05850281272381544		0.11700562544763088
1409		19.311826271001337		0.7228410243988037		1.0498223338890076		0.058528242824971675		0.11705648564994335
1410		19.332513153000036		0.7173770070075989		1.0497334648180008		0.05853348337262869		0.11706696674525738
1411		19.518848974999855		0.7147006988525391		1.0487451457989216		0.058518736162781713		0.11703747232556343
1412		19.445709799001634		0.7128129601478577		1.0511223695993424		0.058520103208720683		0.11704020641744137
1413		19.41242392999993		0.7161965370178223		1.0480606575489044		0.058498801362514494		0.11699760272502899
1414		19.50458419399729		0.712246835231781		1.0499617547619342		0.05851801304519177		0.11703602609038354
1415		19.42120914199768		0.7199742197990417		1.0492365265774728		0.05847657150626182		0.11695314301252364
1416		19.32214797800043		0.7171594500541687		1.0506949477815628		0.05850851308405399		0.11701702616810798
1417		19.339754938002443		0.7101634740829468		1.0497972002887725		0.058512140023708345		0.11702428004741669
1418		19.401888828000665		0.7129778861999512		1.0509700635683537		0.05851364837884903		0.11702729675769806
1419		19.459446535998723		0.717964768409729		1.0495011553728582		0.05849877870976925		0.1169975574195385
1420		19.48138339200159		0.7086924910545349		1.0509094292283059		0.05851359222084284		0.11702718444168568
1421		19.447253264999745		0.7131831645965576		1.0492758333933354		0.058489703792333606		0.11697940758466721
1422		19.497486517000652		0.7179273962974548		1.0487965662908554		0.05851261256784201		0.11702522513568402
1423		19.456210359003308		0.7195947766304016		1.0497312641346455		0.0585009543210268		0.1170019086420536
1424		19.258080457999313		0.7201797366142273		1.049984316202402		0.0584967546492815		0.116993509298563
1425		19.472237309000775		0.7134709358215332		1.0499597861468792		0.05895163789391518		0.11790327578783036
1426		19.389770066998608		0.7160927057266235		1.0509291446101665		0.05851119277775288		0.11702238555550576
1427		19.403007758999593		0.7220450043678284		1.0505934368288516		0.05854809038043022		0.11709618076086044
1428		19.247322709998116		0.7162662148475647		1.0488903006398678		0.058494756108522415		0.11698951221704483
1429		19.324251776000892		0.715031623840332		1.0488578184199333		0.05851607282757759		0.11703214565515518
1430		19.302586106998206		0.7124694585800171		1.0506195864856243		0.05850300293713808		0.11700600587427616
1431		19.14552798099976		0.7217708230018616		1.0499100890243054		0.058472064280509946		0.11694412856101989
1432		19.25394531100028		0.7128291130065918		1.0481466285145282		0.05850266902893782		0.11700533805787564
1433		19.24875718399926		0.7151214480400085		1.0495365817070008		0.05852033923566342		0.11704067847132683
1434		19.426027484998485		0.7175467014312744		1.0498791192650796		0.05853126140832901		0.11706252281665802
1435		19.401988093999535		0.7198839783668518		1.0493956339931487		0.05848688672482967		0.11697377344965934
1436		19.3087053800009		0.7206919193267822		1.0492299651205539		0.058501013550162316		0.11700202710032463
1437		19.266057225999248		0.715691864490509		1.0499489405226707		0.0584711581081152		0.1169423162162304
1438		19.292877366999164		0.708289384841919		1.0496261193037033		0.058594158789515495		0.11718831757903099
1439		19.415346412999497		0.7166998386383057		1.0483843721163273		0.05847467788159847		0.11694935576319694
1440		19.444512658999884		0.7208520174026489		1.049603800238371		0.05847269549667835		0.1169453909933567
1441		19.281399128001794		0.7161759734153748		1.0498533618986607		0.058463679748773575		0.11692735949754715
1442		19.039951842998562		0.7180262804031372		1.0505047598266601		0.058502938756346705		0.11700587751269341
1443		19.043884300001082		0.7148928046226501		1.0497501249694825		0.05848204700648785		0.1169640940129757
1444		19.063600841000152		0.7285197973251343		1.050666583559513		0.05847644415646792		0.11695288831293583
1445		19.256405524		0.7216153740882874		1.0507448790860177		0.058467606422305106		0.11693521284461021
1446		19.214707596998778		0.7108871936798096		1.0495243343174459		0.05847254804074764		0.11694509608149528
1447		19.340682324000227		0.7132376432418823		1.0501786785995961		0.05847069088965654		0.11694138177931308
1448		19.303033136999147		0.7121838927268982		1.049788149752617		0.05846544283032417		0.11693088566064834
1449		19.27628645200093		0.7181034088134766		1.0500154377508164		0.05847383061796427		0.11694766123592854
1450		19.243690507999418		0.7235112190246582		1.0490756337738036		0.058478425940871236		0.11695685188174247
1451		19.340368907000084		0.7119184136390686		1.0494877385759354		0.058475734008848666		0.11695146801769733
1452		19.34148359199753		0.7091755867004395		1.0495629153740407		0.05847205177098513		0.11694410354197025
1453		19.382247737001308		0.7261896729469299		1.0498585878944398		0.05848143064379692		0.11696286128759384
1454		19.467165415997442		0.7186301350593567		1.050446269251108		0.05847062445580959		0.11694124891161918
1455		19.322328207999817		0.7184720039367676		1.04972997397542		0.05846857821047306		0.11693715642094613
1456		19.30022354399989		0.7155656218528748		1.0489115638887883		0.058491734996438026		0.11698346999287605
1457		19.38941040300051		0.7221946120262146		1.0518870792663098		0.058474095793068406		0.11694819158613681
1458		19.22355938200053		0.7164735794067383		1.0489953473222255		0.05848436324596405		0.1169687264919281
1459		19.233031409999967		0.7211552262306213		1.0499828944396972		0.058470939764380454		0.11694187952876091
1460		19.365273184001126		0.7220871448516846		1.0488082233560085		0.058496222242712975		0.11699244448542595
1461		19.28553935799937		0.7178269624710083		1.0496486247456074		0.05846417900472879		0.11692835800945758
1462		19.215884622000885		0.7199305891990662		1.0490518599939347		0.05846803061664105		0.1169360612332821
1463		19.138840062998497		0.71587073802948		1.0500617460644246		0.05846317194700241		0.11692634389400482
1464		19.243318877001002		0.7175214886665344		1.0478726848101616		0.05848112168759108		0.11696224337518216
1465		19.401373157998023		0.7127439379692078		1.0496298351836204		0.058471126720309255		0.11694225344061851
1466		19.249500027999602		0.7227832674980164		1.0492108965444564		0.0584784949272871		0.1169569898545742
1467		19.368975352001144		0.7144652009010315		1.0486891867148875		0.05846640498638153		0.11693280997276306
1468		19.178061937000166		0.7151491045951843		1.0496082282674313		0.058472248283028605		0.11694449656605721
1469		19.30501807699693		0.7207651138305664		1.0505053239142894		0.05846129611879587		0.11692259223759174
1470		19.235342100997514		0.7133581042289734		1.0509741966485977		0.05846775448322296		0.11693550896644592
1471		19.15934224800003		0.716303825378418		1.0486825420534611		0.058469416171312336		0.11693883234262467
1472		19.406295835000492		0.7137073874473572		1.0493987920284271		0.0584697875007987		0.1169395750015974
1473		19.32297882000057		0.72618168592453		1.0515127481591702		0.0584669100984931		0.1169338201969862
1474		19.355421066997224		0.7176073789596558		1.0496616223800181		0.05846679427325725		0.1169335885465145
1475		19.23818820499946		0.7140588164329529		1.0502415675723553		0.0584658076196909		0.1169316152393818
1476		19.239095470002212		0.7190889716148376		1.0491276864266394		0.05846879459321499		0.11693758918642998
1477		19.06958121399657		0.7184031009674072		1.0498196729147433		0.058469096812605856		0.11693819362521171
1478		19.171702916999493		0.7244789600372314		1.0509286042046546		0.058462758323550225		0.11692551664710045
1479		19.23614258300222		0.7176591157913208		1.0497183075881005		0.058464893366396424		0.11692978673279285
1480		19.30339118900156		0.709300696849823		1.0495356312656403		0.058470223607122895		0.11694044721424579
1481		19.409719078998023		0.7146049737930298		1.051446731238365		0.05846453877240419		0.11692907754480839
1482		19.30671714699929		0.7143887877464294		1.04923186876297		0.05846247832924128		0.11692495665848256
1483		19.256464402002166		0.7229900360107422		1.0494029751324654		0.058464434856176375		0.11692886971235275
1484		19.11038218000249		0.7251443862915039		1.0505511662256717		0.05846356928646564		0.11692713857293129
1485		19.1403751129983		0.7177119255065918		1.0489518857479097		0.058464563091099264		0.11692912618219853
1486		19.423655160000635		0.7109220027923584		1.0501295433402063		0.05846369137465954		0.11692738274931908
1487		19.242600139001297		0.7179577350616455		1.0482156824588775		0.05846489681303501		0.11692979362607002
1488		19.25063804200181		0.7156609892845154		1.0492600406634807		0.058464616349339485		0.11692923269867897
1489		19.321627070999966		0.721921443939209		1.0513525506222248		0.05846436569988728		0.11692873139977455
1490		19.280924830000004		0.7176793813705444		1.0496308991122245		0.058464203268289563		0.11692840653657913
1491		19.195525076000195		0.7201988697052002		1.049429895877838		0.05846462046653032		0.11692924093306065
1492		19.151297699998395		0.7191757559776306		1.0521551470708848		0.05846398862302303		0.11692797724604606
1493		19.242401461000554		0.7225440144538879		1.0506982864129544		0.058464844034612176		0.11692968806922435
1494		19.359963550999964		0.7163886427879333		1.050123847858906		0.058464672368764875		0.11692934473752975
1495		19.202070045001165		0.7028107047080994		1.0483688632762431		0.058464771710336205		0.11692954342067241
1496		19.207817034999607		0.7225667834281921		1.0495418281674385		0.05846463933289051		0.11692927866578103
1497		19.193962174998887		0.714658260345459		1.0499381489801407		0.05846468711942434		0.11692937423884868
1498		19.115143101000285		0.7100167274475098		1.0514570208466052		0.05846469193994999		0.11692938387989998
1499		19.215772026000195		0.7193198800086975		1.0508048775410652		0.05846467914879322		0.11692935829758644