Epoch	Duration				Loss Step Train			Loss Full Train			Loss Step Test			Loss Full Test
0		21.003483077976853		18.980314254760742		19.966542785873415		1.7894015844345093		3.5788031688690185
1		20.148174950038083		18.136573791503906		18.47822148525238		1.3528163753509521		2.7056327507019042
2		20.052388951007742		15.713534355163574		15.774909590072632		1.363893811607361		2.727787623214722
3		20.080573887971696		24.629009246826172		23.991359373893737		1.0736554426193237		2.1473108852386473
4		20.14643530995818		19.539813995361328		19.065310383377074		1.6658476058959961		3.3316952117919922
5		20.15651895699557		18.408462524414062		16.913948669719694		1.294168972969055		2.58833794593811
6		20.045582532009576		21.765666961669922		20.320730268592836		1.155269867706299		2.310539735412598
7		20.23317575699184		15.856826782226562		15.037497707099915		1.071531512451172		2.143063024902344
8		20.074945238011423		25.20126724243164		23.417719100875853		1.0474389106750488		2.0948778213500976
9		20.181359832000453		19.98440933227539		20.82777354156494		0.9888656963348389		1.9777313926696778
10		20.148442647012416		10.98775577545166		16.12085004169464		0.9634534264564514		1.9269068529129028
11		20.278456132975407		2.2366180419921875		3.2900962644195557		0.8527711040496826		1.7055422080993652
12		20.236770529998466		1.7006109952926636		2.243549182090759		0.7050978562831879		1.4101957125663758
13		20.257245409011375		1.5945932865142822		2.0511826441955567		0.5550399507522583		1.1100799015045166
14		20.156645859999117		1.4641050100326538		1.8827728166770934		0.49860659093856813		0.9972131818771363
15		20.151929348008707		1.4301049709320068		1.8332408680725099		0.4509367789030075		0.901873557806015
16		20.255729052994866		1.2862520217895508		1.6687021977043153		0.5913783417224884		1.1827566834449768
17		20.270746722002514		1.322778582572937		1.7006425097084046		0.40524908123016357		0.8104981624603271
18		20.211412163975183		1.3047244548797607		1.6784061936569215		0.37007895467281343		0.7401579093456269
19		20.14965838304488		1.1681588888168335		1.5384540134811402		0.34732569761276244		0.6946513952255249
20		20.11434021999594		1.150168538093567		1.5181453271102905		0.3376743445158005		0.675348689031601
21		20.179742214968428		1.2578580379486084		1.6215784016227721		0.3238047240257263		0.6476094480514526
22		20.149243513995316		1.1394380331039429		1.5026847706031798		0.43113092665672303		0.8622618533134461
23		20.213048371020705		1.1447652578353882		1.5084102600574494		0.3557847193479538		0.7115694386959076
24		20.288818199012894		1.1029284000396729		1.4633700133895875		0.2895418849110603		0.5790837698221206
25		20.355069963028654		1.270521640777588		1.6327350064659119		0.45830551810264586		0.9166110362052917
26		20.264722007967066		1.1285368204116821		1.4937481056499482		0.2905401418685913		0.5810802837371826
27		20.144493203959428		1.1253477334976196		1.4843996745491028		0.4509021912097931		0.9018043824195862
28		20.148499523987994		1.1477586030960083		1.5080309606075286		0.27026831645965577		0.5405366329193115
29		20.319784072984476		1.2633155584335327		1.6178114395236969		0.3231016383886337		0.6462032767772674
30		20.401528826041613		1.1222892999649048		1.4879298150539397		0.613571778345108		1.227143556690216
31		20.36382882198086		1.1944571733474731		1.5503370594978332		0.2572679626107216		0.5145359252214432
32		20.465974065009505		1.0433820486068726		1.4067567561244965		0.2489390120625496		0.4978780241250992
33		20.460976935981307		1.0979787111282349		1.453932434654236		0.8960125825405121		1.7920251650810242
34		20.372565898054745		1.1774288415908813		1.5349829220485687		0.24992269450426102		0.49984538900852205
35		20.40597688202979		1.065624713897705		1.423514503288269		0.2402201212286949		0.4804402424573898
36		20.27131109603215		1.115323543548584		1.469214206418991		0.2421926869392395		0.484385373878479
37		20.24516244599363		1.0798802375793457		1.4348999642848967		0.2485132729768753		0.4970265459537506
38		20.415298717969563		1.0811105966567993		1.4411771808815002		0.22518351162672043		0.45036702325344086
39		20.305588988005184		1.1197606325149536		1.4766393972301484		0.23553870939016341		0.47107741878032683
40		20.214028773014434		1.1497747898101807		1.5021597565460205		0.23209237605333327		0.46418475210666654
41		20.23884183401242		1.050316572189331		1.4064856224632263		0.21566538375616073		0.43133076751232147
42		20.168771911005024		1.0353258848190308		1.394582156085968		0.24620026704072953		0.49240053408145906
43		20.26833788800286		1.115565538406372		1.4674858951950074		0.3359016872882843		0.6718033745765686
44		20.171691546973307		1.01603102684021		1.3745463044166566		0.20747448806762694		0.4149489761352539
45		20.33845962700434		1.1139707565307617		1.47259709649086		0.20953687561750411		0.41907375123500823
46		20.36261198896682		1.1156469583511353		1.4726304257965088		0.20744332283735276		0.4148866456747055
47		20.22522987704724		1.008097767829895		1.3654584674930572		0.19690340676307677		0.39380681352615354
48		20.21116470702691		1.0954391956329346		1.4516690749263763		0.2239773185491562		0.4479546370983124
49		20.243627416959498		1.051684856414795		1.4107036330890657		0.19615650639533996		0.3923130127906799
50		20.328907910967246		1.0541507005691528		1.410767564868927		0.20127523353099824		0.4025504670619965
51		20.391523013007827		1.0530112981796265		1.4140594619750977		0.24152935217618943		0.48305870435237885
52		20.23367036995478		1.0745681524276733		1.4339440733528137		0.2047466985821724		0.4094933971643448
53		20.29592905100435		1.0299268960952759		1.3862953544425964		0.2064032854437828		0.4128065708875656
54		20.22658657300053		1.0888797044754028		1.4420618875408173		0.19083270193338395		0.3816654038667679
55		20.333681539981626		1.0076005458831787		1.359257004957199		0.816016854763031		1.632033709526062
56		20.308487839007284		0.9885357022285461		1.3493769870185852		0.19853599907159805		0.3970719981431961
57		20.21811642398825		1.0133525133132935		1.3709863942337037		0.2128512989282608		0.4257025978565216
58		20.22324140398996		1.0759105682373047		1.4248244631767273		0.19647863005399704		0.3929572601079941
59		20.262421601975802		1.0313585996627808		1.3917850947809218		0.18959383630752563		0.37918767261505126
60		20.283715341996867		1.0417797565460205		1.3952613063049317		0.241224329161644		0.482448658323288
61		20.203847262018826		1.0536439418792725		1.414330873131752		0.20989875708818437		0.41979751417636874
62		20.21224425197579		0.9810702204704285		1.3392973255968095		0.22612908091545106		0.4522581618309021
63		20.220385289983824		0.9978132843971252		1.3579453583955765		0.19394293318986894		0.3878858663797379
64		20.30849006801145		1.0765899419784546		1.4335735159635543		0.18000988944768906		0.3600197788953781
65		20.451280263019726		0.955658495426178		1.3157573570013046		0.20159795727729798		0.40319591455459597
66		20.513629319961183		1.1540069580078125		1.5088426101398469		0.37853376054763793		0.7570675210952759
67		20.37484881898854		1.0429809093475342		1.4017789669322966		0.31570842332839966		0.6314168466567993
68		20.280165104952175		0.9865661263465881		1.3454283274269103		0.18442565319538118		0.36885130639076236
69		20.35442555998452		1.0129544734954834		1.3623587379407882		0.29441955425739286		0.5888391085147857
70		20.392188989033457		0.9774720668792725		1.3338249567699432		0.23166147470474244		0.4633229494094849
71		20.28366446500877		0.994147777557373		1.3523488744735719		0.19685189281702042		0.39370378563404085
72		20.306820440047886		1.127516508102417		1.4793291309165955		0.19185179204940797		0.38370358409881594
73		20.29369407298509		1.0438984632492065		1.3973503851938247		0.17804536488056183		0.35609072976112366
74		20.26966376096243		0.9618688821792603		1.3169889342594148		0.1675490474820137		0.3350980949640274
75		20.188479723990895		0.9849442839622498		1.3392990983676911		0.17379514887332917		0.34759029774665834
76		20.254949394031428		1.0063402652740479		1.3600952438259124		0.33459554060697555		0.6691910812139511
77		20.283385402988642		1.106550931930542		1.4616194341230393		0.2983488114953041		0.5966976229906082
78		20.239988302986603		1.012269377708435		1.3587051412963866		0.16015154161453246		0.3203030832290649
79		20.255119070003275		1.0037031173706055		1.362986514658928		0.2889454257965088		0.5778908515930176
80		20.23712753498694		1.0178098678588867		1.3729575958776474		0.17041923122406005		0.3408384624481201
81		20.30446320498595		1.0717793703079224		1.4276841001796723		0.16236491298675537		0.32472982597351074
82		20.33392222900875		0.989645779132843		1.3417537358903886		0.1945018077492714		0.3890036154985428
83		20.405073231027927		0.9265031814575195		1.282031240119934		0.23800620710849762		0.47601241421699525
84		20.403991012019105		1.0096019506454468		1.3704117556142807		0.17643496965169905		0.3528699393033981
85		20.303877972008195		1.0757197141647339		1.4240588246965409		0.19885040147304536		0.3977008029460907
86		20.35308079898823		0.9729999899864197		1.3268882295703888		0.1550962071955204		0.3101924143910408
87		20.353505028004292		1.0588352680206299		1.4073106589603424		0.19433296307325362		0.38866592614650725
88		20.475249101989903		1.0565032958984375		1.4074933356046677		0.32960995045900343		0.6592199009180069
89		20.536307838978246		0.9878664016723633		1.3419021457386018		0.1483966848373413		0.2967933696746826
90		20.500373841961846		1.0206435918807983		1.3748842094993592		0.18361639133691787		0.36723278267383574
91		20.550998932041693		0.9231589436531067		1.2846916945028306		0.15680681281089784		0.3136136256217957
92		20.49230181699386		0.9546006917953491		1.3107468880701065		0.15060045055150986		0.3012009011030197
93		20.43334883596981		1.0549553632736206		1.4056180010414123		0.19696667511463165		0.3939333502292633
94		20.33384840004146		0.9539571404457092		1.3098368280172348		0.15738338136076926		0.31476676272153853
95		20.423849058977794		1.0561225414276123		1.4065320519828797		0.14894976489543915		0.2978995297908783
96		20.32778056303505		1.012678623199463		1.3656240980958938		0.15494678788781166		0.3098935757756233
97		20.350817607017234		0.9235817193984985		1.2785736437940598		0.27053335502147674		0.5410667100429535
98		20.437693865038455		1.0343499183654785		1.3871766168546678		0.20773954607248307		0.41547909214496614
99		20.433121696987655		0.9637632369995117		1.321823268008232		0.1479517681002617		0.2959035362005234
100		20.394805731019005		1.1128356456756592		1.460094146990776		0.19517536734342575		0.3903507346868515
101		20.343749979976565		0.9344257712364197		1.2897159753274918		0.1652240112066269		0.3304480224132538
102		20.324610890995245		0.93113112449646		1.2851716124105454		0.14689997437596322		0.29379994875192644
103		20.403522301989142		1.0630178451538086		1.4247444003486633		0.16512154144644736		0.3302430828928947
104		20.413579260988627		0.9534176588058472		1.312931755900383		0.1503136072397232		0.3006272144794464
105		20.326266003015917		0.9693100452423096		1.3259787972068786		0.21784719883203507		0.43569439766407014
106		20.406452349969186		0.9897758960723877		1.3508838988590242		0.16885325314998625		0.3377065062999725
107		20.40310395997949		1.1529802083969116		1.507797107024193		0.21115877026319504		0.4223175405263901
108		20.326032340992242		0.9209071397781372		1.2810937465524674		0.20578216313123704		0.4115643262624741
109		20.327347550948616		0.9136044979095459		1.2749419540643692		0.134719319576025		0.26943863915205
110		20.348746987001505		1.0097090005874634		1.363189262599945		0.14650085986852646		0.2930017197370529
111		20.293183396046516		1.0454996824264526		1.3942525205659866		0.13742946135401726		0.2748589227080345
112		20.43951943103457		0.9669370651245117		1.3308012502670288		0.18059686890244483		0.36119373780488967
113		20.593837541993707		1.0556482076644897		1.4090767599201202		0.1619588242292404		0.3239176484584808
114		20.48299239896005		0.9339468479156494		1.2960362770986558		0.32325843181014063		0.6465168636202813
115		20.442576100002043		0.9208632707595825		1.2826378236484528		0.1362254679441452		0.2724509358882904
116		20.366619957028888		0.976961076259613		1.3326799218559264		0.2663716020822525		0.532743204164505
117		20.320685334969312		0.9562438726425171		1.3118607011461259		0.14745337870717048		0.29490675741434097
118		20.299567173991818		1.0071948766708374		1.3624615311479569		0.13102936860918998		0.26205873721837997
119		20.290531318983994		1.0445564985275269		1.3945339801311494		0.19895698424577712		0.39791396849155425
120		20.338732139964122		0.9543572664260864		1.3117176469087601		0.25127166795730593		0.5025433359146119
121		20.318537518032826		1.0170865058898926		1.3737252072143555		0.20759504089355468		0.41519008178710937
122		20.33126866602106		0.9969351887702942		1.3471578541612625		0.20960423560142516		0.4192084712028503
123		20.285885334014893		0.950294017791748		1.3078341328716279		0.18157628889083863		0.36315257778167725
124		20.31537266803207		0.9137341976165771		1.2724089955949784		0.51698973736763		1.03397947473526
125		20.35425281903008		0.9579399228096008		1.3093138469266892		0.12749623732566834		0.2549924746513367
126		20.358994144015014		0.9789132475852966		1.3363194784736634		0.17054294217824936		0.3410858843564987
127		20.376220314996317		1.012363076210022		1.3644421911525726		0.1751065273463726		0.3502130546927452
128		20.382697795983404		0.972561776638031		1.339604874215126		0.12884755960702896		0.2576951192140579
129		20.408092233992647		0.9890490174293518		1.3550025609588623		0.2903665889322758		0.5807331778645516
130		20.49883095099358		0.9075437188148499		1.263528984770775		0.7289451321840287		1.4578902643680574
131		20.460811079014093		0.9502413868904114		1.310040564055443		0.1557168264567852		0.3114336529135704
132		20.542255375010427		1.0022101402282715		1.3516096649742126		0.14242868032455444		0.2848573606491089
133		20.61184081598185		0.9682865142822266		1.3244619599580765		0.13169323241710662		0.26338646483421324
134		20.5785502709914		0.9521706700325012		1.3087887774658202		0.2389910198688507		0.4779820397377014
135		20.445004653010983		0.910254716873169		1.2706481608724594		0.14051912102103234		0.2810382420420647
136		20.32691997499205		1.0144590139389038		1.3682404091548919		0.15761211647987367		0.31522423295974733
137		20.37815102399327		0.9331351518630981		1.2919362738990783		0.16499174216389656		0.3299834843277931
138		20.40895258000819		0.927167534828186		1.2850509939622878		0.22115056129693986		0.4423011225938797
139		20.38095030398108		1.0414166450500488		1.401271125512123		0.20786315462589264		0.4157263092517853
140		20.39739014703082		0.9794978499412537		1.3387843404245376		0.16791873565912246		0.33583747131824493
141		20.34803524898598		1.004023551940918		1.3568102154684067		0.16759225325584412		0.33518450651168824
142		20.32027015800122		0.9621464014053345		1.3170015499687195		0.12162584265470505		0.2432516853094101
143		20.34014667099109		1.0524449348449707		1.4036193410205842		0.13243368898630142		0.26486737797260285
144		20.425108136958443		0.9568196535110474		1.312147606229782		0.24996366445422172		0.49992732890844344
145		20.46208586799912		1.0381417274475098		1.3945990093708038		0.1887022986114025		0.377404597222805
146		20.52341902401531		1.1476300954818726		1.4987439697027207		0.1364319636940956		0.2728639273881912
147		20.50830705196131		0.9336100816726685		1.288537469058037		0.13599218502640725		0.2719843700528145
148		20.527473417983856		0.9212929606437683		1.282159266357422		0.17156075424551964		0.3431215084910393
149		20.392752093961462		0.9662951827049255		1.324262803645134		0.1306692742943764		0.2613385485887528
150		20.39327866199892		0.9121369123458862		1.2638429131269455		0.12079496204257012		0.24158992408514024
151		20.364824056974612		1.0555503368377686		1.407041318693161		0.22381169115900992		0.44762338231801985
152		20.435299106000457		0.8998138308525085		1.2569809283542632		0.11934205114245415		0.2386841022849083
153		20.355872335028835		1.0600078105926514		1.4106213414144515		0.12680757370591164		0.2536151474118233
154		20.475617431977298		0.9347684979438782		1.2943832565879823		0.7441785954475403		1.4883571908950806
155		20.501099575019907		0.9984501600265503		1.357184183192253		0.2846627357840538		0.5693254715681076
156		20.48706207203213		0.9294782280921936		1.2883108762264253		0.1324865326344967		0.2649730652689934
157		20.427758495963644		0.9331236481666565		1.292512600402832		0.1373714343547821		0.2747428687095642
158		20.65220218099421		1.0016933679580688		1.362005115466118		1.4463302287101745		2.892660457420349
159		20.523386793967802		0.9478243589401245		1.3036126206064225		0.16246933010816575		0.3249386602163315
160		20.415051294025034		0.8985787034034729		1.2578857827377319		0.14238861974477768		0.28477723948955536
161		20.54253441299079		0.9231279492378235		1.2804775678396225		0.12523723907470702		0.25047447814941404
162		20.543829041009303		0.9885727167129517		1.346165727968216		0.138247020560503		0.276494041121006
163		20.5831916500465		0.9395658373832703		1.3025189231872558		0.14521702795028688		0.29043405590057375
164		20.54987078398699		0.9827399253845215		1.3390552419948578		0.12913074534535407		0.25826149069070814
165		20.50595354102552		0.9411422610282898		1.2926134799432754		0.15191847659349442		0.30383695318698883
166		20.526524248998612		0.9587445855140686		1.3159854580640793		0.13956177899837494		0.27912355799674987
167		20.397203631990124		0.8819258213043213		1.2409088796138763		0.11801271032094955		0.2360254206418991
168		20.569431107956916		1.0359389781951904		1.3893218933343887		0.30812966214418414		0.6162593242883683
169		20.583157837041654		0.9680585861206055		1.3253530064678192		0.13616899418234826		0.2723379883646965
170		20.673177396995015		0.9470633268356323		1.300129953918457		0.3046975054383278		0.6093950108766556
171		20.69139037601417		0.9269454479217529		1.2874584987354278		0.3035389779448509		0.6070779558897018
172		20.60509175498737		0.937961995601654		1.2938527718830108		0.37671572074890136		0.7534314414978027
173		20.58512795297429		0.9668020606040955		1.3215791705513		0.11803526406288146		0.23607052812576293
174		20.445256901031826		0.9303661584854126		1.2943073448467255		0.18979491386413574		0.3795898277282715
175		20.73105115996441		0.9416247606277466		1.3071773644590379		0.12266922369599342		0.24533844739198685
176		20.739143684040755		0.8861327171325684		1.246643294172287		0.23526203249692917		0.47052406499385835
177		20.65581248397939		0.9490405917167664		1.307604221868515		0.12386303362250328		0.24772606724500656
178		20.70430496701738		0.9302837252616882		1.2908184352636338		0.12434250210523605		0.2486850042104721
179		20.677632506005466		0.9752002358436584		1.3244014960622787		0.16130727433562278		0.32261454867124556
180		20.472194025001954		0.9428648948669434		1.2988885592746735		0.14048817191123963		0.28097634382247927
181		20.507180761022028		0.9380974769592285		1.2960445058679582		0.11824629285931587		0.23649258571863174
182		20.56628011999419		0.9786844253540039		1.3375884814548493		0.11603707909584045		0.2320741581916809
183		20.608307497983333		0.9326522350311279		1.2947376701259612		0.12079533042311669		0.24159066084623337
184		20.639896586013492		0.9642629623413086		1.320965575633049		0.1272196144938469		0.2544392289876938
185		20.5822052769945		0.9244552254676819		1.287884944281578		0.10994892517924308		0.21989785035848616
186		20.387381351029035		0.9064860939979553		1.2649081989097595		0.10735708198547363		0.21471416397094725
187		20.514571890002117		0.9911170601844788		1.352949375998974		0.1565659015595913		0.3131318031191826
188		20.509369477978908		0.9044008851051331		1.2623209879922868		0.11633727182149887		0.23267454364299775
189		20.542758794967085		1.0627384185791016		1.4100055477046967		0.27942567882537844		0.5588513576507569
190		20.600551576993894		0.9282693266868591		1.28902098623991		0.11783701620697976		0.2356740324139595
191		20.55624391103629		0.898865818977356		1.256459018819332		0.13322332815527915		0.2664466563105583
192		20.534040303959046		0.9703794121742249		1.3303147318887711		0.12531042850613594		0.2506208570122719
193		20.476718842983246		0.9158502817153931		1.2769161903762818		0.10755531194806099		0.21511062389612198
194		20.420447918993887		0.9671990871429443		1.322710788164139		0.3080133850514889		0.6160267701029778
195		20.426628991030157		0.9666954278945923		1.322295057697296		0.23703617166876792		0.47407234333753584
196		20.422545487992465		0.9538367986679077		1.313871779870987		0.12588477105498314		0.25176954210996627
197		20.362949080008548		0.9117220640182495		1.2711498462367057		0.12809791175723076		0.2561958235144615
198		20.486568488995545		0.9824774861335754		1.3410641888570785		0.11135456804037094		0.2227091360807419
199		20.53900916595012		0.8901403546333313		1.2502157997012138		0.11045917320251465		0.2209183464050293
200		20.543433023965918		0.960378885269165		1.3133809597206116		0.11666453607082367		0.23332907214164733
201		20.576702925027348		0.9375478625297546		1.2904550766944884		0.2671648842692375		0.534329768538475
202		20.41764018300455		0.9769618511199951		1.3264966294765472		0.17871027676463128		0.35742055352926255
203		20.40644605597481		0.9316203594207764		1.290167687907219		0.11415363603830338		0.22830727207660675
204		20.42641553800786		1.0218974351882935		1.3757782235002518		0.1128250084400177		0.2256500168800354
205		20.40396112803137		1.0241001844406128		1.3754468613052369		0.1350192803621292		0.2700385607242584
206		20.423751326976344		0.8941214084625244		1.2536741440916062		0.10757704454660416		0.21515408909320832
207		20.502883228007704		0.9571015238761902		1.315596297454834		0.1186541976571083		0.2373083953142166
208		20.518169087008573		0.8916563987731934		1.2552722049951552		0.11652988460659981		0.23305976921319962
209		20.62644696998177		0.9622121453285217		1.3238973351430894		0.10450877900719642		0.20901755801439284
210		20.477979969000444		0.8901355266571045		1.2526379016423226		0.39838597357273103		0.7967719471454621
211		20.448852046974935		0.9749951958656311		1.3309371380186081		0.10788407756090164		0.21576815512180328
212		20.42087700898992		0.8689974546432495		1.2279342403960227		0.2328258779644966		0.4656517559289932
213		20.496722707990557		0.9611894488334656		1.3166551019859314		0.11836522768139839		0.23673045536279677
214		20.47511655499693		0.9630905389785767		1.321930960433483		0.24412443928718566		0.4882488785743713
215		20.48279459204059		0.9323432445526123		1.2911605457162858		0.10626376198530198		0.21252752397060395
216		20.404812866006978		0.9119575023651123		1.2748082911705971		0.10875751509666443		0.21751503019332885
217		20.418184178997763		0.9372734427452087		1.2957201430225371		0.19025661168694497		0.38051322337388993
218		20.65903043898288		0.955333948135376		1.315401899652481		0.1270999530673027		0.2541999061346054
219		20.61536969000008		0.9363029599189758		1.2970356087732315		0.21296817594766618		0.42593635189533235
220		20.68871867499547		0.9090519547462463		1.2685284920477866		0.10636263654828071		0.21272527309656142
221		20.400987615983468		0.9340345859527588		1.2945127324533463		0.11147809851169586		0.22295619702339173
222		20.401898087002337		0.925486147403717		1.283155403418541		0.11604229620695114		0.23208459241390228
223		20.401401726005133		0.9205861687660217		1.2834202903866767		0.10696069028377533		0.21392138056755067
224		20.373063867969904		0.8891439437866211		1.2503905582046508		0.14843803203105926		0.2968760640621185
225		20.411903627973516		0.8763404488563538		1.2399180852723122		0.12701323819160462		0.25402647638320924
226		20.48185941198608		0.917691171169281		1.276169647579193		0.1246511067032814		0.2493022134065628
227		20.452435829967726		0.9898595809936523		1.3447734960412978		0.10475735712051391		0.20951471424102783
228		20.443354024959262		0.9392306208610535		1.2970414927840233		0.17091159784793855		0.3418231956958771
229		20.56208071799483		0.9126156568527222		1.2746218696594238		0.2523586088895798		0.5047172177791596
230		20.592035670997575		0.9418655037879944		1.308109573264122		0.11553039284944534		0.23106078569889069
231		20.63248372601811		0.9234482049942017		1.2782906099128724		0.11171197682023049		0.22342395364046097
232		20.684333671000786		0.9245513081550598		1.2784004000091553		0.11581622923016548		0.23163245846033095
233		20.67431634303648		0.9549466371536255		1.3126344772982597		0.12518671289682387		0.25037342579364774
234		20.757308472995646		0.9371888041496277		1.2899748225784302		0.10781030532121659		0.21562061064243318
235		20.65759827499278		1.1306390762329102		1.478414149646759		0.3814352467775345		0.762870493555069
236		20.647722891997546		0.8974568247795105		1.2586484881067277		0.10140024282932282		0.20280048565864564
237		20.618725491978694		0.9669927358627319		1.317013589823246		0.1009864293217659		0.2019728586435318
238		20.572024522989523		0.9290435910224915		1.2909718009352684		0.11320064423084258		0.22640128846168517
239		20.602387379971333		0.9221798777580261		1.2798764244794845		0.14751666157841684		0.29503332315683367
240		20.54227447701851		0.9248948097229004		1.2871793912220002		0.10209734649658203		0.20419469299316406
241		20.556047497026157		0.969473659992218		1.3272408623075485		0.6400537065267563		1.2801074130535126
242		20.576238109963015		0.921333909034729		1.276033748729229		0.14254685045480728		0.28509370090961456
243		20.568801567016635		0.9349679350852966		1.2927652768445015		0.1432760768055916		0.2865521536111832
244		20.5372935020132		0.9544647336006165		1.309286822414398		0.12585117646455765		0.2517023529291153
245		20.75081274501281		0.937105655670166		1.3024426183748246		0.09988280197381973		0.19976560394763945
246		20.70245992700802		0.9531282782554626		1.3117106143379211		0.1949720108926296		0.3899440217852592
247		20.718797067005653		0.9409260153770447		1.3014298215436935		0.1212394775390625		0.242478955078125
248		20.748890755989123		0.8836036324501038		1.2459975045871734		0.10673366162776947		0.21346732325553894
249		20.613078234018758		1.1024625301361084		1.4489995907640456		0.2944177467405796		0.5888354934811592
250		20.660127601993736		0.9155721664428711		1.2751697652721405		0.2575176540970802		0.5150353081941604
251		20.714373899041675		1.0190287828445435		1.3713545217204095		0.1062498043179512		0.2124996086359024
252		20.67768150998745		0.9093481302261353		1.2669249881124496		0.12729448152184486		0.2545889630436897
253		20.62893552199239		0.9551033973693848		1.3111892101430893		0.10806402143239975		0.2161280428647995
254		20.505174575955607		0.9113544225692749		1.2778705495166778		0.2550587316572666		0.5101174633145332
255		20.46065715199802		0.8975909948348999		1.255316531074047		0.1186959697008133		0.2373919394016266
256		20.468454649031628		0.9210036993026733		1.2808928272390365		0.10092788195610046		0.20185576391220092
257		20.66519385902211		0.9117526412010193		1.2699841912078857		0.2858581068217754		0.5717162136435509
258		20.59990510897478		0.9601008296012878		1.313761633298397		0.10414540792703629		0.20829081585407258
259		20.560535383003298		0.9058049917221069		1.263533005065918		0.09890888152718544		0.19781776305437088
260		20.579823239997495		0.9431547522544861		1.3021210890507697		0.14084760266542434		0.2816952053308487
261		20.631906708003953		0.9227241277694702		1.2901442584419252		0.09794176675677299		0.19588353351354598
262		20.75434932904318		0.9879341125488281		1.3394833459591866		0.10132569439411164		0.20265138878822328
263		20.72473523800727		0.8983317017555237		1.2564892848968505		0.26807353147864343		0.5361470629572869
264		20.757819064019714		0.9228606224060059		1.2785926609873772		0.09731114432811737		0.19462228865623474
265		20.752829824981745		0.9276021718978882		1.2887741330647469		0.14800844559073448		0.29601689118146896
266		20.70860876404913		0.849459171295166		1.2108578820753098		0.0974208903670311		0.1948417807340622
267		20.67069768096553		0.9960113763809204		1.349888563363552		0.1705947299361229		0.3411894598722458
268		20.691461457987316		0.9202068448066711		1.282441054942608		0.15500204414129257		0.31000408828258513
269		20.71155018999707		0.9073967933654785		1.2739434342813492		0.12122075669765472		0.24244151339530945
270		20.510077576036565		0.9016041159629822		1.2606934606266023		0.14402826412916184		0.2880565282583237
271		20.581555675016716		0.9057019948959351		1.265895738887787		0.10518376014828681		0.21036752029657363
272		20.625006793998182		0.8625569939613342		1.226781416323185		0.0986129901766777		0.1972259803533554
273		20.634597134951036		0.9781098365783691		1.3306272960734367		0.18506835428476334		0.3701367085695267
274		20.5674572190037		0.8631795644760132		1.2297063702702522		0.25469518718123435		0.5093903743624687
275		20.5551623859792		0.9632452130317688		1.3234943151521683		0.09705230481624604		0.19410460963249207
276		20.602656998031307		1.0049906969070435		1.3534639274549485		0.17543823047876358		0.35087646095752717
277		20.661058165016584		0.9267339706420898		1.2799488028860093		0.1366022417783737		0.2732044835567474
278		20.663876742008142		0.9399807453155518		1.2987537000727654		0.09924243691563606		0.1984848738312721
279		20.699627096008044		0.9735977649688721		1.335739287981987		0.09628048840165138		0.19256097680330275
280		20.60651075700298		0.9583863019943237		1.31970835791111		0.10564305358529091		0.21128610717058183
281		20.46869573602453		0.9398218393325806		1.295597236623764		0.26690449208021166		0.5338089841604233
282		20.43340708001051		0.8982078433036804		1.2650618635272979		0.10221097092032433		0.20442194184064866
283		20.565751803980675		0.9192790389060974		1.2749381803870201		0.10240752178430557		0.20481504356861113
284		20.5239632629673		0.9617036581039429		1.3201870471167565		0.09835297313928604		0.19670594627857207
285		20.50083443202311		0.8736014366149902		1.2312504928255081		0.13413201907277109		0.26826403814554217
286		20.49826653598575		0.8847963809967041		1.250810306069851		0.1058862890303135		0.211772578060627
287		20.552760949009098		0.9150475263595581		1.2760739008498192		0.13699134309291838		0.27398268618583677
288		20.526494540041313		0.888256311416626		1.2487002578735351		0.187974363386631		0.375948726773262
289		20.5025926430244		0.9150843620300293		1.2709265263032914		0.11990374118685722		0.23980748237371444
290		20.497737633995712		0.8648620247840881		1.2236614873814582		0.12627419285178185		0.2525483857035637
291		20.53625155496411		0.8792650699615479		1.2414943837118149		0.0968494457423687		0.1936988914847374
292		20.555869362025987		0.8880806565284729		1.2480786831450463		0.0971659860253334		0.1943319720506668
293		20.528458897024393		0.8919546604156494		1.2603527245259285		0.09455201388597488		0.18910402777194976
294		20.550528405001387		0.9548793435096741		1.309013125433922		0.10351261745095253		0.20702523490190505
295		20.487043634988368		0.9265519380569458		1.2841212232708932		0.31451955530047415		0.6290391106009483
296		20.49904330499703		0.9432644248008728		1.2937571631646156		0.09490940100550652		0.18981880201101303
297		20.543759062013123		0.9162992835044861		1.273083216471672		0.10893657163977623		0.21787314327955246
298		20.552080370951444		0.870242714881897		1.2272686499214172		0.12426266430020333		0.24852532860040666
299		20.49249500397127		0.9862623810768127		1.3401207559895516		0.18585765052437783		0.37171530104875566
300		20.548230097978376		0.932776927947998		1.2962127965950967		0.10092609940767289		0.20185219881534577
301		20.5281849920284		1.0178906917572021		1.3805615253663064		0.10243029099106789		0.20486058198213578
302		20.487474067951553		0.8768086433410645		1.2367117521691322		0.10383641539812088		0.20767283079624177
303		20.545931982982438		0.8878310918807983		1.2377411129832268		0.0981748966217041		0.1963497932434082
304		20.54617505997885		0.9551270008087158		1.3206073847413062		0.09416880762577057		0.18833761525154114
305		20.534269775031134		0.8374861478805542		1.2025598488545417		0.0956799400150776		0.1913598800301552
306		20.60254198400071		0.9376223087310791		1.2933737052226066		0.0942021465599537		0.1884042931199074
307		20.594175282982178		0.9258188605308533		1.2830120460677148		0.1067814893603325		0.213562978720665
308		20.643262373981997		0.8802042603492737		1.2430241043877601		0.11191815978884696		0.22383631957769393
309		20.492029413988348		0.9347642660140991		1.3013032971191407		0.18065491218566895		0.3613098243713379
310		20.510173519025557		0.9371023178100586		1.2958404922771454		0.09591524842977524		0.19183049685955048
311		20.722752452013083		0.8688530921936035		1.2306856387710572		0.09493249568343162		0.18986499136686324
312		20.514515375019982		0.8893420100212097		1.2509608952951432		0.40728559309244156		0.8145711861848831
313		20.498950558016077		1.0352935791015625		1.383200872759819		0.1270632434606552		0.2541264869213104
314		20.561636309023015		0.9260928630828857		1.283366492073536		0.1775341216146946		0.3550682432293892
315		20.602385306032375		0.9174408316612244		1.2821333015608787		0.6371831115067005		1.274366223013401
316		20.495797077950556		0.9262739419937134		1.2852820473456383		0.10082955957651138		0.20165911915302276
317		20.537803103972692		0.8805704712867737		1.2409897442936897		0.09311662201881409		0.18623324403762817
318		20.44188508501975		0.9324322938919067		1.2928145898103713		0.17481944143772124		0.3496388828754425
319		20.436821637966204		0.8684259653091431		1.2312495973348618		0.11966864931583404		0.23933729863166808
320		20.458531074982602		0.8875750303268433		1.2470624842095375		0.12028041064739227		0.24056082129478454
321		20.544589507044293		0.8997203707695007		1.2623305224728585		0.10325305240750313		0.20650610481500625
322		20.598538468009792		0.9097410440444946		1.2739993653512		0.121777982711792		0.243555965423584
323		20.62538238900015		0.8867889046669006		1.250029096107483		0.0953398766875267		0.1906797533750534
324		20.681927469966467		0.9136683940887451		1.2724365614581108		0.10331775025725365		0.2066355005145073
325		20.653945613012183		0.8664171099662781		1.2330485347771645		0.12231788163781165		0.2446357632756233
326		20.507360948016867		0.8893258571624756		1.2507039873170853		0.2867087180674076		0.5734174361348152
327		20.699719766969793		0.8479461669921875		1.2089185249423982		0.15312815294861792		0.30625630589723585
328		20.763484056980815		0.8660880327224731		1.2252144735980033		0.11822898493409156		0.23645796986818313
329		20.717241192003712		0.9031200408935547		1.2559012339568139		0.09505787566900253		0.19011575133800507
330		20.62233597098384		0.8845223188400269		1.2409373290586472		0.14124174276590348		0.28248348553180697
331		20.54077335598413		0.9747313261032104		1.3342639969420433		0.10247587522864342		0.20495175045728684
332		20.60424737998983		0.8590984344482422		1.2230352308750152		0.15063751780390738		0.30127503560781477
333		20.63594731298508		0.8924564123153687		1.254108008737564		0.1090076015472412		0.2180152030944824
334		20.6455581850023		0.9239242672920227		1.285854646475315		0.0922746865093708		0.1845493730187416
335		20.667395625961944		0.8640145063400269		1.234844757282734		0.17699323990345		0.3539864798069
336		20.5429570240085		0.966464102268219		1.3239503260350227		0.1073046396791935		0.214609279358387
337		20.57354185899021		0.8605059385299683		1.2227584421110154		0.09332858159542083		0.18665716319084166
338		20.42709548503626		0.9049801826477051		1.263774141049385		0.10342654520869254		0.2068530904173851
339		20.485359774029348		0.8732301592826843		1.2361990424847602		0.09402781592011451		0.18805563184022903
340		20.638136425986886		0.9872725605964661		1.341788518023491		0.11202186456918717		0.22404372913837434
341		20.66408744902583		0.8454155921936035		1.2086223186659812		0.0949861020743847		0.1899722041487694
342		20.664791603048798		0.9559996128082275		1.3132017263650895		0.09111140577793121		0.18222281155586242
343		20.517691355024		0.9045451283454895		1.2580155589675903		0.3145787416100502		0.6291574832201005
344		20.528382793010678		0.9045099020004272		1.259498595302105		0.10073346887230873		0.20146693774461746
345		20.44800417701481		0.9938160181045532		1.3467459752702713		0.09511061091423034		0.19022122182846068
346		20.458147972007282		0.8802109360694885		1.2502856673192977		0.14621640823483467		0.29243281646966934
347		20.380515504046343		0.9078139066696167		1.2687972848272324		0.09557847737669944		0.1911569547533989
348		20.42828027199721		0.9937019348144531		1.346624167854786		0.4107323017776012		0.8214646035552025
349		20.491608279000502		0.8823202848434448		1.2405093095755577		0.10098272042274475		0.2019654408454895
350		20.4236737099709		0.9172428846359253		1.2727676706552506		0.09272173860669136		0.18544347721338272
351		20.468711488996632		0.8766273856163025		1.2422528521537781		0.0931667620241642		0.1863335240483284
352		20.40076142398175		0.9233214855194092		1.2867805045771599		0.11277290919423104		0.22554581838846208
353		20.423068126954604		0.9283313155174255		1.2811079623293877		0.11010900207161903		0.22021800414323806
354		20.432675852964167		0.9235876202583313		1.2853810594320296		0.10494805365204811		0.20989610730409622
355		20.406930656987242		0.8499871492385864		1.207769380223751		0.09260207077562808		0.18520414155125617
356		20.40834751998773		0.9054835438728333		1.2666730455589295		0.14669350134730338		0.29338700269460677
357		20.650979481986724		0.9107918739318848		1.2767509360218048		0.0893990563929081		0.1787981127858162
358		20.536434035981074		0.8853615522384644		1.2479990469622613		0.13475607169270515		0.2695121433854103
359		20.574450444953982		0.9200838208198547		1.2789415007019043		0.09153946637511254		0.18307893275022508
360		20.560976659005973		0.8760515451431274		1.2323573594856263		0.13794925990104676		0.2758985198020935
361		20.619197828986216		1.0269677639007568		1.3731057835960387		0.0933672390282154		0.1867344780564308
362		20.575377835019026		0.8722031116485596		1.233547012784481		0.12296718747615815		0.2459343749523163
363		20.41310555295786		0.9421259164810181		1.3164129168367387		0.2098960003733635		0.419792000746727
364		20.452575634990353		0.998759925365448		1.3448518591213225		0.08905662662088872		0.17811325324177743
365		20.520749570976477		0.8599184155464172		1.2239288836550712		0.15859251039624214		0.3171850207924843
366		20.568961812008638		0.8920801281929016		1.2525746947932244		0.1062779531121254		0.2125559062242508
367		20.573881986027118		0.9555318355560303		1.3097361129546166		0.12097656801939011		0.24195313603878021
368		20.619843257998582		0.8920994997024536		1.2535987933158874		0.26301337195634844		0.5260267439126969
369		20.448719590029214		0.9377241134643555		1.2930493965554237		0.10742408442497253		0.21484816884994506
370		20.416886273946147		0.9284632802009583		1.2831653341650964		0.09784028676152229		0.19568057352304458
371		20.498043716012035		1.03459894657135		1.3908935974788665		0.14528432762026786		0.2905686552405357
372		20.53845025098417		0.8588224649429321		1.2166880573296548		0.08843796822428704		0.17687593644857408
373		20.443057996977586		0.8872164487838745		1.2406649260020257		0.20503680497407914		0.4100736099481583
374		20.518623042968102		0.8902551531791687		1.2585780548000336		0.09045672280788422		0.18091344561576844
375		20.451668808993418		0.8979349136352539		1.2583239379549027		0.11452278046011925		0.2290455609202385
376		20.573338468035217		0.940583348274231		1.2996053373336791		0.09842269532084465		0.1968453906416893
377		20.728984101035167		0.8983836770057678		1.2569304591751098		0.1730802538394928		0.3461605076789856
378		20.539895755006		0.8982763290405273		1.2663628158259392		0.09583158152699471		0.19166316305398942
379		20.678013878990896		0.9050557613372803		1.2638220143914223		0.09344159082174301		0.18688318164348602
380		20.54973821697058		0.933393657207489		1.2834226100182533		0.09910619015693664		0.19821238031387328
381		20.71864466299303		0.9083442091941833		1.264537599005699		0.0933288100540638		0.1866576201081276
382		20.6252665159991		0.8504899144172668		1.2098011307954788		0.09832193161845207		0.19664386323690414
383		20.621098419011105		0.912839412689209		1.27048167596817		0.3165702034175396		0.6331404068350792
384		20.723783430003095		1.1219011545181274		1.4675757490444183		0.14814988968968393		0.29629977937936786
385		20.72580349596683		0.8899286985397339		1.2523431357312202		0.5065725206017494		1.0131450412034988
386		20.65621630003443		0.8979753851890564		1.253060498995781		0.11926078878045082		0.23852157756090164
387		20.715304506011307		0.8911155462265015		1.255023268327713		0.14341335194706917		0.28682670389413834
388		20.64214810001431		0.8271622657775879		1.1935675524759293		0.10863831121325493		0.21727662242650986
389		20.576055921032093		0.8941061496734619		1.2501881781744957		0.08871592691242695		0.1774318538248539
390		20.55841805500677		1.0184036493301392		1.3765634503889084		0.08923202298283577		0.17846404596567153
391		20.44126295199385		0.9041712284088135		1.2605622125148772		0.10010245871543884		0.20020491743087768
392		20.43562878400553		0.8886851072311401		1.2465357446932792		0.12291655750870704		0.2458331150174141
393		20.483639784972183		0.930679202079773		1.2884097698831558		0.1605664310336113		0.3211328620672226
394		20.51376264798455		0.907787561416626		1.2698441776704787		0.13943908210992814		0.2788781642198563
395		20.50104979198659		0.8621076941490173		1.226153574488163		0.10891586490869522		0.21783172981739043
396		20.484542189980857		0.8615914583206177		1.2235451654863359		0.10451976063847541		0.20903952127695083
397		20.554522102000192		0.9226239323616028		1.2807719276738168		0.08835410605669021		0.17670821211338042
398		20.666491712036077		0.8374834060668945		1.1945786731171608		0.0995688599705696		0.1991377199411392
399		20.599428131012246		0.840104341506958		1.1998470226240159		0.20106284229159355		0.4021256845831871
400		20.604277161008213		0.8902290463447571		1.249010612475872		0.39787930632829666		0.7957586126565933
401		20.64027617999818		0.9291210770606995		1.2857371074390411		0.15626574715375902		0.31253149430751803
402		20.604990270978305		0.9421596527099609		1.3109199155831337		0.14351972835063934		0.2870394567012787
403		20.451375963981263		0.8347612023353577		1.1990811988067627		0.3562925657272339		0.7125851314544678
404		20.62504908599658		0.8936941027641296		1.2587704468679428		0.08781548323631287		0.17563096647262574
405		20.622116293990985		0.8771169185638428		1.2439893178319932		0.08945099882483483		0.17890199764966966
406		20.686729942972306		0.9330594539642334		1.291781768796444		0.10658188607692719		0.21316377215385438
407		20.636907450971194		0.8573915362358093		1.2165183972001077		0.13031646857261658		0.26063293714523317
408		20.61319517804077		0.8813223838806152		1.2388096234941484		0.12924852501749992		0.25849705003499984
409		20.465732955024578		0.8918858170509338		1.2491457632017136		0.2585625377893448		0.5171250755786896
410		20.529146630025934		0.9423328638076782		1.2944581098008157		0.15605167413949966		0.3121033482789993
411		20.46962586301379		0.8875932097434998		1.252996884868145		0.08826044065952302		0.17652088131904603
412		20.47164015698945		0.8809187412261963		1.2463133941555022		0.16261931272149086		0.3252386254429817
413		20.50881417200435		0.9361742734909058		1.298624310772419		0.1026693849503994		0.2053387699007988
414		20.47653777897358		0.8310371041297913		1.1920150181365012		0.23432098419070244		0.46864196838140487
415		20.54041741299443		0.9403659105300903		1.2974431990003585		0.09550496034622193		0.19100992069244385
416		20.697960878023878		0.8950651288032532		1.2547338706326485		0.08835513412952423		0.17671026825904845
417		20.552086850977503		0.9013526439666748		1.2588830663752555		0.20745426278114318		0.41490852556228636
418		20.578790573985316		0.8984556794166565		1.2519494742798805		0.4266988293170929		0.8533976586341858
419		20.459672674012836		0.8793097138404846		1.2383880678796768		0.10881235955953598		0.21762471911907197
420		20.584918026986998		0.9069687128067017		1.2692442394709587		0.10711412109136581		0.21422824218273162
421		20.512999596016016		0.8892375826835632		1.2461402474021912		0.09016880226135254		0.18033760452270509
422		20.56886250397656		0.8911389708518982		1.2527918831539153		0.1141112930238247		0.2282225860476494
423		20.5883932269644		0.8994625806808472		1.261678653395176		0.13896292828321458		0.27792585656642915
424		20.429491081042215		0.8922908902168274		1.2526239505243302		0.0898016843676567		0.1796033687353134
425		20.47179136198247		0.8716346621513367		1.226468927567005		0.08613727967143059		0.17227455934286118
426		20.490472136007156		0.8739827871322632		1.2339204855918884		0.11461499934792518		0.22922999869585037
427		20.55979936203221		0.8799864053726196		1.239402959933281		0.08874986519217491		0.17749973038434982
428		20.419212664011866		0.8627605438232422		1.2222305593204499		0.08613839683234692		0.17227679366469384
429		20.607872667955235		0.9530609846115112		1.3211229274868965		0.19352133237719535		0.3870426647543907
430		20.53999155299971		0.8531774282455444		1.2156041023278237		0.12643892728686332		0.25287785457372663
431		20.532637328025885		0.8769930005073547		1.242318325355053		0.11030289790034294		0.22060579580068587
432		20.56144799903268		0.8413375616073608		1.21008523324728		0.1037111996114254		0.2074223992228508
433		20.50327051698696		0.839073657989502		1.2007955525636673		0.08742147295176983		0.17484294590353966
434		20.534676455019508		0.8992976546287537		1.258907298491001		0.09312626967430115		0.1862525393486023
435		20.513254686025903		0.8615090250968933		1.2176578269553184		0.3189406615614891		0.6378813231229782
436		20.59300502599217		0.8620535135269165		1.2187539456295966		0.11545101299881935		0.2309020259976387
437		20.66071293101413		0.8717334866523743		1.2360609116649628		0.12368494668006896		0.24736989336013793
438		20.55380099604372		0.8862026333808899		1.2464860065579415		0.09018843384385108		0.18037686768770217
439		20.61217747599585		0.8309009671211243		1.193736471967697		0.13137846525907518		0.26275693051815036
440		20.52956162398914		0.8467387557029724		1.206758447523117		0.21752167629599573		0.43504335259199145
441		20.59140195598593		0.9312384128570557		1.3027276722764969		0.0860478888720274		0.1720957777440548
442		20.45898335496895		0.8477848172187805		1.2100720420241355		0.08608947361409665		0.1721789472281933
443		20.532158299000002		0.8266074061393738		1.1898101653337478		0.09860793694257736		0.1972158738851547
444		20.604782639013138		0.9498840570449829		1.3111192366051674		0.20330034682750703		0.40660069365501406
445		20.532240564003587		0.8711668252944946		1.2330342109537125		0.09135452448129654		0.18270904896259307
446		20.627795546955895		0.8055601119995117		1.168360166079998		0.14302832283377648		0.28605664566755296
447		20.59806656697765		0.892875611782074		1.250252198150158		0.09573170439004898		0.19146340878009796
448		20.62484438199317		0.9074497222900391		1.2695168749165535		0.08915799989700317		0.17831599979400634
449		20.70648282102775		0.9202579259872437		1.278382418525219		0.12634408914446832		0.25268817828893664
450		20.701173796958756		0.905910849571228		1.2744762718963623		0.14407535374164582		0.28815070748329163
451		20.69923462998122		0.8932116031646729		1.2479734187793732		0.09489054300487042		0.18978108600974083
452		20.623388539999723		0.8662472367286682		1.2311741917061805		0.1486583362519741		0.2973166725039482
453		20.681021202995908		0.8601487278938293		1.2273681575250626		0.1223498055100441		0.2446996110200882
454		20.592813918017782		0.8817024230957031		1.247892278842926		0.10166620623469352		0.20333241246938705
455		20.489738135016523		0.8932726383209229		1.2516196742582322		0.13548536179661752		0.27097072359323504
456		20.630746062961407		0.8695303201675415		1.234537647025585		0.12453245841860772		0.24906491683721543
457		20.706860325008165		0.8644545078277588		1.2235826708436013		0.08634441566765308		0.17268883133530616
458		20.754780677962117		0.8650825619697571		1.2237932176828383		0.12402129473686219		0.24804258947372437
459		20.722551095008384		0.839891791343689		1.2020050206112862		0.1247711839914322		0.2495423679828644
460		20.62441702198703		0.979380190372467		1.336865341846943		0.09257793027162552		0.18515586054325103
461		20.617731323000044		0.8394129276275635		1.2053962258934974		0.09122163906097412		0.18244327812194824
462		20.67551759001799		0.9231806993484497		1.275929662079811		0.09462285902500153		0.18924571805000306
463		20.619391664979048		0.8647173047065735		1.2260452554750443		0.08869857922494412		0.17739715844988824
464		20.628220573998988		0.8443188667297363		1.2062577038550377		0.17146147933602332		0.34292295867204664
465		20.644603891996667		0.9084621667861938		1.2671765578603744		0.2021641347706318		0.4043282695412636
466		20.44680223299656		0.8345644474029541		1.1925552889513968		0.08610058161020279		0.17220116322040557
467		20.459921273984946		0.8385695815086365		1.1995069424724578		0.12097187052965164		0.24194374105930327
468		20.72145846404601		0.8885288834571838		1.244366529033184		0.08287291759848595		0.1657458351969719
469		20.632661609037314		0.9000643491744995		1.257377437314987		0.1568430523455143		0.3136861046910286
470		20.63918807497248		0.8731781244277954		1.2338254669237136		0.10787437205314636		0.21574874410629272
471		20.760327462048735		0.8452520370483398		1.2043776154828072		0.0941163844048977		0.1882327688097954
472		20.71085758204572		0.8680872321128845		1.2268212764668465		0.08375348311364651		0.16750696622729302
473		20.524528084963094		0.8529118299484253		1.2108245956301689		0.08646387144327164		0.17292774288654328
474		20.603449619025923		0.8700709342956543		1.2297205751371383		0.12220341219305993		0.24440682438611985
475		20.546057900006417		0.8947702050209045		1.2522491901516914		0.14546416364908218		0.29092832729816437
476		20.571178185986355		0.9045715928077698		1.2638393396639824		0.08917318370342255		0.1783463674068451
477		20.473469466960523		0.8531716465950012		1.2179336906957627		0.08581754447817802		0.17163508895635604
478		20.49743170198053		0.8543529510498047		1.2154868845558167		0.1503161489248276		0.3006322978496552
479		20.62660491699353		0.8884134292602539		1.25215662733078		0.08472568926513195		0.1694513785302639
480		20.53138774097897		0.7977241277694702		1.1570852178359032		0.08700820029377937		0.17401640058755874
481		20.640638164943084		0.8790695071220398		1.2446659601306915		0.09118877249658108		0.18237754499316217
482		20.656651253986638		0.9279652833938599		1.2914422474884988		0.08722036921679974		0.17444073843359947
483		20.51847033202648		0.8991143703460693		1.2553780848002434		0.11088834282755852		0.22177668565511705
484		20.546226190053858		0.8211578726768494		1.1788047454166413		0.08415177776813507		0.16830355553627013
485		20.725419043039437		0.8784100413322449		1.2451347248220443		0.25204025751948356		0.5040805150389671
486		20.707291796978097		0.8718571662902832		1.232241352698803		0.11867596060633659		0.23735192121267318
487		20.64251204195898		0.8765931725502014		1.2329700199890137		0.1828866694331169		0.3657733388662338
488		20.59528088395018		0.867580235004425		1.2299142638778686		0.09233203110694885		0.1846640622138977
489		20.470358539023437		0.840291440486908		1.2073156533050537		0.08246756076216698		0.16493512152433396
490		20.518832822039258		0.8622705340385437		1.2196419104933738		0.09412445503473282		0.18824891006946565
491		20.546346401970368		0.8462764024734497		1.2109950133872032		0.098166975492239		0.196333950984478
492		20.511983096948825		0.8613688349723816		1.2216803454232217		0.2801655172646046		0.5603310345292092
493		20.604999199975282		0.8948312401771545		1.2551183653640747		0.156200862377882		0.312401724755764
494		20.60948800499318		1.0422229766845703		1.3848213199400903		0.08376381331384182		0.16752762662768364
495		20.621229368029162		0.9130372405052185		1.273587372739315		0.10230785491466522		0.20461570982933044
496		20.593404735031072		0.8373974561691284		1.1957437309503556		0.09563081597685814		0.1912616319537163
497		20.677644598996267		0.8799893260002136		1.2380245670557022		0.09103195692896843		0.18206391385793685
498		20.67021308396943		0.8713276982307434		1.2352594661664962		0.08549403815567494		0.17098807631134988
499		20.667657714977395		0.86162269115448		1.2246552810287477		0.0968123294889927		0.1936246589779854
500		20.6459200020181		0.9024471044540405		1.2678252046775818		0.08263201662003994		0.16526403324007988
501		20.650998111988883		0.8572696447372437		1.2201076222920417		0.1623254282593727		0.3246508565187454
502		20.64256153901806		0.8437470197677612		1.2068502454590797		0.08489291148483753		0.16978582296967507
503		20.627496940025594		0.8947516083717346		1.2460092843031882		0.08307254405915737		0.16614508811831474
504		20.645406007010024		0.8648606538772583		1.2270416323709488		0.14472382608652115		0.2894476521730423
505		20.728050072968472		0.8506625294685364		1.2133037566161156		0.08655396175384522		0.17310792350769044
506		20.50469052500557		0.8278620839118958		1.1945915462183951		0.238921440243721		0.477842880487442
507		20.510670295043383		0.8701016902923584		1.2279893067097665		0.09000985064506531		0.18001970129013062
508		20.64737309102202		0.8327388763427734		1.1939283758878707		0.08079954467117786		0.16159908934235573
509		20.647961715993006		0.8749964833259583		1.2340378058719634		0.43155044522285463		0.8631008904457093
510		20.64204771502409		0.8576698899269104		1.2141927368664742		0.09320804004073142		0.18641608008146285
511		20.674032297974918		0.8960662484169006		1.2489014644408225		0.08738823568820954		0.17477647137641908
512		20.742407765006647		0.9110499024391174		1.2738536290431022		0.10635333144068718		0.21270666288137435
513		20.534012073010672		0.8345245122909546		1.2013121325731277		0.09582701566815376		0.1916540313363075
514		20.50868133001495		0.9130450487136841		1.271857581319809		0.13197498700618743		0.26394997401237486
515		20.59608453203691		0.8839839100837708		1.2397426061296464		0.08415879932045936		0.16831759864091872
516		20.479606367996894		0.882063627243042		1.2346892573285102		0.39658248832821846		0.7931649766564369
517		20.609070803038776		0.8087964057922363		1.1723981011676787		0.1042412452340126		0.2084824904680252
518		20.716519413981587		0.8498673439025879		1.2122140301704407		0.10399164817929268		0.20798329635858537
519		20.696329489001073		0.8941447138786316		1.2552830567979814		0.11461261944174767		0.22922523888349533
520		20.671584525029175		0.8326161503791809		1.1944663661623		0.08182831046581268		0.16365662093162536
521		20.67486554000061		0.8719215393066406		1.2344378399825096		0.08908179369568825		0.1781635873913765
522		20.638358417956624		0.8590903878211975		1.2157621068882942		0.08255170170962811		0.16510340341925622
523		20.624758565973025		0.9020398855209351		1.2574223028755187		0.08083337126672267		0.16166674253344535
524		20.500168820959516		0.8087605834007263		1.1677876951742172		0.08860444578826428		0.17720889157652855
525		20.581137925968505		0.8279896378517151		1.1920711506462096		0.09113951215744019		0.18227902431488038
526		20.640595598961227		0.8513917922973633		1.2164740875029565		0.11299382448792458		0.22598764897584916
527		20.56567315000575		0.8324346542358398		1.1910747557473182		0.11205430217981338		0.22410860435962676
528		20.565383638022467		0.8119984865188599		1.1746765322756767		0.10686486520767212		0.21372973041534424
529		20.535631534003187		0.806923508644104		1.161660411427021		0.08371975671648979		0.16743951343297958
530		20.56180011300603		0.8565119504928589		1.2092756655073167		0.15647754166126251		0.31295508332252503
531		20.577279070974328		0.8563927412033081		1.2178944063520432		0.12272519065141678		0.24545038130283356
532		20.48294904397335		0.8717671036720276		1.230755344018936		0.08560933186113834		0.17121866372227668
533		20.46783821901772		0.839907169342041		1.2038175177192687		0.09686411527991295		0.1937282305598259
534		20.568533101992216		0.8241649866104126		1.1850115742135048		0.08843750770688057		0.17687501541376113
535		20.53264930495061		0.848848283290863		1.2065750559258461		0.09939113403558732		0.19878226807117463
536		20.634778174047824		0.8630651831626892		1.2262866954016685		0.08827339996397496		0.17654679992794992
537		20.51273148501059		0.8257225751876831		1.1854096444106101		0.08507710883617402		0.17015421767234803
538		20.587952317029703		0.868060290813446		1.2286172333025933		0.21681331468820572		0.43362662937641144
539		20.57193080399884		0.8252921104431152		1.1847642405724526		0.09279267997145653		0.18558535994291306
540		20.524702497990802		0.8975620269775391		1.2567340652513503		0.0881800740659237		0.1763601481318474
541		20.538405777013395		0.8304184675216675		1.193234725933075		0.07940843333303928		0.15881686666607855
542		20.53276834700955		0.8999897241592407		1.2514927439045906		0.18357135779857636		0.3671427155971527
543		20.651803984015714		0.8525850772857666		1.2126939613127707		0.11675053938031196		0.23350107876062393
544		20.569393206969835		0.9053027033805847		1.2663977523875236		0.08138495505750179		0.16276991011500358
545		20.572994370944798		0.8039035797119141		1.1643090381073953		0.0826063701480627		0.1652127402961254
546		20.58831874700263		0.861929714679718		1.2196241977715492		0.08311180915236473		0.16622361830472945
547		20.671756007010117		0.8397378921508789		1.2014226621866226		0.08387434541583061		0.16774869083166122
548		20.683439631015062		0.8652573227882385		1.2290223347187041		0.10238625180125237		0.20477250360250474
549		20.667686824977864		0.8459020853042603		1.2051099232888223		0.0834372664898634		0.1668745329797268
550		20.603526002028957		0.8087568283081055		1.1728239597392083		0.0857022194892168		0.1714044389784336
551		20.653206416987814		0.8736412525177002		1.2353175350761414		0.08400047566890717		0.16800095133781434
552		20.64804835995892		0.9472185969352722		1.2933398317599296		0.08920559426546097		0.17841118853092194
553		20.658067998010665		0.8664636015892029		1.2270530401182174		0.22810141898989678		0.45620283797979355
554		20.680186106008478		0.8714010119438171		1.2327111646723747		0.08834650901257991		0.17669301802515983
555		20.637310443038587		0.8378062844276428		1.200661478741169		0.08432382571995259		0.16864765143990518
556		20.572074447991326		0.816870391368866		1.1830304497241975		0.09326480016112328		0.18652960032224655
557		20.55586363101611		0.8488933444023132		1.2064482748198508		0.07989370709657669		0.15978741419315337
558		20.52612107299501		0.8720201253890991		1.226528993318081		0.18098246639966964		0.3619649327993393
559		20.603557112975977		0.8413277268409729		1.2008370368862151		0.17065227032899857		0.34130454065799715
560		20.62643714802107		0.8244116306304932		1.1882894766044616		0.12122067919373512		0.24244135838747025
561		20.62817850097781		0.8442009687423706		1.2058980627059936		0.11653618325591088		0.23307236651182175
562		20.618987674009986		0.867036759853363		1.2231757770347595		0.07920854872763157		0.15841709745526314
563		20.64896417199634		0.8296940922737122		1.189895146317482		0.0807160804539919		0.1614321609079838
564		20.62997341703158		0.8643169403076172		1.226587081489563		0.07934413701891899		0.15868827403783797
565		20.591472762986086		0.8443688154220581		1.2095655099344254		0.08454225928485394		0.16908451856970788
566		20.550366821000353		0.8363699913024902		1.1970330150723458		0.08412339213490486		0.1682467842698097
567		20.46090333198663		0.8135930895805359		1.1798396152973174		0.07963518706262111		0.15927037412524223
568		20.52891512599308		0.8206846714019775		1.1878281585764885		0.19206500526070594		0.3841300105214119
569		20.43597501399927		0.8300864696502686		1.192315810918808		0.09376564670205116		0.18753129340410232
570		20.46816210000543		0.8449169993400574		1.206929577522278		0.10330682027935982		0.20661364055871964
571		20.48742206004681		0.8336244225502014		1.1932438572382926		0.17153225430250169		0.34306450860500337
572		20.51294656097889		0.8404857516288757		1.2055558297109603		0.17128423826098443		0.34256847652196887
573		20.504944815009367		0.8356902003288269		1.1990263698983192		0.13610094516873358		0.27220189033746717
574		20.43038248695666		0.8843334317207336		1.2461436232662202		0.09266301415562629		0.18532602831125258
575		20.528547437046655		0.8358588218688965		1.194982483086586		0.09563528586030007		0.19127057172060014
576		20.624027302023023		0.8246917128562927		1.1874164243245124		0.13550657659769058		0.27101315319538116
577		20.485046827001497		0.8404449820518494		1.2022856902313233		0.09989537631869316		0.19979075263738633
578		20.54942473198753		0.8406870365142822		1.1989833149671554		0.09609329364299775		0.1921865872859955
579		20.461328549019527		0.8131759166717529		1.175918559474945		0.13820461568832398		0.27640923137664797
580		20.573827421991155		0.8712620735168457		1.242849323451519		0.09309884715676307		0.18619769431352615
581		20.5616009819787		0.8238828182220459		1.1868757261514664		0.161963297021389		0.323926594042778
582		20.60075046098791		0.7988571524620056		1.161953516523838		0.1527279820561409		0.3054559641122818
583		20.548832320026122		0.8287548422813416		1.1929848459792136		0.08709540372788906		0.1741908074557781
584		20.58996987901628		0.8756738901138306		1.2332187847065925		0.08098300868868828		0.16196601737737656
585		20.51053922396386		0.9080674648284912		1.2671445563077928		0.08690551475584507		0.17381102951169014
586		20.62199692998547		0.8351560831069946		1.1984483253026008		0.11966415444016457		0.23932830888032913
587		20.73363012302434		0.8137519359588623		1.1750365994477272		0.1574086792588234		0.3148173585176468
588		20.753621466981713		0.9241030216217041		1.2840294318294525		0.08132220963537692		0.16264441927075385
589		20.75886864302447		0.8118658661842346		1.1755515403604508		0.08164229064881802		0.16328458129763604
590		20.718650224036537		0.8077185750007629		1.1701847892045976		0.10936659722924233		0.21873319445848466
591		20.77893482003128		0.8727850317955017		1.2332881345295905		0.0810632289469242		0.1621264578938484
592		20.744436430046335		0.8473489880561829		1.2097237189602852		0.1101234717309475		0.220246943461895
593		20.74128967296565		0.8349571824073792		1.2022858133220673		0.17523447164297104		0.3504689432859421
594		20.583998316025827		0.8158668279647827		1.1783891586351394		0.08851318241357803		0.17702636482715606
595		20.440607480006292		0.804607093334198		1.1670906060385704		0.0789335395872593		0.1578670791745186
596		20.495708620990627		0.8798225522041321		1.2427033937382699		0.08971756135821342		0.17943512271642684
597		20.464322220010217		0.8669590950012207		1.2274495778298378		0.12528513341546058		0.25057026683092115
598		20.5767460570205		0.8126722574234009		1.1738279316592217		0.12464656847119332		0.24929313694238664
599		20.661955712013878		0.8108916282653809		1.1734602285051345		0.07952157853543758		0.15904315707087516
600		20.472857468994334		0.8453810214996338		1.2060819686985016		0.08048876309394837		0.16097752618789674
601		20.55908678600099		0.8407394886016846		1.1979170383238793		0.10135346867144107		0.20270693734288214
602		20.765806702023838		0.8318953514099121		1.1918314712595939		0.07899065371751786		0.15798130743503572
603		20.72648113302421		0.870593786239624		1.230599074010849		0.1176129926264286		0.2352259852528572
604		20.717177528014872		0.8189721703529358		1.1806843767380715		0.14241240662932397		0.28482481325864795
605		20.754267077019904		0.8580482602119446		1.2171272840309144		0.20659773703813553		0.41319547407627105
606		20.57267215300817		0.8766170740127563		1.2335791136455536		0.14464625767469405		0.2892925153493881
607		20.69741961103864		0.8802551627159119		1.2443543467617035		0.0790841056317091		0.1581682112634182
608		20.745301493967418		0.8723847270011902		1.2317181366467476		0.16717682540118695		0.3343536508023739
609		20.7305686440086		0.8319634795188904		1.1973810812115668		0.11684870769381524		0.23369741538763047
610		20.734828286978882		0.8095020651817322		1.1693036366724967		0.0995555816590786		0.1991111633181572
611		20.80162088002544		0.8504124283790588		1.2099625384783745		0.07875673932433129		0.15751347864866258
612		20.556115910992958		0.8607455492019653		1.2183895027804375		0.1468764345049858		0.2937528690099716
613		20.727624466002453		0.8006985187530518		1.1558908951163291		0.11574267653822899		0.23148535307645798
614		20.685635009023827		0.8373639583587646		1.2016619195365905		0.08331002616882324		0.16662005233764648
615		20.65991500596283		0.8331634998321533		1.1925440840029717		0.15376273656487466		0.3075254731297493
616		20.432170448999386		0.8377151489257812		1.201165388686657		0.12503694834113122		0.25007389668226243
617		20.73528428701684		0.8692574501037598		1.2247892447924613		0.07830745285749435		0.1566149057149887
618		20.59102410596097		0.8799881935119629		1.2352157304739952		0.1372791767001152		0.2745583534002304
619		20.673853580956347		0.8224228620529175		1.1808942485189438		0.07789293304979801		0.15578586609959602
620		20.5484905950143		0.8586038947105408		1.219539066171646		0.09682134575843811		0.19364269151687621
621		20.578900886990596		0.8215001225471497		1.1786954759693147		0.08051894628107548		0.16103789256215095
622		20.783665527997073		0.8518580794334412		1.2122248171210288		0.23778482142686844		0.4755696428537369
623		20.79659963794984		0.8254062533378601		1.1942770955252648		0.07843208206892013		0.15686416413784027
624		20.770034773973748		0.7999938130378723		1.1600933965992928		0.16355752489566802		0.32711504979133604
625		20.630993207974825		0.876629114151001		1.239851864476204		0.08552155846655368		0.17104311693310736
626		20.63891306897858		0.8555027842521667		1.210060353243351		0.07930619002580643		0.15861238005161285
627		20.586880848975852		0.8126644492149353		1.1734482474994659		0.07968919612467289		0.15937839224934577
628		20.608291718002874		0.8216519951820374		1.180400272371769		0.1320330740094185		0.264066148018837
629		20.448024814017117		0.8086071014404297		1.1691190943360328		0.2022369119167328		0.4044738238334656
630		20.50318674603477		0.8451425433158875		1.208365592675209		0.29754618113040926		0.5950923622608185
631		20.50629657099489		0.8563942909240723		1.214327223558426		0.07699247425198555		0.1539849485039711
632		20.585308857029304		0.823268473148346		1.1830015872454642		0.11160622032880783		0.22321244065761567
633		20.70054034300847		0.8531524538993835		1.2175332988476752		0.07896626982092857		0.15793253964185713
634		20.729236710991245		0.8368304967880249		1.1967321363711356		0.07769069271981716		0.1553813854396343
635		20.49972273199819		0.8303313851356506		1.1890729307937622		0.15048556973338126		0.3009711394667625
636		20.5826684969943		0.8269181847572327		1.1912158904361725		0.08183385022580623		0.16366770045161247
637		20.649443523027003		0.8745905160903931		1.2319174520802498		0.11192010736465455		0.2238402147293091
638		20.7194290360203		0.8059996962547302		1.1654415289735793		0.07859298095703125		0.1571859619140625
639		20.7687505389913		0.8708506226539612		1.2317929512786865		0.08928670391440391		0.17857340782880782
640		20.444144103035796		0.8168526887893677		1.177269140934944		0.1264544699013233		0.2529089398026466
641		20.50135463604238		0.832558810710907		1.191479240131378		0.11313775094151497		0.22627550188302994
642		20.75363843800733		0.8101146817207336		1.178683638010025		0.07658900877535343		0.15317801755070687
643		20.757732715981547		0.8219057321548462		1.185939785425663		0.09361754691004753		0.18723509382009507
644		20.741250272025354		0.8242969512939453		1.183002600698471		0.08077409222126007		0.16154818444252014
645		20.54554869502317		0.8421168327331543		1.2066042405653		0.0863511242300272		0.1727022484600544
646		20.610912554024253		0.823990523815155		1.1860630863022805		0.07891574825644493		0.15783149651288986
647		20.530026034044567		0.8442776203155518		1.2025687567067147		0.240098573076725		0.48019714615345
648		20.511364023026545		0.8507283329963684		1.2160814347195625		0.07776031412184238		0.15552062824368476
649		20.498070840956643		0.8380604982376099		1.1989898515939712		0.07690279884636401		0.15380559769272803
650		20.575917032023426		0.7932074069976807		1.1501100295376778		0.11323895146250725		0.2264779029250145
651		20.55332826502854		0.8067592978477478		1.1699277296328545		0.08255855651199817		0.16511711302399634
652		20.538219385023694		0.8399922251701355		1.1991113541698455		0.15564116433262826		0.3112823286652565
653		20.580514603003394		0.8036341071128845		1.1695364791846274		0.10746858621239662		0.21493717242479324
654		20.481001120992005		0.8183297514915466		1.1806125147414208		0.17359305777549744		0.3471861155509949
655		20.480884482967667		0.8423240184783936		1.2052357278299333		0.216301647233963		0.432603294467926
656		20.504778145987075		0.828542172908783		1.191072692334652		0.0910050081372261		0.1820100162744522
657		20.472845854994375		0.8224062323570251		1.1841650436663627		0.18955290314555168		0.37910580629110335
658		20.49167335702805		0.8390282392501831		1.204715173997879		0.20302471188902854		0.4060494237780571
659		20.45307509502163		0.7876870036125183		1.1541288948631288		0.08006679537594319		0.16013359075188638
660		20.64243465801701		0.8241904377937317		1.1890924377799035		0.09318101291060447		0.18636202582120895
661		20.642038796970155		0.8265430331230164		1.1867966849350928		0.0925173250824213		0.1850346501648426
662		20.669024995004293		0.7941012382507324		1.1542339259481431		0.12158677384853363		0.24317354769706725
663		20.662155192985665		0.8030993342399597		1.1633080866479875		0.07603391002714634		0.15206782005429267
664		20.481668346968945		0.8579838275909424		1.2208825707054138		0.07615259305238724		0.15230518610477448
665		20.502557468018495		0.8474675416946411		1.210701908390522		0.0751341183245182		0.1502682366490364
666		20.542199380986858		0.8035896420478821		1.1639831667256355		0.18088556414842605		0.3617711282968521
667		20.60020959400572		0.848484992980957		1.2105491460728646		0.11066076244711875		0.2213215248942375
668		20.60794552002335		0.8191823363304138		1.1788973863863945		0.07559227163791657		0.15118454327583314
669		20.630903848970775		0.8401783108711243		1.201646023337841		0.10261141446232795		0.2052228289246559
670		20.709424734988715		0.8170170783996582		1.1841668723893166		0.07921056625545025		0.1584211325109005
671		20.59068288601702		0.8280270099639893		1.1854196870350837		0.07884671252965927		0.15769342505931855
672		20.609319081995636		0.793485164642334		1.1575339787197112		0.08157245048284531		0.16314490096569062
673		20.646234936022665		0.8111220598220825		1.1704278501534462		0.07608345137238502		0.15216690274477004
674		20.474354645994026		0.8215285539627075		1.1816175675082208		0.07842400795221328		0.15684801590442657
675		20.48970629903488		0.7939186692237854		1.1478967794060706		0.0945650931596756		0.1891301863193512
676		20.48797655600356		0.8507858514785767		1.2111554673671723		0.07681572331488132		0.15363144662976264
677		20.596430234028958		0.8126311302185059		1.1740525626969338		0.09541487261950969		0.19082974523901938
678		20.63865611300571		0.8539981245994568		1.2238881210064887		0.07536866786181927		0.15073733572363854
679		20.72605056897737		0.815736711025238		1.1723042407226563		0.07860027301311492		0.15720054602622985
680		20.71012611297192		0.7750567197799683		1.1329548193764687		0.07598454429507255		0.1519690885901451
681		20.67627397098113		0.8880226612091064		1.2510955016064644		0.14168812561035157		0.28337625122070315
682		20.61719685397111		0.8224066495895386		1.1828878277635575		0.07687927773594856		0.15375855547189712
683		20.68608078698162		0.7860783338546753		1.144412106359005		0.09821141743659974		0.19642283487319948
684		20.584793571033515		0.8187317252159119		1.1843909810447693		0.13773403594493866		0.2754680718898773
685		20.639809208980296		0.8103132843971252		1.1707630286598205		0.0745489171653986		0.1490978343307972
686		20.71387037599925		0.7906522750854492		1.1537919901037217		0.1111671257942915		0.222334251588583
687		20.66984785196837		0.8177534341812134		1.1806144682741164		0.13879451491832734		0.2775890298366547
688		20.515947339998093		0.8011608123779297		1.1639294270515441		0.1142515146970749		0.2285030293941498
689		20.57944125495851		0.8124287128448486		1.1710349009037018		0.272473049890995		0.54494609978199
690		20.533587915007956		0.8890784978866577		1.2526025987648963		0.08883917529284954		0.17767835058569909
691		20.533867332036607		0.8183565139770508		1.1752483055019378		0.0793821181744337		0.1587642363488674
692		20.575426993018482		0.8934794068336487		1.255554141561985		0.2619680878639221		0.5239361757278442
693		20.653539886989165		0.7977680563926697		1.161030898976326		0.08027063983976841		0.16054127967953682
694		20.71767452097265		0.7785221934318542		1.1358161381125451		0.09043167684972286		0.18086335369944573
695		20.727539264014922		0.828641414642334		1.1957659040617943		0.413762379693985		0.82752475938797
696		20.52767896896694		0.7943985462188721		1.1496502025461197		0.0748714883506298		0.1497429767012596
697		20.476292047998868		0.7889921069145203		1.1497295051932335		0.07509907305538654		0.1501981461107731
698		20.625686043000314		0.8056737780570984		1.1678476393437385		0.08106458535790444		0.16212917071580887
699		20.56919685000321		0.774557888507843		1.1382866881012916		0.08569889830350876		0.1713977966070175
700		20.687377925030887		0.7966978549957275		1.1559725560092926		0.24183668771982192		0.48367337543964384
701		20.583674589986913		0.8329299092292786		1.1904961255717277		0.10752340840101242		0.21504681680202484
702		20.644531808036845		0.8071436285972595		1.1698256796240807		0.1458336980521679		0.2916673961043358
703		20.666873141017277		0.8195042014122009		1.1808774928665162		0.08877778360843658		0.17755556721687316
704		20.602625795989297		0.7877331972122192		1.1524294197297096		0.14676749935150146		0.2935349987030029
705		20.625764778989833		0.8159217834472656		1.1807821728157997		0.07841899067163467		0.15683798134326934
706		20.694045835989527		0.8067384958267212		1.1675151945614815		0.16940686474442482		0.33881372948884964
707		20.581900052027777		0.817257821559906		1.1814285048675537		0.08466117596626281		0.16932235193252562
708		20.71526433096733		0.8234648108482361		1.1807913986456393		0.15563586628437043		0.31127173256874086
709		20.630850756017026		0.8019893765449524		1.1585314617371558		0.08285028516054153		0.16570057032108307
710		20.57455729797948		0.8446909189224243		1.2024117083168029		0.07494864032268524		0.14989728064537047
711		20.73535868700128		0.8061571717262268		1.1652970776557923		0.10113356272578239		0.20226712545156478
712		20.808465098962188		0.836321234703064		1.1965646056866646		0.07584470658898354		0.15168941317796708
713		20.81330097699538		0.7973557114601135		1.1585395753788947		0.07714831578731537		0.15429663157463075
714		20.704408328980207		0.7790256142616272		1.139763943977356		0.11901703488230705		0.2380340697646141
715		20.54562440601876		0.8086851239204407		1.1746980197310448		0.08210373591780662		0.16420747183561324
716		20.854231195000466		0.8119637966156006		1.1696447735786437		0.07716143475770951		0.15432286951541901
717		20.818273366021458		0.8074483275413513		1.1689335708737374		0.24014384206533432		0.48028768413066864
718		20.457250236999243		0.8089466691017151		1.1707710362792014		0.14225855969190598		0.28451711938381197
719		20.599880305002443		0.8296646475791931		1.1933026065945624		0.10088446623086929		0.20176893246173858
720		20.742804930952843		0.8020516037940979		1.1647235121560098		0.09106716037392616		0.18213432074785232
721		20.65769108000677		0.8020387291908264		1.157223990983963		0.09360824172496796		0.1872164834499359
722		20.63165342999855		0.808931827545166		1.1650101447319985		0.07737065311670303		0.15474130623340607
723		20.55134505702881		0.8119199872016907		1.1728972967672349		0.13022682586312295		0.2604536517262459
724		20.48826516000554		0.8041442036628723		1.1628854815030099		0.09801710043847561		0.19603420087695123
725		20.55927587900078		0.791377067565918		1.1528522285699845		0.09620274424552917		0.19240548849105835
726		20.616338384978008		0.8456164002418518		1.205992518763542		0.07448040730357171		0.14896081460714342
727		20.70406677905703		0.8017707467079163		1.1647485130691528		0.10495538364052773		0.20991076728105545
728		20.648360526014585		0.8025591373443604		1.1688225499725342		0.08580893490314484		0.17161786980628968
729		20.685715371044353		0.8093999624252319		1.1730859393715858		0.07786753068864345		0.1557350613772869
730		20.625251274032053		0.782252848148346		1.1405037535309792		0.07916616894602775		0.1583323378920555
731		20.60405488300603		0.8040567636489868		1.1667130187535286		0.0845276550501585		0.169055310100317
732		20.573511669994332		0.8330695629119873		1.1939564948391914		0.07419815335571765		0.1483963067114353
733		20.597844995034393		0.8535119891166687		1.211312576959133		0.07787218025326728		0.15574436050653456
734		20.57163538597524		0.7700812816619873		1.1342274736881257		0.09203304604291916		0.18406609208583832
735		20.69355716300197		0.7991557121276855		1.1580192417621613		0.11550179787576198		0.23100359575152396
736		20.607131317956373		0.8016891479492188		1.1570273541784286		0.07956543145477772		0.15913086290955544
737		20.70101329596946		0.8180387020111084		1.1801429112029076		0.2331080789089203		0.4662161578178406
738		20.72301202401286		0.8294000029563904		1.1875768531274795		0.07301639007329941		0.14603278014659882
739		20.828462114965077		0.8027925491333008		1.1636680507540702		0.3621835207939148		0.7243670415878296
740		20.683513584022876		0.816078782081604		1.1803560864186287		0.07624055746793747		0.15248111493587493
741		20.744747444987297		0.7915409803390503		1.1563426068115235		0.09823278753757476		0.19646557507514953
742		20.759583088976797		0.7959317564964294		1.1595687155914307		0.1703655845820904		0.3407311691641808
743		20.67376057896763		0.8398787975311279		1.2039297012615204		0.11906831030249596		0.2381366206049919
744		20.50377730600303		0.7880323529243469		1.1538913494682312		0.1075839897453785		0.215167979490757
745		20.56310832197778		0.8307477235794067		1.1963772602581977		0.0737524926006794		0.1475049852013588
746		20.676304453983903		0.797166645526886		1.1547629086446762		0.07285814492106438		0.14571628984212875
747		20.73881855799118		0.771553099155426		1.1365470596718787		0.07510705043971538		0.15021410087943077
748		20.81838647898985		0.7867510914802551		1.14827859685421		0.19202317417263984		0.3840463483452797
749		20.797681779949926		0.8076826930046082		1.1657998516821861		0.07351776764690876		0.14703553529381752
750		20.789165971043985		0.8239121437072754		1.1822632045578956		0.08149705674350262		0.16299411348700524
751		20.77011204196606		0.7954054474830627		1.1572250642824173		0.0808260299116373		0.1616520598232746
752		20.63987662800355		0.7818834185600281		1.1417439941263199		0.07338924850225449		0.14677849700450898
753		20.586344109033234		0.7856097221374512		1.1520534989953042		0.07239726845920086		0.14479453691840172
754		20.693052153044846		0.7828645706176758		1.141308648955822		0.08942252634465694		0.1788450526893139
755		20.670420917042065		0.7901771664619446		1.1551320896458626		0.0795380547195673		0.1590761094391346
756		20.594470920972526		0.7922147512435913		1.1582095342946053		0.08669445034265519		0.17338890068531038
757		20.619712685002014		0.7829380035400391		1.148987069196701		0.07416967136561871		0.14833934273123742
758		20.59783978498308		0.7915070652961731		1.150342504286766		0.1083727429986		0.2167454859972
759		20.72294097399572		0.7827417254447937		1.1503701830291748		0.08206932197213172		0.16413864394426345
760		20.64496046199929		0.7968340516090393		1.158060465323925		0.07322630627453328		0.14645261254906655
761		20.67601223802194		0.7733622193336487		1.1341903139472007		0.07416139642000198		0.14832279284000396
762		20.69242839497747		0.7943801879882812		1.1561538452529907		0.20097941497564314		0.4019588299512863
763		20.643400148954242		0.7970413565635681		1.159526505446434		0.0960054002404213		0.1920108004808426
764		20.577419161971193		0.7870661020278931		1.1500347997641562		0.08574948776364326		0.17149897552728652
765		20.638841505977325		0.8231066465377808		1.1847190031909942		0.07280747998654842		0.14561495997309684
766		20.747607494995464		0.7865544557571411		1.1388672562551498		0.10794208176732063		0.21588416353464127
767		20.7715422490146		0.7855448722839355		1.1475248452758788		0.09478384712338447		0.18956769424676895
768		20.770571882021613		0.7655709385871887		1.131300416958332		0.10004274533987045		0.2000854906797409
769		20.73786294501042		0.8034988641738892		1.167676995792389		0.11921596412062645		0.2384319282412529
770		20.746987556980457		0.7549455165863037		1.1168947234916686		0.18660897001028062		0.37321794002056125
771		20.766227107029408		0.7966653108596802		1.163707048919201		0.09824931915104389		0.19649863830208777
772		20.52154906396754		0.7732496857643127		1.137909135351181		0.07768491536676883		0.15536983073353766
773		20.717610075022094		0.8044039011001587		1.16062425437212		0.08417477231025695		0.1683495446205139
774		20.623554829973727		0.796338677406311		1.1588791097974778		0.08033189385831356		0.16066378771662712
775		20.56238742597634		0.7927889823913574		1.1623863595724107		0.12181382508873939		0.24362765017747878
776		20.59602844400797		0.8106343746185303		1.1743620010328293		0.08548126890957355		0.1709625378191471
777		20.707111460971646		0.7993536591529846		1.1579960353183747		0.07488024386167526		0.14976048772335052
778		20.681971265992615		0.7798851132392883		1.1417505609083176		0.07155939997434616		0.1431187999486923
779		20.79725986503763		0.7791903614997864		1.1384418734312058		0.07680473622977733		0.15360947245955467
780		20.86672319396166		0.7914569973945618		1.1589229192590713		0.12765012913942336		0.2553002582788467
781		20.848747200041544		0.7787646651268005		1.1410023133945466		0.08598290549814701		0.17196581099629402
782		20.872804368962534		0.7681064605712891		1.1298714946007729		0.08140991274118424		0.16281982548236848
783		20.779612212034408		0.7893022298812866		1.15116767049551		0.08510463482737542		0.17020926965475083
784		20.823068922036327		0.7784701585769653		1.142487204825878		0.08292054426670074		0.1658410885334015
785		20.694406270980835		0.7675977349281311		1.1259865325188636		0.07912349366545678		0.15824698733091355
786		20.712735145003535		0.7930132746696472		1.155449476251602		0.08995247370600701		0.17990494741201402
787		20.72705602302449		0.7915380001068115		1.156390804259777		0.16308620890378953		0.32617241780757905
788		20.76180040795589		0.7768730521202087		1.14083615275383		0.08372269695997238		0.16744539391994476
789		20.80056360497838		0.7829383611679077		1.1449486641931534		0.07269125920832158		0.14538251841664315
790		20.83996778295841		0.7827697396278381		1.139588356113434		0.1293272195547819		0.2586544391095638
791		20.80501313501736		0.7814628481864929		1.1425653454351425		0.20997346039712428		0.41994692079424856
792		20.6497743249638		0.799781322479248		1.1618085070538522		0.09011868569254876		0.18023737138509752
793		20.596883875958156		0.7979026436805725		1.1610547240138054		0.11742735829949379		0.23485471659898757
794		20.613837748009246		0.8102856278419495		1.1721831779527665		0.07340436095297337		0.14680872190594674
795		20.570692826993763		0.7871519327163696		1.1498781543779373		0.11042851192355156		0.22085702384710312
796		20.65603568800725		0.7814487218856812		1.1387706430912017		0.10578556813001633		0.21157113626003266
797		20.549941012985073		0.7859358191490173		1.1489890609192848		0.15450094217956067		0.30900188435912135
798		20.653441659000237		0.7850310206413269		1.1441368193221093		0.07081812496781349		0.14163624993562698
799		20.643136087979656		0.7691451907157898		1.1285139294600486		0.10060616985559463		0.20121233971118926
800		20.50959177396726		0.7866178154945374		1.1436280276179314		0.07809857095777989		0.15619714191555978
801		20.509730027988553		0.7793077826499939		1.1370740310907363		0.13342874828577042		0.26685749657154084
802		20.494475150015205		0.779197096824646		1.141264753034115		0.08092277050018311		0.16184554100036622
803		20.551565734029282		0.794899582862854		1.162240197994709		0.07427057939469814		0.14854115878939628
804		20.52853706496535		0.7667217254638672		1.126647619111538		0.0796506471425295		0.159301294285059
805		20.507699083012994		0.7737486362457275		1.135812712290287		0.09473288248181343		0.18946576496362685
806		20.529173889022786		0.7772062420845032		1.1369400234937668		0.11132658650875092		0.22265317301750184
807		20.503412830992602		0.7714042067527771		1.1335668579936027		0.07844990664124489		0.15689981328248978
808		20.488592659006827		0.7857423424720764		1.1500465875148773		0.1934701393187046		0.3869402786374092
809		20.564914201037027		0.7756670713424683		1.1345914814209939		0.07061346479356288		0.14122692958712577
810		20.509925430000294		0.7759846448898315		1.141863415441513		0.07279811170697212		0.14559622341394424
811		20.51906510698609		0.7819052934646606		1.139290923500061		0.08649476511180401		0.17298953022360802
812		20.80976104096044		0.7776538729667664		1.1376349384856224		0.10857456003129483		0.21714912006258966
813		20.675884369004052		0.7969573736190796		1.1611157536530494		0.08954419100284576		0.17908838200569152
814		20.646729975007474		0.773097813129425		1.1376936253905297		0.07851336913108825		0.1570267382621765
815		20.55763128097169		0.7722887396812439		1.137711829226017		0.07057191067636014		0.14114382135272027
816		20.67381591600133		0.7702532410621643		1.128288480629921		0.07899591093361377		0.15799182186722754
817		20.71174409997184		0.772207498550415		1.1329772069215776		0.08830930877923965		0.1766186175584793
818		20.639531944005284		0.7700544595718384		1.1346747904133796		0.08385393134355545		0.1677078626871109
819		20.689360696007498		0.7802183628082275		1.1400951048350334		0.08111571801900863		0.16223143603801726
820		20.69083442504052		0.7586948871612549		1.124300520246029		0.07191575700342655		0.1438315140068531
821		20.678360799967777		0.7968869209289551		1.154538097755909		0.07562918955683708		0.15125837911367415
822		20.760186299972702		0.7749011516571045		1.134161411128044		0.08283500237464905		0.1656700047492981
823		20.70655852899654		0.7757412791252136		1.1392982615256309		0.10987374801635742		0.21974749603271485
824		20.561705901054665		0.7967525720596313		1.1557985316371917		0.09213848724961281		0.18427697449922562
825		20.586617588996887		0.7757115364074707		1.1346255945396424		0.07817192849814891		0.15634385699629783
826		20.61338038503891		0.7700198292732239		1.1330699568128586		0.08772196569740773		0.17544393139481546
827		20.730090857949108		0.7793766856193542		1.1394297712779045		0.11692010716795921		0.23384021433591842
828		20.832332312013023		0.762362539768219		1.120007009191513		0.07122477713823318		0.14244955427646636
829		20.81352833402343		0.7637673020362854		1.1252984253787994		0.0919002654492855		0.183800530898571
830		20.769140944001265		0.8420073390007019		1.2100268838763237		0.10569007631540299		0.21138015263080598
831		20.782118600967806		0.7623357772827148		1.1247492447304726		0.09405468449890614		0.18810936899781228
832		20.688075137033593		0.7775523066520691		1.139832293934822		0.11064864702224732		0.22129729404449464
833		20.518626859993674		0.7890369892120361		1.1515544235467912		0.07097764503061771		0.14195529006123542
834		20.766357252025045		0.7878448367118835		1.144947930264473		0.07515101428925991		0.15030202857851982
835		20.67577665601857		0.776160478591919		1.1444011453771592		0.06962354646921158		0.13924709293842316
836		20.528063899022527		0.7735281586647034		1.1322396640706063		0.2150351400911808		0.4300702801823616
837		20.533632139966357		0.7732306122779846		1.1351942626810074		0.07324254177510739		0.14648508355021478
838		20.51699902396649		0.7697820663452148		1.1330288407707214		0.07146430919468402		0.14292861838936805
839		20.5014233100228		0.7878788709640503		1.1454002672839165		0.0723642953544855		0.144728590708971
840		20.490076749993023		0.7832319140434265		1.146524818086624		0.0964683336108923		0.1929366672217846
841		20.501760975981597		0.7670745849609375		1.1297508185052871		0.06941507684290409		0.13883015368580817
842		20.530918270000257		0.7761200666427612		1.1417225267338753		0.0739267021805048		0.1478534043610096
843		20.500896560028195		0.747794508934021		1.1084128011274337		0.11155257098078727		0.22310514196157455
844		20.698932609986514		0.7641260027885437		1.1253947878479957		0.07635972317457199		0.15271944634914397
845		20.656928376993164		0.7862032055854797		1.1470324321961403		0.07938283864557744		0.15876567729115487
846		20.900134760013316		0.7799041271209717		1.1407553906679153		0.07097025907635689		0.14194051815271377
847		20.79975252400618		0.7594865560531616		1.1180987961053848		0.06954137423932552		0.13908274847865104
848		20.60965566401137		0.7929127812385559		1.1476382209658622		0.08655604943037033		0.17311209886074067
849		20.658476818993222		0.7747970223426819		1.1338088149881362		0.0706487993657589		0.1412975987315178
850		20.793818390986416		0.7569488883018494		1.1119162875413895		0.07128656939864159		0.14257313879728317
851		20.60075300600147		0.7898304462432861		1.1540124218678474		0.1596219900518656		0.3192439801037312
852		20.67827528802445		0.7787258625030518		1.1410027079486846		0.06999004699587821		0.13998009399175643
853		20.6141740049934		0.7979910969734192		1.1625642798757554		0.07071304815411568		0.14142609630823136
854		20.55851670599077		0.7560877203941345		1.1165307346916198		0.0689860664010048		0.1379721328020096
855		20.532020215992816		0.7627846598625183		1.1200018009066581		0.07361643089950085		0.1472328617990017
856		20.546660136024002		0.7950315475463867		1.1476456637716292		0.0895083016693592		0.1790166033387184
857		20.57692558603594		0.7794398069381714		1.1380021451067925		0.1460573699235916		0.2921147398471832
858		20.50284788198769		0.7747096419334412		1.1364085996699334		0.07692650993466377		0.15385301986932753
859		20.557096269971225		0.7733224630355835		1.13154599660635		0.06986839851737023		0.13973679703474046
860		20.56447336601559		0.7618939876556396		1.121792480688095		0.1808389619231224		0.3616779238462448
861		20.63563754799543		0.7671000361442566		1.1279676199281217		0.12279036826193333		0.24558073652386667
862		20.62161707499763		0.7559542059898376		1.11462498883605		0.08775283286869526		0.17550566573739051
863		20.709014114981983		0.7613816261291504		1.122727944238186		0.15326228866875172		0.30652457733750343
864		20.707539438968524		0.7963115572929382		1.162077260518074		0.07075874623060227		0.14151749246120454
865		20.744199762993958		0.7694332003593445		1.1337850965762137		0.10865087222456932		0.21730174444913863
866		20.698728757968638		0.7656975388526917		1.1253387949204445		0.06924849282801152		0.13849698565602303
867		20.684946315013804		0.7722848057746887		1.137476637430191		0.0708710880458355		0.141742176091671
868		20.66422200301895		0.7812787890434265		1.1410698175668716		0.07475544484555721		0.14951088969111442
869		20.566581806051545		0.7668831944465637		1.125230988457203		0.07905535263419151		0.15811070526838303
870		20.68523047195049		0.7722640633583069		1.1311498113846779		0.10519799925386905		0.2103959985077381
871		20.66130252997391		0.7647557854652405		1.1215156521856784		0.06888119767904281		0.13776239535808563
872		20.71388878597645		0.7457236647605896		1.1046083455204965		0.08802791112065315		0.1760558222413063
873		20.775723740982357		0.7764031291007996		1.1334903245973587		0.09721019099056721		0.19442038198113443
874		20.640623526996933		0.7699833512306213		1.132955694618225		0.18259472310245037		0.36518944620490074
875		20.778897228999995		0.7756399512290955		1.1378456201982499		0.07106347134113311		0.14212694268226622
876		20.707510758016724		0.7628898024559021		1.1223677900886535		0.08210927938222885		0.1642185587644577
877		20.590614088985603		0.756607711315155		1.1213131200528146		0.09462440015673637		0.18924880031347274
878		20.612482080992777		0.7691740393638611		1.129410150103569		0.06906582850813865		0.1381316570162773
879		20.552394872996956		0.7833051085472107		1.1458049148440361		0.06976513438820839		0.13953026877641678
880		20.568192590028048		0.7482666969299316		1.1148151377153397		0.09895014989376068		0.19790029978752136
881		20.644594769983087		0.7833437323570251		1.1439736640429496		0.19053089336156845		0.3810617867231369
882		20.83552178897662		0.7713578939437866		1.1304257693386077		0.07253223842084408		0.14506447684168816
883		20.823288485000376		0.7545811533927917		1.1167268970561028		0.07305436372756959		0.14610872745513917
884		20.77398334199097		0.7639162540435791		1.1247822642540932		0.07171487115621566		0.14342974231243133
885		20.596697536995634		0.7752066850662231		1.13218884557724		0.06893242533802986		0.13786485067605972
886		20.532622903003357		0.7435080409049988		1.1095642832803727		0.06827105356454849		0.13654210712909698
887		20.53449679998448		0.7648540139198303		1.124509244132042		0.13582692830264567		0.27165385660529134
888		20.735775784007274		0.7629123330116272		1.122462936220169		0.07027434284389018		0.14054868568778037
889		20.78724388696719		0.7624497413635254		1.1221068236994742		0.07822564805448055		0.1564512961089611
890		20.808916553971358		0.7630496025085449		1.129008787124157		0.10590658791065216		0.21181317582130432
891		20.744682281045243		0.7839447259902954		1.146814182395935		0.07187099257409572		0.14374198514819145
892		20.723551913979463		0.7655174732208252		1.1245823159503936		0.06972306435704231		0.13944612871408463
893		20.751425669004675		0.7603291869163513		1.1144824901485444		0.07057704408168793		0.14115408816337585
894		20.59501841897145		0.7365075349807739		1.1013269804406165		0.09556870273947715		0.1911374054789543
895		20.75448228098685		0.7571128606796265		1.1158498567938804		0.06807071228921413		0.13614142457842826
896		20.80534619302489		0.7570313811302185		1.122259143078327		0.07822426638007164		0.15644853276014328
897		20.787744858011138		0.753600537776947		1.1134109804797172		0.08400045349299907		0.16800090698599815
898		20.753111135971267		0.7515639662742615		1.1140246795225144		0.06817385588288308		0.13634771176576616
899		20.696035310975276		0.7591730356216431		1.123684500067234		0.08178717162013054		0.16357434324026107
900		20.642493111023214		0.7529584765434265		1.1135572989082336		0.06830077728629112		0.13660155457258225
901		20.680833044985775		0.7592200636863708		1.1167928249049186		0.1419777141213417		0.2839554282426834
902		20.76012847898528		0.7637932896614075		1.126364450902939		0.06846298879086972		0.13692597758173944
903		20.692045042000245		0.7425141334533691		1.1076240781116486		0.08043330363929271		0.16086660727858543
904		20.559469365980476		0.7711840271949768		1.13203174618721		0.07908049628436566		0.1581609925687313
905		20.578020529996138		0.743312656879425		1.1056388197422027		0.14205460853874682		0.28410921707749365
906		20.728794753958937		0.7399402856826782		1.099546756682396		0.06808324829936027		0.13616649659872054
907		20.655539185972884		0.7515841126441956		1.1135591963756084		0.06825057008862495		0.1365011401772499
908		20.757003137958236		0.7617655992507935		1.1164240935707093		0.09422516025602817		0.18845032051205635
909		20.596165516995825		0.765933096408844		1.1281453122615814		0.09774567655920982		0.19549135311841964
910		20.618611182027962		0.7691665291786194		1.1363947077155114		0.09510847211182118		0.19021694422364235
911		20.669040096981917		0.7536402940750122		1.1151995539951325		0.12535207693278788		0.25070415386557576
912		20.655771685007494		0.7689647674560547		1.128508492178917		0.06929486683309079		0.13858973366618157
913		20.708762026974		0.7599481344223022		1.1235910889792442		0.07541448090970516		0.15082896181941033
914		20.71472404000815		0.7509220242500305		1.1129637462854385		0.0910643621534109		0.1821287243068218
915		20.722305584989954		0.759174644947052		1.1241411384510993		0.10201426130831241		0.20402852261662482
916		20.79301021801075		0.7407047748565674		1.0980544710421563		0.07175153128504753		0.14350306257009507
917		20.753599465009756		0.7711670398712158		1.129490211775303		0.06807052728533745		0.1361410545706749
918		20.749117886007298		0.7660025358200073		1.1247345237755775		0.0702215397387743		0.1404430794775486
919		20.599413073039614		0.7702597975730896		1.1278898252916336		0.06731673145890237		0.13463346291780473
920		20.533533561974764		0.7448051571846008		1.1002587379980087		0.07847731263637543		0.15695462527275086
921		20.55812603997765		0.7578909397125244		1.1146888110518456		0.06740895214378834		0.13481790428757667
922		20.572441776981577		0.7478050589561462		1.1080386549377441		0.06989210294485092		0.13978420588970183
923		20.68570691999048		0.7471021413803101		1.105552329967022		0.06706931177675723		0.13413862355351447
924		20.65136556298239		0.764995813369751		1.1310930277943612		0.0688223492860794		0.1376446985721588
925		20.720342638960574		0.7617245316505432		1.1178216372537613		0.08371077595949172		0.16742155191898345
926		20.694422141998075		0.7613085508346558		1.1196024509072304		0.06844849010407925		0.1368969802081585
927		20.6825441760011		0.7579047679901123		1.11670248128891		0.08078502368628979		0.16157004737257957
928		20.76590838195989		0.7483536601066589		1.1118495786190032		0.10692993940711021		0.21385987881422042
929		20.76542830001563		0.7656779289245605		1.1265989582204818		0.14063825320601464		0.2812765064120293
930		20.77678047301015		0.7456616759300232		1.1102421841430663		0.06839289135038852		0.13678578270077704
931		20.76753720699344		0.7388809323310852		1.1012369713115693		0.09806316995620727		0.19612633991241454
932		20.811966211011168		0.7615439891815186		1.1180123314189911		0.0680784351170063		0.1361568702340126
933		20.81995768501656		0.7456376552581787		1.1050235318517685		0.09385434852838516		0.18770869705677032
934		20.82497106300434		0.7486478686332703		1.1132244725704192		0.08704808527827262		0.17409617055654525
935		20.53193357400596		0.761835515499115		1.1182293942475319		0.08583607214689255		0.1716721442937851
936		20.692711242008954		0.7413714528083801		1.107177259850502		0.06839783884584903		0.13679567769169806
937		20.637756467971485		0.7473893761634827		1.1085084159898757		0.06710669411718845		0.1342133882343769
938		20.789081002993044		0.7439669966697693		1.1078538312268258		0.16615397129654885		0.3323079425930977
939		20.74462599400431		0.7620861530303955		1.126088015050888		0.08856909562349319		0.17713819124698638
940		20.623341841972433		0.7436426877975464		1.1031434815382957		0.07116736783385277		0.14233473566770555
941		20.540003761008848		0.7708608508110046		1.127367217953205		0.0979949072688818		0.1959898145377636
942		20.664317611954175		0.7348988056182861		1.0927531387639047		0.06741373502612114		0.13482747005224227
943		20.56015686696628		0.7468616962432861		1.1027919838762283		0.0715062631636858		0.1430125263273716
944		20.59106907201931		0.7564980387687683		1.1144367709636689		0.08468980441987514		0.16937960883975028
945		20.6655604870175		0.7503873109817505		1.1116431914639473		0.09706938741207123		0.19413877482414246
946		20.623793271020986		0.740993320941925		1.1040641761493684		0.078511800801754		0.157023601603508
947		20.61257742799353		0.7431154251098633		1.102017803940773		0.0680071303844452		0.1360142607688904
948		20.657600136997644		0.767350435256958		1.1247570981788635		0.0665254749327898		0.1330509498655796
949		20.46155542402994		0.7393358945846558		1.0993705402171612		0.06673619531989097		0.13347239063978195
950		20.46706479997374		0.7439790964126587		1.1000208439564705		0.06649258522987365		0.1329851704597473
951		20.518483946972992		0.7576974630355835		1.11957208796978		0.06632130704522132		0.13264261409044265
952		20.39123812300386		0.7506541013717651		1.1098261578309536		0.06911470337212086		0.13822940674424172
953		20.469622589997016		0.7518225312232971		1.1091914119005204		0.06709127061963081		0.13418254123926163
954		20.570105021994095		0.7443353533744812		1.1066340971899034		0.06683160727024079		0.13366321454048158
955		20.696582504024263		0.7584798336029053		1.1177942873358726		0.12817588441967964		0.2563517688393593
956		20.742679591989145		0.7555776238441467		1.1140826678323745		0.12411999946534634		0.24823999893069268
957		20.75623599399114		0.7490874528884888		1.0990883934807778		0.11812534549832344		0.2362506909966469
958		20.679200534999836		0.7475709915161133		1.1111814064574241		0.10372120037674903		0.20744240075349807
959		20.736417090985924		0.7387476563453674		1.0944886717104911		0.12134979581236839		0.24269959162473678
960		20.706410167971626		0.7658665180206299		1.125303737742901		0.06755445840358734		0.13510891680717468
961		20.581270461028907		0.7440084218978882		1.1022946642518043		0.14613131638765334		0.2922626327753067
962		20.608552573015913		0.7461860179901123		1.10483899466753		0.2024661249011755		0.404932249802351
963		20.705399294034578		0.757362425327301		1.1134564205026627		0.06719718619883061		0.13439437239766122
964		20.670125053962693		0.748968780040741		1.111578464782238		0.066591081777215		0.13318216355443
965		20.618452511029318		0.7561669945716858		1.1166554107284545		0.08743921929597855		0.1748784385919571
966		20.73716694203904		0.7389922738075256		1.1024186721348763		0.06932216444313526		0.1386443288862705
967		20.810331958986353		0.7494028806686401		1.10969030472517		0.0834110214740038		0.1668220429480076
968		20.72869785001967		0.7466192245483398		1.1023974566102028		0.0752689510166645		0.150537902033329
969		20.732193764997646		0.7497842907905579		1.1078763885998726		0.07653154828250408		0.15306309656500816
970		20.729032075032592		0.7415952682495117		1.1047646901583672		0.06699553974568843		0.13399107949137687
971		20.671126656990964		0.7433367967605591		1.0977249517083167		0.08472664151787758		0.16945328303575516
972		20.698027741047554		0.754119873046875		1.1134177584803104		0.07292199997901916		0.14584399995803832
973		20.668166680028662		0.7502798438072205		1.1132941144061088		0.06644017772376537		0.13288035544753074
974		20.66226191399619		0.7342599034309387		1.0911696529340744		0.06616658862531186		0.1323331772506237
975		20.80132628098363		0.7458891868591309		1.101375258002281		0.0780249171435833		0.1560498342871666
976		20.761470085009933		0.7431533932685852		1.1052997465372085		0.07079777819216251		0.14159555638432503
977		20.795700231043156		0.7347024083137512		1.0925203173673153		0.22431317057311534		0.4486263411462307
978		20.83118347299751		0.764394223690033		1.1245628281736373		0.07380545737445354		0.14761091474890708
979		20.702470591000747		0.7396475672721863		1.1019078038954735		0.0680967704564333		0.1361935409128666
980		20.60920012096176		0.734659731388092		1.0923119423925876		0.07196755975186825		0.1439351195037365
981		20.597420000005513		0.7393401265144348		1.102683123369217		0.06600501680672169		0.13201003361344338
982		20.6422788350028		0.7421778440475464		1.0998395576262474		0.09481859101653099		0.18963718203306199
983		20.690272926993202		0.7423050403594971		1.0963768758189678		0.06634839391112328		0.13269678782224656
984		20.55477719299961		0.7584506273269653		1.1153986273026466		0.10086682280898095		0.2017336456179619
985		20.587644224986434		0.7367099523544312		1.0925733498930932		0.06743667721152305		0.1348733544230461
986		20.6062769460259		0.746131956577301		1.1059033346819878		0.06656404820978641		0.13312809641957282
987		20.697258669009898		0.7351211309432983		1.0911247612452506		0.06580995485782623		0.13161990971565246
988		20.630539376987144		0.7487273812294006		1.109488274410963		0.06705816729664803		0.13411633459329605
989		20.708831484022085		0.7487512826919556		1.1124562099862099		0.0658228588283062		0.1316457176566124
990		20.75860325997928		0.7308087348937988		1.0877236122322083		0.06663850391507149		0.13327700783014299
991		20.72974089498166		0.7399963736534119		1.1030145196723937		0.06729483271539212		0.13458966543078424
992		20.888781019020826		0.7428244948387146		1.1002775690484048		0.06975023606717587		0.13950047213435174
993		20.73090243904153		0.7431082129478455		1.0980260272717477		0.20279899067878723		0.40559798135757447
994		20.600722533999942		0.7429517507553101		1.1008547767138481		0.06600233537852764		0.13200467075705527
995		20.573478072998114		0.745232880115509		1.100325164129734		0.06664137302339077		0.13328274604678153
996		20.5840505239903		0.7530468702316284		1.1071929462289811		0.10199951944053173		0.20399903888106347
997		20.594988091033883		0.7469738721847534		1.0989719102025033		0.06880709437131882		0.13761418874263764
998		20.70189877098892		0.7454484701156616		1.1014398252248765		0.0658598957568407		0.1317197915136814
999		20.730678546999115		0.7391118407249451		1.0970969434094429		0.12394310888648033		0.24788621777296066
1000		20.764754618052393		0.7427704334259033		1.1027391408371925		0.07814475392401218		0.15628950784802437
1001		20.742178679967765		0.7385440468788147		1.1012671537780763		0.07218478350639343		0.14436956701278686
1002		20.672759145032614		0.7413052320480347		1.1051138392591477		0.06612515370249748		0.13225030740499497
1003		20.70656716398662		0.7281304597854614		1.0924187710022926		0.06560493623316288		0.13120987246632576
1004		20.665926123969257		0.7400343418121338		1.0981376881015301		0.06656046599447728		0.13312093198895456
1005		20.69106332497904		0.7376169562339783		1.1025820949292182		0.07277483385205269		0.14554966770410538
1006		20.830209531006403		0.7391849160194397		1.0965445942783356		0.06708427783846856		0.1341685556769371
1007		20.84234941500472		0.738162636756897		1.098122751340866		0.06589356951415538		0.13178713902831077
1008		20.830956705030985		0.7348127365112305		1.095864325876236		0.09037784000635148		0.18075568001270295
1009		20.678538172040135		0.7288755178451538		1.0855455877065658		0.07223466006815434		0.14446932013630867
1010		20.702809487993363		0.7444169521331787		1.1051585283720493		0.06614651122391224		0.13229302244782448
1011		20.672793376957998		0.7286381125450134		1.0920006578922272		0.0703937802195549		0.1407875604391098
1012		20.519567501964048		0.7329761385917664		1.0931101816546918		0.07127261849343777		0.14254523698687555
1013		20.597363790031523		0.7468219995498657		1.0986506930220128		0.0661179441601038		0.1322358883202076
1014		20.541777737962548		0.7372280955314636		1.0910797797358036		0.06524856947362423		0.13049713894724846
1015		20.553489746991545		0.7279547452926636		1.0865776852416993		0.06627768860459328		0.13255537720918656
1016		20.570409137988463		0.7562755346298218		1.1093426426887512		0.06645444517731666		0.13290889035463332
1017		20.642754833970685		0.7381932735443115		1.0968188253426552		0.06574073111414909		0.13148146222829818
1018		20.629049546958413		0.7328388094902039		1.0936633869600296		0.06546987450122833		0.13093974900245667
1019		20.80937620298937		0.7348623871803284		1.0895599316596984		0.06660846663713456		0.13321693327426912
1020		20.875203215982765		0.733504593372345		1.0926565880131722		0.06515942524373532		0.13031885048747063
1021		20.80476833699504		0.7267982363700867		1.0799253581249715		0.07348378944694996		0.14696757889389991
1022		20.85668816504767		0.7533798813819885		1.1091634347474575		0.06666519268155098		0.13333038536310196
1023		20.757167597999796		0.7375592589378357		1.0916359514558316		0.09045687046647072		0.18091374093294144
1024		20.842888099956326		0.7401474118232727		1.0981208527684212		0.096099264934659		0.192198529869318
1025		20.801615176955238		0.7354446053504944		1.0928181184625625		0.07859396502375603		0.15718793004751205
1026		20.5432378660189		0.7423751950263977		1.10247009436965		0.06914549058377743		0.13829098116755487
1027		20.610661590006202		0.7358984351158142		1.0946246367907524		0.0676956894248724		0.1353913788497448
1028		20.63106925896136		0.7346792221069336		1.0936009119033814		0.13271971983611583		0.26543943967223166
1029		20.839287588954903		0.7336350679397583		1.0900923995876313		0.06834782511889935		0.1366956502377987
1030		20.685406400996726		0.7285416722297668		1.0840938074970246		0.06496976834237575		0.1299395366847515
1031		20.632728286960628		0.7357433438301086		1.0918691870760917		0.06710851791799069		0.13421703583598138
1032		20.693568900052924		0.7349267601966858		1.0921142352068425		0.06773874844610692		0.13547749689221383
1033		20.800767723005265		0.7353920340538025		1.093052136696577		0.06494354417622089		0.12988708835244178
1034		20.697018418984953		0.7332153916358948		1.0950576600563526		0.06516606809794903		0.13033213619589806
1035		20.745496748015285		0.7325294613838196		1.0940620350837706		0.06618221819698811		0.13236443639397621
1036		20.643276249989867		0.7317960262298584		1.0900011457693577		0.06594368786215782		0.13188737572431564
1037		20.805827490985394		0.7467281818389893		1.1035318089842796		0.15387532641291618		0.30775065282583236
1038		20.81387093401281		0.7336899638175964		1.086023873847723		0.07171887841224671		0.14343775682449342
1039		20.672766664007213		0.7289225459098816		1.0890118569374085		0.06654015009701252		0.13308030019402503
1040		20.655712213017978		0.7320415377616882		1.085673106905222		0.1361688620865345		0.272337724173069
1041		20.725584847969003		0.7278909087181091		1.084191285047531		0.06515561419427394		0.1303112283885479
1042		20.732588579994626		0.7346252202987671		1.08918219299078		0.10660753150880337		0.21321506301760673
1043		20.871961810975336		0.7320661544799805		1.0932823561406135		0.06901059670448303		0.13802119340896607
1044		20.598451699013822		0.7265628576278687		1.0821852103555203		0.06928673939704895		0.1385734787940979
1045		20.59022732701851		0.7332660555839539		1.088969182510376		0.09179048419892788		0.18358096839785576
1046		20.57402539794566		0.7348151206970215		1.0905846225786209		0.08186327084302902		0.16372654168605805
1047		20.636454685009085		0.7410508990287781		1.0948458072841167		0.06460231232047081		0.12920462464094162
1048		20.543612873996608		0.7274180054664612		1.0764946895360947		0.10177108551859855		0.2035421710371971
1049		20.74550012900727		0.7300252914428711		1.0909389488744736		0.08428237120807171		0.16856474241614341
1050		20.594564835948404		0.7232158184051514		1.0862046311032771		0.0647459307551384		0.1294918615102768
1051		20.61940158996731		0.7273661494255066		1.0864294816684723		0.07466181436777115		0.1493236287355423
1052		20.693825747002847		0.7283368706703186		1.0893035705435277		0.06554449215829372		0.13108898431658744
1053		20.69681902299635		0.7237902879714966		1.0836827289414406		0.06503914577364922		0.13007829154729844
1054		20.600184342998546		0.7397074103355408		1.0952306528401374		0.06547561595141888		0.13095123190283775
1055		20.660514055984095		0.7228071093559265		1.0852210562741758		0.07753408899903297		0.15506817799806594
1056		20.660281341988593		0.7274155020713806		1.081453406982422		0.14880795035362243		0.29761590070724486
1057		20.684845350973774		0.7297956943511963		1.0915241918206215		0.06436184652149678		0.12872369304299355
1058		20.654310202982742		0.7280435562133789		1.0838078694617748		0.07195948494076729		0.14391896988153458
1059		20.649667759018485		0.731747567653656		1.0903878313422204		0.06631602940559388		0.13263205881118775
1060		20.63343982899096		0.7313966751098633		1.089066928898096		0.06498363436758518		0.12996726873517037
1061		20.663106362975668		0.7476459741592407		1.102292167338133		0.07017117140889167		0.14034234281778335
1062		20.65251421101857		0.718063473701477		1.0764243139386178		0.0814676381111145		0.162935276222229
1063		20.634398363996297		0.7265138626098633		1.0810328714454174		0.0669697020560503		0.1339394041121006
1064		20.603090352960862		0.7263646721839905		1.0816821420919895		0.06661940560638904		0.13323881121277809
1065		20.55458551098127		0.7243368625640869		1.078576719328165		0.06502846604287624		0.13005693208575247
1066		20.521716599003412		0.730320394039154		1.0848024235010147		0.06712625918388367		0.13425251836776733
1067		20.4844667330035		0.7300121784210205		1.081573673157692		0.06573205362260341		0.13146410724520682
1068		20.606727637990844		0.7229853868484497		1.082174780716896		0.0649754318267107		0.1299508636534214
1069		20.605079416010994		0.7326866388320923		1.0880564590978623		0.08955191382169723		0.17910382764339447
1070		20.585093567031436		0.7296528220176697		1.0824141760373116		0.06556005654036999		0.13112011308073998
1071		20.631717233976815		0.7330271601676941		1.087573265004158		0.08031863915622234		0.16063727831244468
1072		20.62974707299145		0.7282599210739136		1.081568238182068		0.06459431174397469		0.12918862348794938
1073		20.75093034602469		0.7256234884262085		1.0865034680271148		0.07294642724692821		0.14589285449385642
1074		20.6564619190176		0.7313410639762878		1.0962463578891755		0.06566220726072788		0.13132441452145577
1075		20.812183130008634		0.7231879234313965		1.0789422551107406		0.06477652705311775		0.1295530541062355
1076		20.626263086975086		0.7315271496772766		1.0900154468369483		0.06596686492264271		0.13193372984528542
1077		20.57590091205202		0.7163872718811035		1.0737384073257445		0.08866357086598874		0.17732714173197747
1078		20.56536364002386		0.7439807653427124		1.0996388198816776		0.06512768063545227		0.13025536127090453
1079		20.5875658900477		0.7343509197235107		1.088737989976406		0.06823174369633198		0.13646348739266395
1080		20.704719719011337		0.7282745838165283		1.0819944196152687		0.06798838533461093		0.13597677066922187
1081		20.617450020974502		0.7277998924255371		1.0847015999650955		0.06817819014191627		0.13635638028383254
1082		20.552869337960146		0.7263387441635132		1.0833592335057258		0.07402609486281872		0.14805218972563744
1083		20.589964147948194		0.7233256697654724		1.0847816321563721		0.10422291717529297		0.20844583435058595
1084		20.579911187000107		0.7253199815750122		1.079005071644783		0.08715338502824306		0.17430677005648612
1085		20.61464193102438		0.7281038165092468		1.084321962096691		0.07272086146175862		0.14544172292351723
1086		20.58515970001463		0.7258028984069824		1.0794226369047164		0.06409627457857132		0.12819254915714265
1087		20.619805718015414		0.7396174669265747		1.0925263798248768		0.07020220958292485		0.1404044191658497
1088		20.594523095991462		0.7253981232643127		1.0837609480643273		0.06725584573745727		0.13451169147491454
1089		20.835947612999007		0.7343843579292297		1.0884312088930608		0.07300796636641026		0.1460159327328205
1090		20.619420468981843		0.7241380214691162		1.077060227048397		0.06392484892606735		0.1278496978521347
1091		20.588801681995392		0.7232950329780579		1.0762917561435699		0.06471871925592422		0.12943743851184844
1092		20.597327019029763		0.725449800491333		1.0829658941340445		0.06870804071724415		0.1374160814344883
1093		20.544296848995145		0.7289265394210815		1.0825490715253354		0.0639081065505743		0.1278162131011486
1094		20.54350067197811		0.7319837808609009		1.0876774274992942		0.06392154792845249		0.12784309585690498
1095		20.55466326198075		0.7176408171653748		1.0729787264835835		0.06426459563672543		0.12852919127345086
1096		20.591717474046163		0.7188130021095276		1.0752372371888161		0.06386826141476631		0.12773652282953263
1097		20.60284413199406		0.7238706350326538		1.0821550609767436		0.07072766292095184		0.14145532584190368
1098		20.62439298297977		0.7218819856643677		1.0789547471952439		0.06406575773954391		0.12813151547908783
1099		20.585786676965654		0.740988552570343		1.095792754689455		0.0639205201715231		0.1278410403430462
1100		20.643825939041562		0.7263050675392151		1.081607872811556		0.06383325387835502		0.12766650775671004
1101		20.750814115046524		0.7228701114654541		1.0760723552858829		0.0643879924595356		0.1287759849190712
1102		20.702386849035975		0.7359107732772827		1.0878729350435734		0.06386113334298134		0.12772226668596268
1103		20.770728994975798		0.7179974317550659		1.0723818461322785		0.08329329409599304		0.16658658819198607
1104		20.736359241011087		0.7184469103813171		1.0796251472210885		0.06987714369595051		0.13975428739190102
1105		20.731491397018544		0.7179978489875793		1.0733195414936543		0.0642334432065487		0.1284668864130974
1106		20.858232862025034		0.7291748523712158		1.0851675161492824		0.06386071156561375		0.1277214231312275
1107		20.82963546697283		0.7235898375511169		1.0738703666484355		0.06450779590010643		0.12901559180021285
1108		20.77448474202538		0.7216024994850159		1.0761495750546455		0.06582233060002327		0.13164466120004653
1109		20.699195292021614		0.728024959564209		1.0833369484364987		0.06511578993201256		0.13023157986402512
1110		20.76565317204222		0.7322890162467957		1.0851929607474804		0.08493072107732295		0.1698614421546459
1111		20.77636702597374		0.7220268845558167		1.0775229648196698		0.06867536328136921		0.13735072656273842
1112		20.702108194993343		0.7204145193099976		1.0767609419727326		0.06431310997009278		0.12862621994018555
1113		20.78730639501009		0.7166991829872131		1.0743846451354027		0.10124264678061008		0.20248529356122016
1114		20.665346494002733		0.7269653677940369		1.0847569780492783		0.06728289929926395		0.1345657985985279
1115		20.710359713993967		0.7255000472068787		1.0817106020820142		0.06376835041344166		0.12753670082688331
1116		20.633998514036648		0.7167403101921082		1.0725596408617497		0.08365504040420055		0.1673100808084011
1117		20.747060731984675		0.7248325347900391		1.0818835419309139		0.06529522265195846		0.13059044530391692
1118		20.715373961953446		0.7195029258728027		1.0734477779746057		0.07358795331418515		0.1471759066283703
1119		20.70834604598349		0.7194939851760864		1.0782785183382035		0.09675867295861244		0.1935173459172249
1120		20.796241932956036		0.7216633558273315		1.0772814631843566		0.06634220529794693		0.13268441059589386
1121		20.66242109797895		0.7246816754341125		1.0828431112599373		0.06437743169665337		0.12875486339330675
1122		20.660271405999083		0.7289767265319824		1.0816748374962806		0.06432512964606285		0.1286502592921257
1123		20.758104943030048		0.7241964936256409		1.076946242067814		0.11779705880880356		0.23559411761760712
1124		20.84464950702386		0.7263156771659851		1.0808905787420273		0.06344212921857834		0.12688425843715667
1125		20.749306179000996		0.7201195955276489		1.0730271665203572		0.06657631375193596		0.1331526275038719
1126		20.566973456996493		0.7315471172332764		1.087035978397131		0.08085719151496887		0.16171438302993774
1127		20.55083012196701		0.7193484306335449		1.0772057761907579		0.06326893468499184		0.12653786936998368
1128		20.574582706030924		0.7229625582695007		1.0805687347519397		0.06340255919694901		0.12680511839389802
1129		20.616695056960452		0.7256425619125366		1.0753885178685187		0.06506816746294498		0.13013633492588997
1130		20.608077453973237		0.7214381694793701		1.0805561296129227		0.06796231333315372		0.13592462666630745
1131		20.783237427996937		0.7208167910575867		1.0773927471256257		0.06470871612131596		0.1294174322426319
1132		20.6962277200073		0.7241807579994202		1.07754814103961		0.08312256883084775		0.1662451376616955
1133		20.79175770096481		0.7156291007995605		1.0723091863667964		0.06407466188371182		0.12814932376742363
1134		20.690809726016596		0.7190679311752319		1.067270495890379		0.06378663814365863		0.12757327628731727
1135		20.874151720956434		0.7149114608764648		1.0720714603185653		0.06326887871026993		0.12653775742053985
1136		20.775998087017797		0.7207548022270203		1.0767041220319271		0.0637012817800045		0.127402563560009
1137		20.704461205983534		0.7186339497566223		1.0746240867972374		0.06488251713812351		0.12976503427624703
1138		20.627775019966066		0.7276485562324524		1.0811775967001915		0.06343218460977078		0.12686436921954156
1139		20.788258326007053		0.7193838357925415		1.0692732678842545		0.06313782992660999		0.12627565985321998
1140		20.72586304898141		0.7241966724395752		1.0748863936793804		0.0675281900793314		0.1350563801586628
1141		20.754443573008757		0.7202693819999695		1.0761872397506238		0.06648442288637162		0.13296884577274323
1142		20.768372818012722		0.7256568670272827		1.0796489649558068		0.07437381930053234		0.14874763860106469
1143		20.78443314298056		0.7178968787193298		1.0718681644749641		0.06354645380973815		0.1270929076194763
1144		20.76400459103752		0.719703197479248		1.0732336858785152		0.06339178813695907		0.12678357627391815
1145		20.73236733698286		0.7191528081893921		1.0717443715322017		0.06331992508471013		0.12663985016942025
1146		20.864321722008754		0.7224542498588562		1.0739192763233185		0.06495440675914288		0.12990881351828576
1147		20.784436412039213		0.7161887288093567		1.0727193586266042		0.06304736135303975		0.1260947227060795
1148		20.783116503967904		0.7188614010810852		1.0752808291888236		0.07028392669558525		0.1405678533911705
1149		20.810935168992728		0.7202244400978088		1.0730505199849605		0.07448897458612919		0.14897794917225837
1150		20.786376910982653		0.7170746922492981		1.073466980522871		0.06444898793399334		0.12889797586798668
1151		20.698157376027666		0.7150534987449646		1.064630609252453		0.10083563455939293		0.20167126911878586
1152		20.732405993971042		0.7129672765731812		1.0686198275506495		0.06414675727784634		0.12829351455569268
1153		20.74342112801969		0.7203635573387146		1.0727172658109665		0.06390301482379436		0.12780602964758872
1154		20.65592598100193		0.7149064540863037		1.069794112057686		0.064534473913908		0.129068947827816
1155		20.591400236007757		0.7196398377418518		1.0747398528313636		0.06654776293635369		0.13309552587270737
1156		20.612387779983692		0.7163053750991821		1.073835627272129		0.06339058811366557		0.12678117622733115
1157		20.691395797999576		0.7173779010772705		1.073915564544201		0.06330548934340477		0.12661097868680954
1158		20.671432867995463		0.7185127139091492		1.0735226117837429		0.06313397156596184		0.1262679431319237
1159		20.675598392961547		0.7162532806396484		1.0687570841479301		0.06357616444826127		0.12715232889652253
1160		20.63428264099639		0.7167487144470215		1.0681719328510761		0.06591784813702106		0.13183569627404212
1161		20.73387742502382		0.7211533188819885		1.0740406869876384		0.06320111174881458		0.12640222349762917
1162		20.692482191021554		0.7215637564659119		1.0758569085788727		0.06311356390714645		0.1262271278142929
1163		20.70039326202823		0.716097891330719		1.0654325246143341		0.06353460376560688		0.12706920753121376
1164		20.776067972998135		0.7181822657585144		1.0701307459628582		0.06761654526293277		0.13523309052586555
1165		20.70920990302693		0.718070387840271		1.0702760396432878		0.0630326344281435		0.126065268856287
1166		20.615636661997996		0.7145865559577942		1.06291027926445		0.0856565020620823		0.1713130041241646
1167		20.647727925039362		0.7135127186775208		1.067202275724411		0.0647773539930582		0.1295547079861164
1168		20.567396547994576		0.7163802981376648		1.070929004304409		0.06279396408200263		0.12558792816400527
1169		20.54975183599163		0.7205255031585693		1.0712330338788032		0.06751212777197362		0.13502425554394723
1170		20.555265657952987		0.7181658148765564		1.0735759408950805		0.06276991543471813		0.12553983086943626
1171		20.56145534501411		0.7147260904312134		1.065855585448742		0.06308724580705166		0.12617449161410332
1172		20.563217895978596		0.7122278809547424		1.06408424695611		0.06290000765323639		0.12580001530647278
1173		20.575953382009175		0.7177319526672363		1.0710741681039333		0.06286752779483795		0.1257350555896759
1174		20.58644279500004		0.7148520350456238		1.0679974068677425		0.06423123236596584		0.12846246473193168
1175		20.808102954993956		0.7152783274650574		1.0738986596417428		0.0639550023317337		0.1279100046634674
1176		20.73543023900129		0.713208019733429		1.066618168438673		0.06641417649686336		0.13282835299372672
1177		20.528666839993093		0.7138940691947937		1.0689405100870133		0.06417910971343517		0.12835821942687034
1178		20.703538939997088		0.7138195037841797		1.06841544054389		0.06319953966140747		0.12639907932281494
1179		20.568340222991537		0.7176346778869629		1.070459435634613		0.06331896767616271		0.12663793535232543
1180		20.502463740995154		0.7132472991943359		1.0680104463469982		0.06398937934935094		0.12797875869870187
1181		20.504336505953688		0.7161629796028137		1.0726706479275228		0.08812926851809025		0.1762585370361805
1182		20.52096735703526		0.7177508473396301		1.068040201201439		0.06640557186901569		0.13281114373803138
1183		20.61441964400001		0.7126581072807312		1.0649907633090019		0.06314664643406868		0.12629329286813737
1184		20.51148991897935		0.7168601155281067		1.0693343871605396		0.06312024135887623		0.12624048271775246
1185		20.575134810991585		0.7120650410652161		1.0648606451773643		0.06265685260593891		0.12531370521187782
1186		20.5055067819776		0.7124407887458801		1.0670201987695693		0.06288618164360524		0.12577236328721048
1187		20.640960378048476		0.7164756655693054		1.068983282415867		0.06340547446906566		0.12681094893813133
1188		20.47772685199743		0.7166284322738647		1.068339706169367		0.06603807349503041		0.13207614699006082
1189		20.738849858986214		0.7113437056541443		1.065080730023384		0.06356035848557949		0.12712071697115898
1190		20.739715614996385		0.7115651965141296		1.0667754581427573		0.06364819932878017		0.12729639865756034
1191		20.745035069005098		0.7131724953651428		1.0676013327443599		0.06267717017829418		0.12535434035658835
1192		20.738368764985353		0.726318359375		1.0750855086505413		0.0624663742095232		0.1249327484190464
1193		20.783456459001172		0.7139109969139099		1.0656890673160553		0.06608245015144348		0.13216490030288697
1194		20.784218753979076		0.7097244262695312		1.0641768792009354		0.06267176606953144		0.12534353213906288
1195		20.80676707200473		0.7152553796768188		1.064388753888607		0.06280696188807487		0.12561392377614974
1196		20.776950383035		0.7123658657073975		1.0629937961232663		0.07005594300925731		0.14011188601851463
1197		20.788276803970803		0.7089754343032837		1.0613296572852136		0.0629264503866434		0.1258529007732868
1198		20.7937703129719		0.7165102958679199		1.0701354372406007		0.06510137257575989		0.13020274515151978
1199		20.594469839998055		0.7160202264785767		1.064624721019268		0.06260567848980426		0.12521135697960853
1200		20.583871658018325		0.7129688262939453		1.0672518454754352		0.06319019579589367		0.12638039159178735
1201		20.71034610096831		0.7101225852966309		1.0616566165685655		0.062485239413380626		0.12497047882676125
1202		20.647786081011873		0.717631459236145		1.0674685218679905		0.07290013016462327		0.14580026032924653
1203		20.76042544899974		0.7182612419128418		1.066257043185234		0.06265966691970826		0.1253193338394165
1204		20.72120521601755		0.715793788433075		1.0690937008285522		0.07453072180747985		0.1490614436149597
1205		20.66571730101714		0.7130201458930969		1.068644501107931		0.06870116710662842		0.13740233421325684
1206		20.65584508900065		0.7120237350463867		1.0676751682794094		0.06497208018302918		0.12994416036605835
1207		20.546108432055917		0.7097659111022949		1.063358717288971		0.06257775241136551		0.12515550482273102
1208		20.537046185985673		0.7162297964096069		1.0698432378542424		0.06294737790226937		0.12589475580453874
1209		20.566820690000895		0.7139275670051575		1.0677331043958664		0.06447329725623131		0.12894659451246263
1210		20.52500174700981		0.7130181789398193		1.0652821076953412		0.06240410844087601		0.12480821688175202
1211		20.53625193395419		0.7159587144851685		1.0655254413771629		0.06237497692108154		0.12474995384216309
1212		20.568512422032654		0.711919903755188		1.0673025799393654		0.06227751716673374		0.12455503433346748
1213		20.586767593980767		0.7154150009155273		1.0638788955676555		0.06235205714702606		0.12470411429405212
1214		20.582194788963534		0.7140395641326904		1.0612750556647779		0.06304344438910485		0.1260868887782097
1215		20.57417425297899		0.7119385600090027		1.063888502715826		0.0626979613572359		0.1253959227144718
1216		20.7748877130216		0.7137372493743896		1.0688966211259365		0.06358273918330669		0.12716547836661338
1217		20.71711214899551		0.707866370677948		1.0631881068909168		0.06292067113518715		0.1258413422703743
1218		20.757543301966507		0.7136450409889221		1.066081776319742		0.06498547166585922		0.12997094333171844
1219		20.796210453030653		0.7168565988540649		1.064607911989689		0.0622485353410244		0.1244970706820488
1220		20.82361049600877		0.7110174894332886		1.065396657938957		0.06283163773417473		0.12566327546834946
1221		20.85340335604269		0.717413604259491		1.0638517401778698		0.06260572522580624		0.12521145045161247
1222		20.761247687973082		0.7156657576560974		1.0636644851183892		0.06225519693493843		0.12451039386987686
1223		20.684516721987166		0.7089902758598328		1.0623807274591923		0.06287144669294358		0.12574289338588715
1224		20.567210218985565		0.711370587348938		1.0638554369914532		0.06228683360815048		0.12457366721630096
1225		20.574230818019714		0.7203487157821655		1.0674129893672466		0.06234808068573475		0.1246961613714695
1226		20.7151550349663		0.7114099860191345		1.0612814738035201		0.062407252809405324		0.12481450561881065
1227		20.826716919022147		0.7124395966529846		1.063693361814022		0.06287947071194648		0.12575894142389296
1228		20.774025533988606		0.7173071503639221		1.0644583357787132		0.06229911949634552		0.12459823899269104
1229		20.8127922329586		0.7126721143722534		1.0608564250922203		0.06215547379851341		0.12431094759702682
1230		20.721984856994823		0.7149834036827087		1.0610153336131574		0.07290563845038414		0.14581127690076828
1231		20.668663004005793		0.7154263854026794		1.0661636866664888		0.06215199120044708		0.12430398240089416
1232		20.587656199000776		0.7092922329902649		1.064314631319046		0.062177843287587166		0.12435568657517433
1233		20.639721085957717		0.7084400057792664		1.0611434304463863		0.06210922908484936		0.12421845816969872
1234		20.55804122198606		0.714259147644043		1.0619444180607795		0.06239786497056484		0.12479572994112968
1235		20.617032386013307		0.7112770676612854		1.0617484319460393		0.06241140106320381		0.12482280212640762
1236		20.578594585007522		0.7133694887161255		1.0616410409593582		0.0622257245361805		0.124451449072361
1237		20.549391906009987		0.7118980288505554		1.063023413836956		0.06204139946699142		0.12408279893398284
1238		20.532560129999183		0.7140246033668518		1.0636077256298064		0.06211854074895382		0.12423708149790764
1239		20.57917715003714		0.7118520736694336		1.0607381851565838		0.06206933016180992		0.12413866032361984
1240		20.783574999019038		0.7154462337493896		1.0629306999003887		0.06904141325354576		0.13808282650709153
1241		20.80175223603146		0.7156854271888733		1.0623417575383187		0.06210243725180626		0.12420487450361252
1242		20.85521934600547		0.7114469408988953		1.0650284820449352		0.06371032480597497		0.12742064961194993
1243		20.922015593969263		0.7127898931503296		1.0613896453619003		0.06207694420516491		0.12415388841032982
1244		20.60385801899247		0.7138240337371826		1.0598143586039543		0.06276110663712024		0.12552221327424049
1245		20.55530568701215		0.7138048410415649		1.0617440253651143		0.06212147385179997		0.12424294770359993
1246		20.77674407599261		0.7150879502296448		1.0654682948362828		0.06207379997968674		0.12414759995937348
1247		20.618329044023994		0.7089924812316895		1.0625970757627488		0.06193269312083721		0.12386538624167442
1248		20.601151312992442		0.7114527225494385		1.0613937472093105		0.06731728396713733		0.13463456793427467
1249		20.763011220027693		0.7158767580986023		1.0646009321260452		0.06397967515587806		0.12795935031175612
1250		20.780787733965553		0.7101026177406311		1.0611603009104729		0.06597957802414894		0.1319591560482979
1251		20.765976012975443		0.7153174877166748		1.0628094781017303		0.06267680405974388		0.12535360811948776
1252		20.71867358800955		0.7113087177276611		1.0625420172560216		0.06241466252207756		0.12482932504415511
1253		20.673086308001075		0.7112894058227539		1.0646771509695052		0.06203909412920475		0.1240781882584095
1254		20.818075866962317		0.7093841433525085		1.0601181761276721		0.06216223146915436		0.12432446293830872
1255		20.76779966300819		0.7103208303451538		1.0599895379507542		0.06227352750897407		0.12454705501794815
1256		20.732970399025362		0.7197713851928711		1.0654873190629481		0.06366380481421947		0.12732760962843895
1257		20.756102062994614		0.7146093845367432		1.0623956010460853		0.06275392957627773		0.12550785915255547
1258		20.69297785399249		0.7139148116111755		1.0631769729435443		0.06296705396175384		0.12593410792350768
1259		20.66455078002764		0.7103578448295593		1.0608069893705845		0.06195220330059528		0.12390440660119056
1260		20.665827859949786		0.7124546766281128		1.0597829319155216		0.0627728293299675		0.125545658659935
1261		20.73813525500009		0.7091903686523438		1.0597247179973126		0.06382485672235488		0.12764971344470977
1262		20.704349525971338		0.7095648050308228		1.0616975324606897		0.06235278667211533		0.12470557334423066
1263		20.75521424500039		0.7078182697296143		1.0608865147471427		0.06189711439013481		0.12379422878026962
1264		20.569523552025203		0.7107034921646118		1.0591677007496356		0.06197775170505047		0.12395550341010093
1265		20.677689749980345		0.7090806365013123		1.0597877987635136		0.06185344479382038		0.12370688958764076
1266		20.734280605975073		0.7109460234642029		1.0602941588759422		0.06242910322546959		0.12485820645093917
1267		20.74463775201002		0.7123998999595642		1.0624694396054746		0.06217102975845337		0.12434205951690674
1268		20.593369100999553		0.7106805443763733		1.0581341511511804		0.06183644182384014		0.12367288364768028
1269		20.62476776703261		0.7111322283744812		1.0600614644503594		0.06191885510981083		0.12383771021962166
1270		20.83361402200535		0.709148645401001		1.0586579564499854		0.07038383242487907		0.14076766484975814
1271		20.78605252900161		0.7130659818649292		1.0592166809391976		0.06202936829924583		0.12405873659849166
1272		20.72723485401366		0.710843026638031		1.0594347260677814		0.06289176994562148		0.12578353989124297
1273		20.858131848974153		0.708034336566925		1.0571982175838948		0.06193828215003014		0.12387656430006028
1274		20.78556585201295		0.7146280407905579		1.0617161661946775		0.061975712594389915		0.12395142518877983
1275		20.64176970598055		0.7128980159759521		1.0579571398103238		0.0651604592859745		0.130320918571949
1276		20.673340420995373		0.7096753120422363		1.0589772550988197		0.06193834195137024		0.12387668390274048
1277		20.587612429982983		0.7108598351478577		1.0620243213653564		0.06187326418161392		0.12374652836322785
1278		20.716919464990497		0.7133224010467529		1.0575301226770877		0.061758865922689435		0.12351773184537887
1279		20.712922303006053		0.714170515537262		1.060804550025463		0.06571561684906482		0.13143123369812965
1280		20.650158627016935		0.7092167735099792		1.0584908370316028		0.06257860598564148		0.12515721197128296
1281		20.597579219029285		0.7139797210693359		1.0601843421971797		0.06229931433200836		0.12459862866401672
1282		20.66265770798782		0.7090807557106018		1.0588597346007824		0.06199007541835308		0.12398015083670616
1283		20.70480863202829		0.7111326456069946		1.0611786234283447		0.06191729840040207		0.12383459680080414
1284		20.84309585101437		0.7089676260948181		1.0586732397294045		0.061790702697634696		0.12358140539526939
1285		20.651511768985074		0.7130898237228394		1.0592982689142227		0.06242790649533272		0.12485581299066544
1286		20.623386432998814		0.712966799736023		1.0591729126501084		0.062482469728589056		0.12496493945717811
1287		20.736874688009266		0.7067346572875977		1.0575790477633475		0.06182630333900452		0.12365260667800904
1288		20.86942108097719		0.710818350315094		1.0584418279397487		0.061857426750659944		0.12371485350131989
1289		20.85831846803194		0.7099729776382446		1.0579582448005675		0.06565592923760415		0.1313118584752083
1290		20.940402821986936		0.7106896042823792		1.0569856476652622		0.061657537299394605		0.12331507459878921
1291		20.80890070600435		0.7078571915626526		1.0620106072354316		0.061937398147583006		0.12387479629516601
1292		20.926553030963987		0.7086827158927917		1.0579619114279748		0.061832316046953203		0.12366463209390641
1293		20.638126773003023		0.7107359766960144		1.055298851288557		0.07639906787276268		0.15279813574552537
1294		20.743446801963728		0.7111621499061584		1.0615905421197414		0.06178564366698265		0.1235712873339653
1295		20.598782462999225		0.711309015750885		1.0615533254373073		0.06941028114259243		0.13882056228518486
1296		20.748051106987987		0.7097181081771851		1.0581133846652508		0.06177433795928955		0.1235486759185791
1297		20.624746464018244		0.7113634943962097		1.0576750448167325		0.06167949928641319		0.12335899857282638
1298		20.67337862198474		0.7105844616889954		1.057135484726429		0.06203174321949482		0.12406348643898964
1299		20.785233127011452		0.7081368565559387		1.0594157986080646		0.061709286099672314		0.12341857219934463
1300		20.761581888014916		0.7141679525375366		1.0582866541731357		0.0617091236948967		0.1234182473897934
1301		20.562474391015712		0.7126166224479675		1.0591118389308452		0.061630713507533075		0.12326142701506615
1302		20.6876754850382		0.7086512446403503		1.0557761452674865		0.06185104140937328		0.12370208281874656
1303		20.680500113987364		0.7121813297271729		1.0589764920127391		0.06168487518727779		0.12336975037455558
1304		20.820203032984864		0.713006317615509		1.0604949522352218		0.06165661328434944		0.12331322656869888
1305		20.825842631049454		0.7131954431533813		1.0565192490112782		0.06176422461569309		0.12352844923138619
1306		20.918448474025354		0.7103361487388611		1.0571363547444343		0.061615543061494825		0.12323108612298965
1307		20.884060897980817		0.7125303149223328		1.0588418564486504		0.06166734195649624		0.12333468391299247
1308		20.919758725038264		0.7086882591247559		1.056201519651413		0.061632382768392564		0.12326476553678513
1309		20.8338080800022		0.711057722568512		1.0559360150158406		0.061659259501099586		0.12331851900219917
1310		20.638674387009814		0.7091414928436279		1.0569997034811973		0.06165373469591141		0.12330746939182281
1311		20.766454167023767		0.7126381993293762		1.0558371726822853		0.06160036131441593		0.12320072262883186
1312		20.672224582987837		0.7106680870056152		1.0558033398866653		0.061561208966374396		0.12312241793274879
1313		20.62578033999307		0.7104882597923279		1.0579336743211747		0.06212222691178322		0.12424445382356644
1314		20.650147769018076		0.7113125324249268		1.055641752691269		0.06155318477749824		0.12310636955499649
1315		20.83685120200971		0.7136006355285645		1.058369809808731		0.06193094955682755		0.1238618991136551
1316		20.877797789988108		0.7109705805778503		1.0575145119667053		0.06236308142840862		0.12472616285681724
1317		20.90164007601561		0.7147843837738037		1.0555228102338314		0.06168551195859909		0.12337102391719817
1318		20.695432615000755		0.7088685631752014		1.056139837590456		0.062086080515384674		0.12417216103076935
1319		20.608760833041742		0.7071109414100647		1.0561974373924732		0.061665837842226026		0.12333167568445205
1320		20.831359195988625		0.7111284136772156		1.0573010461366177		0.06237326031327248		0.12474652062654495
1321		20.844956562039442		0.7081707119941711		1.0565572925651074		0.06176819873452186		0.12353639746904373
1322		20.861064760014415		0.7098493576049805		1.0572028384459018		0.061536479941010476		0.12307295988202095
1323		20.77019070001552		0.7079214453697205		1.054811648206711		0.061607330164313315		0.12321466032862663
1324		20.615847087989096		0.7135177850723267		1.0554371981954576		0.06152240708768368		0.12304481417536736
1325		20.58567237702664		0.7122983932495117		1.0568358460164071		0.06158282532393932		0.12316565064787864
1326		20.54684688197449		0.7133674621582031		1.0571552592372895		0.06149520438313484		0.12299040876626968
1327		20.739233450964093		0.7105098962783813		1.0563125056767464		0.06799532382190228		0.13599064764380456
1328		20.751571650034748		0.709237813949585		1.0543470819818974		0.0631712769806385		0.126342553961277
1329		20.839339723053854		0.7083832621574402		1.057099631266594		0.061952196851372716		0.12390439370274543
1330		20.714409428008366		0.7158694863319397		1.05770785151124		0.06734956952631474		0.13469913905262948
1331		20.59901590400841		0.7078197598457336		1.0561429598927499		0.06282481040358544		0.12564962080717088
1332		20.68072324700188		0.7083696126937866		1.0548246459698678		0.06174412206709385		0.1234882441341877
1333		20.694636449974496		0.7105679512023926		1.05523010050416		0.06159072040915489		0.12318144081830978
1334		20.707042948983144		0.7127252221107483		1.0555217755007744		0.06148155273199082		0.12296310546398163
1335		20.733701271004975		0.7098633646965027		1.0552804046499729		0.06148064625412226		0.12296129250824452
1336		20.693530031014234		0.711781919002533		1.05511776776433		0.06150391983091831		0.12300783966183662
1337		20.76648763299454		0.7084527015686035		1.0561418506407738		0.06153344804048538		0.12306689608097077
1338		20.79131415998563		0.7094892859458923		1.0538677503848075		0.0615752131909132		0.1231504263818264
1339		20.649874246970285		0.7148712277412415		1.0582705461084843		0.06166213082671165		0.1233242616534233
1340		20.64140140201198		0.7107603549957275		1.0553208210146428		0.06144851847290993		0.12289703694581985
1341		20.566218361025676		0.7090640664100647		1.0549211553120612		0.06235662115514278		0.12471324231028556
1342		20.71601851901505		0.7145472764968872		1.0554636951601506		0.0624025425195694		0.1248050850391388
1343		20.77544667304028		0.7110902070999146		1.0556928239274026		0.06149530189335346		0.12299060378670693
1344		20.706261579995044		0.7101951241493225		1.0541776592123508		0.06208704991042614		0.12417409982085229
1345		20.597225466975942		0.7084287405014038		1.0576337275886536		0.06167262057960034		0.12334524115920067
1346		20.7534148300183		0.7105134725570679		1.0536790866231918		0.061465893644094466		0.12293178728818893
1347		20.65471161500318		0.7102696895599365		1.0568668702852726		0.06150856910049915		0.1230171382009983
1348		20.599949088995345		0.7081567645072937		1.054933883408308		0.0614161630153656		0.1228323260307312
1349		20.64441581896972		0.7083269357681274		1.0556883970487119		0.06149794000983238		0.12299588001966476
1350		20.749423891014885		0.7107964158058167		1.0551855415976048		0.06169727200567722		0.12339454401135444
1351		20.820172631007154		0.7088934183120728		1.05546193400383		0.061389003944396975		0.12277800788879395
1352		20.74402557895519		0.7111152410507202		1.0550851311886311		0.06173928972780705		0.1234785794556141
1353		20.650210755993612		0.7101805210113525		1.0545692046868802		0.06253583284616471		0.12507166569232941
1354		20.704438633983955		0.7102277874946594		1.0569127341365814		0.06145602641701698		0.12291205283403396
1355		20.701121845981106		0.7111668586730957		1.0568571167778968		0.061535028657317165		0.12307005731463433
1356		20.746977686998434		0.7057519555091858		1.054826784172058		0.06250784798562527		0.12501569597125053
1357		20.716317177983		0.7092531323432922		1.057104384316206		0.06144551447033882		0.12289102894067765
1358		20.796420176979154		0.712193489074707		1.0544981662237645		0.061715747544169426		0.12343149508833885
1359		20.74030635203235		0.7062845826148987		1.0544312607324124		0.061414451882243155		0.12282890376448631
1360		20.687516239995603		0.7111719250679016		1.056694784052372		0.06142327237278223		0.12284654474556446
1361		20.677725584013388		0.7053614854812622		1.053336426757574		0.0614094423353672		0.1228188846707344
1362		20.71033324400196		0.7124969959259033		1.0563642511808873		0.06335206626653671		0.12670413253307342
1363		20.64917783899		0.7106519937515259		1.0537499847435952		0.0614001156270504		0.1228002312541008
1364		20.686096134013496		0.7114265561103821		1.0542985171091557		0.06134621530771255		0.1226924306154251
1365		20.583309662004467		0.7097558379173279		1.0541140442037582		0.06135047885775566		0.12270095771551132
1366		20.667004915943835		0.7114713191986084		1.0545874300813676		0.06143008630871773		0.12286017261743545
1367		20.784660506004002		0.7083632349967957		1.0541455535197257		0.06137455182373524		0.12274910364747048
1368		20.84101054200437		0.7106021046638489		1.0546163288497925		0.06136878605186939		0.12273757210373878
1369		20.873169583966956		0.7054464817047119		1.055008515945673		0.061466035595536234		0.12293207119107247
1370		20.565043062029872		0.7093311548233032		1.0560202980160713		0.06221141693890095		0.1244228338778019
1371		20.717006304999813		0.7091428637504578		1.0546235168349742		0.06139569604694843		0.12279139209389686
1372		20.652460729004815		0.7107701301574707		1.054744976376295		0.061395631209015845		0.12279126241803169
1373		20.601389398041647		0.7142608165740967		1.0541895945215225		0.06135553793013096		0.12271107586026192
1374		20.595681337988935		0.71070396900177		1.0539497671627998		0.06136834687292576		0.12273669374585151
1375		20.65117814904079		0.7080583572387695		1.055801119107008		0.06135082879662514		0.12270165759325027
1376		20.63803510600701		0.7107521891593933		1.0535454889893532		0.061371467223763465		0.12274293444752693
1377		20.83155754901236		0.7109079360961914		1.0526181692802905		0.06141640102267265		0.1228328020453453
1378		20.76390820601955		0.7076535224914551		1.0554492233228683		0.0613164314687252		0.1226328629374504
1379		20.789419269014616		0.7084511518478394		1.0545875727283955		0.06140650950670242		0.12281301901340484
1380		20.786103966995142		0.7088348865509033		1.054288725682497		0.06144577077627182		0.12289154155254364
1381		20.845970123948064		0.7125705480575562		1.054283732559681		0.0613394116550684		0.1226788233101368
1382		20.83206607995089		0.710752546787262		1.053209509779215		0.06150679544508457		0.12301359089016914
1383		20.816906865977217		0.7058589458465576		1.0537859696722032		0.061387282660603525		0.12277456532120705
1384		20.768767472007312		0.705209493637085		1.052374018754959		0.06131875362992287		0.12263750725984573
1385		20.677791868976783		0.7097397446632385		1.0527514278280734		0.06149620244950056		0.12299240489900112
1386		20.813589940953534		0.7123592495918274		1.0551832869148254		0.06140894007980824		0.12281788015961648
1387		20.629323662025854		0.7095143795013428		1.0529012891638279		0.06169812937378883		0.12339625874757766
1388		20.613669231010135		0.7067385911941528		1.0549304099345207		0.06131183962225914		0.12262367924451828
1389		20.616730295994785		0.7100826501846313		1.054336471157074		0.061343052208423614		0.12268610441684723
1390		20.63450514501892		0.7089039087295532		1.05327998021245		0.061308446174860004		0.12261689234972001
1391		20.68138230999466		0.7086568474769592		1.0533393013346195		0.061375937116146084		0.12275187423229217
1392		20.743992955016438		0.7076787948608398		1.0544949290299415		0.061355650320649144		0.12271130064129829
1393		20.672441428992897		0.7129872441291809		1.0548443310534954		0.06133056843578816		0.12266113687157632
1394		20.735309209034313		0.7093993425369263		1.0533112929284572		0.06132368488907814		0.12264736977815628
1395		20.730389240023214		0.7102726101875305		1.0544412892484665		0.06137493747472763		0.12274987494945526
1396		20.64595516200643		0.7105166912078857		1.0541930932211876		0.06132069179713726		0.12264138359427453
1397		20.819560858013574		0.7087958455085754		1.0533273433923722		0.06126118546724319		0.12252237093448638
1398		20.704722541035153		0.7106246948242188		1.0538281690049172		0.061280877614021304		0.12256175522804261
1399		20.698279039992485		0.7112398147583008		1.0555346457779406		0.06130341496169567		0.12260682992339134
1400		20.794535194989294		0.7123535871505737		1.0547927781832218		0.061348696741461754		0.12269739348292351
1401		20.719323794008233		0.7077620029449463		1.0541618114495277		0.06127600839734077		0.12255201679468154
1402		20.734253910020925		0.712529718875885		1.05350189645648		0.061301659893989564		0.12260331978797913
1403		20.751841527002398		0.7102489471435547		1.0535304845499993		0.061307376527786256		0.12261475305557251
1404		20.78485710901441		0.7091021537780762		1.0526115712857247		0.06126627840697765		0.1225325568139553
1405		20.86307400203077		0.7129896879196167		1.0548433107423782		0.061307270872592926		0.12261454174518585
1406		20.81130935100373		0.7097618579864502		1.0557381355679034		0.06140380414426327		0.12280760828852653
1407		20.881717642012518		0.7117665410041809		1.0549114623963833		0.06131827320754528		0.12263654641509056
1408		20.80401520698797		0.7096137404441833		1.052522416690588		0.06126636072099209		0.12253272144198418
1409		20.794116443954408		0.7119037508964539		1.0534848057329655		0.06131269818842411		0.12262539637684822
1410		20.783488713030238		0.71021968126297		1.053372594255209		0.06129374183416367		0.12258748366832734
1411		20.728085203038063		0.7078317999839783		1.052009759629965		0.061289937555789945		0.12257987511157989
1412		20.84978895203676		0.7094766497612		1.0549020944190026		0.061841407191753385		0.12368281438350677
1413		20.705701292026788		0.7094634175300598		1.051672677437067		0.06128458529561758		0.12256917059123516
1414		20.90179476502817		0.7078816294670105		1.053471356383562		0.061317272993922235		0.12263454598784447
1415		20.729473849991336		0.7102407813072205		1.053110571912527		0.06128410104811192		0.12256820209622384
1416		20.694592126004864		0.7101765275001526		1.0542258290660382		0.06125024399161339		0.12250048798322678
1417		20.643623290001415		0.7069606781005859		1.0534114488518238		0.06129038770794869		0.12258077541589738
1418		20.674444577016402		0.7091983556747437		1.0544528400814532		0.06126902157068253		0.12253804314136506
1419		20.622049553028774		0.7100387215614319		1.0529966568267346		0.06128341598510742		0.12256683197021484
1420		20.62220406898996		0.7069402933120728		1.054575539754629		0.06126352591216564		0.12252705182433128
1421		20.73080492898589		0.7075545787811279		1.052702309497595		0.061258906224370004		0.12251781244874001
1422		20.735500872018747		0.7101991772651672		1.052670946559906		0.06126701402962208		0.12253402805924415
1423		20.692402457993012		0.7112733125686646		1.0533615771090985		0.06125730218589306		0.12251460437178611
1424		20.686975736985914		0.7119241952896118		1.0537639364361764		0.061253313213586805		0.12250662642717361
1425		20.690494230017066		0.70875483751297		1.0533979953062533		0.061282286214828494		0.12256457242965699
1426		20.667565157986246		0.7091481685638428		1.0545111834287644		0.0612603128015995		0.122520625603199
1427		20.66361947997939		0.7115493416786194		1.0539970883107186		0.0612589844673872		0.1225179689347744
1428		20.667728454980534		0.7099707722663879		1.0525780700814724		0.061268015867471694		0.12253603173494339
1429		20.59778320597252		0.7091277241706848		1.0524070588552952		0.06138471192717552		0.12276942385435104
1430		20.63301163201686		0.7086095213890076		1.0540423692452907		0.06126000472009182		0.12252000944018364
1431		20.76817390200449		0.712105393409729		1.0534149717259407		0.061241314589977267		0.12248262917995453
1432		20.737444289959967		0.7082991003990173		1.0516223312544823		0.06124391680061817		0.12248783360123634
1433		20.752115535957273		0.7082592248916626		1.0531247890686988		0.061265197828412055		0.12253039565682411
1434		20.826805168995634		0.7102290391921997		1.0535534906899928		0.06123909692466259		0.12247819384932518
1435		20.765113047964405		0.7114924788475037		1.0529313474142552		0.06125475647449494		0.12250951294898987
1436		20.67908603302203		0.7116644382476807		1.0528178064346314		0.06124823022186756		0.12249646044373512
1437		20.746691507985815		0.708376944065094		1.053293155273199		0.061328313422203067		0.12265662684440613
1438		20.77129475597758		0.7059651613235474		1.0531508700859546		0.06123368462026119		0.12246736924052239
1439		20.84386673895642		0.7098986506462097		1.052010808249712		0.06124158058166504		0.12248316116333008
1440		20.61799451400293		0.7115484476089478		1.053182954120636		0.061251614107191564		0.12250322821438313
1441		20.71839216200169		0.7090564370155334		1.053431779434681		0.06124282433092594		0.12248564866185188
1442		20.878986512019765		0.7112147212028503		1.0540700356411934		0.06125156342685223		0.12250312685370446
1443		20.760527681966778		0.7086671590805054		1.05320221660614		0.061242180758714675		0.12248436151742935
1444		20.599835254019126		0.7156986594200134		1.0543029977083207		0.06124150846302509		0.12248301692605018
1445		20.649951244995464		0.7118934392929077		1.0543230158627033		0.061239384835958484		0.12247876967191697
1446		20.794571525999345		0.7076976895332336		1.0530880030751228		0.06122810328006744		0.12245620656013488
1447		20.818063498008996		0.7076409459114075		1.0538303201127053		0.061246344012022017		0.12249268802404403
1448		20.760905264993198		0.7088398933410645		1.0531637324619294		0.061236077865958215		0.12247215573191643
1449		20.77658845303813		0.7110052108764648		1.0535151690089704		0.061242421993613246		0.12248484398722649
1450		20.576642850006465		0.7125269174575806		1.0525995759963989		0.06124642954170704		0.12249285908341408
1451		20.668555826006923		0.7082305550575256		1.0530757351505757		0.061249161291122435		0.12249832258224487
1452		20.739802018972114		0.7069613337516785		1.0530532820940017		0.06123680455386639		0.12247360910773278
1453		20.697513648017775		0.7142715454101562		1.0533270117115974		0.06125221343934536		0.12250442687869072
1454		20.69758739299141		0.7105383276939392		1.0538784449899197		0.061231277652084824		0.12246255530416965
1455		20.737134157971013		0.7099327445030212		1.0532099587154389		0.06122686538100243		0.12245373076200486
1456		20.705843660980463		0.7093845009803772		1.0525378846883773		0.061228187116980554		0.12245637423396111
1457		20.702878668962512		0.7125164866447449		1.0551632008874416		0.06123454766571522		0.12246909533143044
1458		20.719943011994474		0.7095152139663696		1.0526007288086414		0.06123087554574013		0.12246175109148026
1459		20.746386334998533		0.7132857441902161		1.053492298990488		0.061238164784014226		0.12247632956802845
1460		20.687940954987425		0.7115637063980103		1.0523897138631344		0.06123325296938419		0.12246650593876839
1461		20.710311880975496		0.7103821635246277		1.053306503199339		0.06123501101136208		0.12247002202272415
1462		20.75707744702231		0.7105640172958374		1.0525473298871517		0.0612357163131237		0.1224714326262474
1463		20.744211922050454		0.7092682719230652		1.053607929981947		0.06122976930141449		0.12245953860282897
1464		20.71732042200165		0.7098466157913208		1.051449811859131		0.06122869367450476		0.12245738734900952
1465		20.556626348989084		0.7088031768798828		1.0532049941527843		0.06123100115060806		0.12246200230121612
1466		20.554530349036213		0.7126244306564331		1.0527431149435043		0.06123248244971037		0.12246496489942074
1467		20.574017935956363		0.7088246941566467		1.052162558453083		0.06123043931126595		0.1224608786225319
1468		20.58018556801835		0.7095317840576172		1.0531529664862156		0.06123046550154686		0.12246093100309371
1469		20.628251470974647		0.7123837471008301		1.0540022182893753		0.061229865670204164		0.12245973134040833
1470		20.672437181987334		0.708157479763031		1.0545805050051211		0.06122732925117016		0.12245465850234032
1471		20.63798392796889		0.7102366089820862		1.0522508498156071		0.06122805504500866		0.12245611009001732
1472		20.70117480197223		0.7084037065505981		1.052962663241625		0.06122661090493202		0.12245322180986404
1473		20.614732515998185		0.7147352695465088		1.0550738261723518		0.06122502361088991		0.12245004722177982
1474		20.632133645995054		0.7099227905273438		1.053065041731596		0.06123815210163593		0.12247630420327187
1475		20.758304988965392		0.7092793583869934		1.0537371914958953		0.06122619972527027		0.12245239945054054
1476		20.75983251602156		0.7103639841079712		1.052664444732666		0.06122163736820221		0.12244327473640441
1477		20.60302222199971		0.7111722230911255		1.053478969811201		0.06122658278942108		0.12245316557884216
1478		20.6495486710337		0.7132517695426941		1.0544791467142105		0.06122422273159027		0.12244844546318054
1479		20.619834053039085		0.7106735706329346		1.0533069258749486		0.06122636172175407		0.12245272344350815
1480		20.671389451017603		0.7065942883491516		1.0530710203528404		0.061224445071816444		0.12244889014363289
1481		20.82323074003216		0.7095080018043518		1.0549092043232917		0.061229141522943974		0.12245828304588795
1482		20.75754985801177		0.7093653082847595		1.0528367860853671		0.06122615237832069		0.12245230475664139
1483		20.73729891399853		0.7130151987075806		1.052939528746605		0.06122730149924755		0.1224546029984951
1484		20.83491368504474		0.7134923338890076		1.0541968162453175		0.06122513786703348		0.12245027573406696
1485		20.892645042040385		0.7101867198944092		1.0524305371963978		0.061225389006733896		0.12245077801346779
1486		20.67205965501489		0.7065504789352417		1.053638508001566		0.06122594476044178		0.12245188952088357
1487		20.6740768730524		0.7093855142593384		1.051683894033432		0.06122590703070164		0.12245181406140328
1488		20.759077056020033		0.7090714573860168		1.0526923479819297		0.06122462080419064		0.12244924160838128
1489		20.695052364026196		0.7123969197273254		1.0549338269758224		0.061225071197748185		0.12245014239549637
1490		20.726010266982485		0.7101789116859436		1.0532269742381573		0.061225477999448774		0.12245095599889755
1491		20.79468953999458		0.7118664383888245		1.0529374534189702		0.061225112426280974		0.12245022485256195
1492		20.747645391966216		0.7117741107940674		1.0557334396564961		0.06122569484710693		0.12245138969421386
1493		20.732136119971983		0.7124901413917542		1.0542559194517136		0.06122507624179125		0.1224501524835825
1494		20.70027750299778		0.7091962099075317		1.0536885942006111		0.06122525695711374		0.12245051391422748
1495		20.718729299958795		0.7032471895217896		1.051770818516016		0.06122519491761923		0.12245038983523845
1496		20.80712837498868		0.7124463319778442		1.053030358160734		0.06122520609647036		0.12245041219294071
1497		20.76569065701915		0.7096891403198242		1.0534300283885003		0.06122521522790193		0.12245043045580387
1498		20.710944494989235		0.7074846625328064		1.0550272637915612		0.06122521702945232		0.12245043405890464
1499		20.69617378897965		0.7116934061050415		1.0542502834022045		0.06122522060275078		0.12245044120550155