Epoch	Duration				Loss Step Train			Loss Full Train			Loss Step Test			Loss Full Test
0		19.90731961099982		28.28958511352539		29.000338195495605		3.7046406356811525		7.409281271362305
1		19.71410342299987		28.98250389099121		28.72143696609497		2.0455987585067748		4.0911975170135495
2		19.817091867000272		22.214384078979492		22.21923803451538		2.2296219745635986		4.459243949127197
3		19.83574733100022		25.341344833374023		25.10287574081421		1.2484030199050904		2.496806039810181
4		19.823510224000074		19.974987030029297		19.54028522693634		1.4000790842056274		2.800158168411255
5		19.67350609799996		26.229764938354492		23.93283494445801		1.6656187490463257		3.3312374980926514
6		19.79918636499997		31.857404708862305		28.721567115879058		1.5208040300369263		3.0416080600738526
7		19.75199306000013		23.761459350585938		21.974004056549074		1.3295980451583862		2.6591960903167724
8		19.883148158999575		24.757831573486328		22.638795069160462		1.1425744424819946		2.285148884963989
9		19.82297440299999		32.865882873535156		40.198447856292724		0.9711752470016479		1.9423504940032958
10		19.64558253200039		36.35477828979492		46.869443993988035		1.1304420042037964		2.2608840084075927
11		19.723552577999726		25.869741439819336		34.92638136089325		1.7472083253860473		3.4944166507720946
12		19.716439530000116		5.964620590209961		8.421463464546203		0.8730844575881958		1.7461689151763915
13		19.785210351999922		2.478006362915039		3.1471933444976807		0.7526896187782287		1.5053792375564574
14		19.735455188999822		2.028364896774292		2.5115588159179687		0.7101617185592651		1.4203234371185303
15		19.650068504000046		2.0374720096588135		2.4853488791275025		0.6712848070144654		1.3425696140289307
16		19.673683596000046		2.1357929706573486		2.5641068649101255		1.376313905096054		2.752627810192108
17		19.662366733		1.8188985586166382		2.2441916242408753		0.6845694868087768		1.3691389736175537
18		19.66469116799999		2.1313061714172363		2.590290837688446		0.4801663890123367		0.9603327780246734
19		19.71907473600004		1.7129881381988525		2.12771685300827		0.44102474949359893		0.8820494989871979
20		19.734779536999667		1.672650933265686		2.069309918079376		0.5047939506292343		1.0095879012584685
21		19.88234986999987		1.7330336570739746		2.1335820623779296		0.5014684545755387		1.0029369091510774
22		19.85770275999994		1.7915951013565063		2.183869135437012		0.505704946565628		1.011409893131256
23		19.646056827999928		2.0101945400238037		2.451732132873535		0.8713393601417542		1.7426787202835083
24		19.637663943999996		1.6639437675476074		2.0412817502212524		0.35425876994132993		0.7085175398826599
25		19.658993132999967		1.8061093091964722		2.2291729337120056		0.6986843762874603		1.3973687525749205
26		19.67215906299998		1.889382243156433		2.2970895105075835		0.3620217656135559		0.7240435312271118
27		19.704752482000004		1.9630463123321533		2.3319996927928925		1.2986636772155762		2.5973273544311524
28		19.811860954000167		1.6473805904388428		2.024424386920929		0.32057101331949234		0.6411420266389847
29		19.764680354999655		1.5922484397888184		1.9589733141040802		0.5551815595388413		1.1103631190776826
30		19.82380979499976		1.5612907409667969		1.9358655389881134		0.36108240580558776		0.7221648116111755
31		19.765429686999596		1.6904875040054321		2.0416928028297425		0.3340934211969376		0.6681868423938752
32		19.67898636400014		1.5195491313934326		1.8938132538795471		0.3003422602772713		0.6006845205545426
33		19.64891203099978		1.807521939277649		2.169321946144104		1.1033228525161742		2.2066457050323485
34		19.684357650000038		1.5790754556655884		1.940028353319168		0.29459898974895476		0.5891979794979095
35		19.688669927999854		1.6160238981246948		1.9804107291793824		0.43151885721683503		0.8630377144336701
36		19.655316431999836		1.5234814882278442		1.8761524382686614		0.2991989720821381		0.5983979441642762
37		19.669248703999983		1.565141201019287		1.9381741393661498		1.0795546538829803		2.1591093077659607
38		19.714792926999962		1.6198387145996094		1.9871931234741211		0.30378022347688677		0.6075604469537735
39		19.67376325300029		1.5298773050308228		1.893165460252762		0.39229883182048797		0.7845976636409759
40		19.71192180900016		1.9727296829223633		2.3425078975486757		0.26883390288352965		0.5376678057670593
41		19.681133875999876		1.4108798503875732		1.7784422536563873		0.26837800998687744		0.5367560199737549
42		19.69682732000001		1.4191288948059082		1.785884867181778		0.6310293184041977		1.2620586368083955
43		19.689272620000338		1.5030968189239502		1.8576254567241668		0.35631236078739165		0.7126247215747833
44		19.695476222999787		1.4867100715637207		1.850542893037796		0.38413848745822904		0.7682769749164581
45		19.692336940000132		1.6222224235534668		1.990112317905426		0.2595568928360939		0.5191137856721878
46		19.882013531999746		1.5595602989196777		1.9162787274169921		0.25388045922517777		0.5077609184503555
47		19.7831746679999		1.5098100900650024		1.8675099530124664		0.23395527974367142		0.46791055948734284
48		19.706503220000286		1.4489552974700928		1.8159508057785034		0.27663576343059537		0.5532715268611907
49		19.834059961000094		1.8685221672058105		2.2215498135852814		0.24196197880506515		0.4839239576101303
50		19.691144863999853		1.622745394706726		1.9743334560871124		0.23684000353813173		0.47368000707626345
51		19.691812306999964		1.757716178894043		2.1083716686344145		0.493310262298584		0.986620524597168
52		19.816668177000338		1.6506606340408325		2.0011307976722716		0.2353101091504097		0.4706202183008194
53		19.846454962999815		1.455620288848877		1.8095448546409607		0.24080634056329728		0.48161268112659456
54		19.854695985000035		1.5072131156921387		1.870661228685379		0.24523895602226256		0.4904779120445251
55		19.8741813849997		1.528728723526001		1.8726103354167938		0.35256428625583647		0.7051285725116729
56		19.86468768199984		1.44051992893219		1.8134430698871613		0.3767909429073334		0.7535818858146668
57		19.88515844199992		1.5651894807815552		1.9335881807613373		0.2716006415963173		0.5432012831926346
58		19.972800405999806		1.522915244102478		1.875762271680832		0.34127897461652756		0.6825579492330551
59		19.85051828199994		1.9027775526046753		2.2453456062316897		0.3751683300256729		0.7503366600513458
60		19.99921975699999		1.4243547916412354		1.786224655752182		0.32644343886375427		0.6528868777275085
61		19.9703730680003		1.6016851663589478		1.9704410790872573		0.6270214354991913		1.2540428709983826
62		19.712742774999697		1.5817502737045288		1.9357811913967133		1.2821425422668458		2.5642850845336915
63		19.902827956999772		1.6711440086364746		2.0372076016426086		0.22357248262166976		0.4471449652433395
64		19.846323154999936		1.7787854671478271		2.1348252115535735		0.49155411034822466		0.9831082206964493
65		19.943492533000153		1.5466954708099365		1.894078134803772		0.35942640779018403		0.7188528155803681
66		19.804435043000012		1.7728252410888672		2.10896233373642		0.6613378269195557		1.3226756538391113
67		19.85075682500019		1.6519190073013306		1.9933815143013		0.3754014585494995		0.750802917098999
68		19.763295508999818		1.4751310348510742		1.8265763691520691		0.20537267422676087		0.41074534845352173
69		19.804982827999993		1.565596103668213		1.905776985054016		0.92209839656353		1.84419679312706
70		19.811704871000074		1.6588702201843262		2.0199458374357224		0.40090586724281313		0.8018117344856263
71		19.719812333999926		1.6337679624557495		1.9795511948251725		0.3903309318065643		0.7806618636131286
72		19.7604162990001		1.4472395181655884		1.8047330586624146		0.2976602153778076		0.5953204307556152
73		19.73393940599999		1.7431459426879883		2.0986050727939607		0.19277494391798974		0.3855498878359795
74		19.74090295299993		1.6134361028671265		1.9686438162469864		0.2372123182654381		0.4744246365308762
75		19.841930103999857		1.4323080778121948		1.7810705605506898		0.230826518702507		0.461653037405014
76		19.93171584799984		1.4830962419509888		1.8458863969898225		0.38192266405820846		0.7638453281164169
77		19.841872178999893		1.518763542175293		1.8706686428070067		0.4234168222665787		0.8468336445331573
78		19.94672005800021		1.5343281030654907		1.8661303098011017		0.20799294312000274		0.4159858862400055
79		19.938960339000005		1.7589783668518066		2.0950611125040055		0.6300880593538284		1.2601761187076568
80		19.85593205899977		1.4828704595565796		1.8336641740465165		0.26905983622074126		0.5381196724414825
81		19.872805562000394		1.4745254516601562		1.8233807411575318		0.19439624710679054		0.3887924942135811
82		19.943740781000088		1.6102653741836548		1.947278036222458		0.23554046368598938		0.47108092737197876
83		19.850383406999754		1.3189266920089722		1.6853355560398102		1.0733789790153503		2.1467579580307006
84		19.848229796999476		1.5599225759506226		1.9163006733083725		0.19033372415304184		0.3806674483060837
85		19.97606211099992		1.4741910696029663		1.8144880809020996		0.36332234914302824		0.7266446982860565
86		19.93225059299948		1.588565468788147		1.9319429924106597		0.1997668680548668		0.3995337361097336
87		19.93967663300009		1.485081672668457		1.8346486750125885		0.21721745371818543		0.43443490743637087
88		19.969579939999676		1.7510942220687866		2.0824411033058166		0.9612260094523429		1.9224520189046859
89		19.85778338700038		1.580151081085205		1.9353785504150391		0.19491186598539353		0.38982373197078707
90		19.913296552000247		1.3918324708938599		1.7489535629558564		0.24175173292160035		0.4835034658432007
91		19.921159540999724		1.3878145217895508		1.7581314592599868		0.2657519544363022		0.5315039088726043
92		19.88206566699955		1.4501646757125854		1.8056376657152176		0.43409397568702696		0.8681879513740539
93		19.886002025999915		1.9496409893035889		2.261121693458557		0.3705767681121826		0.7411535362243652
94		19.976530605000335		1.44528329372406		1.806314328789711		0.21833406740427017		0.43666813480854033
95		19.984209692999684		1.8687001466751099		2.1805027021503447		0.20231325659751892		0.40462651319503784
96		19.993897588000436		1.3435598611831665		1.7001781459236145		0.2892065791487694		0.5784131582975388
97		19.99569984900063		1.4230197668075562		1.7719354654550552		0.4654193532705307		0.9308387065410614
98		20.00526834700031		1.7545419931411743		2.112473706755638		0.3155063029050827		0.6310126058101654
99		19.837378180000087		1.5782750844955444		1.9334840960216522		0.2583949982762337		0.5167899965524674
100		19.933414088000063		1.6707569360733032		1.9964936332702636		0.29007010543346406		0.5801402108669281
101		19.90814563999993		1.3319010734558105		1.6884431479787827		0.25353362587690353		0.5070672517538071
102		19.926554773000134		1.5114357471466064		1.8507515515136719		0.4587678456544876		0.9175356913089752
103		20.02655272500033		1.586967945098877		1.9319663592481613		0.24806854535341263		0.49613709070682527
104		19.977301936999538		1.5047823190689087		1.8548211742639542		0.22290761396884917		0.44581522793769834
105		19.97266104099981		1.615917444229126		1.9618572030878068		0.1863618539750576		0.3727237079501152
106		19.921869370999957		1.592219591140747		1.937937747607231		0.26017640192508695		0.5203528038501739
107		19.90976012400006		1.9587661027908325		2.3145301679849624		0.255079689180851		0.510159378361702
108		19.944623960000172		1.381662130355835		1.7372196897268295		0.23690974917411803		0.47381949834823606
109		19.89957218699965		1.368154525756836		1.7139350420618058		0.1889072982430458		0.3778145964860916
110		19.95576319200063		1.5207582712173462		1.8874467338705063		0.22982215416431426		0.4596443083286285
111		19.989225686999816		1.5337321758270264		1.867196415309906		0.46017807846069336		0.9203561569213867
112		19.94369437899968		1.633480429649353		1.9767319602584839		0.30681559445858003		0.6136311889171601
113		20.00856274600028		1.5584388971328735		1.909098824777603		0.18793254753351213		0.37586509506702426
114		19.977182311999968		1.5695189237594604		1.9251787891530991		0.7734816052556038		1.5469632105112077
115		19.850590987000032		1.3854914903640747		1.7429593887805939		0.16847315362691878		0.33694630725383756
116		19.896812011999828		1.5575013160705566		1.9064302407550813		0.30990079452991487		0.6198015890598297
117		19.958019658000012		1.357246994972229		1.7011108221960067		0.21279416574239732		0.42558833148479464
118		20.0061408749998		1.444443702697754		1.7831458823633195		0.16476851769685746		0.3295370353937149
119		19.856053373000577		1.8237195014953613		2.148672579727173		0.1953172308087349		0.3906344616174698
120		19.765725068999927		1.6267054080963135		1.9564021168947219		0.3039244068861008		0.6078488137722016
121		19.7375282160001		1.5739061832427979		1.9229443806266784		0.2618596237301826		0.5237192474603652
122		19.75355176800076		1.6975106000900269		2.0491623631000517		0.22104214941263198		0.44208429882526395
123		19.7706144219992		1.4958643913269043		1.8458755254030228		0.31858445320129397		0.6371689064025879
124		19.762332852000327		1.5567419528961182		1.9010604332399368		1.4174073229789734		2.834814645957947
125		19.963239714999872		1.4002883434295654		1.7482474741744995		0.17581695165634156		0.3516339033126831
126		19.975379849999626		1.4618217945098877		1.8165029757928848		0.45826759550571444		0.9165351910114289
127		20.143426081000143		1.5127930641174316		1.847993594417572		0.20685317274332046		0.4137063454866409
128		20.078539473999626		1.5568443536758423		1.9242450508117677		0.3122915290355682		0.6245830580711365
129		20.031717689999823		1.4226272106170654		1.7931506138038635		0.7853607550740243		1.5707215101480485
130		20.068114049000542		1.5114643573760986		1.8514658872509002		0.898268397796154		1.796536795592308
131		20.02134692600066		1.5620074272155762		1.9061737833499908		0.16448635474443435		0.3289727094888687
132		19.97605140199994		1.465693712234497		1.8120965986299515		0.17891658252477646		0.3578331650495529
133		19.987332583999887		1.4771674871444702		1.8318523672819138		0.2882010364055634		0.5764020728111268
134		20.00635075899936		1.5909847021102905		1.9431603814458847		0.5563469754457474		1.1126939508914948
135		19.97881481100012		1.525760293006897		1.892019461669922		0.23534240875244142		0.47068481750488284
136		19.902581117999944		1.4384008646011353		1.795539151110649		0.27668705613613126		0.5533741122722625
137		19.99405355199997		1.5105524063110352		1.8590403358459473		0.4181113901257515		0.836222780251503
138		19.994334667000658		1.4533147811889648		1.7986426382112504		0.34531303750276565		0.6906260750055313
139		19.985786287000337		1.814736247062683		2.1367760541152956		0.22720415999889373		0.45440831999778747
140		19.903779262999706		1.468109130859375		1.816264132385254		0.3679013085126877		0.7358026170253754
141		20.0098213149995		1.7266446352005005		2.0784774073314667		0.4008502222299576		0.8017004444599152
142		19.91347573300027		1.3546088933944702		1.705112912015915		0.22661211873292922		0.45322423746585844
143		19.893076447000567		1.69369375705719		2.0352255036020277		0.18409253964424133		0.36818507928848265
144		19.81810748800035		1.5630853176116943		1.90035993039608		0.25850725034475325		0.5170145006895065
145		19.923206596000455		1.3645720481872559		1.7096719893360137		0.3417180206537247		0.6834360413074494
146		20.09868242900029		2.217988967895508		2.5380881158638		0.3110109246015549		0.6220218492031098
147		20.0479368590004		1.3682032823562622		1.7061986475896835		0.20188149776458741		0.40376299552917483
148		20.021932460000244		1.398313283920288		1.753964321565628		0.18874399525523186		0.3774879905104637
149		20.034441061000507		1.3942782878875732		1.7403202843999863		0.15676175340414047		0.31352350680828095
150		19.93754458300009		1.4031691551208496		1.7495210179662704		0.15686260645389558		0.31372521290779115
151		19.902583523999965		2.064290761947632		2.374264613747597		0.4096529621362686		0.8193059242725372
152		19.86259427100049		1.3286343812942505		1.6853436830186843		0.16500378130078316		0.33000756260156633
153		19.99474426300003		1.833204984664917		2.180803403811455		0.554974455356598		1.109948910713196
154		20.085334263999357		1.5298372507095337		1.8739245514917373		0.41322277076244357		0.8264455415248871
155		19.947972279999703		1.409652829170227		1.7649108927679062		0.20104839950203895		0.4020967990040779
156		19.9503625239995		1.5265439748764038		1.8592577385377884		0.1681857154548168		0.3363714309096336
157		19.932222138000725		1.5304707288742065		1.878366378479004		0.261908074426651		0.523816148853302
158		19.93251500899987		1.6528164148330688		2.0023708620786667		0.7221638734817505		1.444327746963501
159		19.950831508999727		1.5176098346710205		1.8595190850305556		0.35453257484436035		0.7090651496887207
160		19.947898711000562		1.337778091430664		1.68532330452919		0.21873286242485046		0.4374657248497009
161		19.89401283100051		1.6229296922683716		1.9563470773983003		0.2264017979502678		0.4528035959005356
162		19.967691844		1.4982346296310425		1.8495494630765914		0.2549622457742691		0.5099244915485383
163		20.024804626999867		1.4267152547836304		1.7784617151403428		0.17857399846911431		0.35714799693822863
164		19.93655518199921		1.634549856185913		1.9866384619522095		0.22453504883050918		0.44907009766101835
165		19.956859752000128		1.4782406091690063		1.8100089264535903		0.30369541194438937		0.6073908238887787
166		19.96774067500064		1.771790623664856		2.1084323084592818		0.38798944938182833		0.7759788987636567
167		20.08683400300015		1.2992265224456787		1.6538096214151383		0.15404361562132834		0.3080872312426567
168		20.075181596999755		1.390134334564209		1.736884866681099		0.6320825676560402		1.2641651353120804
169		20.062025420000282		1.6670007705688477		2.017252412610054		0.9689241215109825		1.937848243021965
170		20.082355193000694		1.4803231954574585		1.8203793737888336		0.402151278424263		0.804302556848526
171		20.100285270000313		1.3798929452896118		1.7315483557271958		0.750401284134388		1.500802568268776
172		20.15316330800033		1.694107174873352		2.0278720210409165		0.7234716327786446		1.4469432655572891
173		20.09194816299987		1.4475431442260742		1.794252904419899		0.16510000329613686		0.3302000065922737
174		20.09557667000081		1.473502516746521		1.8336462083387375		0.3122127208590508		0.6244254417181015
175		20.098326121000355		1.9985615015029907		2.346618369846344		0.43497696495056154		0.8699539299011231
176		20.111345203000383		1.2507401704788208		1.598246825647354		0.4655959612607956		0.9311919225215912
177		20.176699707999433		1.5142700672149658		1.8906713174676895		0.1986038883090019		0.3972077766180038
178		20.07264030100032		1.6493687629699707		1.9939865248918534		0.2075802586913109		0.4151605173826218
179		20.083125398000448		1.7248469591140747		2.056105025458336		0.5740029740691185		1.148005948138237
180		19.989981849000287		1.6159642934799194		1.9459047992658616		0.30420621663331987		0.6084124332666397
181		19.915124727999682		1.4172427654266357		1.7690446550512313		0.1888273834168911		0.3776547668337822
182		20.100852328000656		1.5297359228134155		1.8770542854070664		0.16938311578035353		0.33876623156070707
183		20.165310720999514		1.3789924383163452		1.7278862173748015		0.1608900222659111		0.3217800445318222
184		20.140726124999674		1.5200642347335815		1.8725912073612214		0.34058910704851153		0.6811782140970231
185		20.094596216000355		1.409192442893982		1.7627545076608657		0.1952740872144699		0.3905481744289398
186		20.071312600000056		1.502279281616211		1.8468586018943787		0.1441722060263157		0.2883444120526314
187		20.05939146700075		1.5428895950317383		1.8873342171335221		0.1716753290295601		0.3433506580591202
188		20.04094516799978		1.4663182497024536		1.8178193728160859		0.719183926987648		1.438367853975296
189		20.070287108999764		1.5915188789367676		1.9226099516391755		0.6683234273910522		1.3366468547821044
190		20.222119840999767		1.4084728956222534		1.7602208534240722		0.1923517979502678		0.3847035959005356
191		20.017989214999943		1.5016555786132812		1.8364569349479676		0.8245754684209824		1.6491509368419648
192		20.01204452499951		1.4747865200042725		1.8212171853113175		0.1447821338415146		0.2895642676830292
193		19.9974183180002		1.3366832733154297		1.696275587849617		0.14390859313607215		0.2878171862721443
194		19.987455964999754		1.3631067276000977		1.7157412408781052		0.4936294439435005		0.987258887887001
195		20.011077500000283		1.5064654350280762		1.856506174840927		0.38127799792289735		0.7625559958457947
196		20.07430836900039		1.2608740329742432		1.6264984279346466		0.250768343269825		0.50153668653965
197		20.075219469999865		1.4236743450164795		1.77620967253685		0.19212798523902894		0.3842559704780579
198		20.04748926799948		1.4023057222366333		1.7585210363578796		0.27141657524108886		0.5428331504821777
199		20.095285702999718		1.3137085437774658		1.6710611893129348		0.23380030314922332		0.46760060629844663
200		20.005931624999903		1.5044946670532227		1.8535523872423172		0.19944973262548446		0.3988994652509689
201		20.02054042599957		1.4804285764694214		1.8210092006397247		0.40036251038312914		0.8007250207662583
202		19.94997282499935		1.4174541234970093		1.7584676027822495		0.44368038325309755		0.8873607665061951
203		20.054703831000552		1.383889079093933		1.725912230386734		0.15695082063674926		0.3139016412734985
204		19.97761022099985		1.480812907218933		1.8326844348287583		0.2545680943131447		0.5091361886262894
205		20.060538796999936		1.6802029609680176		2.002533497233391		0.219511085408926		0.439022170817852
206		20.232112053000492		1.3710466623306274		1.7229434790420532		0.15269790758490562		0.30539581516981124
207		20.070112315000188		1.5086849927902222		1.8548749731969834		0.18070172325372696		0.36140344650745393
208		20.14375569799995		1.3934311866760254		1.7561063809299469		0.1557803318440914		0.3115606636881828
209		20.028582271999767		1.3671408891677856		1.7205326806926726		0.14268678176403046		0.2853735635280609
210		20.080925838999974		1.482599139213562		1.8325171546506882		0.5190932636737824		1.0381865273475648
211		20.071060563000174		1.6634970903396606		1.998667173523903		0.13619185540676118		0.27238371081352236
212		20.057547927000087		1.5471436977386475		1.8829356603765488		0.40121453518867495		0.8024290703773499
213		20.10096732800048		1.3853923082351685		1.7470692152500154		0.1330279347240925		0.266055869448185
214		20.050700775999758		1.3952460289001465		1.7470797509241105		0.3019486217498779		0.6038972434997558
215		20.11093552500006		1.5870652198791504		1.932224789171219		0.17211156172156333		0.34422312344312667
216		20.128876474000208		1.4432854652404785		1.8059407542848587		0.39852952141761777		0.7970590428352355
217		20.074244087000807		1.65220308303833		1.9968272528219222		0.1831302696943283		0.3662605393886566
218		20.188842497999758		1.5189863443374634		1.8734231316041947		0.279589484834671		0.559178969669342
219		20.146748686999672		1.637917399406433		1.9747970263290404		0.1640431374311447		0.3280862748622894
220		20.258097653999357		1.379695177078247		1.723249040503502		0.18556970453858376		0.3711394090771675
221		20.134478820999902		1.3941538333892822		1.7418962224769592		0.19425292276144027		0.38850584552288053
222		20.16779042899998		1.539827823638916		1.8741467882251739		0.28234927308559415		0.5646985461711883
223		20.132652962000066		1.6372874975204468		1.9658097501707077		0.321640222632885		0.64328044526577
224		20.15244725499997		1.2473807334899902		1.5963265998220444		0.3109945398926735		0.621989079785347
225		20.014301462999356		1.580727458000183		1.928907838783264		0.30115003942251206		0.6023000788450241
226		20.173614332999932		1.3535584211349487		1.6981571476936341		0.2868320434689522		0.5736640869379044
227		20.225770346999525		1.6099653244018555		1.9572534234476089		0.14456656312942504		0.28913312625885007
228		20.168620126999485		1.4503507614135742		1.8020156895160675		0.25018950157165526		0.5003790031433105
229		20.252372109000135		1.3009908199310303		1.656711187324524		0.25551057406663896		0.5110211481332779
230		20.188848600999336		1.6762982606887817		2.030727544989586		0.17088307383060455		0.3417661476612091
231		20.105326085000343		1.2890703678131104		1.637767433052063		0.17163929063677788		0.34327858127355576
232		20.10156884600019		1.6278109550476074		1.9638619175815581		0.1331435918033123		0.2662871836066246
233		20.062730855000154		1.3347889184951782		1.6853825801372528		0.15967433173060416		0.3193486634612083
234		20.053961569999956		1.4114452600479126		1.7517325128030776		0.1630639792561531		0.3261279585123062
235		20.191883935000078		1.558451533317566		1.898843525018692		1.1312930263996124		2.2625860527992248
236		20.13309582400052		1.5511938333511353		1.9026351266002655		0.15655211580991746		0.3131042316198349
237		20.205768157999955		1.5032581090927124		1.8399236099147798		0.1711101291179657		0.3422202582359314
238		20.081400856999608		1.3753793239593506		1.7273778815698624		0.13844435707330704		0.2768887141466141
239		20.16410859699954		1.481377124786377		1.8221288845920562		0.5344735802531242		1.0689471605062484
240		20.15303029900042		1.4036834239959717		1.7528818483495712		0.15310863240361214		0.3062172648072243
241		20.135645055000168		1.453386664390564		1.7950032734727859		0.6764848696112633		1.3529697392225266
242		19.99649129699992		1.340174674987793		1.691232171869278		0.15693328281641006		0.3138665656328201
243		20.007980172000316		1.4974597692489624		1.835724656510353		0.19871959181427956		0.3974391836285591
244		20.05075805300021		1.4120533466339111		1.7523885054016113		0.14532800239920615		0.2906560047984123
245		20.10334923299979		1.4572943449020386		1.8045612421417236		0.313532239985466		0.627064479970932
246		20.120711415999722		1.5440949201583862		1.8863692415475846		0.5118962325572968		1.0237924651145935
247		20.11451981799928		1.5339018106460571		1.8759385460710525		0.19816286352276802		0.39632572704553604
248		20.059917603999565		1.34602952003479		1.6899348279094697		0.13602196437120437		0.27204392874240874
249		20.09805420199973		1.5584713220596313		1.8801574063491822		1.1475055201053619		2.2950110402107238
250		19.884529208999993		1.6345218420028687		1.95461430434227		0.4924254613161087		0.9848509226322174
251		19.966906732999632		1.5616660118103027		1.9037524300956725		0.16676107330322265		0.3335221466064453
252		19.960009921000164		1.5050263404846191		1.8616507531785964		0.1914135787844658		0.3828271575689316
253		19.958627682000042		1.3606865406036377		1.709502908372879		0.14236811681985856		0.2847362336397171
254		19.921696665000127		1.3529443740844727		1.707996005153656		0.7799447191119194		1.5598894382238389
255		20.0304105969999		1.37686026096344		1.71619336104393		0.19266774389743804		0.3853354877948761
256		20.04102656499981		1.5362807512283325		1.8772185821819305		0.171682759308815		0.34336551861763
257		20.03566324900021		1.5377410650253296		1.8760608969306947		1.375398256623745		2.75079651324749
258		20.159356862000095		1.5874488353729248		1.9257094527721406		0.13607224466204643		0.27214448932409285
259		20.108574094999312		1.3350857496261597		1.6815214245653152		0.12789086675047875		0.2557817335009575
260		20.13053010600015		1.5152931213378906		1.867568581056595		0.1462011848151684		0.2924023696303368
261		20.086792519000483		1.397910475730896		1.7496373288583755		0.12404554253220558		0.24809108506441116
262		20.001116392999393		1.5003339052200317		1.8584882602405548		0.16000297201871871		0.32000594403743743
263		19.83337718799976		1.6876243352890015		2.0354834216928483		0.5508575820684433		1.1017151641368865
264		19.998974381000153		1.4893018007278442		1.8258040916347504		0.1436510970711708		0.2873021941423416
265		19.983695897999496		1.5155136585235596		1.850478401031494		0.19907353380918502		0.39814706761837004
266		20.026613418000125		1.5416823625564575		1.8775272190380097		0.20425504636764527		0.40851009273529054
267		20.013450639999974		1.315371036529541		1.6597162512683867		0.22121673877239229		0.44243347754478457
268		19.958988629000487		1.4483442306518555		1.7887706664514542		0.32200595002174376		0.6440119000434875
269		20.012377246999677		1.346287488937378		1.6953583222579955		0.2502597083210945		0.500519416642189
270		20.054119336999975		1.4841022491455078		1.8146413546466826		0.4059528465330601		0.8119056930661201
271		20.081590374999905		1.4891546964645386		1.8361933806467057		0.14356489488482474		0.2871297897696495
272		20.095088041000054		1.3673126697540283		1.7219168321990967		0.32555937631130216		0.6511187526226043
273		20.06263474900061		1.3505278825759888		1.6771241173553466		0.17015034318566322		0.34030068637132643
274		20.035150040999724		1.3661123514175415		1.731305636563301		0.8117517085790634		1.6235034171581268
275		19.995104530999924		1.4317715167999268		1.7825959338331223		0.17115642430782319		0.34231284861564637
276		20.095100413000182		1.6082699298858643		1.937395139966011		0.7089785213470459		1.4179570426940917
277		20.09250014600002		1.5929580926895142		1.9354193329381943		0.2554040355503559		0.5108080711007118
278		20.066239139000572		1.3529475927352905		1.7024794732904434		0.15682726873159408		0.31365453746318817
279		20.132373262999863		1.3495533466339111		1.7041658390951158		0.1289637147843838		0.2579274295687676
280		20.145055678000062		1.6860476732254028		2.0447356913757324		0.18905743203163147		0.37811486406326295
281		20.179160471000614		1.3566526174545288		1.698277652130127		0.2925995995402336		0.5851991990804672
282		20.12962737900034		1.3140146732330322		1.6819094625186921		0.19338739207983016		0.3867747841596603
283		20.080647332999433		1.446303129196167		1.7790328166437148		0.12939434307813644		0.2587886861562729
284		20.073097868000332		1.6312367916107178		1.9733032224988938		0.18124005597829818		0.36248011195659635
285		20.157969247999063		1.3082175254821777		1.6557647773647308		0.22378824241161346		0.4475764848232269
286		20.222906910999882		1.4715265035629272		1.8156259275341033		0.29513258579969404		0.5902651715993881
287		20.011966665000728		1.265311360359192		1.619919756116867		0.40336425241231916		0.8067285048246383
288		20.03658264600017		1.3269884586334229		1.6864540862321853		0.339113866019249		0.678227732038498
289		20.046989911999844		1.4370213747024536		1.7883200315237044		0.15199891312718392		0.30399782625436783
290		20.14754254699983		1.3549344539642334		1.7081404468107224		0.18925773057937623		0.37851546115875245
291		20.09448553999937		1.3668900728225708		1.7184925048685074		0.16430806214809418		0.32861612429618836
292		19.96255051300068		1.694120168685913		2.016705798659325		0.14144322301149367		0.28288644602298735
293		19.999223419999907		1.3494670391082764		1.7081699277734756		0.14478679179549217		0.28957358359098434
294		20.172228605000782		1.3686376810073853		1.7151790334415435		0.1326520917236805		0.265304183447361
295		20.173818393001056		1.3374103307724		1.686472121515274		0.7915762358129025		1.583152471625805
296		20.161974263000957		1.6108471155166626		1.9406343380451203		0.1251970510661602		0.2503941021323204
297		20.08598631299901		1.3055698871612549		1.6500901117944717		0.1269550153374672		0.2539100306749344
298		20.16427508199922		1.4338232278823853		1.7651167345190049		0.16177191841602326		0.3235438368320465
299		20.10436463500082		1.3906497955322266		1.7435139587306976		0.5167614055395127		1.0335228110790253
300		20.100611633999506		1.4719310998916626		1.8139381510019303		0.14655870064496995		0.2931174012899399
301		20.06610380300117		1.4028652906417847		1.7506200131702423		0.12629219598174096		0.2525843919634819
302		20.17577685499964		1.3627129793167114		1.709210550816059		0.13832975001335143		0.27665950002670286
303		20.05868477000149		1.2998722791671753		1.64133102478981		0.34199303523302077		0.6839860704660415
304		20.06516626800112		1.3827073574066162		1.7562293264198303		0.1328436247944832		0.2656872495889664
305		19.951498880000145		1.436305284500122		1.7696004021978378		0.2148943219423294		0.4297886438846588
306		19.96490584700041		1.3659058809280396		1.711038096871376		0.1669410183727741		0.3338820367455482
307		19.942099195999617		1.331911563873291		1.679934030942917		0.21768200370073318		0.43536400740146636
308		20.194611598000847		1.5285834074020386		1.8717513882780075		0.1438068322479725		0.287613664495945
309		20.131085011000323		1.5187101364135742		1.8875743012714385		0.18366737813949585		0.3673347562789917
310		20.166178819999914		1.4173121452331543		1.7866934271144868		0.22363353775143624		0.4472670755028725
311		20.191701670999464		1.454398274421692		1.8168691581773757		0.12178925126194953		0.24357850252389907
312		20.053191697999864		1.3052940368652344		1.6653514959049225		0.4623036572933197		0.9246073145866394
313		19.95777164699939		1.400883436203003		1.7487032193040848		0.2787640544772148		0.5575281089544296
314		19.9681572949994		1.363231897354126		1.721102081861496		0.42882626214027403		0.8576525242805481
315		20.188223438999557		1.3990604877471924		1.7549371017169952		0.5401868858456612		1.0803737716913224
316		20.145016835000206		1.4854458570480347		1.8273372272229194		0.16027971221804618		0.32055942443609237
317		19.99280929300039		1.509389042854309		1.836133455991745		0.13699480568170547		0.27398961136341093
318		20.204783466999288		1.2257161140441895		1.5791766259765625		0.18629723716974259		0.37259447433948517
319		20.024589986000137		1.3041967153549194		1.6521647553825378		0.201700428211689		0.403400856423378
320		20.14618697500009		1.270808458328247		1.61680470808506		0.19596547113656998		0.39193094227313996
321		20.095889453999916		1.3353068828582764		1.6953002466487885		0.12418311401605606		0.2483662280321121
322		20.034422177001034		1.3504488468170166		1.7012681504631042		0.14317304301261902		0.28634608602523803
323		20.117722352999408		1.8791027069091797		2.224799481463432		0.15134670225381852		0.30269340450763704
324		20.079988398998466		1.4492182731628418		1.7876336849498748		0.1684771955668926		0.3369543911337852
325		20.05818288000046		1.1974433660507202		1.5645166437578202		0.3347181041240692		0.6694362082481384
326		20.0014026860008		1.449570894241333		1.7973711843729019		0.9237471584320068		1.8474943168640137
327		20.019728491999558		1.2566977739334106		1.6036480600667		0.22975726249814032		0.45951452499628065
328		20.01203332300065		1.323720932006836		1.6782042528820038		0.19168945438861848		0.38337890877723696
329		19.980365983999945		1.214694619178772		1.56009293074131		0.1340429252743721		0.2680858505487442
330		20.10255469599906		1.3124282360076904		1.6679021167755126		0.264742159473896		0.529484318947792
331		19.998726441001054		1.4205846786499023		1.757912792699337		0.12749139186143876		0.2549827837228775
332		19.98422911400121		1.3914964199066162		1.7439831550168992		0.34504003003835676		0.6900800600767135
333		20.052876535000905		1.2968559265136719		1.6457298962926865		0.12239876662492752		0.24479753324985504
334		19.99395328799983		1.379126787185669		1.7248725169992447		0.20923537769913672		0.41847075539827344
335		19.92560620900076		1.4920904636383057		1.855200968360901		0.35530139538645744		0.7106027907729149
336		20.045753604999845		1.2784740924835205		1.6329617929458617		0.16143927009701728		0.32287854019403456
337		20.124031797000498		1.2974679470062256		1.643441773662567		0.1755731505572796		0.3511463011145592
338		20.181255232000694		1.4896588325500488		1.839992398943901		0.11877416898608208		0.23754833797216415
339		20.130264842000543		1.4051393270492554		1.7617953358745575		0.13380901181101798		0.26761802362203596
340		20.18695703999947		1.5097240209579468		1.869911039981842		0.13987339951992034		0.2797467990398407
341		19.93430025499947		1.3625150918960571		1.6956772726297378		0.1287072107374668		0.2574144214749336
342		19.874441425999976		1.3380180597305298		1.6811994013643266		0.3295150705099106		0.6590301410198212
343		19.904360043999986		1.4290664196014404		1.7872359118580818		0.4799457071006298		0.9598914142012596
344		19.958973261998835		1.5077990293502808		1.8435231974840165		0.33743155049085616		0.6748631009817123
345		20.005938937998508		1.4160317182540894		1.7489404650306701		0.6412810128688812		1.2825620257377623
346		19.9565017979985		1.4727582931518555		1.8308931850147248		0.1588217473268509		0.3176434946537018
347		20.0326677310004		1.3920860290527344		1.7373048645591735		0.1992756662428379		0.3985513324856758
348		19.953929965000498		1.5482680797576904		1.8988135295557975		0.6897575307607651		1.3795150615215301
349		19.896936642000583		1.234117031097412		1.5869609445238113		0.18375254359841348		0.36750508719682695
350		19.809853783999642		1.2663066387176514		1.6252565986514091		0.32680950754880905		0.6536190150976181
351		19.928735236999273		1.3664244413375854		1.7207916669082641		0.3383701670765877		0.6767403341531754
352		19.9485847979995		1.4153435230255127		1.77219628885746		0.11719760447740554		0.23439520895481109
353		19.953431858999465		1.3716973066329956		1.71990695084095		0.12950648597478867		0.25901297194957734
354		19.976334458000565		1.3613193035125732		1.7079419865894319		0.13481091552972793		0.26962183105945586
355		19.953074443999867		1.3055599927902222		1.656098846974373		0.11651844618320466		0.23303689236640932
356		19.94771581399982		1.3472373485565186		1.6996424804115295		0.14232274866700173		0.28464549733400346
357		19.99409661199934		1.6863290071487427		2.048869871311188		0.12098273540735245		0.2419654708147049
358		20.150615091000873		1.2576347589492798		1.6097432447052002		0.2238371039390564		0.4476742078781128
359		20.185200404999705		1.366770625114441		1.7018842364740372		0.12635941791534425		0.2527188358306885
360		20.30475968600149		1.3861219882965088		1.727625630967617		0.25781646169424055		0.5156329233884811
361		20.129105912999876		1.6770662069320679		1.9944361468076706		0.12666748545765877		0.25333497091531754
362		20.124467813000592		1.3102737665176392		1.6677569112062454		0.15430832171440126		0.3086166434288025
363		20.18419215799986		1.4211957454681396		1.7777709054374695		0.45280904479026796		0.9056180895805359
364		19.996529863001342		1.307889461517334		1.6643938949918746		0.16074542633295058		0.32149085266590116
365		20.132161185001678		1.4595320224761963		1.803172976512909		0.23346476794481277		0.46692953588962555
366		20.018354382000325		1.3143397569656372		1.6677107657551766		0.31420477755665777		0.6284095551133155
367		20.059564766999756		1.3977985382080078		1.7390848324298858		0.24117067210078239		0.48234134420156477
368		20.159346287000517		1.6189361810684204		1.9782951523685455		0.47097315661907196		0.9419463132381439
369		20.20264917700115		1.4375296831130981		1.7751569213294982		0.7175066077411175		1.435013215482235
370		20.06438931000048		1.3177154064178467		1.6674948873281479		0.17324147160053252		0.34648294320106504
371		20.10987715400006		1.71478271484375		2.0769789270830152		0.32149998171329497		0.6429999634265899
372		20.06265528199947		1.3753424882888794		1.7273492260980605		0.14435251151919365		0.2887050230383873
373		20.19525735500065		1.4277373552322388		1.7492650885915757		0.1431499637722969		0.2862999275445938
374		20.276986112001396		1.3688580989837646		1.7365456719589234		0.1958960318684578		0.3917920637369156
375		20.22698769300041		1.333069086074829		1.6844189692783356		0.16853636084794998		0.33707272169589997
376		20.209364422998988		1.4917570352554321		1.8364860222101211		0.1842110731124878		0.3684221462249756
377		19.966761130999657		1.3957167863845825		1.7421948390722275		0.14871432951688768		0.29742865903377536
378		19.951881601000423		1.4032853841781616		1.7616620621538162		0.12424952771663665		0.2484990554332733
379		19.882209590001366		1.3705165386199951		1.7164149783611298		0.14336664311289787		0.28673328622579575
380		19.926860581001165		1.3173965215682983		1.6649124652671814		0.11730463298559189		0.23460926597118378
381		19.92469978400004		1.2531516551971436		1.6088946345710755		0.13447727659344674		0.2689545531868935
382		19.928108781001356		1.304806113243103		1.655266161942482		0.11803066421747208		0.23606132843494415
383		19.915915012999903		1.2741472721099854		1.6327705583882333		0.6582395582020283		1.3164791164040566
384		19.906661404998886		1.2734872102737427		1.629273730340004		0.3694867287516594		0.7389734575033188
385		19.850787695999315		1.3878331184387207		1.7331187246990203		1.5160452360749244		3.0320904721498487
386		19.892326212000626		1.523428201675415		1.8430994429159164		0.23834110071659087		0.47668220143318174
387		19.965497060000416		1.2904261350631714		1.647323430736065		0.15304446352124215		0.3060889270424843
388		19.924400435998905		1.2081058025360107		1.5775317653894425		0.7257246469676495		1.451449293935299
389		19.99031677899984		1.563059687614441		1.8911034285116195		0.13757707096934318		0.27515414193868637
390		19.932901038999262		1.4344074726104736		1.7864151280784606		0.12770156965851784		0.2554031393170357
391		19.925050300000294		1.3532613515853882		1.7002490139055253		0.2049139469385147		0.4098278938770294
392		19.993939193000188		1.3688963651657104		1.7189664422607422		0.15831553099155427		0.31663106198310853
393		19.98798496499876		1.4484946727752686		1.7972986562299729		0.18436191250085832		0.36872382500171663
394		20.110249986999406		1.3316996097564697		1.6851067981767653		0.16336357750892638		0.32672715501785277
395		19.992857572999128		1.2783337831497192		1.6380075789690018		0.44409519209861753		0.8881903841972351
396		19.962285917999907		1.272132396697998		1.6248797265458108		0.3089423092126846		0.6178846184253692
397		19.962630302001344		1.3433995246887207		1.6982847607898712		0.15265644984841348		0.30531289969682696
398		19.91883396099911		1.1923452615737915		1.5437732414674759		0.12109809983074665		0.2421961996614933
399		19.89587661599944		1.3906794786453247		1.7418283164477348		0.2237180405020714		0.4474360810041428
400		20.102165726999374		1.4862874746322632		1.8328514016199111		0.3897801780819893		0.7795603561639786
401		20.17201831100101		1.2723714113235474		1.6216792408800125		0.23460856761932372		0.46921713523864744
402		20.21947196200017		1.5373932123184204		1.8757489551568032		0.32597632043361663		0.6519526408672333
403		20.246981639000296		1.3236613273620605		1.6620842845535277		0.9906397364974022		1.9812794729948044
404		20.1616868100009		1.2495629787445068		1.6132368807911872		0.20657946793437004		0.4131589358687401
405		20.136834621000162		1.2953132390975952		1.655700208787918		0.4138000787496567		0.8276001574993134
406		19.901735756000562		1.4492783546447754		1.789164876265526		0.4665133056640625		0.933026611328125
407		19.98375843300164		1.2714719772338867		1.635012140607834		1.086575535953045		2.17315107190609
408		20.053851845999816		1.7470438480377197		2.0701504704165457		0.233549437636137		0.467098875272274
409		20.107188245001453		1.4053453207015991		1.7394120692229271		0.12985697486400605		0.2597139497280121
410		20.080776802999026		1.3481030464172363		1.6866983724212647		0.25392793691158294		0.5078558738231659
411		19.994766736999736		1.3100403547286987		1.6712104343795777		0.11610296651721001		0.23220593303442003
412		20.094101881000825		1.417801856994629		1.7839196520662308		0.4638592906236649		0.9277185812473298
413		20.065885919999346		1.3873761892318726		1.734107177348137		0.2507167299866676		0.5014334599733352
414		20.097558596000454		1.222525954246521		1.5839274939727783		0.5101446584582329		1.0202893169164657
415		20.115383760999975		1.3750081062316895		1.7166608172345161		0.11377937091588974		0.2275587418317795
416		20.043759037998825		1.4173638820648193		1.7630441989541055		0.1317362979054451		0.2634725958108902
417		20.129322320999563		1.4378409385681152		1.7929625908350943		0.13257197202444077		0.26514394404888153
418		20.09312039100041		1.312619686126709		1.65245083568573		0.28021588579416273		0.5604317715883255
419		20.03441438400114		1.346269130706787		1.688734534368515		0.20882833225727082		0.41765666451454164
420		20.004585055999996		1.6071407794952393		1.9400927190446853		0.11972425700426102		0.23944851400852205
421		19.92349401699903		1.3189769983291626		1.667365405204296		0.1447305446445942		0.2894610892891884
422		20.03559514599874		1.3973573446273804		1.7492725185084343		0.11431474016904832		0.22862948033809663
423		19.930442867000238		1.4372944831848145		1.7808484620499612		0.28511320958137515		0.5702264191627503
424		20.145340589000625		1.2687437534332275		1.612039050450325		0.11143701773285866		0.22287403546571732
425		20.11140447500111		1.3578343391418457		1.6956238662791252		0.17367996485829354		0.3473599297165871
426		20.103476018999572		1.5427452325820923		1.894017739827633		0.1353802066743374		0.2707604133486748
427		20.110090248999768		1.2425347566604614		1.5999949529123307		0.11294533794820309		0.22589067589640618
428		20.023237037999934		1.3446089029312134		1.696437948668003		0.15237552652955055		0.3047510530591011
429		20.05901207900024		1.3532596826553345		1.72831323397398		0.2051209653735161		0.4102419307470322
430		20.17869718700058		1.3076658248901367		1.6773815656661988		0.20382564014196397		0.40765128028392794
431		20.194070539000677		1.2783888578414917		1.6431645985126495		0.11865439960062504		0.2373087992012501
432		20.26943534199927		1.31184983253479		1.6660538543367387		0.22277087345123292		0.44554174690246584
433		20.284965920000104		1.217256784439087		1.5752535552024842		0.1322278726518154		0.2644557453036308
434		20.009931471999153		1.3696142435073853		1.7235058494591713		0.19677125730514528		0.39354251461029055
435		20.035901552000723		1.342552661895752		1.676663524889946		0.43827044432163237		0.8765408886432647
436		20.011163062999913		1.270777702331543		1.6129955447936057		0.11300241515040398		0.22600483030080795
437		19.99973105600111		1.2105339765548706		1.577583494951725		0.12374058681726456		0.24748117363452912
438		19.995038458000636		1.5338178873062134		1.8702936356329918		0.14257315528988837		0.28514631057977674
439		19.976079558000492		1.2375128269195557		1.5899060842204094		0.18296490018367767		0.36592980036735534
440		19.975916277999204		1.2912018299102783		1.6452925647115708		0.2734775802493095		0.546955160498619
441		20.022152430999995		1.3862236738204956		1.742781677494049		0.13855466821789741		0.27710933643579483
442		20.036918867999702		1.2492636442184448		1.6019096099472045		0.1645552516937256		0.3291105033874512
443		19.97154054100065		1.2469863891601562		1.6095174970197677		0.3056184475779533		0.6112368951559066
444		20.005933009999353		1.3230377435684204		1.6824193914055825		0.15829434440135956		0.3165886888027191
445		19.9477969999989		1.4320038557052612		1.773724555940628		0.1238591770529747		0.2477183541059494
446		19.897396828999263		1.3183952569961548		1.7006525304222107		0.14097449908256532		0.28194899816513064
447		19.99688503699872		1.3901100158691406		1.727032849457264		0.1534927539229393		0.3069855078458786
448		19.986735049000345		1.3668349981307983		1.707926942510605		0.19835931540727617		0.39671863081455233
449		20.01206616699892		1.3834307193756104		1.7421556005883216		0.15808576335906982		0.31617152671813964
450		19.89830275300119		1.5403040647506714		1.888364098200798		0.3045787809252739		0.6091575618505478
451		20.07719799900042		1.2891592979431152		1.6365637111663818		0.2242631744861603		0.4485263489723206
452		20.05961214099989		1.3007417917251587		1.6648903045988084		0.1282709903717041		0.2565419807434082
453		20.078103822999765		1.346229076385498		1.7000558283352851		0.18322743705511094		0.3664548741102219
454		20.174962348000918		1.2425572872161865		1.6152271413516999		0.13542917348146438		0.27085834696292876
455		20.2151488110012		1.1636968851089478		1.525405424873829		0.22627595583200455		0.4525519116640091
456		20.03986800200073		1.342410922050476		1.6966502276277542		0.13180043123960494		0.2636008624792099
457		19.949461617999987		1.3937196731567383		1.7394226970624924		0.10878639416098594		0.21757278832197188
458		19.93408945199917		1.397347331047058		1.730155457010269		0.4214965267419815		0.842993053483963
459		19.946383796999726		1.6267858743667603		1.9451810240197183		0.2307528015255928		0.4615056030511856
460		19.873728806000145		1.3404041528701782		1.6898305061626435		0.14138337501883508		0.28276675003767016
461		19.966216521001115		1.1447257995605469		1.5123933238625527		0.10795187799334525		0.2159037559866905
462		19.95587034900018		1.3729554414749146		1.7194794548678398		0.10965795983076096		0.21931591966152192
463		19.944720161000077		1.287165880203247		1.6406249613690376		0.1270820727586746		0.2541641455173492
464		20.053681880999648		1.298974871635437		1.6459766287064552		0.2077010019183159		0.4154020038366318
465		20.024813390999043		1.353590488433838		1.7055105031371116		0.43668827471733096		0.8733765494346619
466		20.000798596000095		1.2773115634918213		1.6353792482995988		0.47547701103687284		0.9509540220737457
467		19.96196705300099		1.1197926998138428		1.4917627400064468		0.3119380700170994		0.6238761400341988
468		19.932431340999756		1.4177162647247314		1.7522863341450692		0.122143256264925		0.24428651252985
469		19.98563968400049		1.333662748336792		1.6766380860447883		0.7119481668174267		1.4238963336348534
470		20.039998575000936		1.4462862014770508		1.8108731906867028		0.24752231277227402		0.49504462554454803
471		20.062792736998745		1.3638923168182373		1.7068587963294983		0.14573951842188834		0.2914790368437767
472		20.038154447000124		1.249638557434082		1.602206647863388		0.1667829361319542		0.3335658722639084
473		19.995109654999396		1.3429561853408813		1.6984671392011643		0.33995500130653383		0.6799100026130677
474		19.965844285999992		1.2372615337371826		1.5883638279771806		0.24822196687459946		0.49644393374919893
475		19.976511933000438		1.2399338483810425		1.5936568595290184		0.35077610884904864		0.7015522176980973
476		20.123423316999833		1.2556623220443726		1.5983993517136574		0.2810305333137512		0.5620610666275024
477		20.05490470999939		1.2010263204574585		1.5585053733634948		0.1193460859298706		0.2386921718597412
478		20.12015715599955		1.327402114868164		1.6796151854825019		0.382232399892807		0.764464799785614
479		19.985770911000145		1.4075133800506592		1.755595979590416		0.2828550914525986		0.5657101829051971
480		20.10044125499917		1.3176425695419312		1.664054883711338		0.13932833437919617		0.27865666875839235
481		20.059847553999134		1.148155689239502		1.5180252514672279		0.1118156316936016		0.2236312633872032
482		20.046044458000324		1.2772674560546875		1.6279349249100685		0.10377950840592384		0.20755901681184769
483		20.039572936000695		1.2943501472473145		1.6419957889294625		0.16012846601605416		0.3202569320321083
484		20.031150996001088		1.2945510149002075		1.64491080930233		0.15712100324630737		0.31424200649261474
485		20.14940791400113		1.3030635118484497		1.6591926369452477		0.8422203979969025		1.684440795993805
486		20.03117021899925		1.3015795946121216		1.6725567035460471		0.26477545640468597		0.5295509128093719
487		19.97813496999879		1.3428529500961304		1.6900782047009468		0.47219171380996705		0.9443834276199341
488		19.983757494999736		1.4890908002853394		1.8311080604100227		0.11786239143908024		0.23572478287816048
489		20.0472858739995		1.2973617315292358		1.65649291148901		0.10081639672219753		0.20163279344439505
490		20.079575890000342		1.1842056512832642		1.5390899713635444		0.11542912598848343		0.23085825197696686
491		20.14073594399997		1.2210640907287598		1.5757529312849046		0.5434270458221435		1.086854091644287
492		20.040945696000563		1.328599452972412		1.699952553229332		0.4436503055989742		0.8873006111979485
493		20.06116961799853		1.341323971748352		1.695200616645813		0.29341745026111604		0.5868349005222321
494		20.01820705799946		1.7835025787353516		2.077483373835087		0.16229776042699814		0.3245955208539963
495		19.982109766000576		1.3735575675964355		1.724955304708481		0.10999943572878837		0.21999887145757674
496		20.008728099999644		1.2523903846740723		1.6154827520775794		0.1513781037032604		0.3027562074065208
497		19.924355928000296		1.3541136980056763		1.7054310830330848		0.11893059132695198		0.23786118265390396
498		19.955644349000067		1.2476309537887573		1.5993770435476302		0.10418024590611458		0.20836049181222915
499		19.98889298299946		1.5053229331970215		1.8527399104547502		0.12207053149342537		0.24414106298685073
500		19.941622787000597		1.2701077461242676		1.6206800018453598		0.11026725581288338		0.22053451162576676
501		19.98550653700113		1.1765708923339844		1.5367015268182755		0.20830990911126138		0.41661981822252275
502		19.981152026999553		1.1582587957382202		1.5138850078678132		0.22999525870084764		0.4599905174016953
503		20.043499837000127		1.3847434520721436		1.7123964136624337		0.13434556587934493		0.26869113175868986
504		20.053494886999033		1.2838259935379028		1.6363541310381888		0.3649332148313522		0.7298664296627044
505		20.00399248299982		1.2825427055358887		1.6665307280111312		0.12600896135568618		0.25201792271137236
506		19.95460675100003		1.1855756044387817		1.5455246005487442		0.27392563226222993		0.5478512645244599
507		20.079307750000225		1.2018725872039795		1.5574013889050484		0.10696458206176758		0.21392916412353516
508		20.049683343999277		1.1656763553619385		1.5331071359848976		0.22043142424225806		0.4408628484845161
509		20.101623770000515		1.2516992092132568		1.6067557517671585		0.4481083298206329		0.8962166596412658
510		20.073635748000015		1.2497950792312622		1.6027769733262063		0.15055282384753227		0.30110564769506454
511		20.086316934000934		1.3089759349822998		1.6596312521266938		0.10291098420917988		0.20582196841835976
512		20.042942078000124		1.3455469608306885		1.7026695293426515		0.10906361156702042		0.21812722313404084
513		19.9523607480005		1.240060567855835		1.6079858588957787		0.150339195728302		0.300678391456604
514		19.972751393999715		1.3633885383605957		1.7205944819664956		0.15917435500621796		0.3183487100124359
515		20.170783441999447		1.309497594833374		1.6685856398844718		0.10093545166254043		0.20187090332508087
516		20.146797008999783		1.3519117832183838		1.689713888719082		1.4044805906534195		2.808961181306839
517		20.16384335300063		1.287989616394043		1.6522807308340073		0.21953705589771272		0.43907411179542544
518		20.15978919600093		1.2071400880813599		1.5641838067650795		0.23104448314905165		0.4620889662981033
519		20.13575702200069		1.6868178844451904		2.038046633019447		0.20108765219449998		0.40217530438899995
520		20.10394087699933		1.1794296503067017		1.5381637743115426		0.21825798639655114		0.4365159727931023
521		20.078542162000304		1.2169055938720703		1.566849771912098		0.15462047763466835		0.3092409552693367
522		20.12657177300025		1.2100496292114258		1.5567786797499656		0.1785916924893856		0.3571833849787712
523		20.222876311998334		1.2683943510055542		1.6105692400288583		0.18039337113499643		0.36078674226999286
524		20.150542126999426		1.1139214038848877		1.475285760552883		0.11676610279679299		0.23353220559358598
525		20.04363714000101		1.0945461988449097		1.4581421099472045		0.41533787875175476		0.8306757575035095
526		20.104429273998903		1.4000407457351685		1.7528833791637422		0.1552472503066063		0.3104945006132126
527		20.177561931999662		1.2924613952636719		1.649099132757187		0.10318210812807083		0.20636421625614165
528		20.107248211001206		1.2557358741760254		1.5976313038444518		0.2228960629284382		0.4457921258568764
529		19.968993301999944		1.180812120437622		1.526016215929985		0.1952995272040367		0.3905990544080734
530		20.035788000001048		1.260151743888855		1.6083140537714957		0.14613792479038237		0.29227584958076475
531		20.05021718699936		1.284069299697876		1.6353096841216088		0.2488194363594055		0.497638872718811
532		20.04411344699838		1.2522473335266113		1.6117861084485055		0.12684952381849288		0.25369904763698575
533		20.039253668001038		1.3016701936721802		1.656199147245884		0.11368765794038772		0.22737531588077545
534		20.00917622400084		1.118665099143982		1.4811198501539231		0.11421396371126175		0.2284279274225235
535		20.00214221100032		1.226858377456665		1.5848266775393487		0.5117275247097015		1.023455049419403
536		19.983819355999003		1.3320574760437012		1.6845319933485985		0.10326918323934078		0.20653836647868157
537		20.033813408999777		1.1517837047576904		1.516046930861473		0.10123940613865852		0.20247881227731704
538		20.069891336999717		1.3022809028625488		1.6488624694633485		0.43276714290976526		0.8655342858195305
539		20.010050500000943		1.165958285331726		1.5272859627771378		0.1716215611755848		0.3432431223511696
540		20.052533832000336		1.3154854774475098		1.6757300573420524		0.1299570405602455		0.259914081120491
541		20.02053597200029		1.3110915422439575		1.676740522928238		0.11115553772449493		0.22231107544898987
542		20.00806788599948		1.1875600814819336		1.5412481737971306		0.16971079930067062		0.33942159860134125
543		19.95970011300051		1.3304343223571777		1.6825040766763688		0.10577832605838776		0.21155665211677552
544		20.001854973999798		1.2870596647262573		1.6581984393763542		0.10355242549180985		0.2071048509836197
545		20.01171245200021		1.0583691596984863		1.4296529385876655		0.16837736097574235		0.3367547219514847
546		20.026726967000286		1.3329375982284546		1.6790960658335685		0.25140259570479395		0.5028051914095879
547		20.055675607000012		1.1855727434158325		1.5469486459302901		0.3273680988192558		0.6547361976385117
548		19.950340462000895		1.2850466966629028		1.6501009134364129		0.11442873593568802		0.22885747187137603
549		19.946419263998905		1.2645111083984375		1.61953748616457		0.10213015563786029		0.20426031127572059
550		19.882933574999697		1.1010193824768066		1.4682838874983788		0.2889303545117378		0.5778607090234756
551		19.94278652399953		1.5003305673599243		1.8584682460999489		0.10227880114912986		0.20455760229825973
552		19.94229463100055		1.9384616613388062		2.2323314401459693		0.23549728197455405		0.4709945639491081
553		20.052474142999927		1.2200840711593628		1.5790582257962227		0.6105491974949837		1.2210983949899674
554		20.17766176799887		1.2157458066940308		1.574395969798565		0.10741767728328705		0.2148353545665741
555		20.26727765600117		1.3106279373168945		1.6618349885869026		0.35949077330231666		0.7189815466046333
556		20.029532022999774		1.287324070930481		1.676478762743473		0.2922017627835274		0.5844035255670548
557		19.919153196999105		1.182132363319397		1.5466867629384995		0.12555611802339553		0.25111223604679106
558		19.95127373499963		1.3401051759719849		1.6787907170891763		0.5352275449454784		1.0704550898909568
559		20.01708073000009		1.189706802368164		1.5458652294278146		0.24861926926970482		0.49723853853940964
560		20.026338691999626		1.0926581621170044		1.4544168038630485		0.4088053857445717		0.8176107714891434
561		20.006742826000846		1.2293274402618408		1.5913816672563552		0.49632241928577425		0.9926448385715485
562		20.0303361389997		1.3262660503387451		1.6692591517043114		0.15542869777083396		0.3108573955416679
563		20.005762910001067		1.2733380794525146		1.6265228597283363		0.12119126683473587		0.24238253366947174
564		19.96801674499875		1.2336381673812866		1.5979506287789345		0.1059003006875515		0.211800601375103
565		19.937178543999835		1.294486165046692		1.6569596374773978		0.11857908766865731		0.23715817533731462
566		19.958248890001414		1.2838221788406372		1.6323236632680893		0.11120084374547004		0.22240168749094008
567		20.047514735999357		1.18037748336792		1.5440255997347831		0.11027671998739243		0.22055343997478485
568		20.068433089998507		1.257537603378296		1.6157003803324699		1.0055092490434647		2.0110184980869295
569		20.041634795999926		1.3884090185165405		1.7150981661581992		0.1337893837094307		0.2675787674188614
570		20.039938555000845		1.1604212522506714		1.5222913980865478		0.19253626238703728		0.38507252477407455
571		20.00298053900042		1.1459707021713257		1.5094548598647117		0.7660103914380073		1.5320207828760146
572		19.964916787999755		1.251771330833435		1.609919628098011		0.5123914194107055		1.024782838821411
573		19.994414888000392		1.2466124296188354		1.6056918375086784		0.3309354351401329		0.6618708702802658
574		20.080435898998985		1.2032901048660278		1.563740412979126		0.20368106803894043		0.40736213607788085
575		20.079613121000875		1.2965364456176758		1.6458445870375633		0.10570051837861538		0.21140103675723076
576		20.134150420999504		1.2134571075439453		1.55477628821373		0.12191976902484894		0.24383953804969788
577		20.044478681998953		1.1861170530319214		1.5439786834335327		0.1365620722591877		0.2731241445183754
578		20.054338211000868		1.0668879747390747		1.4445256348252296		0.22446136256456375		0.4489227251291275
579		20.14186793600129		1.312911033630371		1.6635270969581604		0.42924626804590227		0.8584925360918045
580		19.923153669000385		1.1722108125686646		1.5491506693196297		0.19675908077955245		0.3935181615591049
581		20.034978993999175		1.2623463869094849		1.6290481976366042		0.098028171017766		0.196056342035532
582		20.140040620000946		1.1317410469055176		1.4975736617660522		0.25121428813934327		0.5024285762786865
583		20.14206734199979		1.1394274234771729		1.5023565605139733		0.10509500052630902		0.21019000105261804
584		20.081446988000607		1.2723932266235352		1.6173442786478995		0.13744947329759596		0.27489894659519193
585		20.076394570000048		1.439961552619934		1.7850167305994034		0.10885135529637337		0.21770271059274673
586		19.960439652999412		1.112427830696106		1.4695640715384484		0.3284856839776039		0.6569713679552078
587		19.89116438000019		1.1852446794509888		1.5433736873722077		0.5412747874617576		1.0825495749235152
588		19.94292784499885		1.2995550632476807		1.6545929943442346		0.14778969894051552		0.29557939788103105
589		20.00091961399994		1.1548153162002563		1.506821087565422		0.10522566041052342		0.21045132082104684
590		19.98796549599865		1.1577142477035522		1.5224016948795318		0.1409588481068611		0.2819176962137222
591		19.989512169999216		1.2126575708389282		1.5671729470086098		0.0963812363833189		0.1927624727666378
592		19.98051866699825		1.1668660640716553		1.5198737497901917		0.10872770676016807		0.21745541352033615
593		19.94012202399972		1.1989741325378418		1.5648686812067032		0.2042916983127594		0.4085833966255188
594		19.910285557998577		1.2288274765014648		1.5886499003076553		0.10574277746081352		0.21148555492162704
595		19.91411027399954		1.280340313911438		1.6345442007994653		0.10425760360360145		0.2085152072072029
596		19.979708785000184		1.3244848251342773		1.6921498648428916		0.3695696489036083		0.7391392978072167
597		20.05726231799963		1.1706467866897583		1.5303136381506919		0.19761601231098175		0.3952320246219635
598		19.97572414000024		1.1923604011535645		1.5474582272648811		0.3261728301167488		0.6523456602334976
599		19.945725896001022		1.0611213445663452		1.42245230271101		0.13051503069996834		0.2610300613999367
600		19.887530416999653		1.1311676502227783		1.4826102390170097		0.13020790905952453		0.26041581811904907
601		19.920017178001217		1.2637289762496948		1.6237803732061387		0.10147533631920815		0.2029506726384163
602		19.932266329999038		1.2617321014404297		1.6121375638628006		0.10000152822136879		0.20000305644273758
603		20.112634417000663		1.257095217704773		1.6177185414958		0.18934508821964263		0.37869017643928526
604		20.08209255300062		1.231420636177063		1.5880850145697594		0.876830293059349		1.753660586118698
605		20.023611689000973		1.3229352235794067		1.6750722604990005		0.15396382197737693		0.30792764395475386
606		20.05123035199904		1.2019566297531128		1.553343953783512		0.22220285103321075		0.4444057020664215
607		19.968077760000597		1.2976933717727661		1.6451748456263542		0.1128408010840416		0.2256816021680832
608		19.999628360001225		1.2741304636001587		1.6241922671699525		0.3337483524739742		0.6674967049479484
609		19.989958504998867		1.243471622467041		1.603740321059227		0.17938984689116477		0.35877969378232955
610		20.08883391100062		1.11562979221344		1.4768281691145897		0.13161493095755578		0.26322986191511155
611		20.094702633999987		1.2763466835021973		1.6271668884253503		0.23151765590906143		0.46303531181812285
612		20.16679580500022		1.19892156124115		1.5596599112725258		0.5877495116472244		1.1754990232944489
613		20.19726557499962		1.0972355604171753		1.4436652142119408		0.13994591760635375		0.2798918352127075
614		20.198641601000418		1.0664911270141602		1.4399736438846589		0.17959225288629532		0.35918450577259065
615		20.11951313800091		1.2140893936157227		1.5745112193369866		0.12359459711313248		0.24718919422626495
616		20.10846184300135		1.1703060865402222		1.5294444536352159		0.14489013545513152		0.28978027091026304
617		19.99200073800057		1.2834739685058594		1.6360205749464034		0.09530528278648853		0.19061056557297706
618		20.092129311999088		1.2548400163650513		1.6082727044701577		0.10610101653337478		0.21220203306674956
619		20.092887742999665		1.0378189086914062		1.404474850819111		0.09614879646301269		0.19229759292602538
620		20.174000078999597		1.2765685319900513		1.623008024482727		0.1718516584277153		0.3437033168554306
621		20.170033805999992		1.1506251096725464		1.5068273296689987		0.38915400019288066		0.7783080003857613
622		20.135344697999244		1.1192187070846558		1.4829538769459725		0.2968697677016258		0.5937395354032516
623		20.11550984800124		1.3259713649749756		1.6811660461068154		0.09915960885882377		0.19831921771764754
624		20.06746883500091		1.0791553258895874		1.4424721138596535		0.3939308940887451		0.7878617881774902
625		20.003468934999546		1.3513036966323853		1.7011502121853828		0.1287735862672329		0.2575471725344658
626		20.013185532001444		1.1107443571090698		1.4668652857398987		0.11716811793446541		0.23433623586893082
627		20.006707155000186		1.0788869857788086		1.4427382362532615		0.12154402271509171		0.24308804543018342
628		20.001095163999707		1.3613404035568237		1.7036424297571182		0.11064355400800704		0.2212871080160141
629		19.97992475400133		1.1460130214691162		1.5033784429860115		0.24298295656442642		0.48596591312885284
630		20.055552644000272		1.1288632154464722		1.4952269229364394		0.1939027037680149		0.3878054075360298
631		20.009833027999775		1.1273099184036255		1.4872502690529823		0.09556840626895427		0.19113681253790854
632		20.097495140998944		1.1110002994537354		1.4694227162122726		0.2054054718196392		0.4108109436392784
633		20.056986171999597		1.2068390846252441		1.5622404590201378		0.1175712372481823		0.2351424744963646
634		20.10924991899992		1.2329473495483398		1.576519861266613		0.17439434757232666		0.3487886951446533
635		20.092697051999494		1.2159428596496582		1.5610847137117385		0.381859514439106		0.763719028878212
636		20.073863188999894		1.0960503816604614		1.4619887826609612		0.1000724721878767		0.2001449443757534
637		20.127596050000648		1.2081055641174316		1.5547362725305558		0.16662578167319297		0.33325156334638595
638		20.076557910999327		1.063165545463562		1.4203538610744477		0.14968378576636315		0.2993675715327263
639		20.0424156579993		1.2196091413497925		1.579555152335167		0.10010368742346763		0.20020737484693527
640		20.077078327998606		1.1875635385513306		1.5383976029896735		0.22506429191231728		0.45012858382463455
641		20.158503381999253		1.13627290725708		1.4950034562826158		0.20968896279335023		0.41937792558670045
642		20.13918410199949		1.1495354175567627		1.5074466105675697		0.10795254940390586		0.21590509880781172
643		20.12423830300031		1.2183507680892944		1.5811039396357536		0.2161840699195862		0.4323681398391724
644		20.018191933000708		1.1354763507843018		1.486808922870159		0.1210713560461998		0.2421427120923996
645		20.012002088998997		1.2556439638137817		1.6045366334581375		0.10310267478823662		0.20620534957647324
646		20.11268340100105		1.2091490030288696		1.5561157806658745		0.1024567754715681		0.2049135509431362
647		20.058412886999577		1.083752989768982		1.450780452377796		0.15897901503443718		0.31795803006887435
648		20.23215405100018		1.1581872701644897		1.5184270406103133		0.10957564342617988		0.21915128685235977
649		20.264809483000136		1.2175934314727783		1.5800800741314889		0.11876020803451538		0.23752041606903077
650		20.140184982999926		1.1245061159133911		1.4716868994140626		0.1762124929368496		0.3524249858736992
651		20.110101973999917		1.0737718343734741		1.442781999285221		0.12720624781847		0.25441249563694
652		20.13535216499986		1.1317042112350464		1.49062319190979		0.18354997789859773		0.36709995579719545
653		20.161234691000573		1.2119519710540771		1.5650362163424492		0.30380362125635146		0.6076072425127029
654		20.150491718999547		1.1636885404586792		1.5189827326631546		0.29880456352233886		0.5976091270446777
655		20.122626864998892		1.212676763534546		1.5655522435617446		0.5061379893362522		1.0122759786725044
656		20.16527699300059		1.2001713514328003		1.55532778819561		0.2001743229806423		0.4003486459612846
657		20.128906847001417		1.1156753301620483		1.4736674121308326		0.10950629041790962		0.21901258083581923
658		20.17742816700047		1.1000866889953613		1.4598580852699279		0.31758630900382995		0.6351726180076599
659		20.234832436999568		1.139776349067688		1.515538896124363		0.1400052777171135		0.280010555434227
660		20.252725805999944		1.0934967994689941		1.4608616258478164		0.15677927384376525		0.3135585476875305
661		20.100260877999972		1.212033987045288		1.5730836778736115		0.17824615598320961		0.35649231196641923
662		20.143271355000252		1.0171527862548828		1.3850564676404		0.2365532097041607		0.4731064194083214
663		20.25260594499923		1.098865032196045		1.4629532383966446		0.09416635013222695		0.1883327002644539
664		20.216099129000213		1.326013445854187		1.6923365692090988		0.11024626359939575		0.2204925271987915
665		20.216794756001036		1.1180815696716309		1.4806626088666917		0.09628461607694626		0.19256923215389252
666		20.211531025999648		1.1320948600769043		1.49396443110466		0.2961892313122749		0.5923784626245499
667		20.071303132999674		1.0753514766693115		1.4226584229421615		0.19072380016446114		0.3814476003289223
668		20.103426485000455		1.202021837234497		1.5522140597510339		0.09990289427638054		0.19980578855276107
669		20.052477883000392		1.1852807998657227		1.5419156263375282		0.18944585511088372		0.37889171022176743
670		20.015767691000292		1.2167603969573975		1.5840647247481345		0.17689630418419838		0.35379260836839677
671		19.99195187999976		1.1027939319610596		1.4614325369358063		0.10644350224137306		0.2128870044827461
672		20.030681554000694		1.0425947904586792		1.4069493970417977		0.1724132434606552		0.3448264869213104
673		20.161555521999617		1.1985710859298706		1.559689722750187		0.27628937754631044		0.5525787550926209
674		20.14234570299959		1.1471054553985596		1.5075970487999917		0.10408166511654854		0.20816333023309708
675		20.056802996001352		1.1142995357513428		1.4654193275737764		0.21634510694742204		0.4326902138948441
676		20.10768773000018		1.1920297145843506		1.5499493606424333		0.11601940987110138		0.23203881974220275
677		20.065565991999392		1.1410735845565796		1.4954909193491936		0.12310200009346008		0.24620400018692015
678		20.056677790998947		1.2501097917556763		1.6090043664526938		0.09599974987208844		0.19199949974417688
679		20.229830501000833		1.2532057762145996		1.5916557062220573		0.1631085715651512		0.3262171431303024
680		20.219660948998353		1.0659244060516357		1.417811799390316		0.13163425304889678		0.26326850609779356
681		20.09629571899859		1.2167538404464722		1.5752977267956734		0.35965874615907667		0.7193174923181533
682		20.13611562799997		1.097311019897461		1.4600210822629929		0.09553043450117112		0.19106086900234223
683		20.143582315999083		1.6527681350708008		1.9377009684681892		0.5868415483355522		1.1736830966711045
684		20.10493912200036		1.3604953289031982		1.7232106334757804		0.1554535539984703		0.3109071079969406
685		20.076043409000704		1.127664566040039		1.4853910487294197		0.12108571603298188		0.24217143206596375
686		20.040906242000347		1.0909007787704468		1.4489172974395752		0.2474926488518715		0.494985297703743
687		20.082770836001146		1.1314200162887573		1.4942961623215676		0.17370623005628585		0.3474124601125717
688		20.073551589999624		1.0959874391555786		1.459166804215908		0.49265481459498406		0.9853096291899681
689		20.014863400998365		1.1443471908569336		1.5017099635863305		0.6785311590433121		1.3570623180866241
690		19.975483653000992		1.1561665534973145		1.5226278678703309		0.12393978207707405		0.2478795641541481
691		20.093177637001645		1.183310627937317		1.5323380183315276		0.10383137701749802		0.20766275403499604
692		20.04859452799792		1.3270357847213745		1.6557013350272178		0.623358014702797		1.246716029405594
693		20.09126971600199		1.105690360069275		1.4771277685499191		0.10239407041668892		0.20478814083337785
694		20.131332777000353		1.0298919677734375		1.3887388312244415		0.15316547671556474		0.3063309534311295
695		20.094999246000953		1.276098370552063		1.6396842077803613		0.3423163283109665		0.684632656621933
696		20.095289184999274		1.112240195274353		1.4581421476340295		0.09457010931372642		0.18914021862745284
697		20.133968324997113		1.0326253175735474		1.3943907846474648		0.3539981988012791		0.7079963976025582
698		20.09517949200017		1.1003750562667847		1.4650940759038926		0.09005034736990929		0.18010069473981857
699		20.12132875500174		1.0819101333618164		1.451819356443882		0.10323211822509766		0.20646423645019532
700		20.063194236001436		1.1466206312179565		1.5068810113406181		0.7453296439170838		1.4906592878341676
701		20.165821924998454		1.127450942993164		1.4844417007184028		0.23978784223794938		0.47957568447589877
702		20.076031095999497		1.1568230390548706		1.5118750429677963		0.29881184635162356		0.5976236927032471
703		20.14817427000162		1.105760931968689		1.4615756620240212		0.2963120257437229		0.5926240514874458
704		20.103530807002244		1.043041467666626		1.4112272138476372		0.3432081529200077		0.6864163058400155
705		20.1193767069999		1.1390268802642822		1.5003168140864371		0.18656737402081489		0.37313474804162977
706		20.04377199800001		1.150844931602478		1.5131519376111031		0.28813337260484695		0.5762667452096939
707		20.002622818999953		1.0664656162261963		1.4396202219891547		0.19133371572494506		0.3826674314498901
708		20.058241742000973		1.18711256980896		1.5411478514385224		0.26480785570144655		0.5296157114028931
709		20.093613839999307		1.134954810142517		1.4804666869473457		0.12140859271287918		0.24281718542575836
710		20.173275255998306		1.1302249431610107		1.4922712419462203		0.10209504182338715		0.2041900836467743
711		20.130205033001403		1.1172186136245728		1.4736610692620278		0.39048096953630446		0.7809619390726089
712		20.017935179999768		1.1016569137573242		1.4652802575182915		0.12079023199677467		0.24158046399354935
713		19.993048782998812		1.0421533584594727		1.400569364631176		0.09623032155930995		0.1924606431186199
714		19.98531290900064		1.0007750988006592		1.3624646462631225		0.22072713366746902		0.44145426733493803
715		20.024068234997685		1.0235621929168701		1.3937113557505607		0.11519233913421631		0.23038467826843262
716		20.0757371159998		1.1691112518310547		1.5247967258810997		0.17696502142548562		0.35393004285097124
717		20.186944187997142		1.1127601861953735		1.4741882754850388		0.3347527521312237		0.6695055042624474
718		20.212742188999982		1.1223204135894775		1.4889277788186073		0.39545397839546204		0.7909079567909241
719		20.022227566001675		1.143734335899353		1.513400638256073		0.09357192012071609		0.18714384024143219
720		19.975608353997814		1.0397131443023682		1.4111279076957703		0.37473773565292356		0.7494754713058471
721		20.141268383998977		1.079291582107544		1.4333645076704025		0.1931173803448677		0.3862347606897354
722		20.17379619699932		1.0872032642364502		1.4410661329650878		0.09443760427236557		0.18887520854473114
723		20.182585719998315		1.0506782531738281		1.4133927002191544		0.12971094708442688		0.25942189416885375
724		20.20684883300055		1.037122130393982		1.398588716700077		0.10754844453632832		0.21509688907265664
725		20.11297626600208		1.0908992290496826		1.454592133615017		0.15459783794283866		0.3091956758856773
726		20.062965721997898		1.0118451118469238		1.3774673010468483		0.09911852525174618		0.19823705050349236
727		20.030306494998513		1.1112604141235352		1.4796280355358125		0.1773750126838684		0.3547500253677368
728		20.016951622001216		1.0425097942352295		1.409383516368866		0.13776311870217323		0.27552623740434645
729		20.04340813500312		1.1051170825958252		1.467181349337101		0.08934473261237144		0.17868946522474288
730		20.056746214999293		1.0546096563339233		1.4174657989907264		0.23227019826173784		0.4645403965234757
731		20.082128141002613		1.0099878311157227		1.3801961260914803		0.21639747346639635		0.4327949469327927
732		20.196449521998147		1.351171851158142		1.7052339095449447		0.09444855514466763		0.18889711028933526
733		20.07732382299946		1.1632171869277954		1.5115257598733902		0.127700551456213		0.255401102912426
734		20.094977417000337		1.0176641941070557		1.3875753439283371		0.2569690405011177		0.5139380810022354
735		20.048953190998873		1.08997642993927		1.4433881804847717		0.10342613567709923		0.20685227135419845
736		20.071658012002445		1.135018229484558		1.4852983284139634		0.15825275596380234		0.3165055119276047
737		20.090297034003015		1.1533907651901245		1.5254997049713135		0.22316395773887635		0.4463279154777527
738		20.144039325998165		1.11780846118927		1.4713365978121757		0.08670809132456779		0.17341618264913558
739		20.13172294099786		1.093855857849121		1.4461496259713174		0.9432895299911499		1.8865790599822998
740		20.13873165900077		1.061734914779663		1.4288963727068902		0.13382741776108742		0.26765483552217484
741		20.106401951998123		1.109541893005371		1.475111016960144		0.0961139829337597		0.1922279658675194
742		20.063633612000558		1.0070277452468872		1.3679459400701524		0.4305926140725613		0.8611852281451225
743		20.0594731850033		1.1758267879486084		1.535312478864193		0.1061376326739788		0.2122752653479576
744		20.03662821599937		1.1183714866638184		1.493189251513481		0.17423645507097243		0.34847291014194487
745		20.11606767000194		1.078206181526184		1.4484965772509575		0.08976686009168625		0.1795337201833725
746		20.132691213002545		1.0689470767974854		1.4240271624279022		0.10602450514435768		0.21204901028871537
747		20.11854562300141		1.0364044904708862		1.397688714580536		0.08877619710862636		0.17755239421725272
748		20.131723953996698		1.032067894935608		1.3874103071260453		0.588694188940525		1.17738837788105
749		20.130533235002076		1.1231592893600464		1.47900761374712		0.09431113918423653		0.18862227836847306
750		19.984715126000083		1.1229884624481201		1.473880907945633		0.09237029787898064		0.18474059575796128
751		20.001123507998273		1.136992335319519		1.5104332483935357		0.11538601784706115		0.2307720356941223
752		19.985632919997443		1.0201880931854248		1.3840461567497253		0.13710192055106163		0.27420384110212326
753		20.015408906998346		1.0468049049377441		1.4120940631198884		0.09235329186916351		0.18470658373832702
754		20.005930117997195		1.0320391654968262		1.3901317967414857		0.14439472774267198		0.28878945548534396
755		20.247267912000098		1.0467002391815186		1.4109399807834626		0.09001735768914222		0.18003471537828444
756		20.182382443999813		1.1100025177001953		1.4705741211271286		0.11173440671861172		0.22346881343722344
757		20.155441129998508		1.0757174491882324		1.4336093958067895		0.10373477393984795		0.2074695478796959
758		20.14751485600209		1.1684638261795044		1.5127329064154624		0.21300853075385093		0.42601706150770186
759		20.079443886999798		1.1755356788635254		1.5337076079845429		0.12805340793132783		0.25610681586265566
760		20.069302615000197		1.057227373123169		1.413712354209423		0.08615892352163791		0.17231784704327582
761		20.181216369997856		1.0580050945281982		1.4233234172105789		0.08732609614133835		0.1746521922826767
762		20.112313330999314		1.080436110496521		1.4408745693564415		0.40424025961756704		0.8084805192351341
763		20.14406182899984		1.0400097370147705		1.412750476322174		0.09311199776828288		0.18622399553656577
764		20.135600720001094		1.0639253854751587		1.4192136387252807		0.20910728235840798		0.41821456471681595
765		19.995867364999867		1.2529077529907227		1.5967792035770416		0.08787471951246262		0.17574943902492524
766		19.946661540001514		0.9808962941169739		1.3313991872763633		0.4092466133475304		0.8184932266950607
767		19.97022239999933		1.049793004989624		1.420694692146778		0.11991945334672928		0.23983890669345856
768		20.045738455999526		1.0709336996078491		1.4369208886170388		0.17824957782030107		0.35649915564060214
769		20.059414979001303		1.0734716653823853		1.445942993042469		0.2514010038971901		0.5028020077943802
770		20.07347169499917		0.9888067841529846		1.3547084064269066		1.1379517219424247		2.2759034438848493
771		20.0763399460011		1.075474500656128		1.4386944903039933		0.3943155013024807		0.7886310026049614
772		20.04442580899922		1.0127989053726196		1.3817130184102058		0.10292365989089013		0.20584731978178025
773		20.013347312000406		1.0548979043960571		1.4125955820512772		0.14044641277194023		0.28089282554388045
774		19.949560606000887		1.0832772254943848		1.4500911554527283		0.10961128081679344		0.2192225616335869
775		19.89678303799883		1.065201759338379		1.4407633688092232		0.1784515450000763		0.3569030900001526
776		20.019963071001257		1.0458911657333374		1.4218579996681213		0.10591871381402015		0.2118374276280403
777		20.035857271999703		1.0340056419372559		1.400363911075592		0.08793096967041493		0.17586193934082986
778		20.139928355001757		1.022276759147644		1.3843106298995018		0.09263384576141834		0.18526769152283667
779		20.090812606998952		1.0298867225646973		1.391758477704525		0.08714730803072453		0.17429461606144905
780		20.064454254003067		1.1957106590270996		1.5738285971522332		0.09422753613591194		0.18845507227182387
781		20.023335628000495		1.038383960723877		1.4074687368416787		0.22484309386610984		0.4496861877322197
782		20.077602944998944		1.1567269563674927		1.5204899825334548		0.10485483070909977		0.20970966141819955
783		20.09542908500225		1.0243102312088013		1.3889453076267242		0.10509495224356652		0.21018990448713304
784		20.193648709999252		1.0437408685684204		1.4136119232821465		0.08626061434745788		0.17252122869491576
785		20.083222314999148		1.0536468029022217		1.419046008324623		0.1870337780237198		0.3740675560474396
786		20.24584212300033		1.1086468696594238		1.4755437669110298		0.14404660459160804		0.28809320918321607
787		20.177783289000217		1.0644738674163818		1.4334558630776406		0.2091250828564167		0.4182501657128334
788		20.13190704000226		0.9929990172386169		1.359947077217102		0.15228572252988815		0.3045714450597763
789		20.09458854300101		1.096894383430481		1.4511713334274292		0.10159478325843811		0.20318956651687622
790		20.081284338997648		1.0854508876800537		1.436660500175953		0.2819176231265068		0.5638352462530136
791		20.22899670300103		1.120227336883545		1.477477216758728		0.5162085947394371		1.0324171894788743
792		20.249564076999377		1.1305420398712158		1.4838247497344017		0.0854890638679266		0.1709781277358532
793		20.107535449998977		1.0541107654571533		1.4142604702544213		0.14066022615432738		0.28132045230865477
794		20.091522069000348		1.0877907276153564		1.44293364112854		0.08512897651493549		0.17025795302987098
795		20.06196404500224		1.1008403301239014		1.4694125043201447		0.581753653550148		1.163507307100296
796		20.018818500000634		1.033217191696167		1.3952851526308059		0.19045120701789855		0.3809024140357971
797		20.025209311999788		1.0980470180511475		1.4588498756742478		0.1879306992828846		0.3758613985657692
798		20.06840932799969		1.0276856422424316		1.3828250790309906		0.08850785388052464		0.17701570776104927
799		20.07865301899801		0.9788843393325806		1.342428410716057		0.22326216747164726		0.4465243349432945
800		19.995201370002178		1.0582185983657837		1.4112703837800027		0.09208430292904377		0.18416860585808753
801		20.234992232999502		1.0263983011245728		1.3897552114868164		0.11405634313225746		0.22811268626451492
802		20.22540013100297		0.9642853736877441		1.329281492805481		0.11429599999785424		0.22859199999570848
803		20.185803690998		1.0972906351089478		1.4699660014152527		0.10377802632153034		0.20755605264306068
804		20.129525857999397		1.0010017156600952		1.3652693295407294		0.09012907352745533		0.18025814705491067
805		20.131002129997796		1.0200492143630981		1.3769453077793121		0.14520065798163415		0.2904013159632683
806		20.171830102000968		1.0716350078582764		1.4338901989722252		0.1786242430150509		0.3572484860301018
807		20.165457101000356		1.0437352657318115		1.4055990864944459		0.12637355870604516		0.2527471174120903
808		20.17541915000038		1.0624384880065918		1.4271806550455093		0.2939086446583271		0.5878172893166542
809		20.157095239999762		1.016174077987671		1.376073537416458		0.08359086515903473		0.16718173031806946
810		20.14918420399772		0.9894627332687378		1.3617014745855331		0.08972262538671494		0.17944525077342988
811		20.093214363998413		0.9785358905792236		1.3376485645198821		0.08764218408465385		0.1752843681693077
812		20.079874296003254		1.035152554512024		1.3941132214522363		0.09521591961979867		0.19043183923959733
813		20.118867759996647		1.0878299474716187		1.4574700711536408		0.09473782046437264		0.18947564092874528
814		20.16525548199934		0.9900094270706177		1.3608351022815703		0.09133511552512645		0.1826702310502529
815		20.15306590700129		1.005366563796997		1.3710960157036782		0.08657506276071071		0.17315012552142142
816		20.203199471998232		0.9930055737495422		1.3559812813282013		0.1180738555252552		0.2361477110505104
817		20.360073140000168		1.0574179887771606		1.4200766765999795		0.1362122453689575		0.272424490737915
818		20.26138522600013		1.009934902191162		1.377948313920498		0.1623429339826107		0.3246858679652214
819		20.23769159799849		1.1058660745620728		1.4611901992869376		0.1981564427256584		0.3963128854513168
820		20.255854817998625		1.0192209482192993		1.3892028475856781		0.0980197277367115		0.196039455473423
821		20.22958060699966		1.13236403465271		1.4898300196242333		0.3078273715853691		0.6156547431707382
822		20.3473308169996		1.0201152563095093		1.382244156894684		0.12203320534825325		0.2440664106965065
823		20.28653676400063		1.0370287895202637		1.407947441418171		0.11290308852195739		0.22580617704391479
824		20.33312723600102		1.014483094215393		1.3790121812415124		0.19234831907749175		0.3846966381549835
825		20.23901645800288		0.9827991127967834		1.3449891181135178		0.09261821257174015		0.1852364251434803
826		20.06140062399936		0.9803191423416138		1.3507866886091233		0.17749458187818526		0.3549891637563705
827		20.012686881000263		1.0329868793487549		1.3972833281397818		0.10391589698195458		0.20783179396390916
828		20.010193474001426		0.9781391024589539		1.3429104260778426		0.14825033401846885		0.2965006680369377
829		20.055957095002668		0.9500237107276917		1.3217147686624526		0.1480289933860302		0.2960579867720604
830		20.043771307002316		0.9815270304679871		1.361530531167984		0.2825586954534054		0.5651173909068108
831		20.097289683999406		1.0421607494354248		1.4044955793595315		0.09676455664932727		0.19352911329865455
832		20.05948335100038		1.0000107288360596		1.3591320181393622		0.09238275631070136		0.18476551262140273
833		20.063555869000993		1.0437790155410767		1.4168520447516442		0.08429000058472157		0.16858000116944313
834		19.98730396300016		1.0718193054199219		1.429252961432934		0.10684573353528977		0.21369146707057954
835		20.068562403001124		1.1083769798278809		1.4693162133550643		0.08344335530400276		0.16688671060800553
836		20.14578720499776		1.001558780670166		1.3648699653553962		0.13197046816349028		0.26394093632698057
837		20.093402122001862		1.0502779483795166		1.4219859729766846		0.09695683140158654		0.19391366280317307
838		20.071046486998966		0.9953104257583618		1.3642837921261788		0.08529054899513722		0.17058109799027443
839		20.047781370001758		1.0155633687973022		1.37042131606102		0.08955666202902794		0.17911332405805588
840		20.06232918599926		1.0397697687149048		1.4164069346499444		0.18069206631779672		0.36138413263559344
841		20.00046979599938		1.0428375005722046		1.4148959141278268		0.193374493175745		0.38674898635149
842		19.99820982300298		0.9748066067695618		1.3449218810486794		0.26055798362493515		0.5211159672498703
843		20.036800664998736		0.965793251991272		1.337800143198967		0.11748249318897724		0.2349649863779545
844		20.172303810999438		0.995698869228363		1.3656948161125184		0.3200977767109871		0.6401955534219742
845		20.14600341100231		1.0214598178863525		1.3821152523851394		0.08832547534704209		0.17665095069408418
846		20.17590224000014		1.017250418663025		1.382567776362896		0.08939016206264495		0.1787803241252899
847		20.150729269000294		0.9666433930397034		1.3325468904209137		0.09491879687309265		0.1898375937461853
848		20.058563700000377		1.0872255563735962		1.4412355953836442		0.2640652802765369		0.5281305605530738
849		20.095147738000378		1.0360325574874878		1.3930541990113259		0.08592418043315411		0.17184836086630823
850		20.039993791000597		1.0099635124206543		1.3648149958324431		0.09832354644834995		0.1966470928966999
851		20.204205588997866		0.9782518744468689		1.354479620256424		0.40077500583529474		0.8015500116705895
852		20.275313719001133		1.0106412172317505		1.3713833657169343		0.08768226272463799		0.17536452544927597
853		20.188466944000538		0.9821971654891968		1.3531299255871774		0.0911803538441658		0.1823607076883316
854		20.109849313997984		0.9873606562614441		1.3547173068356515		0.11533384854495525		0.2306676970899105
855		20.299356916999386		0.9759423732757568		1.3370329661417006		0.09818135901987553		0.19636271803975106
856		20.27110653999989		1.0610064268112183		1.4108354234457017		0.2202694687783718		0.4405389375567436
857		20.177098732998274		1.0076180696487427		1.3671413693332672		0.10227548877000808		0.20455097754001617
858		20.017075530999136		0.9909342527389526		1.3577684798526763		0.08333040250539779		0.16666080501079558
859		20.05838162800137		0.9799818992614746		1.3462232341313363		0.10128332639634609		0.20256665279269218
860		20.23449675899974		1.0431787967681885		1.4031497496390342		0.27423591306209566		0.5484718261241913
861		20.19744346999869		0.9866724014282227		1.349482127263546		0.2859447827339172		0.5718895654678344
862		20.231069363999268		1.0060651302337646		1.3676997207665444		0.11876957404613495		0.2375391480922699
863		20.142293387998507		1.0019837617874146		1.363146946120262		0.3475956365287304		0.6951912730574608
864		20.143166034999012		1.0836445093154907		1.4489115567326545		0.08744889655709266		0.17489779311418532
865		20.158535578000738		0.9500386714935303		1.3169613125824928		0.27772068318128584		0.5554413663625717
866		20.14268106199961		1.0309935808181763		1.384202111852169		0.10751804710626602		0.21503609421253203
867		20.09912374600026		0.9872699975967407		1.365209517235756		0.09734028552174569		0.19468057104349137
868		20.21980921300201		0.9593709707260132		1.3163828139185905		0.1232969689309597		0.2465939378619194
869		20.11706444200172		0.9731433987617493		1.335468750603199		0.09956074623167514		0.19912149246335029
870		20.2480449700015		0.9564180970191956		1.3199671549248695		0.19113097983002664		0.3822619596600533
871		20.260520460997213		1.0145163536071777		1.3734771827840806		0.08806283628940582		0.17612567257881165
872		20.110500673999923		0.9208848476409912		1.2891497112965584		0.09725917974710464		0.1945183594942093
873		20.004613148998033		1.0167943239212036		1.3796093633699418		0.21221966099739076		0.4244393219947815
874		20.125890266997885		0.944423496723175		1.3140783855271339		0.35862687128186227		0.7172537425637245
875		19.979362007001328		0.9519104957580566		1.3141321165060997		0.39914311994314194		0.7982862398862839
876		20.058516952998616		0.9482020735740662		1.3103703390169144		0.11253563411831856		0.22507126823663712
877		20.05086391900113		0.9426170587539673		1.314222668967247		0.12820011892914773		0.25640023785829547
878		20.07561634299782		1.0150823593139648		1.3751843357872964		0.13417034180164336		0.2683406836032867
879		20.02317711700016		0.9625373482704163		1.3357147687506676		0.09117562096416951		0.18235124192833901
880		20.01541702800023		0.9175783395767212		1.3004375489974023		0.09934535517692566		0.19869071035385133
881		20.02653075299895		1.0040686130523682		1.3717381838560105		0.17048645551800728		0.34097291103601457
882		20.172844595999777		0.9440926909446716		1.3068208412909508		0.08626106230616569		0.17252212461233138
883		20.08890975400209		0.9073481559753418		1.2765518134260179		0.14915277181863784		0.2983055436372757
884		20.19411653699717		0.9971811175346375		1.3635966789793967		0.09416887474060058		0.18833774948120116
885		20.130084666001494		1.023753046989441		1.37589555778265		0.08046956287920475		0.1609391257584095
886		20.17045401699943		0.9611184000968933		1.3387940998601913		0.07966663024127484		0.15933326048254967
887		20.124671572000807		0.9281470775604248		1.2947756626319886		0.09271978095471858		0.18543956190943717
888		19.980072292997647		0.9807263016700745		1.346466166141033		0.10709348330795765		0.2141869666159153
889		20.05928165700243		0.9510719180107117		1.3191276217722894		0.08120478922426701		0.16240957844853401
890		20.12060714799736		0.9939038157463074		1.3660989243054389		0.10659934614002704		0.2131986922800541
891		20.1171378609979		1.0209870338439941		1.3937720156097413		0.10990620672106743		0.21981241344213487
892		20.219941910996567		1.054837703704834		1.4162132130622864		0.10745252387523652		0.21490504775047303
893		20.20830446599939		1.0386714935302734		1.3912579636478424		0.10758057440519334		0.21516114881038667
894		20.111526953001885		0.9293239116668701		1.311035479388237		0.1618547988653183		0.3237095977306366
895		20.092539897999814		0.9715682864189148		1.3333969579553604		0.08287547328472138		0.16575094656944275
896		20.19718805500088		0.9625881910324097		1.3361328165745736		0.1555920317173004		0.3111840634346008
897		20.267871767999168		0.934404194355011		1.2940006549096108		0.1647454328596592		0.3294908657193184
898		20.361796806999337		0.9464070200920105		1.3155045989346503		0.08011769627928733		0.16023539255857466
899		20.174249710002186		0.927737295627594		1.3029277474021912		0.15471150286793708		0.30942300573587417
900		20.082324319999316		0.9989582300186157		1.3637899332141876		0.08227351371645927		0.16454702743291855
901		20.14134849099719		0.982546865940094		1.3463071392273902		0.2701585321009159		0.5403170642018318
902		20.08491567999954		0.9610399007797241		1.3375684884786605		0.08495442681312561		0.16990885362625122
903		20.116479036001692		0.9533234238624573		1.3288246116924285		0.08907955928742886		0.17815911857485772
904		20.180884336001327		0.9874000549316406		1.3527315230321884		0.25536835750937464		0.5107367150187493
905		20.12230946999989		0.9474790096282959		1.3201159829211235		0.26994932785630227		0.5398986557126045
906		20.14202092599953		0.8933818340301514		1.2611527507686615		0.07936318274438381		0.15872636548876762
907		20.120553643002495		0.9598128795623779		1.3274824423694611		0.09675970078706742		0.19351940157413483
908		20.16820143899895		0.9043436646461487		1.2590535331487656		0.1954492792904377		0.3908985585808754
909		20.050947289997566		0.9845551252365112		1.3592563831973077		0.1605838453888893		0.3211676907777786
910		20.051075685998512		0.9951524138450623		1.3827554913139344		0.08157635862529278		0.16315271725058555
911		20.01655207499789		0.9027441740036011		1.2676984822893143		0.09036887609660625		0.1807377521932125
912		20.129853577000176		0.9315803050994873		1.296621636865139		0.08860535767376423		0.17721071534752847
913		20.11575986599928		0.9525724053382874		1.3260514752817154		0.14302832158207893		0.28605664316415785
914		20.14116259900038		0.9223935604095459		1.2896698936200142		0.2207972124516964		0.4415944249033928
915		20.208761989000777		0.9347008466720581		1.3120085160136223		0.08788038905262947		0.17576077810525895
916		20.159396641000058		0.8949535489082336		1.2612085262846946		0.08320362947583199		0.16640725895166397
917		20.127533576000133		0.9299083948135376		1.2965123285198212		0.08535214569568635		0.1707042913913727
918		20.075116889998753		0.9039355516433716		1.2538817840647698		0.0911583974391222		0.1823167948782444
919		20.07467968200217		0.9699565172195435		1.3409004041123391		0.09044417096376418		0.18088834192752837
920		20.13094459200147		0.9191844463348389		1.2842573053407669		0.09886966306269168		0.19773932612538336
921		20.18318756000008		0.945396900177002		1.3047271353888512		0.08438056192398072		0.16876112384796144
922		20.126259410000785		0.9805890917778015		1.3484101807880402		0.31146031053066253		0.6229206210613251
923		20.126858855001046		0.9203913807868958		1.2876113849282265		0.08001819102168083		0.16003638204336165
924		20.075561264999124		0.9083640575408936		1.2927547912335395		0.10551877339482307		0.21103754678964615
925		19.973133726001834		0.8893302083015442		1.2489330436372756		0.10389687844216823		0.20779375688433646
926		20.084777639000094		0.9599130153656006		1.322831793203354		0.11071979530453682		0.22143959060907364
927		20.072111000001314		0.9612651467323303		1.3215185453033447		0.13295992631912232		0.26591985263824464
928		20.112827553999523		0.8851537108421326		1.2626074241161347		0.26101257279515266		0.5220251455903053
929		20.15448300299977		0.9452849626541138		1.312925906496048		0.09690045489668846		0.1938009097933769
930		20.101183063001372		0.8884868621826172		1.2679876406264305		0.07954933441579341		0.15909866883158683
931		20.073263793998194		0.9596519470214844		1.3300301100301744		0.16239741784334183		0.32479483568668366
932		20.187260979000712		0.936985433101654		1.2923845970821382		0.09514823449254035		0.1902964689850807
933		20.069507719003013		0.9510912895202637		1.3139662602090836		0.21134613674879074		0.4226922734975815
934		20.030296853998152		0.9096290469169617		1.2857576446080208		0.15096965324878692		0.30193930649757383
935		20.25713202499901		0.9664828777313232		1.3279654920244217		0.35742422963380815		0.7148484592676163
936		20.15996417199858		0.9680808186531067		1.3404578788042067		0.07885471471250058		0.15770942942500116
937		20.18972601099813		0.8948550820350647		1.2621628992199898		0.08284824575781823		0.16569649151563645
938		20.305857268998807		0.915577232837677		1.2911820867443085		0.33592058052420615		0.6718411610484123
939		20.289269478998904		0.9794288873672485		1.349983940589428		0.2860597810745239		0.5721195621490478
940		20.24817755699769		0.9197868704795837		1.2907433915495872		0.08429743011295796		0.1685948602259159
941		20.149977220000437		0.9988537430763245		1.3530461389017105		0.20581495516300202		0.41162991032600404
942		20.230027091998636		0.8713281750679016		1.2402127445793152		0.07804483632147312		0.15608967264294624
943		20.21204656700138		0.9857785105705261		1.34310684694767		0.14491996321082115		0.2898399264216423
944		20.203396446002444		0.9684311747550964		1.3343048432207107		0.11590307848453522		0.23180615696907045
945		20.18821650600148		0.9697123169898987		1.3334016948795318		0.0946026674002409		0.1892053348004818
946		20.209168806999514		0.8903133869171143		1.2612789292931557		0.09761935680508614		0.19523871361017228
947		20.1138472370003		0.9413809776306152		1.308649305768013		0.09386327176392079		0.18772654352784157
948		20.277012633996492		0.9724913239479065		1.3335110612988472		0.07993119557499885		0.1598623911499977
949		20.16829116900044		0.9485388994216919		1.3203380968534946		0.08180677617490291		0.16361355234980582
950		20.145134809998126		0.9725612998008728		1.335621837899685		0.11685619043707847		0.23371238087415694
951		20.18327160500121		0.9551939368247986		1.3244758679556847		0.07843945092260837		0.15687890184521674
952		20.274902956000005		0.8848989605903625		1.2523803972816467		0.07807270002961159		0.15614540005922317
953		20.239449641001556		0.9413142800331116		1.304287926375866		0.08208576527535916		0.16417153055071831
954		20.13455944299858		0.900429368019104		1.2639248623347283		0.10127336941361427		0.20254673882722854
955		20.18508513300185		0.9574253559112549		1.3152279064965249		0.13614597085118293		0.27229194170236587
956		20.1325434040009		0.9162525534629822		1.2740798708438874		0.5957743127942086		1.1915486255884171
957		20.03115776600316		0.9896774888038635		1.3430875850367545		0.10127719209194183		0.20255438418388366
958		20.10908774100244		0.9032618403434753		1.278982913017273		0.189818326574564		0.379636653149128
959		20.03808349800238		0.8821063041687012		1.2418357567071914		0.24569907703399657		0.49139815406799314
960		20.291291085999546		0.9480137228965759		1.3164951515126229		0.07923037293553352		0.15846074587106704
961		20.314066134000313		0.9155504703521729		1.2776633050870896		0.32283139079809187		0.6456627815961837
962		20.146688992001145		0.9337683916091919		1.3025683795070648		0.1583179705619812		0.3166359411239624
963		20.079097073998128		0.933830738067627		1.302869342765808		0.2080860210299492		0.4161720420598984
964		20.249618462999933		0.92194002866745		1.2945928925228118		0.07922613100111485		0.1584522620022297
965		20.22400235200257		0.9266075491905212		1.293565153002739		0.14797131653428078		0.29594263306856156
966		20.193009820999578		0.8928852677345276		1.2670368643474579		0.08762279209792614		0.1752455841958523
967		20.31227885500266		0.9356877207756042		1.2968236373019217		0.22076339042782783		0.44152678085565567
968		20.25456517600105		0.8997523188591003		1.2654002077436448		0.12408093724250793		0.24816187448501587
969		20.300119374998758		0.9230281114578247		1.2844116692256928		0.09300017504692078		0.18600035009384155
970		20.274445446000755		0.9140087962150574		1.2857466572475433		0.07666526570916175		0.1533305314183235
971		20.184123256996827		0.8856050372123718		1.2462124811315536		0.15069971873760224		0.3013994374752045
972		20.174840618001326		0.932796835899353		1.2968969317936898		0.11073120244145393		0.22146240488290786
973		20.16290287800075		0.9121277332305908		1.286394237806797		0.09261013025343418		0.18522026050686835
974		20.12099007500001		0.9126691222190857		1.276294825782776		0.07735578950047493		0.15471157900094987
975		20.130553471000894		0.9671505093574524		1.3272979783797265		0.09632864356040954		0.1926572871208191
976		20.237919055998645		0.8828052878379822		1.2556551698040963		0.09056887692511081		0.18113775385022163
977		20.21730953400038		0.8670146465301514		1.2312771804761886		0.09585978942513466		0.19171957885026933
978		20.205726591000712		0.9629849791526794		1.3300589073848725		0.17520415611863135		0.3504083122372627
979		20.255822351999086		0.8858569860458374		1.2585115522933006		0.08086659055650235		0.1617331811130047
980		20.186200799998915		0.8805587887763977		1.2540198710417747		0.18085238711237908		0.36170477422475816
981		20.097899684998993		0.8958719372749329		1.2691019924092293		0.07735959395468235		0.1547191879093647
982		20.290537471999414		0.895921528339386		1.263063434445858		0.13154890174269676		0.2630978034853935
983		20.163452157001302		0.9100801348686218		1.2748130054664613		0.0791033144980669		0.1582066289961338
984		20.142893214997457		0.9403100609779358		1.3038673279213906		0.22690573189258575		0.4538114637851715
985		20.238658134996513		0.8739050626754761		1.231558921751976		0.10295680113434792		0.20591360226869584
986		20.343142835001345		0.9122397303581238		1.281675962665081		0.09115633068680763		0.18231266137361526
987		20.384715247000713		0.88553386926651		1.250310384953022		0.07585132742524148		0.15170265485048295
988		20.35100995800167		0.8945834040641785		1.2717175047528744		0.08536889090538025		0.1707377818107605
989		20.317630527999427		0.9335301518440247		1.3050926729917527		0.08226203161776066		0.16452406323552132
990		20.269107847998384		0.8615598082542419		1.2248366176080703		0.07675660203099251		0.15351320406198501
991		20.289984732997254		0.8999388217926025		1.2725402646422386		0.08097697539925575		0.1619539507985115
992		20.248189824000292		0.9027858972549438		1.2645891306626798		0.09265512008965016		0.1853102401793003
993		20.32670553200296		0.8802278637886047		1.246083786251545		0.13403952454328538		0.26807904908657076
994		20.21636672099703		0.9025759696960449		1.2658908271443843		0.07752259566485882		0.15504519132971764
995		20.243490361001022		0.9072399139404297		1.265441309080124		0.08248008132576942		0.16496016265153884
996		20.077129752000474		0.9001168012619019		1.2540271375608445		0.12330469446778297		0.24660938893556594
997		20.100913422000303		0.9093843698501587		1.2621922783899306		0.09456700794100761		0.18913401588201523
998		20.06842835000134		0.8973313570022583		1.2635978335523605		0.08373492379784583		0.16746984759569167
999		20.12455301799855		0.896729052066803		1.2631509355592727		0.24855173818469048		0.49710347636938096
1000		20.337264337002125		0.8750941753387451		1.241490408885479		0.11795186249017715		0.2359037249803543
1001		20.377536321997468		0.8667991757392883		1.244197712752819		0.09310125495791435		0.1862025099158287
1002		20.24781666999843		0.9033929705619812		1.2825471974158287		0.09142852503359318		0.18285705006718636
1003		20.228871152001375		0.9160264730453491		1.292567818686962		0.07970244720876217		0.15940489441752434
1004		20.17139218399825		0.905068576335907		1.2728451857757568		0.07590104110538959		0.15180208221077918
1005		20.328749325999524		0.883195698261261		1.261718950099945		0.07670850583314896		0.15341701166629793
1006		20.340440091000346		0.9028180241584778		1.270160279903412		0.08312483194172382		0.16624966388344764
1007		20.378105929001322		0.8609190583229065		1.2324973083400725		0.07752127939164638		0.15504255878329276
1008		20.36419148099958		0.876483678817749		1.2492293920195103		0.17343798827528953		0.34687597655057906
1009		20.337219886998355		0.8878582715988159		1.2548678736114502		0.0920077595025301		0.1840155190050602
1010		20.33184140999947		0.8873006105422974		1.254627485179901		0.08923366994261742		0.17846733988523483
1011		20.25316071600173		0.8604886531829834		1.2394205103945732		0.07576857954561711		0.15153715909123422
1012		20.20511622000049		0.880486249923706		1.2547361166787148		0.13841419351696968		0.27682838703393936
1013		20.217774388998805		0.9094623327255249		1.2664415182983875		0.08365953903198242		0.16731907806396484
1014		20.336532523000642		0.8766610026359558		1.2322788585317135		0.07626031321585178		0.15252062643170355
1015		20.38883156800148		0.8540467023849487		1.2289346894073487		0.09184755213856698		0.18369510427713395
1016		20.413115286999528		0.9282088279724121		1.280442215807438		0.09324098871946335		0.1864819774389267
1017		20.397314496000035		0.8917155861854553		1.2557916850948334		0.09776362236440182		0.19552724472880365
1018		20.414035216999764		0.8603792786598206		1.2307103893232345		0.10291037393808365		0.2058207478761673
1019		20.37539142499736		0.9346780776977539		1.292262114675045		0.08253828855156899		0.16507657710313797
1020		20.274093167998217		0.8705241084098816		1.23168959649086		0.07492629428803921		0.14985258857607842
1021		20.180853830999695		0.8585081696510315		1.2184440503382683		0.19702741245627403		0.39405482491254806
1022		20.126548128999275		0.9210787415504456		1.2845518855285645		0.11395083145797252		0.22790166291594505
1023		20.13258382300046		0.8890827298164368		1.24950708796978		0.12843531704246997		0.25687063408493993
1024		20.12718700500045		0.8615322709083557		1.2276119925284386		0.189606528621912		0.379213057243824
1025		20.0567832500019		0.8772823810577393		1.2405238260412217		0.07750307421088219		0.15500614842176438
1026		20.106757045999984		0.8675828576087952		1.2332320751595498		0.08217907984256745		0.1643581596851349
1027		20.076167855000676		0.883026123046875		1.2484834327292442		0.09116148343384266		0.18232296686768532
1028		20.045589781999297		0.8637474179267883		1.2314050559997558		0.24759722098112105		0.4951944419622421
1029		20.05056773400065		0.8661574125289917		1.2365844406938553		0.0761632291585207		0.1523264583170414
1030		20.095192321998184		0.8498401641845703		1.206921541097164		0.07528702436089516		0.1505740487217903
1031		20.127795216001687		0.8691151142120361		1.2377193793404102		0.12918800017237664		0.2583760003447533
1032		20.125786987999163		0.8727988600730896		1.2383967741084099		0.09268300830721855		0.1853660166144371
1033		20.257497841001168		0.854472815990448		1.2229445475423335		0.0756540721654892		0.1513081443309784
1034		20.21063625899842		0.8611162900924683		1.2382672407782078		0.10887931583523751		0.21775863167047502
1035		20.24664183400091		0.8429753184318542		1.2154996137213707		0.0816221676081419		0.1632443352162838
1036		20.07531348500197		0.8747463822364807		1.2443044940376282		0.07441000615656376		0.14882001231312753
1037		20.076367289999325		0.9074835777282715		1.2709283600902557		0.3258361751019955		0.651672350203991
1038		20.14603243199963		0.857999324798584		1.2160939341044426		0.0805989231556654		0.1611978463113308
1039		20.293502866999916		0.9110373854637146		1.284387943429947		0.0822333373516798		0.1644666747033596
1040		20.29578402900006		0.8725342154502869		1.2326702597475052		0.15230121261179447		0.30460242522358894
1041		20.305639669997618		0.8662245869636536		1.2341312838864327		0.07569377968609332		0.15138755937218665
1042		20.059109677997185		0.8590364456176758		1.223930777978897		0.07556185202002526		0.15112370404005052
1043		20.060214658002224		0.8744688630104065		1.2566842039823531		0.25763285648226736		0.5152657129645347
1044		20.07041379400107		0.8391941785812378		1.1993490522134305		0.08968885861039162		0.17937771722078324
1045		20.0585347870001		0.8481011390686035		1.2148331438302993		0.16239225816428662		0.32478451632857325
1046		20.22930860699853		0.8910396099090576		1.2536405003786086		0.10206403050124645		0.2041280610024929
1047		20.22326405900094		0.8472946882247925		1.2106630448818207		0.076189468100667		0.152378936201334
1048		20.131843344999652		0.8484848737716675		1.206199120514393		0.252327864921093		0.504655729842186
1049		20.051157382000383		0.8589262366294861		1.2287997389769554		0.24374165611863136		0.4874833122372627
1050		19.97783625000011		0.8678978085517883		1.246446949045658		0.08084535282552242		0.16169070565104485
1051		20.0329004310006		0.8430398106575012		1.2113368269920348		0.1002500905930996		0.2005001811861992
1052		20.077801358002034		0.8469312191009521		1.2191853657317162		0.08616512450873852		0.17233024901747704
1053		20.097894964997977		0.855564296245575		1.2286883200550078		0.09058466162681579		0.18116932325363158
1054		20.228048346001742		0.878875195980072		1.2473043476891517		0.07369331471323967		0.14738662942647934
1055		20.15796942900124		0.8442262411117554		1.2206119606637955		0.12819780977666378		0.25639561955332757
1056		20.16871611500028		0.8312081098556519		1.193764983689785		0.21401563386917113		0.42803126773834227
1057		20.088817772000766		0.8633233308792114		1.2353839783287048		0.07389497727751732		0.14778995455503463
1058		20.04969273900133		0.855880081653595		1.2223955634963513		0.15683928267359734		0.3136785653471947
1059		20.129919024999253		0.8321869373321533		1.2013148642420768		0.09445873829126358		0.18891747658252717
1060		20.227956000999257		0.8739265203475952		1.2438220509529114		0.08911345347762108		0.17822690695524215
1061		20.243265969002096		0.8764358162879944		1.23257168074131		0.07714925144314766		0.15429850288629532
1062		20.217110492001666		0.8327775597572327		1.2086801320660114		0.07866095280051232		0.15732190560102463
1063		20.20532918599929		0.8800339102745056		1.2419520950245857		0.07952207844555378		0.15904415689110757
1064		20.12261460999798		0.8239286541938782		1.1887834294891357		0.09142446025013924		0.18284892050027848
1065		20.063596806001442		0.836901068687439		1.198824023246765		0.07262934846282006		0.1452586969256401
1066		20.00851197999873		0.8862487077713013		1.252487768895626		0.08402728505730629		0.16805457011461258
1067		20.110188237998955		0.8599510192871094		1.2167434284353256		0.1100196268081665		0.220039253616333
1068		20.174707616002706		0.8494256734848022		1.2179903411519528		0.07761902559101581		0.15523805118203163
1069		20.119017367000197		0.8400880098342896		1.201885141991377		0.16367796106934548		0.32735592213869097
1070		20.163116255000205		0.8571199774742126		1.2127491098678111		0.07854281013607979		0.15708562027215958
1071		20.241647137001564		0.8435608148574829		1.2091729649114609		0.1503333853363991		0.3006667706727982
1072		20.2378860050012		0.8473761677742004		1.2093643909478187		0.08904759470820427		0.17809518941640853
1073		20.239666428999044		0.8284426331520081		1.2097256544649602		0.08451933669745922		0.16903867339491843
1074		20.162919259000773		0.8494738340377808		1.2297433382558822		0.07700565776824951		0.15401131553649902
1075		20.05772196900216		0.8391435742378235		1.202940837805271		0.07459869723916054		0.1491973944783211
1076		20.19255838100071		0.8634171485900879		1.2367873453068734		0.09025694568157196		0.1805138913631439
1077		20.155796417999227		0.8037052750587463		1.1727736850476265		0.15928866609334946		0.3185773321866989
1078		20.058398717999808		0.852268636226654		1.2053386517834663		0.07433145425021648		0.14866290850043296
1079		20.232252844998584		0.8588975071907043		1.2157644001686574		0.1233566517174244		0.2467133034348488
1080		20.16803519899986		0.9080249071121216		1.2686275788021089		0.07840386739075184		0.15680773478150367
1081		20.224663780998526		0.8500227332115173		1.21775841080904		0.08916958308815956		0.17833916617631912
1082		20.13298656600091		0.8457353711128235		1.2141198994028568		0.1115313351124525		0.223062670224905
1083		20.21379349400013		0.8249688744544983		1.2001861439371109		0.07464042955636978		0.14928085911273956
1084		20.12346664299912		0.838782012462616		1.202471831023693		0.07421270889937878		0.14842541779875756
1085		20.08664269899964		0.8805182576179504		1.2426406544518471		0.08664854755997657		0.17329709511995314
1086		20.119611941001494		0.8194556832313538		1.1798430925405026		0.074347158613801		0.148694317227602
1087		20.05676556799881		0.8553438186645508		1.208858858536482		0.08117959381043911		0.16235918762087823
1088		20.089146158999938		0.8694052696228027		1.2388479771637917		0.07551212699711322		0.15102425399422645
1089		20.050645971998165		0.8580612540245056		1.2124742854428292		0.11552011845707894		0.23104023691415787
1090		20.061915286998556		0.8369719982147217		1.1980544754397868		0.07211187538206577		0.14422375076413155
1091		20.244679223000276		0.8275498747825623		1.1941238191831112		0.07967688403725624		0.1593537680745125
1092		20.21653657600109		0.843583345413208		1.2150854566073417		0.08509952255487442		0.17019904510974884
1093		20.16445866199865		0.854056715965271		1.2165286221826077		0.09293519037663936		0.18587038075327872
1094		20.234085906002292		0.8662710189819336		1.231781565119028		0.07536882538795471		0.15073765077590942
1095		20.219619804000104		0.8259454965591431		1.1962825221133233		0.07274975628256798		0.14549951256513596
1096		20.03189622699938		0.8126075863838196		1.1885488925099372		0.07307316872477532		0.14614633744955063
1097		20.073295187998156		0.828254222869873		1.2012910030317308		0.07378268146812916		0.14756536293625833
1098		20.136515161000716		0.8240423798561096		1.1893791792678834		0.07339634074866772		0.14679268149733543
1099		20.224672506999923		0.8575762510299683		1.2213419627094269		0.08322473735809326		0.1664494747161865
1100		20.08804575799877		0.8328080177307129		1.1966834742450714		0.07114252438396215		0.1422850487679243
1101		20.140981082000508		0.8209308981895447		1.1876499150252342		0.09904604474902153		0.19809208949804305
1102		20.136253066997597		0.890235424041748		1.2482943233799935		0.08775138731300831		0.17550277462601663
1103		20.14743131599971		0.814531147480011		1.1853739045774936		0.07975284147560596		0.15950568295121192
1104		20.1441705349971		0.8030077219009399		1.1812607290661334		0.10811554235219956		0.2162310847043991
1105		20.10038095299751		0.8328417539596558		1.199648268275261		0.07140077733397483		0.14280155466794967
1106		20.08740216300066		0.8518768548965454		1.2218940769195556		0.07214460010230542		0.14428920020461083
1107		20.117219624000427		0.8442198038101196		1.2053865738642215		0.07842915011048317		0.15685830022096633
1108		20.1405287460002		0.8359039425849915		1.207003377250433		0.07376479039192199		0.14752958078384398
1109		20.143594386998302		0.8408435583114624		1.2085963940668105		0.1997958102285862		0.3995916204571724
1110		20.158056979998946		0.8654850721359253		1.227334530700445		0.09056347378492355		0.1811269475698471
1111		20.120504049999		0.8185028433799744		1.179120562274456		0.09280937008857727		0.18561874017715455
1112		20.126976654999453		0.8179309964179993		1.186603952999115		0.07170894987583161		0.14341789975166322
1113		20.134101821000513		0.8067510724067688		1.1814069437122345		0.20424022836983205		0.4084804567396641
1114		20.13509488099953		0.809360682964325		1.1765524031662942		0.10610743244886399		0.21221486489772798
1115		20.219575552000606		0.8450597524642944		1.2069018711149693		0.07081711380183697		0.14163422760367395
1116		20.24390028400012		0.8153852224349976		1.1807074165844917		0.07443170337378979		0.14886340674757959
1117		20.283674243997666		0.8197537064552307		1.193873257354498		0.08108456595242024		0.16216913190484047
1118		20.099484872000176		0.8192792534828186		1.182695264866352		0.1173187078654766		0.2346374157309532
1119		20.137862040999607		0.8011882901191711		1.1810680661833286		0.16586962856054305		0.3317392571210861
1120		20.260869318000914		0.8103624582290649		1.17517516313076		0.07713840700387954		0.15427681400775908
1121		20.230767460998322		0.8136921525001526		1.1859191339182853		0.07244261026978492		0.14488522053956984
1122		20.265839397998207		0.8468980193138123		1.2129481851911545		0.08237534698545933		0.16475069397091865
1123		20.3667305270028		0.8339910507202148		1.1983138292109967		0.22376695815622807		0.44753391631245615
1124		20.30582480299927		0.8327494859695435		1.191515993732214		0.07575152763426304		0.1515030552685261
1125		20.223506005000672		0.819678008556366		1.1877643277823926		0.07202289986610412		0.14404579973220824
1126		20.27865577099874		0.8491045236587524		1.2124123698365687		0.07875261489152909		0.15750522978305817
1127		20.26205738600038		0.845970630645752		1.2191214336657523		0.07085500895678996		0.14171001791357993
1128		20.212740666000172		0.8141265511512756		1.1853534068131446		0.07189716636240483		0.14379433272480965
1129		20.24187123700176		0.8363026976585388		1.189317562057972		0.07110661915540695		0.1422132383108139
1130		20.282017452002037		0.8234357833862305		1.1998097509741783		0.08468820184767246		0.16937640369534493
1131		20.35188465000101		0.8208189010620117		1.1910062131893635		0.0868335872411728		0.1736671744823456
1132		20.304458542999782		0.8291172981262207		1.1936356144952773		0.09711578984856606		0.19423157969713212
1133		20.16553477299749		0.8106224536895752		1.1833310289025307		0.0713220714867115		0.142644142973423
1134		20.34570355699907		0.8259795904159546		1.1802188780915737		0.07735398077368737		0.15470796154737473
1135		20.326273102000414		0.815288245677948		1.1873374831402301		0.16031037226319314		0.3206207445263863
1136		20.259497532999376		0.835769772529602		1.205047750428915		0.07437299264371396		0.1487459852874279
1137		20.118513896999502		0.8050873875617981		1.177799206109047		0.07061810816824436		0.14123621633648872
1138		20.14259501900233		0.8568454384803772		1.216734018547535		0.07082346669733525		0.1416469333946705
1139		20.28237163599988		0.8016086220741272		1.160123961493969		0.07817648921906949		0.15635297843813897
1140		20.317827368002327		0.8478833436965942		1.2082155839681625		0.07067472456991672		0.14134944913983344
1141		20.333137749999878		0.8203844428062439		1.1903175403296948		0.07379875052273273		0.14759750104546546
1142		20.376358260000416		0.8410820960998535		1.1979135358786583		0.07687397161722183		0.15374794323444366
1143		20.066047151998646		0.8199428915977478		1.181619333859682		0.07140520606338978		0.14281041212677956
1144		20.088566743001138		0.8084710240364075		1.170656428104639		0.07254130850732327		0.14508261701464653
1145		20.161398967000423		0.8104689717292786		1.1698050345981121		0.07305590734481812		0.14611181468963624
1146		20.156669066000177		0.8127483129501343		1.1744865536999702		0.09030767343640328		0.18061534687280656
1147		20.168615239002975		0.801284909248352		1.1721117256379128		0.08245260653495788		0.16490521306991576
1148		20.142417825998564		0.821774423122406		1.1910993487155437		0.07934830323755741		0.15869660647511483
1149		20.119682679000107		0.8170978426933289		1.1794563757431507		0.11190756793916225		0.2238151358783245
1150		20.05734587400002		0.7902835011482239		1.165827717806101		0.07578780373930931		0.15157560747861862
1151		20.220608717998402		0.8020821809768677		1.163979748724699		0.15617699036002158		0.31235398072004317
1152		20.120446996999817		0.7882425785064697		1.1643567898762226		0.09955690853893757		0.19911381707787515
1153		20.10151496599792		0.8116459250450134		1.1697820472812652		0.0709515505939722		0.1419031011879444
1154		20.212066996999056		0.7902673482894897		1.1642365621113777		0.12357455285787583		0.24714910571575166
1155		20.27768979400207		0.8063936233520508		1.1761233948814869		0.07227541880905629		0.14455083761811258
1156		20.169873827999254		0.8069214820861816		1.1820883774697781		0.07668721524178981		0.15337443048357963
1157		20.368044749997352		0.812170684337616		1.1794857764172555		0.08048892887830734		0.1609778577566147
1158		20.21226181200109		0.80968177318573		1.1738575999379157		0.07445010132491589		0.14890020264983178
1159		20.323704229002033		0.7897617816925049		1.154391881072521		0.07297099927663803		0.14594199855327605
1160		20.31027871200058		0.7947114109992981		1.1517770352613925		0.07320972341895103		0.14641944683790206
1161		20.14061678699727		0.8199394345283508		1.1832062632584572		0.07127563118040561		0.14255126236081123
1162		20.21435454099992		0.8071202039718628		1.1684271015000343		0.07136454491317272		0.14272908982634544
1163		20.124592524996842		0.8091561794281006		1.1604908341383935		0.069857687368989		0.139715374737978
1164		20.124242104997393		0.8104140162467957		1.174516038954258		0.08393912285268307		0.16787824570536614
1165		20.126426113998605		0.8092679381370544		1.1709379266881943		0.07042886959314347		0.14085773918628694
1166		20.111920945000747		0.783246636390686		1.1393323272955418		0.08392604103386402		0.16785208206772803
1167		20.096472290002566		0.8091831207275391		1.1745723249304294		0.07890564611852169		0.15781129223704338
1168		20.07175073599865		0.8023397326469421		1.171720213702917		0.06903447921723127		0.13806895843446254
1169		20.10480870399988		0.8086246848106384		1.1727729596328735		0.06968147628754377		0.13936295257508755
1170		20.246891044000222		0.8003284931182861		1.1645166213667393		0.06882152889817954		0.13764305779635908
1171		20.27455177399679		0.7988082766532898		1.1624656679487229		0.06995499045848846		0.13990998091697693
1172		20.20239632599987		0.7903426289558411		1.1551640496194362		0.06832629397511482		0.13665258795022964
1173		20.18614950999836		0.7991213202476501		1.1613247369575501		0.06996831417381763		0.13993662834763526
1174		20.18720064000081		0.8098459243774414		1.1722095985293388		0.07625402605235576		0.15250805210471152
1175		20.029982512998686		0.7934669852256775		1.1705385743176937		0.07073959268927574		0.14147918537855148
1176		20.14574953900228		0.7889410853385925		1.160087995737791		0.07294374816119671		0.14588749632239342
1177		20.17356481600291		0.7919454574584961		1.1584877863311767		0.08212499077022076		0.16424998154044151
1178		20.22778354700131		0.7878527045249939		1.162404388474226		0.06993714172542095		0.1398742834508419
1179		20.178111720000743		0.8062655925750732		1.1677723636841775		0.07047307296693325		0.1409461459338665
1180		20.167700441001216		0.8109301924705505		1.175892554551363		0.09739753296673298		0.19479506593346596
1181		20.152645434998703		0.8153263330459595		1.1837786181986332		0.08894673361480236		0.17789346722960472
1182		20.150875728002575		0.8046886324882507		1.1625230217015743		0.0793209300339222		0.1586418600678444
1183		20.122970738997537		0.8025423884391785		1.168680718460083		0.06957444205880164		0.1391488841176033
1184		20.171005771000637		0.8124496936798096		1.1791932801151275		0.06830136987417937		0.13660273974835874
1185		20.224975403998542		0.7923175692558289		1.1603628124690055		0.0712906589448452		0.1425813178896904
1186		20.38800805199935		0.7894539833068848		1.1596000002670288		0.06918127677589656		0.1383625535517931
1187		20.400416177999432		0.7867738604545593		1.1487569702923297		0.08137929457128049		0.16275858914256097
1188		20.264798125997913		0.810112714767456		1.168949804239273		0.08017359943687916		0.1603471988737583
1189		20.147238554996875		0.7844197750091553		1.1553774700307846		0.09828698467314244		0.19657396934628488
1190		20.233955548999802		0.7959325313568115		1.1696418146944045		0.0881837702780962		0.1763675405561924
1191		20.218082192997826		0.7875564694404602		1.1559109991145133		0.07194947076141835		0.1438989415228367
1192		20.157204416998866		0.8284323811531067		1.183873923048973		0.0688880750477314		0.1377761500954628
1193		20.154943353998533		0.7811675071716309		1.1456171145641805		0.08776570239961147		0.17553140479922294
1194		20.283792584003095		0.7810720205307007		1.1487202492010593		0.06867922590374946		0.13735845180749892
1195		20.173156272998312		0.8102232813835144		1.1681048605799675		0.06795304255634546		0.13590608511269092
1196		20.2578042669993		0.7969051599502563		1.1568325645840167		0.08998489941060543		0.17996979882121086
1197		20.082778584001062		0.788727879524231		1.1582983019387723		0.06892192013412714		0.13784384026825428
1198		20.095209117000195		0.8068251609802246		1.1740302235674858		0.06829756931662559		0.13659513863325118
1199		20.040082943000016		0.8005660176277161		1.1621269556045533		0.07277640909701585		0.1455528181940317
1200		20.024441178000416		0.8055027723312378		1.1776530756068229		0.07042446725666524		0.14084893451333047
1201		20.162076076998346		0.7853023409843445		1.155123731120825		0.0682921246856451		0.1365842493712902
1202		20.175126050999097		0.7954482436180115		1.1501392383897304		0.11430645403265953		0.22861290806531906
1203		20.183032060002006		0.8035533428192139		1.1655185012710094		0.09933656777739525		0.1986731355547905
1204		20.123707954000565		0.7885757088661194		1.1550424489080906		0.06938316217958927		0.13876632435917854
1205		20.204994307998277		0.7767598032951355		1.145357407900095		0.08647345741987228		0.17294691483974456
1206		20.14582793400041		0.7902087569236755		1.1628843582737445		0.06807772348374129		0.13615544696748258
1207		20.127333832002478		0.7863141894340515		1.1602066356968879		0.06834678152501583		0.13669356305003166
1208		20.210119915998803		0.7829980850219727		1.1550408888685704		0.06753664498329162		0.13507328996658324
1209		20.19240470099976		0.7891636490821838		1.1531616525745392		0.07073036368489266		0.14146072736978532
1210		20.195631266997225		0.7815889716148376		1.1457969818150997		0.06832531436085701		0.13665062872171402
1211		20.137233183999342		0.8032305240631104		1.1658967360568047		0.06779449891746044		0.13558899783492087
1212		20.189477772000828		0.7734100818634033		1.145302064294815		0.06750781019479037		0.13501562038958073
1213		20.16428143599842		0.8080815672874451		1.1617867814850806		0.06864278024435043		0.13728556048870086
1214		20.14365223299683		0.7830277681350708		1.1390982759416104		0.10585511126816273		0.21171022253632546
1215		20.077106013999583		0.7871791124343872		1.1574782017588616		0.08990668561756611		0.17981337123513222
1216		20.254058278998855		0.7875056862831116		1.1525691047036648		0.06953564090281725		0.1390712818056345
1217		20.274189480998757		0.7711741328239441		1.1505381885671615		0.06774316160529852		0.13548632321059703
1218		20.18056910499945		0.7783792018890381		1.1500681970882416		0.07153345335423947		0.14306690670847894
1219		20.137391532996844		0.8047300577163696		1.1611587789463997		0.06946553229987622		0.13893106459975244
1220		20.1339659869991		0.7866151928901672		1.1519634902751446		0.07691918886303901		0.15383837772607803
1221		20.06101156400109		0.793069064617157		1.140190090790987		0.06802443039566279		0.13604886079132558
1222		20.079985824002506		0.7912610769271851		1.144787249161005		0.08314414551258087		0.16628829102516174
1223		20.17555713099864		0.7793532013893127		1.148443612047434		0.07469470645189286		0.1493894129037857
1224		20.179214324001805		0.7866271734237671		1.1559783726036548		0.07108542659282684		0.14217085318565367
1225		20.133979152000393		0.8036160469055176		1.157606415603161		0.06792646534591913		0.13585293069183826
1226		20.11662393000006		0.7788389921188354		1.14039803606987		0.06997666493952275		0.1399533298790455
1227		20.130743727000663		0.781058669090271		1.1436400026643276		0.07191553583741188		0.14383107167482376
1228		20.103678876999766		0.7983278036117554		1.1467906203758718		0.06989917523264885		0.1397983504652977
1229		20.033212577000086		0.7835894227027893		1.1447589525699615		0.06692304254621267		0.13384608509242535
1230		20.139264448000176		0.7914146780967712		1.1413200225877762		0.08541326136887073		0.17082652273774146
1231		20.248312171002908		0.788129985332489		1.1456688665235042		0.06766105738282203		0.13532211476564407
1232		20.2610929270013		0.7801653146743774		1.1466728857052326		0.07187943859398364		0.1437588771879673
1233		20.106683780999447		0.777739405632019		1.1447161836874484		0.06817770156413316		0.13635540312826633
1234		20.235257956002897		0.7904316782951355		1.1455029559874534		0.06859234593063593		0.13718469186127186
1235		20.19991317899985		0.779063880443573		1.1358831704306602		0.0676583069562912		0.1353166139125824
1236		20.146130076998816		0.801333487033844		1.1543939908778666		0.07445107794702054		0.14890215589404107
1237		20.151044234000437		0.7841358184814453		1.1499254574000835		0.0671813269495964		0.1343626538991928
1238		20.247450521001156		0.7829012274742126		1.1422903491127492		0.06681657323092222		0.13363314646184443
1239		20.275876509997033		0.7873764634132385		1.1506060954999924		0.06696095295101404		0.13392190590202807
1240		20.242463743998087		0.7900398969650269		1.1443580684530734		0.08550305868387223		0.17100611736774446
1241		20.23868599799971		0.7922112345695496		1.141502458473444		0.07417325839996337		0.14834651679992675
1242		20.248172121999232		0.7750362157821655		1.1420048910009861		0.0750567850291729		0.1501135700583458
1243		20.206165004001377		0.7800062894821167		1.1370308056020737		0.06673094784915447		0.13346189569830894
1244		20.128080057998886		0.7854306697845459		1.1362700622832775		0.06694527571350337		0.13389055142700673
1245		20.158348472999933		0.7888903617858887		1.144394790803194		0.06677857503294944		0.13355715006589888
1246		20.196957632000704		0.785980224609375		1.1456457843267918		0.06650575471967458		0.13301150943934917
1247		20.197019341998384		0.7662590146064758		1.1406441126155853		0.07057418900281191		0.14114837800562383
1248		20.21419251199768		0.7854691743850708		1.148766945542097		0.07675483056604862		0.15350966113209724
1249		20.154205735001597		0.7857280373573303		1.1372522206294537		0.07858286419808864		0.1571657283961773
1250		20.08379747199797		0.7785665988922119		1.143284348089695		0.0710428173661232		0.1420856347322464
1251		20.122953108999354		0.7819884419441223		1.1368998576712608		0.06818902104347944		0.1363780420869589
1252		20.09994598599951		0.7786734700202942		1.1424422850453853		0.06653638056516648		0.13307276113033295
1253		20.071808308999607		0.7820890545845032		1.1492132664573194		0.06705315492302179		0.13410630984604358
1254		20.153737078999256		0.7724605798721313		1.1399504278874397		0.06640860603749751		0.13281721207499503
1255		20.156727753001178		0.7690274119377136		1.1343525329065323		0.0663789882287383		0.1327579764574766
1256		20.172357863000798		0.7965080142021179		1.1452117315244674		0.06678187022656203		0.13356374045312405
1257		20.271702923000703		0.7898371815681458		1.138859923528433		0.06979501023888587		0.13959002047777175
1258		20.170474251000996		0.7891427278518677		1.1461213394117356		0.07268604904413223		0.14537209808826446
1259		20.14827282999977		0.7754431962966919		1.1329485548138618		0.06614217680692673		0.13228435361385346
1260		20.187791643998935		0.7828004360198975		1.1356823529589175		0.06689800140708685		0.1337960028141737
1261		20.220648490001622		0.7758963704109192		1.1434891205012798		0.06717831169813872		0.13435662339627744
1262		20.24631165699975		0.7618453502655029		1.1300323900818825		0.06856241605430842		0.13712483210861684
1263		20.288705293998646		0.7657200694084167		1.1312808746254444		0.06720279008150101		0.13440558016300203
1264		20.294636369999353		0.7733075618743896		1.13334438246727		0.06583843441605568		0.13167686883211135
1265		20.224718910001684		0.7645310759544373		1.1309983238220216		0.06722363919317723		0.13444727838635445
1266		20.182164828001987		0.7745930552482605		1.133319218956232		0.06661356051713228		0.13322712103426457
1267		20.14832997299891		0.7773022651672363		1.1356816512286663		0.06895625647306443		0.13791251294612886
1268		20.084767906999332		0.776597261428833		1.1320792303133012		0.06644042938053608		0.13288085876107217
1269		20.125622118997853		0.7752596735954285		1.132571926677227		0.0674954037770629		0.1349908075541258
1270		20.274780902000202		0.7710356712341309		1.1307365473508835		0.09539198374450207		0.19078396748900414
1271		20.276762565001263		0.7790520191192627		1.1291584418928624		0.06833192362487316		0.1366638472497463
1272		20.24556307400053		0.7843082547187805		1.1425012359452247		0.06671986707299948		0.13343973414599897
1273		20.2675320749986		0.7656139135360718		1.1248088126313687		0.06585252358466387		0.13170504716932774
1274		20.169753378999303		0.78163081407547		1.1311803192853929		0.06619003001004457		0.13238006002008915
1275		20.047970835999877		0.7802219986915588		1.1286823400175572		0.06825335140824318		0.13650670281648636
1276		20.14972965400011		0.7707284688949585		1.132430742188692		0.0659009798452258		0.1318019596904516
1277		20.208652473997063		0.772100031375885		1.136122545170784		0.06641918814480305		0.1328383762896061
1278		20.19989485900078		0.7887314558029175		1.1347462456941604		0.06593300288319588		0.13186600576639176
1279		20.201406846997997		0.7799922227859497		1.1320879015636445		0.07806606041193008		0.15613212082386016
1280		20.192530722997617		0.7717702388763428		1.1262255293095111		0.06660093767791986		0.13320187535583972
1281		20.124929134999547		0.7821482419967651		1.1360375381469727		0.08579854254722595		0.1715970850944519
1282		20.079488709001453		0.7712169885635376		1.1366816671979427		0.06627833153605461		0.13255666307210923
1283		20.08756932400138		0.7744264006614685		1.136719684883356		0.06694300637692213		0.13388601275384426
1284		20.14331037000011		0.7692335844039917		1.1330372704267502		0.06573446927815675		0.1314689385563135
1285		20.14330592799888		0.7822389602661133		1.1305828725028038		0.06639078628271818		0.13278157256543635
1286		20.22095021199857		0.779297947883606		1.1300616132724286		0.0672491475224495		0.134498295044899
1287		20.16958981800053		0.7638033628463745		1.1310660854995251		0.06675887697935104		0.13351775395870208
1288		20.101085819998843		0.7684803009033203		1.1275733202278615		0.06617021364420653		0.13234042728841305
1289		20.114661951000016		0.7797016501426697		1.1377298032653331		0.07921957945227623		0.15843915890455246
1290		20.169322425001155		0.7720571756362915		1.1262141513061523		0.06561202070862054		0.1312240414172411
1291		20.185939212002268		0.7616328597068787		1.131168499611616		0.06843567234575748		0.13687134469151496
1292		20.26906128599876		0.7653920650482178		1.1295056246387958		0.06558081302940845		0.1311616260588169
1293		20.307704438000656		0.770652711391449		1.1266361470520496		0.07900208066105843		0.15800416132211687
1294		20.226172577000398		0.7727341055870056		1.1315093094754218		0.07140008788406849		0.14280017576813697
1295		20.271011673998146		0.7688572406768799		1.13217231102705		0.09036696965098381		0.18073393930196763
1296		20.217154820998985		0.7678202390670776		1.1281433966493606		0.06559749657958747		0.13119499315917493
1297		20.131394651998562		0.772321879863739		1.124052895336151		0.06533540614694357		0.13067081229388713
1298		20.136275488999672		0.7738385796546936		1.1255136739873886		0.06533983410447836		0.1306796682089567
1299		20.28746875199795		0.7621678113937378		1.1302306224536895		0.06535223656594753		0.13070447313189507
1300		20.127005529997405		0.7860424518585205		1.1287314926958083		0.0655373545974493		0.1310747091948986
1301		20.27402471300229		0.7740484476089478		1.126166890501976		0.06541189494729042		0.13082378989458085
1302		20.325536357999226		0.765602707862854		1.1217367546284198		0.07163471166491509		0.14326942332983017
1303		20.268709766998654		0.7745741009712219		1.1285682612740993		0.06516358753591776		0.13032717507183553
1304		20.284856894999393		0.7776064872741699		1.1338252759337426		0.06558275083452463		0.13116550166904925
1305		20.22242100099902		0.7765955924987793		1.1238283223950862		0.0723598634660244		0.1447197269320488
1306		20.2336797090029		0.7694849967956543		1.1245921200096607		0.06529896656572819		0.13059793313145637
1307		20.314166146999924		0.7734003663063049		1.123374509321451		0.06499520619958639		0.12999041239917278
1308		20.317334684001253		0.7710541486740112		1.1285853287565708		0.06515611780434846		0.13031223560869692
1309		20.346830447000684		0.7717325091362		1.1208572564709187		0.06516838847398758		0.13033677694797516
1310		20.32026669300103		0.7638830542564392		1.1235636172890664		0.06593514904975892		0.13187029809951784
1311		20.309046806996776		0.7769802212715149		1.1222522434091569		0.06609724184721709		0.13219448369443418
1312		20.263778387001366		0.7716417908668518		1.1222349306869508		0.06696809259951114		0.13393618519902228
1313		20.264847014001134		0.771006166934967		1.1256234504079818		0.06519312655180692		0.13038625310361385
1314		20.221218825001415		0.7722047567367554		1.1220289172232152		0.06552029504776001		0.13104059009552002
1315		20.30904168699999		0.7802116870880127		1.1272797072613239		0.0657008914232254		0.1314017828464508
1316		20.281469745001232		0.7693973779678345		1.1247691805040836		0.06572422075271607		0.13144844150543214
1317		20.239581372999965		0.7817931771278381		1.1178169552612305		0.06687125767171383		0.13374251534342765
1318		20.148264732000825		0.7620762586593628		1.1187526843488216		0.06532723987400532		0.13065447974801064
1319		20.27394751799875		0.7607287168502808		1.1235838703536987		0.06576980495750905		0.1315396099150181
1320		20.192149786998925		0.7652989625930786		1.1211574624717235		0.06481906761825085		0.1296381352365017
1321		20.221893798003293		0.7561889886856079		1.11867462190032		0.06517388694882392		0.13034777389764785
1322		20.198651247003		0.7689892053604126		1.1200039256715775		0.06497586748600007		0.12995173497200013
1323		20.2287160090018		0.756194531917572		1.1178639196133613		0.06492880286872386		0.12985760573744773
1324		20.21477864100234		0.780419647693634		1.1259560088968277		0.06483337158858776		0.12966674317717553
1325		20.220796122001047		0.770868182182312		1.1160139149427415		0.0663743666395545		0.132748733279109
1326		20.267737383997883		0.774559736251831		1.1229212596201896		0.06488532305657864		0.12977064611315728
1327		20.207672317999823		0.7683817744255066		1.1221584332048893		0.06985083910375833		0.13970167820751667
1328		20.22084098399864		0.7651212215423584		1.118331240516901		0.07237215396165848		0.14474430792331697
1329		20.082664173998637		0.7620991468429565		1.120984239680767		0.0649241126164794		0.1298482252329588
1330		20.122077508000075		0.7838912010192871		1.12364126095891		0.07770624925792217		0.15541249851584435
1331		20.267244286998903		0.762755274772644		1.121194912185669		0.07007284582853317		0.14014569165706633
1332		20.288184611999895		0.7624243497848511		1.1198023372995853		0.06483911187946796		0.12967822375893592
1333		20.198355280001124		0.7684189677238464		1.115555896526575		0.06483647000491619		0.12967294000983237
1334		20.315109651997773		0.7745150327682495		1.1190186764836312		0.06518099550157785		0.1303619910031557
1335		20.180607524998777		0.7706699967384338		1.1185751796591281		0.06472398885935544		0.1294479777187109
1336		20.212339749999956		0.7716395854949951		1.118081969356537		0.06491024885624647		0.12982049771249293
1337		20.154765391002		0.7575749158859253		1.1170405695676804		0.0678347488090396		0.1356694976180792
1338		20.14889518599739		0.7670029997825623		1.1155497135710717		0.06571020688563585		0.1314204137712717
1339		20.17908424399866		0.7781558632850647		1.1233908940541744		0.06484533353745937		0.12969066707491875
1340		20.171039757999097		0.7657850384712219		1.1170883819305897		0.06472364010959863		0.12944728021919727
1341		20.183176808997814		0.7621815204620361		1.1147734667134286		0.06909193286299706		0.13818386572599411
1342		20.174084743001004		0.7804392576217651		1.11686834369421		0.0659409874945879		0.1318819749891758
1343		20.1255468010022		0.7691646814346313		1.1175343444490433		0.06467913395762444		0.12935826791524888
1344		20.077936286001204		0.7704347968101501		1.1147408070874214		0.06817176508903504		0.13634353017807008
1345		20.081042308996985		0.758292019367218		1.1202208022964		0.06474433857500553		0.12948867715001106
1346		20.1880536580029		0.7642557621002197		1.1139013305699825		0.06460188892781735		0.1292037778556347
1347		20.16269095700045		0.7699082493782043		1.1225214218115807		0.06552484364807606		0.13104968729615213
1348		20.250647745000606		0.7627964019775391		1.1190585778284072		0.06442978024333715		0.1288595604866743
1349		20.281645884999307		0.7561234831809998		1.115386950839758		0.06450156410932541		0.12900312821865081
1350		20.198723121000512		0.7623589634895325		1.1144797270977498		0.06932608457803727		0.13865216915607453
1351		20.199017810999067		0.7587597370147705		1.117099374396801		0.06484439997822046		0.12968879995644092
1352		20.238874772003328		0.7650367021560669		1.1203472381198407		0.06470645880550147		0.12941291761100293
1353		20.254490205003094		0.7721579670906067		1.1157629029536247		0.0652438980937004		0.1304877961874008
1354		20.299118495000585		0.7621014714241028		1.1173561926543714		0.06456142542660237		0.12912285085320474
1355		20.29573152100056		0.7722352743148804		1.1207767542612552		0.06461368238031864		0.1292273647606373
1356		20.26843704899875		0.7495855093002319		1.1136820363497735		0.0666259790956974		0.1332519581913948
1357		20.23212071099988		0.7558850646018982		1.1196874019289016		0.06498094566166401		0.12996189132332803
1358		20.216330733997893		0.7681353092193604		1.111449353299141		0.06431380396932364		0.12862760793864728
1359		20.158709468996676		0.7527966499328613		1.1121042627048492		0.06434593207687139		0.12869186415374279
1360		20.242409647002205		0.76836097240448		1.1181003488707542		0.06910108062326908		0.13820216124653817
1361		20.32669964699744		0.7515553832054138		1.1151105847895146		0.06755352345705032		0.13510704691410064
1362		20.225570202997915		0.770346462726593		1.1169178350758553		0.06853084199726582		0.13706168399453164
1363		20.31999992099736		0.7706983685493469		1.1125808089745044		0.06519334449023008		0.13038668898046016
1364		20.215342179999425		0.7688512802124023		1.1139625800347328		0.06424444014132023		0.12848888028264047
1365		20.310617816998274		0.7630531787872314		1.1168850280559064		0.06425662132203579		0.12851324264407157
1366		20.17991932899895		0.7706356048583984		1.1130435767781734		0.06440609467327595		0.1288121893465519
1367		20.111123411003064		0.7624641060829163		1.1118634649384023		0.06431514383554458		0.12863028767108917
1368		20.136905161998584		0.765591561794281		1.1147692103230953		0.06431891773790122		0.12863783547580243
1369		20.195745679000538		0.746679425239563		1.1143410165512562		0.06462934006005526		0.12925868012011052
1370		20.22317667399693		0.7631315588951111		1.114543363609314		0.06480707051306962		0.12961414102613925
1371		20.1666169429991		0.7604418396949768		1.112870325961113		0.06451050928980112		0.12902101857960224
1372		20.20849017600267		0.7649732828140259		1.1142902261531353		0.06663004585504533		0.13326009171009065
1373		20.229209779001394		0.7783036231994629		1.1118987181580067		0.06412912719994783		0.12825825439989566
1374		20.256493855998997		0.7662466764450073		1.1127103735888004		0.06445281526595355		0.1289056305319071
1375		20.152184573998966		0.75581294298172		1.1130072628438472		0.06424362828582525		0.1284872565716505
1376		20.111124574003043		0.764630138874054		1.1134609623515606		0.06454783138930797		0.12909566277861595
1377		20.23993499700009		0.76591956615448		1.1096268352782725		0.06458073129951954		0.12916146259903907
1378		20.19957674300167		0.7549225687980652		1.1140618847942352		0.06420422832965851		0.12840845665931702
1379		20.154359328000282		0.7588964104652405		1.1117421899425983		0.06628897888064385		0.1325779577612877
1380		20.150029396998434		0.7632169127464294		1.114074101023674		0.0643775655657053		0.1287551311314106
1381		20.281586040000548		0.7715402245521545		1.1111950457084179		0.06457048786729574		0.1291409757345915
1382		20.147425680002925		0.7641999125480652		1.1109926302933693		0.06456492539048195		0.1291298507809639
1383		20.219927111997094		0.7505765557289124		1.111878233935833		0.06422409576624633		0.12844819153249265
1384		20.17003661400304		0.752260684967041		1.108828040212393		0.06430930731594563		0.12861861463189125
1385		20.252368951998506		0.7674388289451599		1.1127897045969963		0.06449681064337492		0.12899362128674985
1386		20.28439506900031		0.7735761404037476		1.1128326192379		0.06412407278269529		0.12824814556539058
1387		20.294702283001243		0.7615606784820557		1.108818825984001		0.07248814635574817		0.14497629271149634
1388		20.199893316999805		0.754606306552887		1.112710399184227		0.06408691408634186		0.12817382817268372
1389		20.191972341002838		0.7631638050079346		1.1103710887241363		0.0640787579268217		0.1281575158536434
1390		20.069059789002495		0.7627381086349487		1.1090873523831368		0.06462757286727429		0.12925514573454858
1391		20.19444094800201		0.7609663009643555		1.1106189739382266		0.06422485732138157		0.12844971464276314
1392		20.27002060599989		0.7574099898338318		1.111820115572214		0.0641430853202939		0.1282861706405878
1393		20.249727387999883		0.7751460671424866		1.1120184833335875		0.06408586747646332		0.12817173495292664
1394		20.11777845799952		0.7608535885810852		1.1108831983447074		0.06400977440178394		0.1280195488035679
1395		20.163919053000427		0.7643513083457947		1.1133746795821189		0.06477149139493704		0.12954298278987408
1396		20.11089372599963		0.7658413052558899		1.109746787506342		0.06403374977856874		0.12806749955713748
1397		20.065717721998226		0.7593715190887451		1.1101548099803924		0.06409316364526749		0.12818632729053497
1398		20.070859028997802		0.765449047088623		1.1097586737704277		0.06403331594318151		0.12806663188636302
1399		20.18028347499785		0.7652870416641235		1.1114457050144673		0.06403112417757512		0.12806224835515023
1400		20.086119592000614		0.7714196443557739		1.1120656174659729		0.06399422095865011		0.12798844191730022
1401		20.20614257300258		0.7557417154312134		1.1112452799832822		0.06399929023683071		0.12799858047366142
1402		20.14737167200292		0.7703978419303894		1.1082040770947934		0.06591580274999141		0.13183160549998282
1403		20.10136777400112		0.7673556804656982		1.1096363900840283		0.06447308810353279		0.12894617620706558
1404		20.12071102799746		0.7620213031768799		1.107128005681038		0.06395573786646128		0.12791147573292255
1405		20.071559059997526		0.7757092714309692		1.1119895589864255		0.0640410964474082		0.1280821928948164
1406		20.082950964999327		0.7637374997138977		1.1145339971351624		0.06394335747808218		0.12788671495616435
1407		20.134038341999258		0.7666980028152466		1.111698869909048		0.06418124679774045		0.1283624935954809
1408		20.15748764900127		0.7632953524589539		1.1078438134455681		0.06391502110362053		0.12783004220724106
1409		20.242204688001948		0.7718229293823242		1.1092752723336219		0.06437735828608275		0.1287547165721655
1410		20.24940774800052		0.7643922567367554		1.108286009825468		0.06398910082131624		0.1279782016426325
1411		20.34056639499977		0.759641706943512		1.1064168510603904		0.06439574874341487		0.12879149748682975
1412		20.254653521002183		0.7592907547950745		1.1114076687264443		0.06392610152363777		0.12785220304727554
1413		20.199844242000836		0.7636284232139587		1.1064789729046822		0.06385725948810578		0.12771451897621156
1414		20.2144836869993		0.7573831081390381		1.1099317600286007		0.06399767254590988		0.12799534509181976
1415		20.19397635600035		0.7671363353729248		1.1074770801866054		0.06390810851454735		0.1278162170290947
1416		20.22257482599889		0.7648425698280334		1.1094543010842801		0.0639070499420166		0.1278140998840332
1417		20.222056367998448		0.7537946105003357		1.1076435711491108		0.0639372609347105		0.127874521869421
1418		20.266961356002867		0.7587566375732422		1.110128082344532		0.06385830006450414		0.1277166001290083
1419		20.302403754998522		0.7651161551475525		1.1081504079985618		0.06391545655131341		0.12783091310262681
1420		20.247985126999993		0.7524718046188354		1.1102757488644124		0.06388672524243594		0.12777345048487188
1421		20.174080865999713		0.757810115814209		1.1077269327151775		0.06387588703036308		0.12775177406072616
1422		20.27589445799822		0.765032947063446		1.1071498770976067		0.06385582250356674		0.12771164500713347
1423		20.18282734099921		0.7670159339904785		1.1089069872677326		0.06385884240418672		0.12771768480837345
1424		20.246148354999605		0.7680984139442444		1.1092865281558038		0.06382780216783285		0.1276556043356657
1425		20.1920418769987		0.7575604319572449		1.1083360919380187		0.0638256398499012		0.1276512796998024
1426		20.178110286997253		0.7631019353866577		1.109472525498867		0.06383831390887498		0.12767662781774997
1427		20.177640266003436		0.7696876525878906		1.1086193659281731		0.06388229196220636		0.12776458392441273
1428		20.157284581000567		0.7633255124092102		1.1064099306762218		0.06380674739181995		0.1276134947836399
1429		20.080996695000067		0.7604538798332214		1.1060445333850384		0.06385279520154		0.12770559040308
1430		20.324647638000897		0.7568332552909851		1.1088040961122514		0.06382618350237608		0.12765236700475216
1431		20.315173824998055		0.7708532810211182		1.107985815691948		0.06382166465222835		0.1276433293044567
1432		20.338647063999815		0.7580870985984802		1.1058279107367992		0.06392293829768896		0.1278458765953779
1433		20.36293932099943		0.7622002959251404		1.107700545670986		0.06381351869106293		0.12762703738212586
1434		20.37157870699957		0.7648918032646179		1.1086854800724983		0.06443713848590851		0.12887427697181703
1435		20.292670926999563		0.7675817012786865		1.1073220076847077		0.06377637802064419		0.12755275604128838
1436		20.27198229900023		0.7693793773651123		1.1074118364012242		0.06379244798868895		0.1275848959773779
1437		20.24863549699876		0.7622345089912415		1.107495814102888		0.06400432482212783		0.12800864964425565
1438		20.32130502200016		0.7518455982208252		1.1079109611141682		0.06478295406997203		0.12956590813994406
1439		20.32995544900041		0.7638891935348511		1.1061869871962071		0.06382902182787657		0.12765804365575315
1440		20.25197106399719		0.7696004509925842		1.1080466240906715		0.06376592609137297		0.12753185218274593
1441		20.164019034000376		0.7627844214439392		1.1083013596844673		0.06378488185554743		0.12756976371109485
1442		20.238108197998372		0.7648270726203918		1.1093274207544326		0.06378158856928348		0.12756317713856696
1443		20.238215296001727		0.7615742087364197		1.1080806736838817		0.06377578458189964		0.12755156916379928
1444		20.22412492500007		0.7798420190811157		1.10901542399168		0.0637742146536708		0.1275484293073416
1445		20.241520678999223		0.7702527046203613		1.1087601485037804		0.06380422323346138		0.12760844646692276
1446		20.312552734998462		0.7551265358924866		1.1074819908213616		0.06377052370011807		0.12754104740023614
1447		20.359585623002204		0.7587352991104126		1.1082322096157073		0.06373634174764156		0.12747268349528312
1448		20.19416983100018		0.7571213841438293		1.108140883588791		0.06373607865720987		0.12747215731441974
1449		20.149920405001467		0.7659298777580261		1.1076601823341847		0.06378220196813345		0.1275644039362669
1450		20.025593651000236		0.7732518315315247		1.107108447393179		0.06375516248494387		0.12751032496988773
1451		20.21413180899981		0.7562671899795532		1.106858905107975		0.0637370382219553		0.1274740764439106
1452		20.10959044899937		0.7533103227615356		1.107418419713974		0.06375982304364443		0.12751964608728886
1453		20.169544571999722		0.7757909297943115		1.1078061481428145		0.06376924691349269		0.12753849382698537
1454		20.255118487999425		0.766952633857727		1.108352478301525		0.06373099839240312		0.12746199678480624
1455		20.225836387999152		0.7657420635223389		1.1078114141893387		0.06375069317221642		0.12750138634443284
1456		20.17843169600019		0.7615973949432373		1.1059485263431073		0.06373842772543431		0.12747685545086862
1457		20.261550081002497		0.771484375		1.110104806470871		0.06373144558221101		0.12746289116442203
1458		20.201543070998014		0.762729287147522		1.105954459117651		0.06373242375403643		0.12746484750807285
1459		20.114446479001344		0.7690930962562561		1.1076943485212325		0.06384584503024816		0.12769169006049633
1460		20.097530376999202		0.7696711421012878		1.105355104638338		0.06372631489485502		0.12745262978971003
1461		20.087136644000566		0.7659503221511841		1.107787225317955		0.063805057528615		0.12761011505723
1462		20.147890649001056		0.7676295638084412		1.105871103708744		0.06373786201030016		0.1274757240206003
1463		20.1786017839986		0.7630301117897034		1.1084155351424216		0.06374196316897869		0.12748392633795738
1464		20.1730664300012		0.7647035121917725		1.1047698846316338		0.06371298151910305		0.1274259630382061
1465		20.167950163999194		0.7586681842803955		1.1075108589458467		0.06374861087799072		0.12749722175598144
1466		20.119366577997425		0.7722052335739136		1.106811556340456		0.06373207415789366		0.1274641483157873
1467		20.158549933999893		0.7618234753608704		1.1066666114628314		0.06371398012489081		0.12742796024978162
1468		20.1268752520009		0.7614482045173645		1.1068650024187565		0.06371739447563887		0.12743478895127774
1469		20.272905650999746		0.7694838643074036		1.10853924811244		0.06371817015260459		0.12743634030520917
1470		20.30195439599993		0.7598336338996887		1.108543978022337		0.06371762735396623		0.12743525470793246
1471		20.405359181000676		0.7623276114463806		1.105901660605669		0.0637165637269616		0.1274331274539232
1472		20.41297585099892		0.7586965560913086		1.1065246661973		0.06372072279006243		0.12744144558012485
1473		20.25531845899968		0.7769211530685425		1.1101699032616614		0.06371810314059258		0.12743620628118515
1474		20.180055122997146		0.7649917006492615		1.1063806913304328		0.06371750001162291		0.12743500002324581
1475		20.159961387002113		0.7602246403694153		1.1082184755301476		0.063717650988698		0.127435301977396
1476		20.141028365997045		0.7680081725120544		1.1067971478831768		0.06371653132736683		0.12743306265473367
1477		20.141664924998622		0.7661631107330322		1.1078218282186985		0.06371332171112298		0.12742664342224597
1478		20.218933605003258		0.774297297000885		1.108237683120966		0.06371711716502905		0.1274342343300581
1479		20.247762705999776		0.7655037045478821		1.1075365214931965		0.0637155613437295		0.127431122687459
1480		20.31095681199804		0.7530190348625183		1.1067411650967598		0.06371347123980522		0.12742694247961045
1481		20.265792165002495		0.7602901458740234		1.1094723988509179		0.06371241252571344		0.12742482505142688
1482		20.139840479001577		0.7611571550369263		1.1066947386050223		0.06371336013674736		0.12742672027349472
1483		20.105817241001205		0.7723619937896729		1.1068570188808442		0.06371433842629194		0.12742867685258388
1484		20.165288917996804		0.7763882875442505		1.1094657512187958		0.0637125480979681		0.1274250961959362
1485		20.197099519002222		0.7656022310256958		1.1058490156507492		0.0637110623717308		0.1274221247434616
1486		20.0713624050004		0.7551174163818359		1.1070875158321858		0.06371165938973426		0.12742331877946853
1487		20.104377174000547		0.7661206126213074		1.104708327796459		0.06371581756025553		0.12743163512051106
1488		20.1080016349988		0.7617225646972656		1.1064147350144387		0.06371083686053752		0.12742167372107505
1489		20.130758044000686		0.7722238302230835		1.1103053974747659		0.06371240855753421		0.12742481711506842
1490		20.08184710799833		0.7657877206802368		1.1074446619129181		0.06371030360907316		0.12742060721814633
1491		20.040174992001994		0.7688295841217041		1.1066776429080962		0.0637113524839282		0.1274227049678564
1492		20.09145986799922		0.7672988176345825		1.1115697086572647		0.06371090605556964		0.1274218121111393
1493		20.231231750000006		0.7722027897834778		1.1085998553407193		0.0637102573737502		0.1274205147475004
1494		20.28317764500389		0.762488603591919		1.108110971443653		0.06371081581562757		0.12742163163125514
1495		20.298544771998422		0.744509756565094		1.1047903929555416		0.06371079679727554		0.12742159359455107
1496		20.30871042900253		0.7714846730232239		1.106711708574295		0.06371081826686859		0.12742163653373717
1497		20.305780196998967		0.76168292760849		1.1078388736486435		0.06371088841855525		0.1274217768371105
1498		20.265321261998906		0.7548659443855286		1.1104464230394364		0.06371086635440588		0.12742173270881177
1499		20.261484870003187		0.767770528793335		1.10848911180377		0.06371089718043804		0.12742179436087608