Epoch	Duration				Loss Step Train			Loss Full Train			Loss Step Test			Loss Full Test
0		18.601486747036688		23.0782413482666		23.442435463752748		3.7368081911087034		7.473616382217407
1		19.027086937974673		21.215917587280273		21.240677202415466		2.4223849338531496		4.844769867706299
2		19.122303460957482		17.074575424194336		17.45383055557251		1.2940039360046387		2.5880078720092774
3		19.2276251919684		14.806169509887695		14.950272743492127		1.6588061670303345		3.317612334060669
4		19.08878792403266		13.372623443603516		13.516040450515748		2.786436062049866		5.572872124099732
5		19.171570832957514		16.709339141845703		16.22849886604309		1.2385509506225585		2.477101901245117
6		18.934756847971585		11.849408149719238		11.839989663543701		2.0720244200706484		4.144048840141297
7		19.147898180002812		12.452986717224121		12.367425969581603		1.0031627883911134		2.006325576782227
8		19.193190670979675		11.711028099060059		11.20070298374176		1.0999135440826415		2.199827088165283
9		19.271309199975803		9.678146362304688		9.491675510444642		1.0303928733825685		2.060785746765137
10		19.24609305296326		16.746932983398438		16.099077601413725		1.124261839389801		2.248523678779602
11		19.373349166009575		14.317628860473633		14.059538400669098		1.0405906655311585		2.081181331062317
12		19.327642515010666		12.972393035888672		12.232784092311858		1.0275404296875		2.055080859375
13		19.23350971704349		14.320853233337402		13.119350846557618		1.0117282415390014		2.023456483078003
14		19.32093438296579		13.5335111618042		12.77122431411743		1.0230661584854126		2.046132316970825
15		19.354519360989798		13.75731086730957		12.764665666122436		0.9953077072143555		1.990615414428711
16		19.479697999951895		37.46974563598633		33.07725704284668		1.245003653049469		2.490007306098938
17		19.313858940033242		15.519588470458984		15.031057066326142		1.2090306183815003		2.4180612367630006
18		19.331745957024395		45.452308654785156		43.653203945922854		1.1386210596084594		2.2772421192169188
19		19.335486064024735		26.5523738861084		24.127336308631897		1.027885412311554		2.055770824623108
20		19.176643332990352		62.95344924926758		55.797939150848386		1.183093370246887		2.366186740493774
21		19.261455920990556		41.63554000854492		40.2255522101593		1.1137413727760315		2.227482745552063
22		19.15378251101356		39.851139068603516		36.99953178020477		1.3223789964675903		2.6447579929351805
23		19.15982672496466		85.92813873291016		77.43256124536514		1.1121974834442139		2.2243949668884277
24		19.199995069007855		114.2396240234375		99.98252341474533		0.9976248685836792		1.9952497371673583
25		19.142881187959574		88.37762451171875		77.48330660093308		1.0651859667778014		2.130371933555603
26		19.111373560037464		51.21166229248047		47.69587249435425		1.0348135929107667		2.0696271858215334
27		19.161205048963893		77.66046142578125		70.27659861553192		1.033638322544098		2.067276645088196
28		19.079048198007513		217.1421356201172		195.14463506866454		1.2074495092391968		2.4148990184783936
29		19.112005854025483		53.95109176635742		46.689837531909944		1.0073024194717408		2.0146048389434816
30		19.112066522007808		97.36592102050781		88.43103083454132		1.0370244431495665		2.074048886299133
31		19.145196176948957		290.4068908691406		257.07651527629855		1.0870569350242614		2.1741138700485227
32		19.110581172979437		112.90503692626953		103.36765243923188		1.0051212804794312		2.0102425609588623
33		19.111174952005967		78.60731506347656		70.70351087036133		1.2095204710960388		2.4190409421920775
34		19.240356615977362		302.7234191894531		291.21875027635576		1.0147153030395508		2.0294306060791016
35		19.222080851963256		128.4141845703125		114.19188628943444		1.0473182474136353		2.0946364948272707
36		19.32595941395266		169.04994201660156		147.87444470331192		0.9947271409988403		1.9894542819976806
37		19.272061664960347		108.8120346069336		100.83009430526734		1.0713157490730285		2.142631498146057
38		19.341134389978833		154.7209930419922		151.2326848102188		1.3530534423828124		2.706106884765625
39		19.346857970987912		54.964839935302734		52.667669001636504		1.0021805074691772		2.0043610149383544
40		19.307789571001194		187.57513427734375		171.56825741666793		1.0880852970123291		2.1761705940246583
41		19.285093814018182		108.35730743408203		90.03691427967071		1.0623974492073058		2.1247948984146117
42		19.324914228986017		344.46051025390625		298.455228601532		1.1396747509002685		2.279349501800537
43		19.40830799000105		580.9110107421875		495.1476545258713		1.0011737043380737		2.0023474086761475
44		19.390846232010517		467.5413818359375		411.5698605570221		0.9953156787872315		1.990631357574463
45		19.345120256999508		106.59058380126953		97.68902592369079		0.9954103345870972		1.9908206691741943
46		19.325962033006363		56.73978805541992		52.42365046504975		1.018828157043457		2.037656314086914
47		19.26811637094943		112.75157928466797		107.66208474489213		1.0096113822937012		2.0192227645874024
48		19.249074605002534		127.8386459350586		120.34445774366378		1.0206920328140259		2.0413840656280517
49		19.25389637699118		450.5744934082031		382.23596519111635		0.997901644039154		1.995803288078308
50		19.395892616012134		167.74606323242188		149.5669811337471		1.0158707535743714		2.031741507148743
51		19.214668016997166		67.20176696777344		61.01275578009606		0.9944059743881225		1.988811948776245
52		19.212103843980003		187.38265991210938		174.38509593463897		1.028626172542572		2.057252345085144
53		19.29673424497014		334.5726013183594		301.21217615131377		1.0072540460586548		2.0145080921173095
54		19.376737217011396		140.9401397705078		124.98016439407348		1.0496722489356995		2.099344497871399
55		19.20987952995347		748.6172485351562		617.0331001012802		1.0232662474632264		2.0465324949264527
56		19.245188868953846		264.6221618652344		228.93438367992403		1.025413232421875		2.05082646484375
57		19.2472705989494		323.9573059082031		288.0067851941299		1.166061691570282		2.332123383140564
58		19.28927329101134		118.15037536621094		109.58523951248169		1.0162885365486145		2.032577073097229
59		19.296340039989445		313.5289611816406		290.4734229046631		1.1056843166351318		2.2113686332702636
60		19.271376347984187		409.3840026855469		368.4718729926681		1.0882798760414123		2.1765597520828246
61		19.213083797018044		154.22218322753906		136.85753844028474		0.9955549815177918		1.9911099630355835
62		19.297644843987655		493.213134765625		430.1816410577011		1.0376150093078613		2.0752300186157226
63		19.237200062023476		317.1329345703125		293.6752561653137		1.212103235912323		2.424206471824646
64		19.335503738024272		575.0554809570312		512.7099522012329		0.9999126432418823		1.9998252864837647
65		19.265465285046957		153.69168090820312		133.70376948066712		1.013564700126648		2.027129400253296
66		19.321814832976088		764.8748779296875		742.2215222856903		1.0108156190872193		2.0216312381744386
67		19.37589755904628		208.4602813720703		205.47565179286957		1.0363549604415894		2.0727099208831787
68		19.354460995993577		243.89617919921875		214.9683403871155		1.1904521938323975		2.380904387664795
69		19.40353893401334		530.3858032226562		468.28998246829985		0.9975349289894104		1.9950698579788209
70		19.157486048003193		263.06414794921875		230.10339826660157		1.071185505771637		2.142371011543274
71		19.308088983001653		207.68739318847656		199.8453018245697		1.2334408750534058		2.4668817501068117
72		19.30629478901392		309.1141052246094		273.49263430965425		0.9958108026504516		1.9916216053009033
73		19.277858825051226		390.50347900390625		348.2670026373672		1.010565292072296		2.021130584144592
74		19.264866214012727		327.3144226074219		274.48604518224715		1.016021669960022		2.032043339920044
75		19.244833845994435		384.3883972167969		344.8411247201538		1.0250317304611205		2.050063460922241
76		19.156081682012882		468.3285827636719		424.6546520845795		1.0495278088569642		2.0990556177139283
77		19.157403965014964		201.3020477294922		171.49759834651948		1.16121680393219		2.32243360786438
78		19.25898744800361		305.0101013183594		267.21640151603697		0.9934475221633912		1.9868950443267823
79		19.274915423011407		585.4544067382812		577.9485111145782		1.0013615058898926		2.002723011779785
80		19.269068517023697		71.54507446289062		66.81363373203277		1.0156071926116943		2.0312143852233886
81		19.407514341000933		155.82281494140625		149.83002705596923		1.1856233290672302		2.3712466581344604
82		19.268683878006414		255.6704864501953		219.64264433643342		1.0143447008132935		2.028689401626587
83		19.39000453101471		194.1998748779297		172.65886720165253		1.0269369957923888		2.0538739915847777
84		19.373189603968058		174.63995361328125		147.53653946624755		1.0124504922866822		2.0249009845733643
85		19.36219183797948		288.6645202636719		260.1892326051712		1.1335398782730102		2.2670797565460203
86		19.382585163984913		247.9113006591797		222.10056801147462		1.305616787338257		2.611233574676514
87		19.31085265398724		259.8349914550781		223.16857891635894		0.9935415877342224		1.9870831754684448
88		19.299555865989532		234.51991271972656		214.96685741954803		1.0713499148368835		2.142699829673767
89		19.31978108396288		297.07342529296875		265.5174582645989		0.9988347736358643		1.9976695472717285
90		19.32416508498136		280.88079833984375		252.4549363969803		1.0258133207321167		2.0516266414642335
91		19.31554951099679		233.64736938476562		207.3709799607086		0.9985410314559936		1.9970820629119872
92		19.305139833013527		260.7250061035156		227.4634787479782		1.0511837058067321		2.1023674116134643
93		19.455899496970233		368.79827880859375		351.6915528704071		1.0715547557830811		2.1431095115661623
94		19.446511449990794		188.41278076171875		169.61981855075837		1.007168607711792		2.014337215423584
95		19.47324468102306		238.7609100341797		222.41243250890733		1.0709699135780335		2.141939827156067
96		19.507515654957388		1269.9942626953125		1031.223631448288		1.0694035812377929		2.1388071624755858
97		19.54079646698665		337.41156005859375		296.29058993743894		1.072331900691986		2.144663801383972
98		19.337164789030794		465.13775634765625		393.029320131073		1.0481987604141236		2.0963975208282473
99		19.509069980995264		288.10211181640625		257.794361243515		1.0261223521232605		2.052244704246521
100		19.54487867699936		297.9795837402344		271.3532049079132		0.9974201156616211		1.9948402313232423
101		19.522973718005233		933.8858032226562		757.7052574959564		1.3329429255485534		2.665885851097107
102		19.448266499035526		239.31459045410156		217.82322867061615		1.1488652008056641		2.2977304016113282
103		19.394834075006656		400.6947021484375		393.226125647459		0.995143134021759		1.990286268043518
104		19.17166068998631		309.47772216796875		280.9005344602966		1.0135854098320007		2.0271708196640015
105		19.232063814997673		438.4908142089844		405.2321270848465		1.012681441116333		2.025362882232666
106		19.32654801796889		330.8232421875		286.84206525024416		1.1039167733192443		2.2078335466384886
107		19.43435444997158		326.56231689453125		313.2065608811188		1.0386503524780273		2.0773007049560546
108		19.209336764004547		622.7804565429688		576.7088064882279		0.9975570516586304		1.9951141033172608
109		19.209008489968255		353.06121826171875		297.4542214873505		1.0360164484977723		2.0720328969955446
110		19.191430120030418		179.02783203125		146.28382525091172		0.9953948735237121		1.9907897470474243
111		19.44136056001298		550.0447387695312		479.0564152311325		1.1611060619354248		2.3222121238708495
112		19.2485682599945		240.4918670654297		215.15807910564422		0.99367532787323		1.98735065574646
113		19.39816860295832		1560.001708984375		1362.2170598808289		1.0054595052719115		2.010919010543823
114		19.5226597560104		406.5652160644531		361.3640444996643		1.2245782711029052		2.4491565422058104
115		19.312003030034248		503.8164978027344		452.86226768428804		1.0514447175979613		2.1028894351959226
116		19.297814597957768		841.7282104492188		757.0236777581024		1.0467999752998352		2.0935999505996703
117		19.304122794012073		276.5625		244.20568835903168		1.2156446902275087		2.4312893804550173
118		19.33294802502496		502.9114990234375		448.063082902298		1.0205234348297119		2.0410468696594237
119		19.46555875299964		286.3379821777344		275.1724465293884		0.9934790353775025		1.986958070755005
120		19.490453296981286		1967.4779052734375		1658.980212500992		1.0794326424598695		2.158865284919739
121		19.60167719400488		173.3847198486328		167.40954618715287		1.3596912444114686		2.719382488822937
122		19.371021141996607		421.4918212890625		352.3447433919907		1.2997189002037048		2.5994378004074097
123		19.433816178992856		891.0177612304688		739.3913442919921		1.0819303050994873		2.1638606101989746
124		19.380404761002865		464.1534729003906		431.44711890556334		1.0607538340568543		2.1215076681137086
125		19.343548931006808		1154.7919921875		870.7640812778855		1.0450405724525451		2.0900811449050902
126		19.27830680902116		157.5894317626953		138.09120959308623		1.074641398525238		2.149282797050476
127		19.461487161985133		876.6107788085938		795.2707784334564		1.0111031993865967		2.0222063987731933
128		19.467697839951143		233.025390625		216.09266278327942		1.0922715049743652		2.1845430099487304
129		19.53134739701636		994.25439453125		923.066593636856		1.0187366432189942		2.0374732864379883
130		19.621206345036626		854.4171752929688		732.8715242602539		1.2019548825263977		2.4039097650527954
131		19.44479545694776		383.0885925292969		349.52399137950897		1.0668334958076477		2.1336669916152955
132		19.524248166999314		739.42919921875		612.5047476107407		1.0469920831680297		2.0939841663360594
133		19.501497685036156		465.3471984863281		400.9632985597229		1.0054482763290404		2.010896552658081
134		19.47459312598221		780.8867797851562		635.5878775271607		1.1214787149429322		2.2429574298858643
135		19.55656313500367		433.9930725097656		422.7216416453934		0.9972590789794922		1.9945181579589844
136		19.37889669998549		500.7513427734375		438.1171478360558		1.0234692165374757		2.0469384330749514
137		19.374739003018476		543.879638671875		496.4166123554611		0.994941898059845		1.98988379611969
138		19.50585921702441		471.96734619140625		406.5391581912231		1.0449097282409667		2.0898194564819335
139		19.44378274900373		354.7137145996094		304.8586608042526		1.0005039297103882		2.0010078594207763
140		19.40109942702111		1039.859130859375		946.7037210180473		1.4412320254325868		2.8824640508651735
141		19.527948363975156		1468.24609375		1251.8747756814575		1.2145775124549865		2.429155024909973
142		19.462727411009837		345.88006591796875		308.9672686218262		1.1989472798347474		2.3978945596694947
143		19.400922671018634		222.02938842773438		196.61312272415162		1.016691353034973		2.033382706069946
144		19.423606445023324		782.3429565429688		676.1694540010834		0.9979076099395752		1.9958152198791503
145		19.572117322997656		555.9066162109375		487.44201670402526		1.214000215435028		2.428000430870056
146		19.584526370977983		707.3285522460938		584.8838023823166		1.206519106388092		2.413038212776184
147		19.5763081649784		358.55670166015625		299.17242702049253		1.2492725975990295		2.498545195198059
148		19.449067049019504		288.2725830078125		267.3145914431381		1.0554345932006837		2.1108691864013673
149		19.372306779026985		638.4041748046875		605.1708975294495		1.0024713912963867		2.0049427825927735
150		19.47487314598402		917.1255493164062		808.0317758177566		1.0192222043991088		2.0384444087982176
151		19.524950466002338		1555.7052001953125		1329.8576036237334		1.0333187422752381		2.0666374845504762
152		19.471474363002926		963.0122680664062		799.6577382847786		1.0058360454559325		2.011672090911865
153		19.465080720023252		369.5617980957031		315.7117423501587		1.003061374092102		2.006122748184204
154		19.516516607021913		490.6707458496094		463.5818886140442		1.1681385010719298		2.3362770021438597
155		19.49072124803206		630.1887817382812		547.2885065288543		1.062264981842041		2.124529963684082
156		19.322504470008425		270.1181945800781		237.1463626800537		1.015872696685791		2.031745393371582
157		19.379565776034724		248.555908203125		239.98419954452515		1.0544288286209107		2.1088576572418214
158		19.578777192975394		1427.0670166015625		1243.3885660908509		1.0231275835990905		2.046255167198181
159		19.56437547696987		1835.53369140625		1581.8821809958267		0.9951634783744812		1.9903269567489623
160		19.598161121015437		677.528564453125		579.4136215666199		0.9935652399063111		1.9871304798126221
161		19.404993225005455		222.32431030273438		207.18946240844727		1.0575413900375366		2.115082780075073
162		19.61794986197492		652.8660278320312		609.606137983284		1.0335789832115174		2.067157966423035
163		19.491023915994447		250.4199676513672		238.39786273269652		0.9935653159141541		1.9871306318283082
164		19.494581890990958		180.23495483398438		164.24591328048706		0.9944059724807739		1.9888119449615478
165		19.534866928996053		754.2916870117188		626.2740003764343		1.228970394706726		2.457940789413452
166		19.577898020972498		1039.0867919921875		847.1531115110779		0.9977242900848389		1.9954485801696777
167		19.519602154032327		343.0557556152344		285.5171570643616		1.0751345069885254		2.150269013977051
168		19.462078951008152		1026.7666015625		848.5708708561707		1.1538972031593322		2.3077944063186644
169		19.467805741005577		368.9805908203125		334.1252336528015		1.2496831853866577		2.4993663707733154
170		19.41328206297476		499.75042724609375		430.0762962628174		1.0118239240646363		2.0236478481292726
171		19.38074900500942		1033.376220703125		947.4046266861343		0.9997383090019226		1.9994766180038452
172		19.345697044976987		391.9625244140625		349.5898539228058		1.000559871006012		2.001119742012024
173		19.38995556998998		506.3678283691406		473.32819475551605		1.1281532506942749		2.2563065013885497
174		19.577903427998535		451.983154296875		400.0636323758316		1.0044121959686279		2.0088243919372557
175		19.565606862015557		579.0624389648438		520.6389105101777		1.0167097206115723		2.0334194412231446
176		19.478444923006464		534.6174926757812		446.6433205503082		1.0298792812347413		2.0597585624694825
177		19.39238270703936		691.64404296875		635.5270420486069		1.0313284832000733		2.0626569664001466
178		19.55833650304703		1473.8055419921875		1211.7936712880708		1.037760819721222		2.075521639442444
179		19.53599123703316		210.770751953125		179.8083999936676		1.1261063757896423		2.2522127515792847
180		19.55793064198224		683.2294921875		630.5650286952209		0.9941555515289306		1.9883111030578613
181		19.720254343992565		981.0881958007812		884.6871863523864		1.096366357421875		2.19273271484375
182		19.581070541986264		478.00567626953125		426.5823795245361		1.1445232334136963		2.2890464668273927
183		19.4936395099503		583.9861450195312		576.2334775969696		1.0138172067642213		2.0276344135284425
184		19.538134895963594		1043.2572021484375		894.6453559825516		1.006885022544861		2.013770045089722
185		19.446774292038754		262.575439453125		241.46781759517668		1.0929832704544067		2.1859665409088134
186		19.34153434500331		696.7481689453125		629.7483016520691		1.0309377804756163		2.0618755609512327
187		19.395937548950315		520.1484375		475.7090900010681		1.1702380590438843		2.3404761180877687
188		19.476219108968507		361.9688720703125		320.4881643493652		1.0027222487449645		2.005444497489929
189		19.574608415947296		237.69422912597656		210.91477101333618		1.1072702174186706		2.214540434837341
190		19.571962303016335		597.6922607421875		551.1271219606018		1.0035935096740722		2.0071870193481445
191		19.469639873947017		1229.5047607421875		1151.2748778768157		1.047853954601288		2.095707909202576
192		19.344074635009747		459.04364013671875		413.0330834920502		1.0366429379463196		2.073285875892639
193		19.30010047502583		568.1614379882812		530.5211971220398		1.0621763375282287		2.1243526750564574
194		19.347060277010314		749.5005493164062		655.6746462462235		1.1790884481430053		2.3581768962860106
195		19.364871004014276		304.41998291015625		272.29627603313446		1.0983240189552308		2.1966480379104616
196		19.68421015999047		837.8494262695312		761.8783889216613		1.057845965194702		2.115691930389404
197		19.431580856034998		1238.8494873046875		1065.6373512314606		0.9948374015808106		1.9896748031616212
198		19.60555832798127		370.0220031738281		331.561463503418		1.041538271999359		2.083076543998718
199		19.497379134991206		471.9953918457031		455.0857856495285		0.9999306522369384		1.9998613044738769
200		19.415046491019893		788.2407836914062		714.2241756738663		1.1057224891662598		2.2114449783325196
201		19.255915659014136		624.2484130859375		566.6120088032914		0.9992581447601319		1.9985162895202637
202		19.343674608971924		526.1348266601562		469.0945419630814		0.9938561017036438		1.9877122034072876
203		19.42995709797833		608.29443359375		556.1681717229461		1.1176615928649902		2.2353231857299805
204		19.400287029973697		1138.053466796875		946.8324759197998		0.9935075078010559		1.9870150156021118
205		19.34647509199567		636.7567138671875		606.5892131638718		1.0653249436378478		2.1306498872756956
206		19.324409590975847		752.5275268554688		661.1564161383056		1.0789099784851075		2.157819956970215
207		19.375041875988245		628.3392944335938		567.1690634581756		1.0262656764030456		2.052531352806091
208		19.341151592030656		440.1499938964844		399.7099731626129		1.0123284833908082		2.0246569667816163
209		19.481834420002997		761.4027099609375		716.2100364093781		1.0925374985694885		2.185074997138977
210		19.580034530954435		681.70654296875		625.6496038695526		1.005505295276642		2.011010590553284
211		19.575777304999065		242.94061279296875		226.0337123142624		1.057543694114685		2.11508738822937
212		19.53750009497162		512.1461181640625		477.8653005569839		1.0080297955513		2.0160595911026
213		19.58030133700231		427.34527587890625		365.30296588500977		1.2061848979949952		2.4123697959899904
214		19.447284070018213		888.3124389648438		784.4049948506928		1.0057140449523925		2.011428089904785
215		19.45718427299289		553.0419311523438		527.5303775402069		1.5143123528480529		3.0286247056961058
216		19.3650844389922		291.1862487792969		263.2451561591339		1.063393902206421		2.126787804412842
217		19.543281940044835		1002.5420532226562		905.6093836766053		1.2785569204330445		2.557113840866089
218		19.607205489010084		657.3375244140625		611.3316746554566		1.0013870197296142		2.0027740394592284
219		19.55077104497468		596.37744140625		539.0685807218551		1.0484322267532349		2.0968644535064698
220		19.50488983397372		596.4319458007812		536.1210445838547		1.0133429723739624		2.026685944747925
221		19.529760625970084		871.32763671875		727.7342060091781		1.1228344945907593		2.2456689891815187
222		19.42347851296654		851.0471801757812		754.6429932798004		1.0497323182106018		2.0994646364212035
223		19.303243916016072		844.4419555664062		716.356034557991		1.156216052532196		2.312432105064392
224		19.389807090046816		171.2401885986328		162.0225451994324		0.9943693753242493		1.9887387506484986
225		19.377629687951412		474.61773681640625		428.9625275074005		1.0392173131942748		2.0784346263885496
226		19.364674406999256		371.0423889160156		342.2301255256653		0.9968784158706665		1.993756831741333
227		19.395442497043405		618.011962890625		521.620543863678		1.0272421290397644		2.054484258079529
228		19.46471028297674		685.5467529296875		585.2519279194642		1.089248487472534		2.178496974945068
229		19.388318868004717		754.2900390625		655.0516813570404		1.0515541646003723		2.1031083292007446
230		19.37120779103134		1637.39697265625		1325.7944226941681		0.994071499633789		1.988142999267578
231		19.54629299498629		671.1134033203125		607.119795987091		1.0263583978652955		2.052716795730591
232		19.4951927929651		389.372802734375		331.5152012748718		1.101219375228882		2.202438750457764
233		19.3760371459648		1357.4649658203125		1183.5865346845246		1.1209194060325622		2.2418388120651245
234		19.574023640016094		244.68734741210938		219.10284295253754		1.2681530074119567		2.5363060148239134
235		19.560572586022317		1169.405517578125		1011.1037131859207		1.0762405594825744		2.1524811189651487
236		19.41023216099711		641.113525390625		554.8541478002167		1.0292592554092408		2.0585185108184816
237		19.35969885700615		1242.8062744140625		1113.2033933034515		1.1333744221687316		2.2667488443374633
238		19.614981001999695		676.8910522460938		602.0985364383697		1.0460968155860901		2.0921936311721803
239		19.627957192016765		426.3619384765625		373.97175313274386		1.1290098146438599		2.2580196292877197
240		19.462815548991784		776.3333129882812		681.2904320538139		1.033490251159668		2.066980502319336
241		19.468330021947622		786.3368530273438		619.5647848405456		1.093912515449524		2.187825030899048
242		19.482386228977703		841.51611328125		774.6913768468476		1.0249317083358764		2.049863416671753
243		19.375896341982298		322.55548095703125		305.29556061309813		1.0037148058891296		2.0074296117782593
244		19.48776253295364		624.5697631835938		590.77528798069		1.036382764339447		2.072765528678894
245		19.66880713001592		576.2615966796875		537.5197900465583		1.0020874871253966		2.0041749742507933
246		19.633377604011912		341.2426452636719		323.0133475487518		1.0004448831558228		2.0008897663116456
247		19.605103821028024		896.5177612304688		771.2633875098419		0.993981586933136		1.987963173866272
248		19.7388352380367		430.1623229980469		407.70532683395385		1.022413092136383		2.044826184272766
249		19.591254023020156		737.395751953125		654.0905755989074		1.1285780786514281		2.2571561573028562
250		19.595330051961355		793.51806640625		636.623966977806		1.0892081477165223		2.1784162954330446
251		19.46842754201498		1175.52587890625		1067.885811631546		1.004981344127655		2.00996268825531
252		19.368526732956525		915.959228515625		867.0568947359467		1.147593452167511		2.295186904335022
253		19.65447689796565		620.4298095703125		589.747761887207		0.9948157783508301		1.9896315567016603
254		19.621431630977895		380.09307861328125		359.44295793823244		1.0755252375602722		2.1510504751205444
255		19.513179897970986		656.2566528320312		572.4024312150574		0.994325143623352		1.988650287246704
256		19.32872489898		843.202392578125		772.1205871331787		1.1149231575012206		2.2298463150024412
257		19.29398597200634		506.30645751953125		449.31617439991		1.0272394045829774		2.0544788091659547
258		19.26441625499865		492.3133850097656		430.26576066703797		0.9978897953987121		1.9957795907974243
259		19.299210702010896		1792.4208984375		1611.64771198761		0.9933418388366699		1.9866836776733399
260		19.521527340984903		227.03033447265625		213.32809603607177		1.000685636138916		2.001371272277832
261		19.549772138008848		1375.1824951171875		1274.5752986103057		0.9958636441230774		1.9917272882461547
262		19.5479957810021		638.6934204101562		475.01284583171844		1.1117988418579101		2.2235976837158202
263		19.51721747801639		524.021728515625		437.5371744449615		1.0112875566482544		2.022575113296509
264		19.597732534981333		376.2533874511719		337.8499097377777		0.9944346749305725		1.988869349861145
265		19.457389861985575		526.3551635742188		478.59768416179656		1.017506571483612		2.035013142967224
266		19.614511123043485		715.4900512695312		657.9116325299073		0.9933384145736694		1.986676829147339
267		19.411497781984508		747.45654296875		652.8992265381622		0.9946891332626343		1.9893782665252686
268		19.59496555000078		449.2291564941406		413.29651648231504		1.3685537365913392		2.7371074731826783
269		19.589674930961337		2072.265625		1889.3837422009658		1.0648560485839844		2.129712097167969
270		19.604103081976064		1785.1788330078125		1534.720632258377		1.3541289635658265		2.708257927131653
271		19.617502503970172		1343.0819091796875		1239.4405956614685		1.0044612621307374		2.0089225242614748
272		19.56306409899844		851.4475708007812		761.6385693244935		0.9947638667106629		1.9895277334213257
273		19.578844536968973		360.30902099609375		332.0389534879303		0.9964822974205018		1.9929645948410035
274		19.602056685020216		758.1649169921875		707.1191906720734		1.343904340648651		2.687808681297302
275		19.559634976962116		507.0769348144531		452.91798899311067		0.9963690581321716		1.9927381162643432
276		19.501379945024382		833.7767944335938		730.7208854528045		1.0310527927398683		2.0621055854797365
277		19.53545765200397		953.0814819335938		769.7648557880401		1.0097876710891724		2.019575342178345
278		19.505753046949394		1262.297119140625		1099.5046313497926		1.0171347024917603		2.0342694049835206
279		19.52160943899071		1739.7794189453125		1558.2413856578064		0.9970683095932007		1.9941366191864014
280		19.473369023005944		1076.64794921875		1049.6222948289108		1.0181725104331971		2.0363450208663942
281		19.546803707955405		274.2815856933594		236.30021378288268		1.0120985321998597		2.0241970643997194
282		19.632405930024106		633.2525634765625		594.0015582500458		1.0182743715286255		2.036548743057251
283		19.719905431033112		1280.3775634765625		1159.1394780644225		1.4714429385185241		2.9428858770370483
284		19.630942336982116		376.06390380859375		357.5500307900238		1.186332324028015		2.37266464805603
285		19.63775702897692		451.166259765625		395.97283846235274		1.1209749073982238		2.2419498147964476
286		19.53174433298409		1319.6968994140625		1281.480757438507		1.0516700184822083		2.1033400369644166
287		19.313642264984082		392.10760498046875		376.6007475253296		1.2114793731689453		2.4229587463378905
288		19.557354256976396		945.902587890625		792.0644642534637		1.0109160437583924		2.021832087516785
289		19.671132902032696		321.2901611328125		265.1818414244843		0.993765294456482		1.987530588912964
290		19.674203512025997		559.4867553710938		496.5954758399391		1.034585802078247		2.069171604156494
291		19.531490408990066		1084.3756103515625		998.9906182061768		0.9965434295654297		1.9930868591308595
292		19.55763576400932		1491.1343994140625		1353.117442094345		0.9949357410430908		1.9898714820861816
293		19.560384712996893		558.1983642578125		497.61118301971436		1.0990845810890197		2.1981691621780395
294		19.311702248000074		781.7460327148438		718.6035363574981		0.9933431728363037		1.9866863456726074
295		19.524687319993973		1091.5498046875		976.1739223878479		1.0335369124412537		2.0670738248825073
296		19.633172521949746		375.845703125		323.2383483896637		1.020504825401306		2.041009650802612
297		19.568598553014454		964.5545654296875		787.4650877757454		1.1736788915634155		2.347357783126831
298		19.53764381201472		1007.7822265625		922.0118130222321		1.1838542412757873		2.3677084825515746
299		19.632852655020542		355.7201232910156		329.7664654214478		1.052948959159851		2.105897918319702
300		19.55268556001829		338.0934753417969		299.1550074031067		1.0333847269058227		2.0667694538116455
301		19.355774838011712		1830.841552734375		1563.2381986881255		1.0411409838676453		2.0822819677352906
302		19.293610823981		281.8489685058594		260.2982161790466		0.9939338237762451		1.9878676475524901
303		19.628312438027933		384.43511962890625		316.6360076602173		0.9954148976325988		1.9908297952651977
304		19.616804228979163		733.5549926757812		667.2734396603394		0.9946000130653382		1.9892000261306764
305		19.458025818981696		280.6133117675781		253.64390562662123		1.0437847888946534		2.087569577789307
306		19.58100227097748		387.7286376953125		351.0899031570053		1.044370594406128		2.088741188812256
307		19.408571843989193		1036.546142578125		890.6134772969818		1.1160580830574036		2.2321161661148072
308		19.395962849026546		1962.35302734375		1704.3655743300628		1.0189362980842591		2.0378725961685182
309		19.397380249982234		967.3567504882812		886.6723757543946		1.0588610634803772		2.1177221269607545
310		19.508898217987735		573.712158203125		487.30715712486267		1.1672050948143005		2.334410189628601
311		19.520473477023188		506.4317932128906		439.8573525179291		1.1180041801452636		2.236008360290527
312		19.551507742027752		1082.7191162109375		1005.0515743743133		1.0738734412193298		2.1477468824386596
313		19.513280262995977		851.9637451171875		767.9663973049736		0.9946208220481872		1.9892416440963745
314		19.46104759903392		577.3945922851562		500.5114285134888		1.3077979015350343		2.6155958030700686
315		19.465898513037246		488.2939453125		447.5184850217438		1.242016583442688		2.484033166885376
316		19.351969061011914		375.8825378417969		329.9407300126648		1.0087402647018433		2.0174805294036866
317		19.398211517953314		388.2852783203125		353.69484014671326		1.230353400707245		2.46070680141449
318		19.460039539961144		783.158935546875		694.4620223912239		1.090920779800415		2.18184155960083
319		19.44142277102219		223.62857055664062		211.68597333648682		1.042712949848175		2.08542589969635
320		19.437648184015416		797.7357177734375		725.8051608052062		1.0119426544189454		2.0238853088378908
321		19.413322844018694		376.4093933105469		359.26725727405545		0.993737997341156		1.987475994682312
322		19.290296919993125		530.7042236328125		511.39408913814543		1.2877126550674438		2.5754253101348876
323		19.35740010801237		1244.0496826171875		1143.8721180374528		1.016992135334015		2.03398427066803
324		19.408658419037238		847.8070068359375		744.6670779038238		0.9768768246650695		1.953753649330139
325		19.538312377000693		12.85557746887207		18.149548533096315		0.8930437319755554		1.7860874639511108
326		19.50621262099594		5.37311315536499		7.895967028160095		1.0207194046020507		2.0414388092041014
327		19.47108973003924		3.0095529556274414		4.202638173103333		0.7745118636131286		1.5490237272262573
328		19.535672246012837		2.727191925048828		3.583533120956421		0.7464618862152099		1.4929237724304198
329		19.434142531012185		2.4312806129455566		3.183939843292236		0.7219811078071594		1.4439622156143188
330		19.39453275001142		2.138498306274414		2.8481443852615356		0.747036728477478		1.494073456954956
331		19.372971565986518		2.2961106300354004		2.977628184776306		0.6723792726039887		1.3447585452079773
332		19.54554113704944		2.264206647872925		2.9352556724548338		0.6812500646114349		1.3625001292228698
333		19.417071735020727		2.2125790119171143		2.8505943659973143		0.800133587217331		1.600267174434662
334		19.458759239991195		2.0716466903686523		2.7165068032836914		0.6589125962257385		1.317825192451477
335		19.268733761040494		2.165222406387329		2.8041285012817383		0.6387794519424439		1.2775589038848878
336		19.39865635795286		2.118180990219116		2.7399045123672487		0.712810999917984		1.425621999835968
337		19.57837937201839		2.1446328163146973		2.7542857841873167		0.6728221757411956		1.3456443514823913
338		19.580314774008002		2.172192335128784		2.7736741813468933		0.6627938255786896		1.3255876511573792
339		19.637332607991993		2.2226266860961914		2.8149203399658203		0.6153656257629394		1.2307312515258788
340		19.60476215003291		1.933767318725586		2.5136526379776		0.7854328067779541		1.5708656135559083
341		19.629755416943226		2.438446044921875		3.0219107940673826		0.7716769448280334		1.5433538896560668
342		19.71398145396961		2.046304702758789		2.6217475071334837		0.59704375		1.1940875
343		19.598376032023225		2.247466802597046		2.82949957113266		0.5973726891040801		1.1947453782081603
344		19.624637654982507		1.9898678064346313		2.5404232653045655		0.5820918466567994		1.1641836933135987
345		19.514616928994656		1.8959832191467285		2.440864766330719		0.68216537733078		1.36433075466156
346		19.565033968014177		2.0940072536468506		2.648062630901337		0.5923829403877259		1.1847658807754518
347		19.75730764202308		1.991135597229004		2.546858165359497		0.6217527646064759		1.2435055292129518
348		19.623814880964346		1.8300899267196655		2.372227268066406		0.5703936930179596		1.1407873860359192
349		19.471477615006734		1.9370404481887817		2.465269127788544		0.5656605191230774		1.1313210382461547
350		19.42824252799619		1.8707815408706665		2.424047756767273		0.5757598154544831		1.1515196309089661
351		19.35928142501507		1.8320664167404175		2.353370846004486		0.6523568330287933		1.3047136660575867
352		19.364536567009054		2.0170176029205322		2.5344136674308775		0.5430494380950928		1.0860988761901855
353		19.439124257012736		1.8114885091781616		2.3242007541275025		0.5441661487579346		1.0883322975158691
354		19.666127308038995		1.8950034379959106		2.4220375319099428		0.5425833638906479		1.0851667277812957
355		19.608969798020553		1.7676019668579102		2.27332527261734		0.5905051536083221		1.1810103072166442
356		19.600764644972514		1.9660582542419434		2.494086303882599		0.6409591150760651		1.2819182301521301
357		19.613871379988268		1.7301973104476929		2.2353520589447022		0.5155024127721787		1.0310048255443574
358		19.57827295496827		1.7269130945205688		2.243694035797119		0.5201085171937943		1.0402170343875885
359		19.604440389026422		1.889230728149414		2.378531638278961		0.6130087177753448		1.2260174355506896
360		19.54508635197999		2.1226179599761963		2.599237646255493		0.530055786561966		1.060111573123932
361		19.6491860380047		1.896898865699768		2.404090264606476		0.7702856021404266		1.5405712042808533
362		19.675377978011966		1.735581636428833		2.2421415626335146		0.5706078738689423		1.1412157477378846
363		19.700146348041017		1.8363709449768066		2.3210152884674073		0.5375848351478577		1.0751696702957154
364		19.661419554031454		1.903162956237793		2.3777681569480897		0.5993708809614181		1.1987417619228362
365		19.46907278103754		1.596686840057373		2.1020490148735047		0.5067280426979065		1.013456085395813
366		19.3251271090121		1.7478116750717163		2.2382720455551146		0.5161817917346955		1.032363583469391
367		19.385270189959556		1.7487337589263916		2.237433322868347		0.6063742361545563		1.2127484723091126
368		19.427126633003354		1.726430058479309		2.227706794281006		0.48686964249610903		0.9737392849922181
369		19.496882066014223		1.7991652488708496		2.284878229484558		0.5079458061695099		1.0158916123390198
370		19.622662990994286		1.6200013160705566		2.0998956825637816		0.4945366143465042		0.9890732286930084
371		19.612873250967823		1.674403429031372		2.1554040795707703		0.5150581587553025		1.030116317510605
372		19.58616939903004		1.7626240253448486		2.2623625431251524		0.5524997091293335		1.104999418258667
373		19.548751536000054		1.6220016479492188		2.103637748298645		0.4976048778295517		0.9952097556591034
374		19.38918089400977		1.7774111032485962		2.2610674422073362		0.4697375653743744		0.9394751307487488
375		19.556525485997554		1.905318021774292		2.3750447877693177		0.6034491600751877		1.2068983201503753
376		19.634869501984213		1.684365153312683		2.1712884257125853		0.5784235526561737		1.1568471053123475
377		19.45879673701711		1.7064703702926636		2.1910635556983946		0.49285594432353974		0.9857118886470795
378		19.35924618196441		1.5979760885238647		2.0881425945091245		0.5886553516387939		1.1773107032775878
379		19.40853510098532		1.764734148979187		2.2547217883491517		0.5533431044340134		1.1066862088680267
380		19.30193032999523		1.7337597608566284		2.2027887678146363		0.49530484838485717		0.9906096967697143
381		19.403260396968108		1.7649251222610474		2.231697286529541		0.46410387115478513		0.9282077423095703
382		19.386587132990826		1.638330101966858		2.119457182312012		0.5275000469446183		1.0550000938892365
383		19.49803585599875		1.822892189025879		2.293273111858368		0.5339750079154968		1.0679500158309936
384		19.57999847899191		1.6868067979812622		2.1580083788871764		0.4976237778663635		0.995247555732727
385		19.52671425702283		1.7103506326675415		2.195429863796234		0.6324757895946502		1.2649515791893005
386		19.535803637991194		1.84772789478302		2.316372226200104		0.5007372393608093		1.0014744787216185
387		19.56804286100669		1.5802717208862305		2.061443160648346		0.4760344897270203		0.9520689794540406
388		19.578507427999284		1.701704502105713		2.184268824443817		0.7415783046960831		1.4831566093921662
389		19.6255585969775		1.8240504264831543		2.2777345551490784		0.5361899004936218		1.0723798009872436
390		19.59376711497316		1.6488797664642334		2.1244202851867677		0.5326447426080704		1.0652894852161408
391		19.509960192022845		1.7024905681610107		2.162954689540863		0.4469806750774383		0.8939613501548767
392		19.481635632982943		1.634185791015625		2.1093460018348695		0.656627001285553		1.313254002571106
393		19.52032871200936		1.880313515663147		2.305114079685211		0.8264863202095032		1.6529726404190064
394		19.56424642802449		1.6857633590698242		2.1608148009681702		0.4551961027622223		0.9103922055244446
395		19.388205979019403		1.766818881034851		2.227605299549103		0.4528508509159088		0.9057017018318176
396		19.333120940020308		1.6478519439697266		2.1236637586021425		0.5109441898345948		1.0218883796691896
397		19.462253876030445		1.5948195457458496		2.07009381937027		0.4510610161304474		0.9021220322608948
398		19.574458453978878		1.7772897481918335		2.2358545038986204		0.4710808920621872		0.9421617841243743
399		19.50776291702641		1.861480474472046		2.30281567445755		0.4504543973207474		0.9009087946414948
400		19.48432873300044		1.8622270822525024		2.3185882613182067		0.5113527755260467		1.0227055510520935
401		19.35835859098006		1.6186349391937256		2.092069210224152		0.7106003821372986		1.4212007642745972
402		19.326353067997843		1.940895676612854		2.4110015660095216		1.0255907531738282		2.0511815063476564
403		19.514888475008775		1.658059000968933		2.1173091957092285		0.46956043269634246		0.9391208653926849
404		19.551884393033106		1.747628092765808		2.199398986053467		0.47614236826896666		0.9522847365379333
405		19.458871320995968		1.6720452308654785		2.1474153358650208		0.460224823975563		0.920449647951126
406		19.644877339014784		1.7116743326187134		2.1864446009635925		0.5102918145418167		1.0205836290836334
407		19.486021732969675		1.6014692783355713		2.0737422426605225		0.4402442107915878		0.8804884215831756
408		19.566892783972435		1.685067892074585		2.1456781204223634		0.4622939892530441		0.9245879785060882
409		19.43894292099867		1.6353346109390259		2.114821338481903		0.5007644941806794		1.0015289883613587
410		19.36369043897139		1.8546195030212402		2.3069393321037293		0.44521444311141967		0.8904288862228393
411		19.38440012803767		1.6048049926757812		2.0743328386878965		0.5319956113576889		1.0639912227153778
412		19.568896112032235		1.6648280620574951		2.133394962310791		0.6936828132629395		1.387365626525879
413		19.52140570699703		1.6094815731048584		2.085304597301483		0.6181446039199829		1.2362892078399659
414		19.518581713025924		1.6936713457107544		2.1581293756866455		0.4467196548938751		0.8934393097877502
415		19.46445363597013		1.7068970203399658		2.159866570339203		0.4327099803209305		0.865419960641861
416		19.476654795987997		1.5877809524536133		2.0644566180038453		0.5026556897401809		1.0053113794803619
417		19.453561438946053		1.666222333908081		2.13362389837265		0.4480612189531326		0.8961224379062652
418		19.503861624980345		1.7426649332046509		2.2115993953895567		0.6116457651138306		1.2232915302276612
419		19.55613749002805		1.6199313402175903		2.0825272204208374		0.4784024435758591		0.9568048871517182
420		19.72216575202765		1.6321725845336914		2.100160934009552		0.5568683506250381		1.1137367012500763
421		19.723080506024417		1.7179806232452393		2.1857622385025026		0.5009287917375564		1.001857583475113
422		19.43053161998978		1.7104171514511108		2.1729945246315		0.48825166561603545		0.9765033312320709
423		19.639857252012007		1.618458867073059		2.0930375638961793		0.4388763435602188		0.8777526871204376
424		19.452992973965593		1.6763699054718018		2.1390457148933413		0.43619979643821716		0.8723995928764343
425		19.482433172001038		1.6137245893478394		2.067830221118927		0.5761537081241608		1.1523074162483216
426		19.387645216018427		1.808058261871338		2.2536729988861084		0.6335027626514435		1.267005525302887
427		19.450247223954648		1.6225662231445312		2.0985694480133055		0.4662051661968231		0.9324103323936462
428		19.4631841420196		1.6351885795593262		2.114503913784027		0.5412587716579437		1.0825175433158873
429		19.584043360024225		1.5454524755477905		2.0135024233055114		0.4497272439479828		0.8994544878959656
430		19.517290932999458		1.777158498764038		2.2289181074333193		0.5861391237020492		1.1722782474040985
431		19.43287609703839		1.6478946208953857		2.1156149311447146		0.4743981459856033		0.9487962919712066
432		19.58183226501569		1.6675230264663696		2.1327890488815306		0.4450596445798874		0.8901192891597748
433		19.525058353028726		1.5254323482513428		1.9936702402114868		0.45202086985111234		0.9040417397022247
434		19.528418303001672		1.8146965503692627		2.267547580051422		0.6838693204402924		1.3677386408805847
435		19.522486010042485		1.440274953842163		1.898010705356598		0.4985181177377701		0.9970362354755402
436		19.546621426998172		1.6863192319869995		2.1666163565635683		0.4441151616573334		0.8882303233146668
437		19.520567113009747		1.499047875404358		1.9789985547065734		0.45403347544670103		0.9080669508934021
438		19.442440453974996		1.8083882331848145		2.2787525923347474		0.8620930166244507		1.7241860332489014
439		19.45294216700131		1.5629583597183228		2.0398159313964843		0.4254207136154175		0.850841427230835
440		19.529642401030287		1.6067512035369873		2.0731497119903564		0.42822301280498504		0.8564460256099701
441		19.640363917977083		1.6082606315612793		2.072793209323883		0.4272783381223679		0.8545566762447357
442		19.70565943903057		1.7101942300796509		2.1767266351127623		0.448064363694191		0.896128727388382
443		19.53484884998761		1.5249499082565308		1.997460152759552		0.4627191070795059		0.9254382141590118
444		19.39465727197239		1.7527343034744263		2.1997310845947267		0.46467468082904817		0.9293493616580963
445		19.392778408015147		1.520216703414917		1.993621397743225		0.41925460360050204		0.8385092072010041
446		19.584053097991273		1.6018028259277344		2.0755623285865785		0.4323786987543106		0.8647573975086212
447		19.548929703014437		1.6565572023391724		2.113664437236786		0.4718849510192871		0.9437699020385742
448		19.541072193998843		1.796012043952942		2.2363165250968935		0.49433331904411315		0.9886666380882263
449		19.61924369400367		1.5723860263824463		2.0409427073669435		0.6133058331727982		1.2266116663455964
450		19.65925673698075		1.6507036685943604		2.1140268291664124		0.4284470705270767		0.8568941410541534
451		19.494750974990893		1.6569674015045166		2.102619949131012		0.4320818274974823		0.8641636549949646
452		19.484363024996128		1.6941932439804077		2.154237183895111		0.44690892243385316		0.8938178448677063
453		19.512170063040685		1.695427417755127		2.172070138721466		0.652293219923973		1.304586439847946
454		19.71837170503568		1.4952192306518555		1.9760409933662415		0.4252506189584732		0.8505012379169464
455		19.68618677102495		1.8518494367599487		2.3048823888015746		0.42104452171325685		0.8420890434265137
456		19.498149428982288		1.5133018493652344		1.9925984167480468		0.4140716629266739		0.8281433258533478
457		19.48933670099359		1.7166966199874878		2.193661042137146		0.41602407426834104		0.8320481485366821
458		19.44341342902044		1.5427782535552979		2.015105387458801		0.4237890822410583		0.8475781644821166
459		19.434832289989572		1.5969260931015015		2.0629833506393433		0.5749718512058258		1.1499437024116517
460		19.546532650012523		1.5874433517456055		2.0505211812973023		0.4128604684591293		0.8257209369182587
461		19.609565156977624		1.6815376281738281		2.135448790798187		0.6499751710653305		1.299950342130661
462		19.450767171976622		1.5685049295425415		2.037688161315918		0.45049247977733614		0.9009849595546723
463		19.616334444028325		1.548779845237732		2.026176243057251		0.5982577438831329		1.1965154877662658
464		19.66409922199091		1.6410123109817505		2.10514126745224		0.44720631568431857		0.8944126313686371
465		19.709675755992066		1.5500603914260864		2.024364063568115		0.5381793318271637		1.0763586636543274
466		19.610809088975657		1.7517660856246948		2.2139577984428405		0.4205032726049423		0.8410065452098846
467		19.69312995299697		1.6322840452194214		2.07642865196228		0.41326824560165404		0.8265364912033081
468		19.54643412603764		1.7516582012176514		2.167327724208832		0.4324331027507782		0.8648662055015564
469		19.398043723020237		1.4938884973526		1.954545729598999		0.41767930879592896		0.8353586175918579
470		19.347676201025024		1.5658918619155884		2.022341232242584		0.45964681940078733		0.9192936388015747
471		19.42146458098432		1.6301021575927734		2.091209386043549		0.4549595044851303		0.9099190089702606
472		19.564866417029407		1.4604946374893188		1.9357240864753724		0.45256771941185		0.9051354388237
473		19.652864227013197		1.6935999393463135		2.161918175315857		0.42051768765449526		0.8410353753089905
474		19.433811330993194		1.564197301864624		2.026866173915863		0.51551541223526		1.03103082447052
475		19.460095198999625		1.6148040294647217		2.0889876484489442		0.42498476774692534		0.8499695354938507
476		19.475669493025634		1.5802981853485107		2.0467857837677004		0.41648932430744173		0.8329786486148835
477		19.324247598007787		1.6192874908447266		2.0888693225860595		0.48626542575359344		0.9725308515071869
478		19.226384660985786		1.6308314800262451		2.089409454498291		0.49835357880592346		0.9967071576118469
479		19.446014152024873		1.4771714210510254		1.9460103572082519		0.5784073566198349		1.1568147132396698
480		19.517097492993344		1.630615472793579		2.0797717163467406		0.7195627872943878		1.4391255745887757
481		19.62700161203975		1.559498906135559		2.028357571144104		0.446403375172615		0.89280675034523
482		19.75193536601728		1.6875890493392944		2.143503477115631		0.4841345866441727		0.9682691732883454
483		19.61043358698953		1.5127214193344116		1.9665325502967834		0.4130451901912689		0.8260903803825378
484		19.53541543195024		1.6776314973831177		2.1236940051078794		0.4261034086227417		0.8522068172454834
485		19.324373600946274		1.4707088470458984		1.9431144427871705		0.42514621238708494		0.8502924247741699
486		19.440993200987577		1.7128219604492188		2.159532437381744		0.4148576609611511		0.8297153219223022
487		19.629723376012407		1.4623773097991943		1.930914748916626		0.4235010010480881		0.8470020020961762
488		19.593680927006062		1.5870885848999023		2.047372360343933		0.411882575917244		0.823765151834488
489		19.753733961028047		1.667046070098877		2.1227161605262754		0.4176452939033508		0.8352905878067016
490		19.745084111986216		1.634750485420227		2.0892755752754213		0.6604432611703873		1.3208865223407746
491		19.72118530602893		1.7405115365982056		2.201403101387024		0.45544464778900146		0.9108892955780029
492		19.639271966996603		1.4965732097625732		1.962007499332428		0.5542504945755005		1.108500989151001
493		19.72994681901764		1.66409432888031		2.09937059343338		0.41721158819198606		0.8344231763839721
494		19.669701170991175		1.6395736932754517		2.097386387577057		0.4382963704109192		0.8765927408218384
495		19.63020618102746		1.5925617218017578		2.057303344860077		0.5098050209999084		1.0196100419998169
496		19.7081285410095		1.5778067111968994		2.029366110954285		0.4586041795015335		0.917208359003067
497		19.484059976006392		1.5409317016601562		2.0007962600135802		0.43524432334899904		0.8704886466979981
498		19.489365298009943		1.5364185571670532		1.9969453685569762		0.4512045034646988		0.9024090069293976
499		19.651421391987242		1.5556949377059937		2.0278138333129885		0.44039367520809175		0.8807873504161835
500		19.564480246976018		1.4587221145629883		1.927897780380249		0.6606545815467835		1.321309163093567
501		19.39351544296369		1.506597876548767		1.976848003139496		0.4558785729169846		0.9117571458339692
502		19.491715940006543		1.6333543062210083		2.0864591111564637		0.40428404672145846		0.8085680934429169
503		19.409503086004406		1.5548681020736694		2.00896091835022		0.40780909461975096		0.8156181892395019
504		19.531172491027974		1.5217833518981934		1.9935600049781799		0.5310252282857895		1.062050456571579
505		19.6133410250186		1.6746242046356201		2.1245146795654297		0.40633646881580354		0.8126729376316071
506		19.65140476397937		1.613419532775879		2.0752682701301577		0.49743979709148406		0.9948795941829681
507		19.669110720977187		1.4647296667099		1.9224294593429565		0.4041810157060623		0.8083620314121246
508		19.66313572897343		1.6200931072235107		2.084802290248871		1.2274309312820435		2.454861862564087
509		19.57493667700328		1.8408606052398682		2.2934033357048036		0.4192238523006439		0.8384477046012878
510		19.561043082969263		1.6289969682693481		2.0813240989112853		0.42517814195156095		0.8503562839031219
511		19.5271651269868		1.5448799133300781		2.0094540956687927		0.4144880595445633		0.8289761190891266
512		19.5339025889989		1.5634912252426147		2.02437187997818		0.403814616894722		0.807629233789444
513		19.560388423968107		1.6332021951675415		2.107054030017853		0.49005507199764253		0.9801101439952851
514		19.603225153987296		1.4459202289581299		1.912875823879242		0.4288767369031906		0.8577534738063812
515		19.677083907998167		1.4928593635559082		1.9445816888809204		0.429906076002121		0.859812152004242
516		19.644689094973728		1.596906065940857		2.050372412509918		0.40010108132362365		0.8002021626472473
517		19.57119418302318		1.4433804750442505		1.9090526342391967		0.45272491414546967		0.9054498282909393
518		19.58241477899719		1.555525302886963		2.020858634967804		0.42266828026771547		0.8453365605354309
519		19.573887622042093		1.3755155801773071		1.8480141346549988		0.6630476493835449		1.3260952987670898
520		19.54447922896361		1.6083132028579712		2.0681378778076174		0.4525128718137741		0.9050257436275482
521		19.638569890987128		1.6408565044403076		2.105107818412781		0.43360632116794584		0.8672126423358917
522		19.69874752999749		1.418195128440857		1.88515957780838		0.4020651983261108		0.8041303966522216
523		19.571619815018494		1.5023910999298096		1.9615702270317077		0.5767237821102142		1.1534475642204285
524		19.621546906011645		1.5126430988311768		1.9727308128929137		0.40512145977020264		0.8102429195404053
525		19.62301021401072		1.5176637172698975		1.976185845336914		0.41528589808940886		0.8305717961788177
526		19.625430102983955		1.5152294635772705		1.98055610124588		0.4094190833568573		0.8188381667137146
527		19.50980856298702		1.508668065071106		1.9690778890800475		0.43229530844688413		0.8645906168937683
528		19.59807931497926		1.5215580463409424		2.0005823476028444		0.4404373485088348		0.8808746970176696
529		19.73231911699986		1.5430757999420166		1.9949736085319518		0.4033420176267624		0.8066840352535248
530		20.088248435989954		1.6288013458251953		2.0923476730155945		0.44088205120563506		0.8817641024112701
531		19.55419732700102		1.4437332153320312		1.9093180753707886		0.4008412094593048		0.8016824189186096
532		19.57875280501321		1.6285637617111206		2.1030983388328552		0.511073159956932		1.022146319913864
533		19.378739109029993		1.6080917119979858		2.0735880817985533		0.5068580942392349		1.0137161884784698
534		19.6342552069691		1.534206509590149		1.9897276881599426		0.620136073923111		1.240272147846222
535		19.454586523002945		1.5716032981872559		2.0303073203468323		0.44512762088775637		0.8902552417755127
536		19.632099631009623		1.4643431901931763		1.921083553276062		0.42153710198402405		0.8430742039680481
537		19.68966334394645		1.5480072498321533		2.020509090938568		0.42935117828845976		0.8587023565769195
538		19.67731504002586		1.5635159015655518		2.025700642719269		0.40574789686203006		0.8114957937240601
539		19.645071659004316		1.46031653881073		1.920743523273468		0.48517856328487396		0.9703571265697479
540		19.611163767986		1.5256301164627075		1.9903812144851685		0.48121661181449893		0.9624332236289979
541		19.490819699014537		1.4934790134429932		1.9504272435188295		0.4040935215473175		0.808187043094635
542		19.58302255597664		1.5383323431015015		1.9935183862495423		0.4173590308189392		0.8347180616378784
543		19.67175102100009		1.4646365642547607		1.9219242177200317		0.46022627580165865		0.9204525516033173
544		19.639488324988633		1.669319987297058		2.134744509716034		0.4328173545837402		0.8656347091674804
545		19.569421818014234		1.5410443544387817		1.9999164794921875		0.39614540436267853		0.7922908087253571
546		19.560653811029624		1.4842473268508911		1.9434777431678771		0.395456170296669		0.790912340593338
547		19.63240596902324		1.5197608470916748		1.9766946583557128		0.6689682707309723		1.3379365414619446
548		19.609777955978643		1.5882619619369507		2.0548878779411317		0.38971945617198944		0.7794389123439789
549		19.693294183991384		1.5489697456359863		1.9991806839752198		0.5345585026741028		1.0691170053482055
550		19.47498118900694		1.590624213218689		2.058978325386047		0.409921390080452		0.819842780160904
551		19.658788027008995		1.4516898393630981		1.9130069464683532		0.40835013473033904		0.8167002694606781
552		19.546331336023286		1.5845800638198853		2.0436876814460754		0.5986307990789413		1.1972615981578827
553		19.5309209980187		1.457348346710205		1.9225079648017884		0.43004457607269286		0.8600891521453857
554		19.517933727009222		1.5364943742752075		1.9970123208427428		0.43063053047657013		0.8612610609531403
555		19.69434538995847		1.4927644729614258		1.9525955813217164		0.47287775449752806		0.9457555089950561
556		19.540186495985836		1.4838112592697144		1.9465164503097534		0.6672951324939728		1.3345902649879455
557		19.362704790954012		1.4874486923217773		1.9364854583740234		0.3982536695718765		0.796507339143753
558		19.42740818404127		1.4962955713272095		1.9491319275665284		0.561746271443367		1.123492542886734
559		19.546153770003002		1.6129755973815918		2.055330479106903		0.393361689209938		0.786723378419876
560		19.53616116201738		1.4387481212615967		1.9070540692710876		0.4443520030975342		0.8887040061950684
561		19.56392478500493		1.5553644895553589		2.0163979817199706		0.4108943981170654		0.8217887962341308
562		19.667546545970254		1.4633785486221313		1.9247353223514556		0.40075517699718477		0.8015103539943695
563		19.64774847100489		1.6388404369354248		2.0941929551506044		0.6805320021152497		1.3610640042304993
564		19.631627438997384		1.490506887435913		1.9526966234779357		0.3931106651544571		0.7862213303089142
565		19.499976210994646		1.5715595483779907		2.0307004596328735		0.3971764491081238		0.7943528982162475
566		19.55625163501827		1.3712427616119385		1.8394781307792663		0.39212672996521		0.78425345993042
567		19.70426052802941		1.4815384149551392		1.9449946737575532		0.4153689416885376		0.8307378833770752
568		19.754012584977318		1.6011818647384644		2.064211703491211		0.501090040063858		1.002180080127716
569		19.700191622017883		1.4946309328079224		1.9583799125862122		0.3848614440917969		0.7697228881835938
570		19.66846519097453		1.4580073356628418		1.9236590871238708		0.394298842895031		0.788597685790062
571		19.643963681010064		1.4540550708770752		1.921385136203766		0.46243921098709106		0.9248784219741821
572		19.60202674998436		1.4830039739608765		1.9393090674972535		0.5413876478195191		1.0827752956390382
573		19.409971348999534		1.5035125017166138		1.961118329296112		0.3986833246469498		0.7973666492938996
574		19.552575907029677		1.5529719591140747		2.0172791806411743		0.48005585894584657		0.9601117178916931
575		19.65584600501461		1.6222574710845947		2.076424211444855		0.3991321081161499		0.7982642162322998
576		19.56499350897502		1.4605509042739868		1.9216011783981324		0.45520348353385925		0.9104069670677185
577		19.53047959099058		1.4961532354354858		1.9455315586853028		0.41022535037994384		0.8204507007598877
578		19.399980177986436		1.513356328010559		1.968880583896637		0.38358488430976867		0.7671697686195373
579		19.544427079032175		1.4176993370056152		1.8852137177467345		0.4757117804527283		0.9514235609054565
580		19.461187901964877		1.5581741333007812		2.0151679531383513		0.3986033642053604		0.7972067284107208
581		19.50832734297728		1.444068193435669		1.909659607028961		0.420295032286644		0.840590064573288
582		19.605666499992367		1.5218130350112915		1.9728954562950134		0.4200564333438873		0.8401128666877746
583		19.43232102098409		1.4146305322647095		1.8723726027297973		0.6909348944664001		1.3818697889328002
584		19.5382767120027		1.6167947053909302		2.064425803050995		0.46089925510883334		0.9217985102176667
585		19.495195869996678		1.4648158550262451		1.9283234924507142		0.4156998035669327		0.8313996071338654
586		19.58756885601906		1.6162571907043457		2.0527194471263885		0.3870640934705734		0.7741281869411468
587		19.558816339005716		1.4619059562683105		1.9193666369342803		0.42362306566238406		0.8472461313247681
588		19.546385287016165		1.7359545230865479		2.186592904701233		0.572524742603302		1.145049485206604
589		19.49307114095427		1.4452118873596191		1.9084501284980775		0.38670794236660005		0.7734158847332001
590		19.604631200956646		1.526334285736084		1.986000039138794		0.44818107290267944		0.8963621458053589
591		19.74370552803157		1.538387656211853		1.9936040851593018		0.40306695845127105		0.8061339169025421
592		19.636027521977667		1.5908088684082031		2.0383247167015077		0.4367823716402054		0.8735647432804108
593		19.50729187001707		1.3655476570129395		1.8363078108119966		0.4224274872303009		0.8448549744606018
594		19.612352328025736		1.4719970226287842		1.9331491877365112		0.3857407560348511		0.7714815120697022
595		19.523713878996205		1.5547462701797485		1.995372541999817		0.3907722982645035		0.781544596529007
596		19.53447191300802		1.5710670948028564		2.0262514364624025		0.402307932639122		0.804615865278244
597		19.62430404801853		1.4242957830429077		1.8828444005298615		0.38228299083709716		0.7645659816741943
598		19.641175294993445		1.6355842351913452		2.0723081083488464		0.3880490713119507		0.7760981426239014
599		19.635369476047345		1.4510694742202759		1.9030840108680724		0.39841515376567843		0.7968303075313569
600		19.569472149014473		1.570231318473816		2.0116814273262023		0.385576558470726		0.771153116941452
601		19.454711452010088		1.4037065505981445		1.853859008731842		0.38597119884490966		0.7719423976898193
602		19.491082397988066		1.4054783582687378		1.8588434734249115		0.40386850390434265		0.8077370078086853
603		19.41391973895952		1.395382285118103		1.8595714036464692		0.39080730822086335		0.7816146164417267
604		19.727801008033566		1.5775599479675293		2.0328226334285735		0.3957940919160843		0.7915881838321686
605		19.846411211998202		1.4196138381958008		1.875790322856903		0.378960182261467		0.757920364522934
606		19.82939616701333		1.445917010307312		1.903716360874176		0.3815216366291046		0.7630432732582092
607		19.787340709008276		1.3890477418899536		1.8539930882930755		0.37812942292690277		0.7562588458538055
608		19.718937913014088		1.5832337141036987		2.040697007856369		0.38278995778560637		0.7655799155712127
609		19.497184754000045		1.4394632577896118		1.8985046154785157		0.3860330916166306		0.7720661832332611
610		19.419320867978968		1.6101189851760864		2.0555427095985412		0.43847172853946687		0.8769434570789337
611		19.688952131022234		1.4467337131500244		1.9065514999103546		0.5638775838375092		1.1277551676750184
612		19.62418466596864		1.440736174583435		1.898445478372574		0.4124344124555588		0.8248688249111176
613		19.504571328987367		1.4601492881774902		1.9097176420688629		0.41019310207366944		0.8203862041473389
614		19.42019963101484		1.5314080715179443		1.988572105064392		0.5150337406873703		1.0300674813747406
615		19.49292436504038		1.5145846605300903		1.9670398180294038		0.38116552577018736		0.7623310515403747
616		19.444699404004496		1.4502955675125122		1.9159917551994323		0.46073867247104644		0.9214773449420929
617		19.438339765998535		1.5895878076553345		2.0389278283691405		0.38239706909656523		0.7647941381931305
618		19.325705752009526		1.5013333559036255		1.9628754736328125		0.6147458619832993		1.2294917239665986
619		19.39334874798078		1.5770416259765625		2.0131755952358246		0.3884983229637146		0.7769966459274292
620		19.4554419380147		1.432085633277893		1.8956010105895995		0.4061467143535614		0.8122934287071228
621		19.469082864001393		1.4453825950622559		1.902428077659607		0.3786798366546631		0.7573596733093262
622		19.484748416987713		1.7398916482925415		2.1745131148147583		0.4253943073272705		0.850788614654541
623		19.55719023500569		1.5392862558364868		2.000128992328644		0.38008271923065184		0.7601654384613037
624		19.434448643994983		1.386909008026123		1.855121815881729		0.4054329383373261		0.8108658766746522
625		19.38223766698502		1.515493392944336		1.9817905778217315		0.49832548739910126		0.9966509747982025
626		19.354379294032697		1.455653190612793		1.8922610272026061		0.4113524792432785		0.822704958486557
627		19.503116203006357		1.508652925491333		1.9635001683807374		0.466983882856369		0.933967765712738
628		19.54420805099653		1.4152017831802368		1.8689277904701234		0.38004394438266753		0.7600878887653351
629		19.428989080013707		1.4745506048202515		1.9229711941623688		0.3749579201698303		0.7499158403396606
630		19.516956498962827		1.5252585411071777		1.9717230761146545		0.4950073139190674		0.9900146278381348
631		19.4608902510372		1.461646556854248		1.9271440840053558		0.3765442085266113		0.7530884170532226
632		19.510706404049415		1.3991248607635498		1.8537463002300263		0.3797019125342369		0.7594038250684738
633		19.48432084999513		1.476898193359375		1.9326982543849944		0.4138273244857788		0.8276546489715576
634		19.54507208499126		1.3159925937652588		1.7699133834171294		0.3755323883295059		0.7510647766590118
635		19.581663551041856		1.537118911743164		1.983389015827179		0.4724293009519577		0.9448586019039154
636		19.657545835943893		1.4814928770065308		1.9451617393779754		0.42836889128684996		0.8567377825736999
637		19.68063782498939		1.4772535562515259		1.9410784435749053		0.3815060354709625		0.763012070941925
638		19.593712546047755		1.4685418605804443		1.934385527973175		0.49465373771190646		0.9893074754238129
639		19.54399909998756		1.5396144390106201		1.9905170547866822		0.46603390076160434		0.9320678015232087
640		19.430968231987208		1.3217151165008545		1.7898151684379577		0.3785167788743973		0.7570335577487945
641		19.64528804301517		1.57447350025177		2.0241411510276794		0.48662423923015596		0.9732484784603119
642		19.582910529978108		1.3388535976409912		1.8107694137191772		0.45057425894737246		0.9011485178947449
643		19.609547985019162		1.4923235177993774		1.9481929622173308		0.4628044867515564		0.9256089735031128
644		19.65294510795502		1.445769190788269		1.8887808571529388		0.40685390284061435		0.8137078056812287
645		19.515327625966165		1.4186935424804688		1.8820016330051421		0.41940733425617216		0.8388146685123443
646		19.514638305001426		1.4402363300323486		1.9000779160499572		0.37191200025081633		0.7438240005016327
647		19.634813805983867		1.3831607103347778		1.841186344432831		0.4569051918029785		0.913810383605957
648		19.532614914991427		1.340078353881836		1.7988455619430541		0.4150126955509186		0.8300253911018372
649		19.675173502007965		1.4977970123291016		1.9515300015830994		0.4352693424463272		0.8705386848926544
650		19.724899897002615		1.4663498401641846		1.910117638311386		0.3721198358058929		0.7442396716117858
651		19.685105826996733		1.469862461090088		1.9304131242179872		0.3751317418575287		0.7502634837150574
652		19.617583591025323		1.434081792831421		1.8861153447818757		0.4006073365926743		0.8012146731853486
653		19.647527218039613		1.4093172550201416		1.8745179990959167		0.4174992259263992		0.8349984518527984
654		19.649146145035047		1.4416574239730835		1.8983567500972747		0.47475726284980774		0.9495145256996155
655		19.5284924019943		1.459850549697876		1.9136857149410247		0.39158972027301786		0.7831794405460357
656		19.56779744900996		1.3957412242889404		1.8556525810718536		0.4019083004951477		0.8038166009902954
657		19.921386377012823		1.4663668870925903		1.9291865597820281		0.37668789234161376		0.7533757846832275
658		19.5601429999806		1.3789118528366089		1.8403475673675538		0.3735936242341995		0.747187248468399
659		19.584474019007757		1.4325274229049683		1.8929055716991425		0.37219212036132815		0.7443842407226563
660		19.558091730985325		1.4641417264938354		1.914082471265793		0.4273258120775223		0.8546516241550446
661		19.618265660014004		1.4218344688415527		1.8928918997764588		0.40118319988250734		0.8023663997650147
662		19.61335052899085		1.416351318359375		1.8758704596328735		0.4696847265005112		0.9393694530010224
663		19.42449664999731		1.3650645017623901		1.8282172454357146		0.4520124930381775		0.904024986076355
664		19.49021411902504		1.4946975708007812		1.9609188133430482		0.456350216960907		0.912700433921814
665		19.50839722395176		1.4281067848205566		1.8883274186706542		0.45323883211612703		0.9064776642322541
666		19.538508686993737		1.4506721496582031		1.9037028511047362		0.4097298681974411		0.8194597363948822
667		19.522245733009186		1.4328352212905884		1.8890399606323243		0.39452246129512786		0.7890449225902557
668		19.5395366360317		1.434402346611023		1.885168655090332		0.3962904900312424		0.7925809800624848
669		19.56550673901802		1.3828871250152588		1.8421760806560517		0.3758803336858749		0.7517606673717498
670		19.568705629964825		1.4767268896102905		1.939443777780533		0.5614344320297241		1.1228688640594482
671		19.62299454899039		1.3763755559921265		1.8328322848415375		0.3903803472995758		0.7807606945991517
672		19.827911397034768		1.412668228149414		1.880427430448532		0.44051790671348573		0.8810358134269715
673		19.837462038034573		1.4676483869552612		1.9188665904808044		0.4029038880109787		0.8058077760219574
674		19.844532635994256		1.4116694927215576		1.849538068637848		0.40685195269584656		0.8137039053916931
675		19.75799014198128		1.4064884185791016		1.848565332775116		0.451622802734375		0.90324560546875
676		19.73343482700875		1.3706843852996826		1.8327231100940704		0.48959189670085906		0.9791837934017181
677		19.485822255024686		1.4648233652114868		1.925635562210083		0.36987606085538866		0.7397521217107773
678		19.433093465981074		1.3983612060546875		1.8595941639518738		0.39028469800949095		0.7805693960189819
679		19.671272751991637		1.5491909980773926		2.0128179997444153		0.6887132584571838		1.3774265169143676
680		19.675424275978003		1.4079519510269165		1.8552710084724426		0.41814933104515073		0.8362986620903015
681		19.784921301994473		1.4310086965560913		1.8984599439907075		0.3943182353019714		0.7886364706039428
682		19.76567417901242		1.3771018981933594		1.8378896334171295		0.41811352064609525		0.8362270412921905
683		19.762743175961077		1.4554235935211182		1.910280643339157		0.7267871139764785		1.453574227952957
684		19.508149400993716		1.4075589179992676		1.883810981912613		0.7281247646570206		1.4562495293140412
685		19.4200130259851		1.3799868822097778		1.8545767384529113		0.3776944715738296		0.7553889431476593
686		19.61912782798754		1.4080344438552856		1.8638879165935516		0.409789044713974		0.819578089427948
687		19.804652148974128		1.496863842010498		1.961417217731476		0.44250565929412844		0.8850113185882569
688		19.607503539009485		1.3415321111679077		1.8028763407802582		0.37226147034168244		0.7445229406833649
689		19.685348307015374		1.4619972705841064		1.9072258412075043		0.37082987909317017		0.7416597581863403
690		19.627276047947817		1.4477664232254028		1.9027124247264862		0.47946631278991697		0.9589326255798339
691		19.696171703981236		1.3989903926849365		1.8599272902584076		0.46486473071575163		0.9297294614315033
692		19.598588191962335		1.3080275058746338		1.7681177973651887		0.3810801650762558		0.7621603301525116
693		19.555658204015344		1.4483262300491333		1.908244345521927		0.4957529510498047		0.9915059020996094
694		19.56702476198552		1.5239810943603516		1.9675241263008119		0.41416706235408784		0.8283341247081757
695		19.485945112013724		1.3324127197265625		1.8050624550914764		0.4441589449644089		0.8883178899288178
696		19.478795494011138		1.4957756996154785		1.9462575541210174		0.37888725702762605		0.7577745140552521
697		19.67287495196797		1.4391124248504639		1.8991064396953583		0.36640014855861663		0.7328002971172333
698		19.73354023200227		1.3990415334701538		1.8597566022777556		0.41268287179470065		0.8253657435894013
699		19.72260193998227		1.4719890356063843		1.9412415220737458		0.37197814946174623		0.7439562989234925
700		19.613648505997844		1.3770864009857178		1.8273691809272765		0.39792039427757264		0.7958407885551453
701		19.39245409402065		1.3682985305786133		1.8276030202579499		0.3679465456485748		0.7358930912971496
702		19.646927221969236		1.4689260721206665		1.933182965517044		0.390574622797966		0.781149245595932
703		19.549891745031346		1.4208101034164429		1.871780013551712		0.41908581495285036		0.8381716299057007
704		19.544415251002647		1.3941130638122559		1.8624487823104858		0.3741844982981682		0.7483689965963364
705		19.685200261999853		1.346266508102417		1.8053748473262787		0.41701969153881074		0.8340393830776215
706		19.506128987006377		1.390442967414856		1.860979304265976		0.43884557390213014		0.8776911478042603
707		19.41088605200639		1.3948391675949097		1.8585646874713897		0.421425589132309		0.842851178264618
708		19.4226505359984		1.421776533126831		1.8807969245052338		0.3758753044128418		0.7517506088256836
709		19.429139620042406		1.3903661966323853		1.8368332568645478		0.4027737767934799		0.8055475535869598
710		19.55497232603375		1.4702694416046143		1.940240561323166		0.4676636743307114		0.9353273486614228
711		19.652184016013052		1.4243813753128052		1.890124109401703		0.4665610366344452		0.9331220732688904
712		19.673054809041787		1.4730713367462158		1.9325670525169372		0.4294338820695877		0.8588677641391754
713		19.649717852997128		1.3735235929489136		1.8195206347179413		0.4724313305616379		0.9448626611232758
714		19.493211853026878		1.4355149269104004		1.885278761100769		0.4136979614019394		0.8273959228038787
715		19.479788259021007		1.338908076286316		1.7981702427387238		0.42237281436920165		0.8447456287384033
716		19.449637523968704		1.4695910215377808		1.9176543041229248		0.48213441104888916		0.9642688220977783
717		19.509444586001337		1.3783622980117798		1.8277124626922607		0.43858653230667116		0.8771730646133423
718		19.73126124602277		1.416672945022583		1.885310573682785		0.3662030626535416		0.7324061253070832
719		19.632962566043716		1.3444101810455322		1.806722677192688		0.409496249127388		0.818992498254776
720		19.67960249603493		1.4485461711883545		1.9113364709186553		0.3672328628540039		0.7344657257080078
721		19.70531166199362		1.4390554428100586		1.8900850393390656		0.36973884077072144		0.7394776815414429
722		19.5759391450556		1.3421485424041748		1.799742061471939		0.3638526723980904		0.7277053447961808
723		19.507635246030986		1.3614654541015625		1.8194558243274688		0.6004629898548126		1.2009259797096252
724		19.519225940981414		1.414927363395691		1.8692362714767456		0.37240289013385774		0.7448057802677155
725		19.575714079022873		1.3597053289413452		1.8222558792304993		0.40127633788585665		0.8025526757717133
726		19.600292816001456		1.3694816827774048		1.830996703491211		0.40265428104400636		0.8053085620880127
727		19.582675616024062		1.406048059463501		1.8725976665973663		0.44299810240268706		0.8859962048053741
728		19.63717625499703		1.3799712657928467		1.8490345065498353		0.39726070868968966		0.7945214173793793
729		19.654883742972743		1.3545137643814087		1.8157570327186585		0.36822886447906494		0.7364577289581299
730		19.807664242980536		1.4016193151474		1.8589618132591248		0.38319726696014406		0.7663945339202881
731		19.610962281003594		1.5544090270996094		2.0048801743984224		0.37606404951810835		0.7521280990362167
732		19.53622217202792		1.4032074213027954		1.8535217387866973		0.37652401058673857		0.7530480211734771
733		19.513186594005674		1.3320629596710205		1.7894401620578766		0.3634711049318314		0.7269422098636628
734		19.511648193001747		1.4288955926895142		1.8805870432662963		0.37978460748195647		0.7595692149639129
735		19.623855428013485		1.3404613733291626		1.7923266706371308		0.36531391077041625		0.7306278215408325
736		19.588112389028538		1.455938696861267		1.9048601330375672		0.3652494161128998		0.7304988322257996
737		19.745541073963977		1.3300938606262207		1.7949704369926454		0.3773817714214325		0.754763542842865
738		19.509350690990686		1.5615265369415283		1.999423734922409		0.5166506199121476		1.0333012398242951
739		19.480682874971535		1.348341941833496		1.8094870527839662		0.5104852277994156		1.0209704555988313
740		19.66110176895745		1.3222213983535767		1.7933518628406524		0.36993523969650266		0.7398704793930053
741		19.70192100398708		1.3851972818374634		1.8441330164337157		0.3628047017812729		0.7256094035625458
742		19.908977603015956		1.4208077192306519		1.876549439678192		0.3680088226795197		0.7360176453590394
743		19.896266149007715		1.3367588520050049		1.7999789659500123		0.3737256106495857		0.7474512212991714
744		19.7766158930026		1.305328607559204		1.7780784099769593		0.39898670575618744		0.7979734115123749
745		19.767011942050885		1.4495171308517456		1.9100499813079834		0.3841069840431213		0.7682139680862426
746		19.78142403997481		1.3667924404144287		1.8156155924129487		0.38710158306360243		0.7742031661272049
747		19.7324431539746		1.3838906288146973		1.8287440465927125		0.3697057028055191		0.7394114056110382
748		19.753397687978577		1.3912818431854248		1.844282683134079		0.39228961532115936		0.7845792306423187
749		19.84964478202164		1.2823771238327026		1.7430248459911346		0.4127940589904785		0.825588117980957
750		19.68674768402707		1.3792136907577515		1.827055613975525		0.3647798339486122		0.7295596678972244
751		19.672949230996892		1.3454934358596802		1.8026176412677766		0.5622044350147247		1.1244088700294494
752		19.70069985400187		1.3810068368911743		1.8437625510025024		0.4081986009120941		0.8163972018241882
753		19.597924186033197		1.3743897676467896		1.8279455422210693		0.3972523438215256		0.7945046876430512
754		19.45675700798165		1.4359662532806396		1.8892775722026824		0.3879157903671265		0.775831580734253
755		19.504245090996847		1.3482693433761597		1.8052899679851533		0.36298225042819976		0.7259645008563995
756		19.500104233040474		1.303674578666687		1.7656342082309724		0.4155815806627274		0.8311631613254548
757		19.512281845032703		1.3419150114059448		1.8038770910263062		0.36428456327915193		0.7285691265583039
758		19.536459953000303		1.383339524269104		1.8344224484920502		0.3849495349168777		0.7698990698337554
759		19.64308335602982		1.2898859977722168		1.7517902877426148		0.4115847412109375		0.823169482421875
760		19.58459166396642		1.4531285762786865		1.903765396261215		0.4605141324996948		0.9210282649993896
761		19.587402891018428		1.4379271268844604		1.8934403567790985		0.384872327375412		0.769744654750824
762		19.534003169974312		1.3570529222488403		1.8179494164276122		0.40994092135429383		0.8198818427085877
763		19.772715768020134		1.35906183719635		1.8169785728836059		0.40182460877895354		0.8036492175579071
764		19.632872269954532		1.4472754001617432		1.913864588212967		0.3823008022069931		0.7646016044139862
765		19.75206198799424		1.467380404472351		1.921867862405777		0.3721512812256813		0.7443025624513626
766		19.63183658500202		1.3557655811309814		1.811707546415329		0.4906462899684906		0.9812925799369812
767		19.43434532097308		1.3348013162612915		1.7991322360992432		0.38087250838279724		0.7617450167655945
768		19.452730798977427		1.3734352588653564		1.8269267897224426		0.45821623868942263		0.9164324773788453
769		19.61152801901335		1.3433068990707397		1.8076025064182282		0.3720712555408478		0.7441425110816956
770		19.638173080049455		1.2993351221084595		1.7634032291412354		0.36137254490852355		0.7227450898170471
771		19.638377750990912		1.3391213417053223		1.8086312348747253		0.3702444474697113		0.7404888949394226
772		19.597021723981015		1.416794776916504		1.8703731720733643		0.383339835524559		0.766679671049118
773		19.77099841099698		1.3357267379760742		1.7814708608531953		0.3708423181772232		0.7416846363544464
774		19.58138978999341		1.3323277235031128		1.7872605723381043		0.36912520978450775		0.7382504195690155
775		19.542929140035994		1.3479468822479248		1.815856593475342		0.43849291493892667		0.8769858298778533
776		19.75862335501006		1.2958921194076538		1.7627632284832		0.41841327879428863		0.8368265575885773
777		19.71979396097595		1.3431010246276855		1.7965519918441772		0.42228194079399106		0.8445638815879821
778		19.70267160399817		1.3173744678497314		1.7753482429409027		0.3919226541996002		0.7838453083992004
779		19.752774207969196		1.3652690649032593		1.8239415461635589		0.37369032776355743		0.7473806555271149
780		19.731185743992683		1.3299318552017212		1.797487753725052		0.40801620614528655		0.8160324122905731
781		19.67281240702141		1.3786827325820923		1.8345932293128968		0.4170467675209045		0.834093535041809
782		19.617262740968727		1.2935982942581177		1.748709199028015		0.5161410635232926		1.0322821270465852
783		19.70599976502126		1.3921210765838623		1.851485950422287		0.36686054525375367		0.7337210905075073
784		19.65801813598955		1.3015862703323364		1.7628356160163878		0.5267044480800629		1.0534088961601258
785		19.77055641898187		1.368789792060852		1.8139638549900055		0.3635841959953308		0.7271683919906616
786		19.81912081601331		1.3113104104995728		1.770820746269226		0.3643848924636841		0.7287697849273682
787		19.79859822697472		1.4254183769226074		1.8863767201805115		0.36456227147579195		0.7291245429515839
788		19.90091206401121		1.2786238193511963		1.7454655221557618		0.3706341326594353		0.7412682653188706
789		19.77285823598504		1.2879009246826172		1.7471682007312774		0.4020327189207077		0.8040654378414154
790		19.731321172963362		1.356244683265686		1.8084338764858245		0.42586486361026765		0.8517297272205353
791		19.687989183992613		1.4187920093536377		1.8878853141212464		0.36432515881061556		0.7286503176212311
792		19.671743152022827		1.3185546398162842		1.7770350266361237		0.37337690970897675		0.7467538194179535
793		19.790359509992413		1.3173387050628662		1.7735454580497743		0.42012283775806425		0.8402456755161285
794		19.672848018002696		1.3558800220489502		1.8130126139736176		0.3566319100141525		0.713263820028305
795		19.88778359303251		1.3195993900299072		1.7724805445671081		0.35920009595155716		0.7184001919031143
796		19.869813585013617		1.3447026014328003		1.7910939963150025		0.35842520403862		0.71685040807724
797		19.725747250020504		1.3921955823898315		1.8505416558074952		0.36015263929367064		0.7203052785873413
798		19.627475734974723		1.338460087776184		1.7981899631595613		0.3789738898396492		0.7579477796792984
799		19.675031721999403		1.2968378067016602		1.7564477566814423		0.4352213538646698		0.8704427077293396
800		19.757045284030028		1.3928186893463135		1.8481276783180236		0.3573682938337326		0.7147365876674652
801		19.789819149009418		1.2576162815093994		1.71447314453125		0.4484375305891037		0.8968750611782074
802		19.821875918016303		1.3800113201141357		1.8340566960906983		0.35933954453468325		0.7186790890693665
803		19.79318030597642		1.3459728956222534		1.805889291715622		0.3558709094762802		0.7117418189525604
804		19.681208368972875		1.307438611984253		1.762953868370056		0.36567126653194426		0.7313425330638885
805		19.729206946969498		1.354400873184204		1.810719149980545		0.4016713382720947		0.8033426765441894
806		19.68788283399772		1.3872312307357788		1.8516355313777924		0.39715503516197204		0.7943100703239441
807		19.604151331004687		1.3374714851379395		1.7923610095119475		0.3557044771313667		0.7114089542627334
808		19.56344206002541		1.2755910158157349		1.7326340951919557		0.3560302903652191		0.7120605807304382
809		19.527554534957744		1.3223108053207397		1.773262116241455		0.3592258644104004		0.7184517288208008
810		19.559386637003627		1.3543466329574585		1.8196918311595918		0.38803744804859164		0.7760748960971833
811		19.63200218498241		1.3449537754058838		1.8061774534511565		0.5436751382112504		1.0873502764225007
812		19.62389746803092		1.2643494606018066		1.7127486614608765		0.37503775445222853		0.7500755089044571
813		19.609278083022218		1.3975043296813965		1.8430409296035766		0.37989651110172273		0.7597930222034455
814		19.65547068801243		1.3099161386489868		1.7682333394050598		0.37821145293712616		0.7564229058742523
815		19.531049045035616		1.310411810874939		1.7797793574810028		0.3618510254859924		0.7237020509719848
816		19.50783986703027		1.2984079122543335		1.7491980661964417		0.4085665458440781		0.8171330916881562
817		19.618188942957204		1.30255126953125		1.76764038813591		0.428597070646286		0.857194141292572
818		19.664350194041617		1.3203306198120117		1.7772897139835357		0.37539662177562716		0.7507932435512543
819		19.606507275020704		1.321396827697754		1.7789054911994935		0.4366968898534775		0.873393779706955
820		19.520996336999815		1.2989815473556519		1.7700545121479034		0.40066039860248565		0.8013207972049713
821		19.57930668402696		1.2758020162582397		1.7281161981582642		0.37007327628135683		0.7401465525627137
822		19.736683929048013		1.3305413722991943		1.7975927541828156		0.36309431208372117		0.7261886241674423
823		19.608073967974633		1.3178867101669312		1.7862439868831634		0.3570451898813248		0.7140903797626496
824		19.661578563041985		1.3560954332351685		1.8126891278839112		0.354339828813076		0.708679657626152
825		19.655009122972842		1.4701948165893555		1.916596575088501		0.5602409558057785		1.120481911611557
826		19.78012295102235		1.2854257822036743		1.7533114219474792		0.3611862739562988		0.7223725479125976
827		19.78604885697132		1.3282396793365479		1.7868874511432649		0.37259408004283906		0.7451881600856781
828		19.83488417294575		1.3275208473205566		1.785291632938385		0.35533244769573213		0.7106648953914643
829		19.80982178496197		1.3184092044830322		1.7751291002750396		0.3550839159250259		0.7101678318500518
830		19.885776318027638		1.3512623310089111		1.818146858663559		0.3585748608708382		0.7171497217416763
831		19.496390056970995		1.374798059463501		1.8300969694423677		0.3538552823066711		0.7077105646133423
832		19.62010303803254		1.2819401025772095		1.7353618638324737		0.36602737044095995		0.7320547408819199
833		19.438612592988648		1.2616363763809204		1.725285301771164		0.36264348957538606		0.7252869791507721
834		19.722192887042183		1.3608169555664062		1.8024896881484986		0.39090446457862854		0.7818089291572571
835		19.616323422000278		1.3627220392227173		1.8214258840847015		0.36039200575351715		0.7207840115070343
836		19.638567998015787		1.2976094484329224		1.764320901107788		0.3592038974523544		0.7184077949047089
837		19.638981654017698		1.272689700126648		1.7314378140068054		0.35690382113456726		0.7138076422691345
838		19.64364086004207		1.3201500177383423		1.7694341678142547		0.3555273079395294		0.7110546158790588
839		19.655349587032106		1.31118905544281		1.7615785202693939		0.3566238301277161		0.7132476602554322
840		19.467308882973157		1.30588698387146		1.7687350670433044		0.3682027302742004		0.7364054605484008
841		19.715899484988768		1.3330273628234863		1.7891749000549317		0.35750991866588594		0.7150198373317719
842		19.701050153002143		1.2903822660446167		1.7559352717590333		0.3649540134072304		0.7299080268144608
843		19.607393264013808		1.2747187614440918		1.7295530761623383		0.4226695803880692		0.8453391607761384
844		19.85398435697425		1.3233835697174072		1.776075181427002		0.35599177334308624		0.7119835466861725
845		19.748674608010333		1.3057119846343994		1.7629101839351653		0.37243456356525423		0.7448691271305085
846		19.464827720017638		1.301381230354309		1.7633505859184264		0.3638820660114288		0.7277641320228576
847		19.463809281995054		1.3334777355194092		1.7828951487350464		0.4150303921699524		0.8300607843399048
848		19.634521159983706		1.3442785739898682		1.7873072136116028		0.3746722054481506		0.7493444108963012
849		19.574243179988116		1.3002828359603882		1.75127157204628		0.46932717678546904		0.9386543535709381
850		19.627626512025017		1.2753976583480835		1.7173406450843811		0.3587758338212967		0.7175516676425934
851		19.646750370040536		1.2735451459884644		1.740253852815628		0.3599074741125107		0.7198149482250213
852		19.58671692101052		1.3790411949157715		1.8317866009616852		0.36734129478931427		0.7346825895786285
853		19.563627013005316		1.2750588655471802		1.7387357948684692		0.35272932374477384		0.7054586474895477
854		19.654777668009046		1.2589833736419678		1.7239262187194824		0.389752041220665		0.77950408244133
855		19.492997199995443		1.289587140083313		1.7357636651706696		0.37468949332237245		0.7493789866447449
856		19.53157627803739		1.3021329641342163		1.7499239335346222		0.38442465238571166		0.7688493047714233
857		19.553414155030623		1.3546175956726074		1.8007889429664612		0.351715110039711		0.703430220079422
858		19.586430890019983		1.286734938621521		1.7449346020412444		0.35991706103086474		0.7198341220617295
859		19.638923362013884		1.3144543170928955		1.7684570288085937		0.38637024295330047		0.7727404859066009
860		19.584629052027594		1.2952693700790405		1.7452439307308196		0.3824537273168564		0.7649074546337128
861		19.815358661988284		1.2773756980895996		1.7291351923274993		0.4660794580221176		0.9321589160442352
862		19.68740474601509		1.382377028465271		1.8313132862472534		0.4033387952566147		0.8066775905132294
863		19.708009744994342		1.279415249824524		1.7316694121742249		0.40744113314151764		0.8148822662830353
864		19.9121043519699		1.2945029735565186		1.7581766441059112		0.4313254217386246		0.8626508434772492
865		19.547292361967266		1.3057804107666016		1.773874355726242		0.35381627399921417		0.7076325479984283
866		19.89880582195474		1.2785587310791016		1.7204046141910554		0.4082280040025711		0.8164560080051422
867		19.550373890029732		1.210269808769226		1.6858139589309693		0.36444054787158964		0.7288810957431793
868		19.624178391997702		1.3254694938659668		1.777415538444519		0.3644063486814499		0.7288126973628998
869		19.61678437498631		1.2822654247283936		1.7279152863407135		0.35999295721054075		0.7199859144210815
870		19.82844437501626		1.2768189907073975		1.7314426207447051		0.35368407571315763		0.7073681514263153
871		19.645556388015393		1.279687762260437		1.7408821959590912		0.3892052584886551		0.7784105169773102
872		19.428017380007077		1.2999378442764282		1.7563934698295594		0.4677564309835434		0.9355128619670868
873		19.623936571006197		1.3822821378707886		1.8388248042869568		0.35319311490058897		0.7063862298011779
874		19.630824251042213		1.2531375885009766		1.7204885252571105		0.3975821184635162		0.7951642369270324
875		19.725549256021623		1.2694019079208374		1.7246998953056336		0.36428039447069166		0.7285607889413833
876		19.62578298302833		1.267987608909607		1.726597971496582		0.4223681272506714		0.8447362545013428
877		19.679807354987133		1.2418488264083862		1.6992736499881744		0.3555105879187584		0.7110211758375168
878		19.775855980988126		1.2667652368545532		1.7234981654930115		0.36998378853797914		0.7399675770759583
879		19.583214583981317		1.2746106386184692		1.737560778503418		0.3643604640722275		0.728720928144455
880		19.63444905000506		1.2128968238830566		1.688316763010025		0.4514594103336334		0.9029188206672668
881		19.434421226964332		1.2987620830535889		1.7571888270187377		0.4732225714445114		0.9464451428890228
882		19.4880220600171		1.2744206190109253		1.7271278164672852		0.35186798828840254		0.7037359765768051
883		19.533643742033746		1.284311056137085		1.7438502495765686		0.3528465852737427		0.7056931705474854
884		19.567681323969737		1.297629714012146		1.7496937847042084		0.35417881153821945		0.7083576230764389
885		19.485930585011374		1.3290590047836304		1.785508541469574		0.3753426126480103		0.7506852252960206
886		19.47774344001664		1.2719453573226929		1.7476904359340668		0.3626522022485733		0.7253044044971466
887		19.38439962803386		1.2340402603149414		1.6897270035457612		0.35459151062965394		0.7091830212593079
888		19.468206246034242		1.2455954551696777		1.6979251158046722		0.3765374015331268		0.7530748030662536
889		19.575251209025737		1.3165289163589478		1.7710296810340882		0.37595888710021974		0.7519177742004395
890		19.62685651401989		1.2337756156921387		1.6978886562252045		0.3816728260755539		0.7633456521511078
891		19.79853934503626		1.2347068786621094		1.699277703409195		0.3529896684765816		0.7059793369531632
892		19.931375154992566		1.2394729852676392		1.693817561635971		0.3499002136707306		0.6998004273414612
893		19.614823101030197		1.2700800895690918		1.728327546005249		0.3767368471503258		0.7534736943006516
894		19.753283010039013		1.3093940019607544		1.780926922750473		0.37777189280986784		0.7555437856197357
895		19.68767144496087		1.318569302558899		1.7669168073749542		0.35720085289478304		0.7144017057895661
896		19.623291624011472		1.2893680334091187		1.7550291094875337		0.38464534330368044		0.7692906866073609
897		19.730211229005363		1.2284213304519653		1.6703515476322175		0.35284414398670194		0.7056882879734039
898		19.768336731009185		1.2425973415374756		1.7129325414180756		0.3507068808197975		0.701413761639595
899		19.69115323695587		1.306013584136963		1.7747239573764801		0.35018306629657747		0.7003661325931549
900		19.717813332972582		1.2790607213974		1.7377513826656341		0.3494334784269333		0.6988669568538666
901		19.751430901000276		1.3175166845321655		1.7815138974666596		0.3638806451201439		0.7277612902402878
902		19.744594172982033		1.2759063243865967		1.7358761130428315		0.38549736449718475		0.7709947289943695
903		19.529599711007904		1.2444945573806763		1.7133349670124054		0.3916277891635895		0.783255578327179
904		19.672650677966885		1.2485920190811157		1.7058888659095763		0.38542605347633363		0.7708521069526673
905		19.784123511984944		1.3006998300552368		1.7696395335674286		0.3548941665172577		0.7097883330345154
906		19.64574475499103		1.2251843214035034		1.6807589496898652		0.35088846876621244		0.7017769375324249
907		19.577399878005963		1.2938451766967773		1.748323679637909		0.36652486128807066		0.7330497225761413
908		19.586842351011		1.288465142250061		1.7403469241333007		0.35169807895421984		0.7033961579084397
909		19.578698199009523		1.2582272291183472		1.7180898595809937		0.354639957344532		0.709279914689064
910		19.539452656987123		1.2619783878326416		1.732868372631073		0.35064059735536574		0.7012811947107315
911		19.60811809299048		1.3242058753967285		1.7837001000785828		0.35070743391513826		0.7014148678302765
912		19.573881193005946		1.2668076753616333		1.7266616988658905		0.3504184532403946		0.7008369064807892
913		19.62407630297821		1.2381258010864258		1.6983205322265624		0.35622985998392104		0.7124597199678421
914		19.629934575001244		1.2440438270568848		1.7155495234966278		0.3517626447558403		0.7035252895116806
915		19.748930767993443		1.2631781101226807		1.7225422932243346		0.3531106442689896		0.7062212885379792
916		19.68793257197831		1.2556307315826416		1.7073090435123444		0.4108376188993454		0.8216752377986908
917		19.6669087089831		1.2522543668746948		1.709231105852127		0.35437834553718567		0.7087566910743713
918		19.519413238042034		1.2507870197296143		1.6964000399780272		0.3504942839384079		0.7009885678768158
919		19.670176908024587		1.2452468872070312		1.6987600771427154		0.3628030765175819		0.7256061530351638
920		19.679443417000584		1.2519556283950806		1.7038554125881196		0.3674317179441452		0.7348634358882904
921		19.939790014002938		1.2597676515579224		1.711941724500656		0.36506057624816896		0.7301211524963379
922		19.96693084895378		1.256089687347412		1.719800215024948		0.36795543501377104		0.7359108700275421
923		19.878568043000996		1.3223274946212769		1.775255610628128		0.3899134099960327		0.7798268199920654
924		19.838925014948472		1.2382968664169312		1.7155674226856232		0.35525129214525225		0.7105025842905045
925		19.821879251976497		1.2369612455368042		1.684489169330597		0.3610896165370941		0.7221792330741882
926		19.829715366009623		1.290891170501709		1.7537184414196014		0.351276374912262		0.702552749824524
927		19.85517739300849		1.2571619749069214		1.7082729627990723		0.5934844383716583		1.1869688767433166
928		19.817532297980506		1.2521497011184692		1.7141035725688933		0.35363449543714526		0.7072689908742905
929		19.586269970983267		1.2467504739761353		1.707784002571106		0.3836272267818451		0.7672544535636902
930		19.638741565984674		1.2165337800979614		1.6850017695713044		0.35497079417705535		0.7099415883541107
931		19.85853029397549		1.220799207687378		1.6913613951396942		0.3482554445028305		0.696510889005661
932		19.765430485014804		1.2420275211334229		1.6819232957077026		0.3632026052236557		0.7264052104473114
933		19.81541490094969		1.2994372844696045		1.7628634863376618		0.3505287541985512		0.7010575083971023
934		19.551766963966656		1.212156891822815		1.683148182477951		0.359815431368351		0.719630862736702
935		19.479019819002133		1.239176630973816		1.6893098115062715		0.35788729909658434		0.7157745981931687
936		19.57064833503682		1.2615206241607666		1.7276327585124969		0.36227227375507354		0.7245445475101471
937		19.550940566987265		1.21450936794281		1.6730753242874146		0.3543132774591446		0.7086265549182892
938		19.597469110041857		1.225196361541748		1.6871371980285645		0.34622978971004487		0.6924595794200897
939		19.606597081990913		1.2425473928451538		1.7041279384040833		0.34951783031225203		0.6990356606245041
940		19.58889349695528		1.2583364248275757		1.7127010823917388		0.3482132845520973		0.6964265691041946
941		19.605435620003846		1.2731045484542847		1.7222609807300568		0.3702459293603897		0.7404918587207794
942		19.650923225970473		1.2261748313903809		1.6888867300224304		0.3506472894906998		0.7012945789813996
943		19.60234003100777		1.2230556011199951		1.6696206771087647		0.3785243893623352		0.7570487787246704
944		19.716197457979433		1.2639942169189453		1.7143887407112122		0.3687011590957642		0.7374023181915283
945		19.65532423602417		1.2267366647720337		1.68434589138031		0.364272459590435		0.72854491918087
946		19.927476084965747		1.1897060871124268		1.654739594297409		0.35392928704023363		0.7078585740804673
947		19.778806258982513		1.2471835613250732		1.7090659303855895		0.3981713973522186		0.7963427947044373
948		19.806068805977702		1.251903772354126		1.7088920311546325		0.37809319155216214		0.7561863831043243
949		19.822304809989873		1.2562016248703003		1.726521928768158		0.35386595430374146		0.7077319086074829
950		19.745640375011135		1.2620311975479126		1.7226562963294982		0.3477283532857895		0.695456706571579
951		19.742130975006148		1.2262965440750122		1.6974875563430787		0.3494025077581406		0.6988050155162812
952		19.49992528994335		1.2059693336486816		1.6584379185390472		0.3696667512178421		0.7393335024356842
953		19.744830554001965		1.269674301147461		1.7265650941562654		0.3708693735718727		0.7417387471437454
954		19.679740285966545		1.2381494045257568		1.6855358719825744		0.43911424815654754		0.8782284963130951
955		19.707966740010306		1.2592792510986328		1.7237772100543975		0.36112879269123077		0.7222575853824615
956		19.586150660994463		1.2340106964111328		1.672463064775467		0.3467946069121361		0.6935892138242722
957		19.70300134801073		1.2430833578109741		1.6897876372528076		0.3494911170363426		0.6989822340726852
958		19.435735670034774		1.2121100425720215		1.6781876130199433		0.34874978675842283		0.6974995735168457
959		19.644623502972536		1.2865386009216309		1.7250744850635529		0.38681914260387423		0.7736382852077485
960		19.59175017301459		1.2395879030227661		1.6855975292015075		0.3820351701259613		0.7640703402519226
961		19.66936555498978		1.2172147035598755		1.665106498861313		0.34808455176353453		0.6961691035270691
962		19.754037634993438		1.2378854751586914		1.7000567944812774		0.35068300033807753		0.7013660006761551
963		19.757339523988776		1.219104290008545		1.6814017596054076		0.4181151644468307		0.8362303288936614
964		19.69191574404249		1.2356462478637695		1.703155173215866		0.4399597456455231		0.8799194912910462
965		19.475882884988096		1.21254563331604		1.6617627806282043		0.34604228466749193		0.6920845693349839
966		19.507634183974005		1.2662341594696045		1.7308675753688811		0.3620225931763649		0.7240451863527299
967		19.69617210800061		1.2388696670532227		1.686339265909195		0.3818244955062866		0.7636489910125732
968		19.635284023010172		1.2123160362243652		1.6678345913505555		0.35689016456604006		0.7137803291320801
969		19.68116351700155		1.216719627380371		1.6698612405776978		0.35886269009113314		0.7177253801822663
970		19.632896791037638		1.2475792169570923		1.7096521139431		0.35756010649204256		0.7151202129840851
971		19.65159314800985		1.2193386554718018		1.6635390962696075		0.34577760363817217		0.6915552072763443
972		19.765229687967803		1.1878981590270996		1.6429708271884917		0.38088873949050905		0.7617774789810181
973		19.78225544997258		1.1915849447250366		1.6562797064208985		0.35034434702396394		0.7006886940479279
974		19.64118822198361		1.214595079421997		1.676260178976059		0.4489212265253067		0.8978424530506134
975		19.696024446981028		1.2918695211410522		1.7488612463569642		0.34547281476259234		0.6909456295251847
976		19.722084990004078		1.2168946266174316		1.6836622058963775		0.3510808376908302		0.7021616753816604
977		19.66674531501485		1.208409309387207		1.6693252645111083		0.3456862449407577		0.6913724898815155
978		19.757062628050335		1.2430325746536255		1.7020830035877228		0.4253681069612503		0.8507362139225007
979		19.871237718034536		1.2165197134017944		1.6747452763652801		0.34582737491130827		0.6916547498226165
980		19.699558862950653		1.2225762605667114		1.6811311355113983		0.3465934119105339		0.6931868238210678
981		19.7303637820296		1.199410080909729		1.6644221245384216		0.35152403030395507		0.7030480606079101
982		19.673650660028215		1.2184147834777832		1.6776276032161712		0.3592989542722702		0.7185979085445404
983		19.567889439989813		1.2485116720199585		1.6909376054286958		0.34529293520450594		0.6905858704090119
984		19.703197123017162		1.2395902872085571		1.69202326505661		0.3469302320241928		0.6938604640483856
985		19.736571075976826		1.211719274520874		1.6648410034942627		0.3469645156264305		0.693929031252861
986		19.698448310024105		1.1891183853149414		1.6441838646411895		0.34536884181499483		0.6907376836299897
987		19.680625105975196		1.2179440259933472		1.6695932110786438		0.34588355565071105		0.6917671113014221
988		19.565941285982262		1.2086683511734009		1.6774697937393188		0.3538505874156952		0.7077011748313904
989		19.53396202699514		1.2352194786071777		1.6945093622970582		0.3460282997250557		0.6920565994501114
990		19.607787173998076		1.2338788509368896		1.6889843355178833		0.34811437401771544		0.6962287480354309
991		19.528649454005063		1.2018274068832397		1.6736089850044251		0.34507875916957853		0.6901575183391571
992		19.469893097993918		1.262524127960205		1.7198622370433807		0.3903607157945633		0.7807214315891265
993		19.64478270302061		1.2261321544647217		1.6742344230270385		0.3594473611831665		0.718894722366333
994		19.679464208020363		1.2360018491744995		1.6862862007045747		0.3463687452554703		0.6927374905109406
995		19.713334280007984		1.2071763277053833		1.6504603084850311		0.3496087458014488		0.6992174916028976
996		19.57410331699066		1.2048802375793457		1.649163379650116		0.3595345927476883		0.7190691854953766
997		19.771691088972148		1.251282811164856		1.6860171656036378		0.35545650889873504		0.7109130177974701
998		19.79561280197231		1.2259740829467773		1.6788382363319396		0.34541506906747815		0.6908301381349563
999		19.53286900103558		1.2155104875564575		1.6712848690128326		0.3465955679774284		0.6931911359548568
1000		19.63145726796938		1.2182883024215698		1.67088557015419		0.34432407139539717		0.6886481427907943
1001		19.730386499955785		1.1939140558242798		1.6551598993396759		0.3577364860653877		0.7154729721307754
1002		19.6710996759939		1.1686221361160278		1.6415817822933196		0.34507841342687606		0.6901568268537521
1003		19.73296832496999		1.1828455924987793		1.644857449169159		0.345603803396225		0.69120760679245
1004		19.778128008998465		1.2506688833236694		1.7031068794822692		0.3465593754887581		0.6931187509775162
1005		19.72949392598821		1.1722264289855957		1.64019310628891		0.3638547446489334		0.7277094892978668
1006		19.695245302049443		1.2253987789154053		1.6833109329319		0.39129490225315094		0.7825898045063019
1007		19.61036841600435		1.1997785568237305		1.6582822694873809		0.3509128587126732		0.7018257174253464
1008		19.64582314802101		1.213599443435669		1.6702858016777038		0.3455118377804756		0.6910236755609512
1009		19.732082173984963		1.1924644708633423		1.644018299884796		0.346995994412899		0.693991988825798
1010		19.715782691026106		1.2241318225860596		1.6732224235916138		0.3558063735961914		0.7116127471923828
1011		19.735771717038006		1.178418517112732		1.6463671259880066		0.35375652146339415		0.7075130429267883
1012		19.619634443020914		1.218375563621521		1.6824526856803894		0.3506580425143242		0.7013160850286484
1013		19.716638466983568		1.2396576404571533		1.689405858488083		0.3474246067047119		0.6948492134094238
1014		19.57057287998032		1.237754464149475		1.678340808019638		0.3860219651699066		0.7720439303398132
1015		19.72321554995142		1.1704124212265015		1.6319306066799164		0.3507694963693619		0.7015389927387238
1016		19.6682716680225		1.2280064821243286		1.6653311953830718		0.3483202661037445		0.696640532207489
1017		19.767967964988202		1.2252874374389648		1.671397294845581		0.37298287897109983		0.7459657579421997
1018		19.75131073599914		1.2094391584396362		1.665368969297409		0.354837296795845		0.70967459359169
1019		19.73466862499481		1.2144297361373901		1.667227375459671		0.39827496213912966		0.7965499242782593
1020		19.82744865003042		1.2006628513336182		1.6565252119255065		0.34717945749759677		0.6943589149951935
1021		19.879783379961737		1.1885613203048706		1.636549735136032		0.343447333586216		0.686894667172432
1022		19.63321939803427		1.2164602279663086		1.6721435138511658		0.34543622279167174		0.6908724455833435
1023		19.687225139990915		1.2334163188934326		1.6821465276432037		0.3765503885865211		0.7531007771730422
1024		19.8103822459816		1.1976763010025024		1.6494019958877564		0.34477724031209944		0.6895544806241989
1025		19.90544858999783		1.1882615089416504		1.635847877254486		0.35081630682945253		0.7016326136589051
1026		19.82569822994992		1.2267014980316162		1.6869410931110382		0.35363921031951906		0.7072784206390381
1027		19.696831762965303		1.1810967922210693		1.6397447869491577		0.37476253703832624		0.7495250740766525
1028		19.62571072304854		1.2400729656219482		1.6992388414669037		0.3509615492105484		0.7019230984210968
1029		19.85885387402959		1.1911993026733398		1.6415604861068727		0.3623685748338699		0.7247371496677398
1030		19.790082624997012		1.2102738618850708		1.6588274612617493		0.3590973649263382		0.7181947298526764
1031		19.705768254003488		1.2077902555465698		1.6677783062934874		0.34416243996620177		0.6883248799324035
1032		19.752593381970655		1.1798204183578491		1.6320017802238465		0.36043377964496615		0.7208675592899323
1033		19.724386729998514		1.1906975507736206		1.647627927455902		0.34910741688013075		0.6982148337602615
1034		19.636518444982357		1.1592233180999756		1.627102502450943		0.34489055647850037		0.6897811129570007
1035		19.792487787024584		1.1994866132736206		1.6576154657936095		0.36035988882780073		0.7207197776556015
1036		19.611833518953063		1.1807273626327515		1.6334428778457641		0.3452738072395325		0.690547614479065
1037		19.665648703987245		1.187045693397522		1.6307292650032044		0.3465665796279907		0.6931331592559814
1038		19.583870629023295		1.2079371213912964		1.6527447738742829		0.34637499811649325		0.6927499962329865
1039		19.570335099007934		1.1970971822738647		1.6439875017166137		0.34302605533599856		0.6860521106719971
1040		19.638559441023972		1.18645441532135		1.62586055311203		0.3662731914997101		0.7325463829994202
1041		19.6157086060266		1.201703429222107		1.652053761062622		0.34624100185632706		0.6924820037126541
1042		19.54027318599401		1.1842514276504517		1.6361312670707702		0.35023018563985825		0.7004603712797165
1043		19.68829654197907		1.2011018991470337		1.666085032606125		0.3428307227015495		0.685661445403099
1044		19.806246980966534		1.1799824237823486		1.6297165700531007		0.3462283492088318		0.6924566984176636
1045		19.75178390700603		1.188338041305542		1.6417670430088043		0.34291164766550064		0.6858232953310013
1046		19.832520353025757		1.198584794998169		1.6483363108730316		0.3423238122701645		0.684647624540329
1047		19.81303213100182		1.1880266666412354		1.6387938160705566		0.3445197359442711		0.6890394718885422
1048		19.741565392992925		1.2044928073883057		1.6458448177528382		0.3428456057310104		0.6856912114620208
1049		19.64784760400653		1.2054967880249023		1.6655119301509858		0.34423632774353025		0.6884726554870605
1050		19.641471036011353		1.1738831996917725		1.644472117509842		0.349140966963768		0.698281933927536
1051		19.717540221987292		1.1908197402954102		1.6411289997959138		0.3461570178627968		0.6923140357255936
1052		19.613465567992534		1.1814042329788208		1.631563162050247		0.34761598116159437		0.6952319623231887
1053		19.780922339006793		1.206524133682251		1.6654889160633086		0.3683422702789307		0.7366845405578614
1054		19.65084392699646		1.1883082389831543		1.6374746419239044		0.3438730162382126		0.6877460324764252
1055		19.860725231003016		1.1654528379440308		1.622355104637146		0.34549377455711366		0.6909875491142273
1056		19.680846598988865		1.1848492622375488		1.6229100202846527		0.3546344099998474		0.7092688199996948
1057		19.680718947958667		1.1906647682189941		1.646603512134552		0.34659044506549835		0.6931808901309967
1058		19.593836274987552		1.1973317861557007		1.642128635826111		0.3425157758116722		0.6850315516233444
1059		19.62332937901374		1.1737773418426514		1.6202065672683716		0.34261856527328494		0.6852371305465699
1060		19.786652715993114		1.1789847612380981		1.6373119068717956		0.352920788860321		0.705841577720642
1061		19.722343856992666		1.2083759307861328		1.643367068195343		0.4106956994056702		0.8213913988113404
1062		19.631167947954964		1.1639294624328613		1.6300642650699615		0.34163039368391035		0.6832607873678207
1063		19.63847106997855		1.1755807399749756		1.625500467634201		0.3420023692011833		0.6840047384023666
1064		19.7985233690124		1.1818962097167969		1.6233747022151948		0.3439676864743233		0.6879353729486466
1065		19.915921550011262		1.197460651397705		1.6429328958320617		0.34164507039785386		0.6832901407957077
1066		19.776079716044478		1.1828479766845703		1.6318674735355376		0.34667893145084383		0.6933578629016877
1067		19.774234506010544		1.184594988822937		1.6306965559005737		0.3803551486968994		0.7607102973937988
1068		19.640624911000486		1.188098430633545		1.64999450381279		0.34175972652435305		0.6835194530487061
1069		19.718357972975355		1.1956514120101929		1.6486234949493408		0.3424622710585594		0.6849245421171188
1070		19.749639180023223		1.1887907981872559		1.627866113653183		0.34566107963323595		0.6913221592664719
1071		19.631573988008313		1.181181788444519		1.633546800327301		0.34108703795671463		0.6821740759134293
1072		19.70190803601872		1.2033765316009521		1.6444054064559936		0.3927349732518196		0.7854699465036392
1073		19.555162634002045		1.1710480451583862		1.6424181236743927		0.3600556392192841		0.7201112784385681
1074		19.80078113405034		1.1694103479385376		1.6327705804252624		0.34479430882930756		0.6895886176586151
1075		19.68869902798906		1.1853392124176025		1.6396102719211578		0.34238452595472335		0.6847690519094467
1076		19.676732090010773		1.1734364032745361		1.637210911579132		0.34134255509376527		0.6826851101875305
1077		19.665914935991168		1.1848118305206299		1.6437966475105286		0.3549976105928421		0.7099952211856843
1078		19.77969492797274		1.1927838325500488		1.6288992644500733		0.3443586309790611		0.6887172619581222
1079		19.59747402300127		1.2036696672439575		1.6504536655330657		0.37322996106147766		0.7464599221229553
1080		19.604642171005253		1.18626868724823		1.6322039048099517		0.34113594578504564		0.6822718915700913
1081		19.56988107901998		1.207485556602478		1.6645880230045318		0.35487998138666155		0.7097599627733231
1082		19.66003427200485		1.1830753087997437		1.6314053404140472		0.3636505870223045		0.727301174044609
1083		19.801066462008748		1.17611563205719		1.6364590425014496		0.38263224251270295		0.7652644850254059
1084		19.812295274983626		1.1524920463562012		1.6005733429336548		0.3709349809288979		0.7418699618577957
1085		19.75910882104654		1.2024551630020142		1.655009689388275		0.3713944909930229		0.7427889819860458
1086		19.719835393014364		1.1701964139938354		1.6150262714481354		0.34230916718244553		0.6846183343648911
1087		19.802477014018223		1.194717288017273		1.631927357006073		0.34853958340883257		0.6970791668176651
1088		19.767563203989994		1.1711875200271606		1.6262167813968658		0.34428340895175935		0.6885668179035187
1089		19.68846327700885		1.1833900213241577		1.619736896162033		0.34195862669944765		0.6839172533988953
1090		19.640443112992216		1.1685357093811035		1.6120571097373961		0.34619898841381075		0.6923979768276215
1091		19.648177499999292		1.1603540182113647		1.6119885847568511		0.3426045658826828		0.6852091317653656
1092		19.75181898503797		1.1649963855743408		1.6222242499828339		0.3507965140581131		0.7015930281162261
1093		19.753755885991268		1.1817293167114258		1.6321918990516662		0.3424844608426094		0.6849689216852188
1094		19.676273295015562		1.1923245191574097		1.6439532235813141		0.3733690357327461		0.7467380714654922
1095		19.616732845955994		1.1652885675430298		1.6238246087932586		0.3477723803281784		0.6955447606563568
1096		19.69153709098464		1.143890619277954		1.6036506593608857		0.3426051621079445		0.685210324215889
1097		19.63759725599084		1.143452763557434		1.605020480413437		0.3423561518669128		0.6847123037338256
1098		19.662577503011562		1.1969785690307617		1.6431485571098328		0.3433070845246315		0.686614169049263
1099		19.53016803099308		1.172741174697876		1.6160865969657898		0.3413159373164177		0.6826318746328354
1100		19.64298045798205		1.1749897003173828		1.6257152905750274		0.34398025634288787		0.6879605126857757
1101		19.680944230000023		1.1626241207122803		1.6137777241516114		0.34061442135572434		0.6812288427114487
1102		19.726988605980296		1.1845917701721191		1.6178901750087737		0.3407951046705246		0.6815902093410492
1103		19.715890479972586		1.15675687789917		1.6184947371196747		0.3430188275575638		0.6860376551151276
1104		19.872446738008875		1.1385232210159302		1.608363495645523		0.34175411742925643		0.6835082348585129
1105		19.748399431002326		1.1489092111587524		1.5953574921035767		0.33992776870727537		0.6798555374145507
1106		19.804375015955884		1.166316270828247		1.62036085770607		0.34152405490875243		0.6830481098175049
1107		19.599298291956075		1.1682816743850708		1.6086599302864075		0.34247920624017714		0.6849584124803543
1108		19.600290348986164		1.1931805610656738		1.6486846972465514		0.3968340224266052		0.7936680448532104
1109		19.685075676999986		1.1636580228805542		1.624674326839447		0.3445250031232834		0.6890500062465668
1110		19.74897619301919		1.1647495031356812		1.6185732146167755		0.34583461439609525		0.6916692287921905
1111		19.77719504100969		1.1517165899276733		1.6007284654331206		0.345045995259285		0.69009199051857
1112		19.737884939997457		1.1843345165252686		1.6337359189987182		0.34286759583950044		0.6857351916790009
1113		19.761568868998438		1.142452359199524		1.5962182093048096		0.3407143719911575		0.681428743982315
1114		19.778355318005197		1.1552331447601318		1.607041159324646		0.34071388947963716		0.6814277789592743
1115		19.650436022959184		1.1806215047836304		1.6221149225711822		0.3398147904634476		0.6796295809268952
1116		19.659871983050834		1.1736873388290405		1.6231000090312957		0.3396909901022911		0.6793819802045822
1117		19.68965328199556		1.1539489030838013		1.6157136253643036		0.3714082298994064		0.7428164597988128
1118		19.80541249900125		1.1638472080230713		1.6124827001857758		0.34071837326288223		0.6814367465257645
1119		19.845443219994195		1.1639972925186157		1.6298029134178162		0.3421566813707352		0.6843133627414704
1120		19.846099978953134		1.1523518562316895		1.5996626349544525		0.3450041215419769		0.6900082430839538
1121		19.694047892990056		1.1449609994888306		1.6018772566986084		0.3398530001401901		0.6797060002803802
1122		19.596743587986566		1.1724774837493896		1.6233549419975282		0.33947641834020614		0.6789528366804123
1123		19.479626952961553		1.1532833576202393		1.6066003477573394		0.3449609935760498		0.6899219871520996
1124		19.4351582560339		1.155927300453186		1.6024558152866364		0.339431353020668		0.678862706041336
1125		19.43370708997827		1.173067569732666		1.6322538954544068		0.34386876766681673		0.6877375353336335
1126		19.60465962998569		1.1552759408950806		1.5973773791980743		0.3403150529623032		0.6806301059246064
1127		19.71177884202916		1.1588791608810425		1.6190461755180359		0.3393286933302879		0.6786573866605758
1128		19.659529567987192		1.1392539739608765		1.5908090421867371		0.3406667070865631		0.6813334141731262
1129		19.64325684995856		1.1961040496826172		1.6274136904525758		0.3494484429001808		0.6988968858003616
1130		19.63834288303042		1.1379311084747314		1.596973113670349		0.3430310964345932		0.6860621928691863
1131		19.652153610019013		1.1548997163772583		1.6046272854995727		0.3440214119911194		0.6880428239822388
1132		19.671939648978878		1.1793229579925537		1.6326146445655823		0.33906508840322497		0.6781301768064499
1133		19.620589295052923		1.1580485105514526		1.6190024034404755		0.3400696976065636		0.6801393952131272
1134		19.645025945967063		1.1621077060699463		1.5907901996803284		0.33953379336595535		0.6790675867319107
1135		19.763564403983764		1.1533911228179932		1.609851677236557		0.3389656175851822		0.6779312351703644
1136		19.806307558028493		1.1472138166427612		1.5931141520500183		0.34719188002347945		0.6943837600469589
1137		19.785192671988625		1.1454615592956543		1.6068073204135895		0.3388412033557892		0.6776824067115784
1138		19.78340964403469		1.1600714921951294		1.6033871927642822		0.33843943264484405		0.6768788652896881
1139		19.715507910004817		1.1799755096435547		1.620072189025879		0.3471467047691345		0.694293409538269
1140		19.715816173003986		1.1595449447631836		1.601795597925186		0.34150511429309843		0.6830102285861969
1141		19.675953526981175		1.1373018026351929		1.596389119462967		0.3485877339601517		0.6971754679203034
1142		19.772115444997326		1.166397213935852		1.6019231123161315		0.3390180162668228		0.6780360325336456
1143		19.59489313099766		1.1431602239608765		1.5933793415260316		0.3395294062972069		0.6790588125944138
1144		19.62663286703173		1.1436342000961304		1.587264895219803		0.3385287191390991		0.6770574382781982
1145		19.599258542992175		1.1607420444488525		1.6068152506637574		0.34790934215784075		0.6958186843156815
1146		19.71889614604879		1.1670690774917603		1.6115165084552765		0.33886720212697985		0.6777344042539597
1147		19.504151456989348		1.157002568244934		1.6099298080444335		0.34558033542633054		0.6911606708526611
1148		19.571230631961953		1.1582127809524536		1.6083815211391448		0.3389855178356171		0.6779710356712342
1149		19.567866642959416		1.1428579092025757		1.5878864314365386		0.338338084924221		0.676676169848442
1150		19.727163552015554		1.1339004039764404		1.5953952978038788		0.3417161030054092		0.6834322060108184
1151		19.759030993038323		1.1493356227874756		1.5942484126472474		0.34037093687057496		0.6807418737411499
1152		19.794238534988835		1.125492811203003		1.5854310544395447		0.33969823036193847		0.6793964607238769
1153		19.710985140991397		1.1729557514190674		1.6090381093978883		0.33861998567581175		0.6772399713516235
1154		19.645110910001677		1.1364684104919434		1.59813112616539		0.3390697620153427		0.6781395240306854
1155		19.700462928041816		1.1397631168365479		1.5961691568660736		0.33881141508817675		0.6776228301763535
1156		19.663332186988555		1.1462397575378418		1.6080596542549133		0.33848726485967634		0.6769745297193527
1157		19.717807500972413		1.166819453239441		1.6146594124031066		0.3384565243959427		0.6769130487918854
1158		19.791260272962973		1.1410397291183472		1.5858630368232727		0.3399510885834694		0.6799021771669388
1159		19.706776311970316		1.156492829322815		1.6088441850471498		0.3398196257352829		0.6796392514705658
1160		19.74995259201387		1.1564151048660278		1.5965678431034087		0.34157772768735883		0.6831554553747177
1161		19.790488388040103		1.1381129026412964		1.5906502241706848		0.34208234680891036		0.6841646936178207
1162		19.839101788995322		1.143599510192871		1.593531165189743		0.3484845502138138		0.6969691004276276
1163		19.91489922697656		1.1715518236160278		1.6051722423934935		0.3381199809908867		0.6762399619817734
1164		19.76225601596525		1.154659390449524		1.6034320508384705		0.3384665061712265		0.676933012342453
1165		19.738965735014062		1.148362636566162		1.5906242177677155		0.3464679562926292		0.6929359125852584
1166		19.89692784601357		1.1495676040649414		1.591067164039612		0.3384453769683838		0.6768907539367676
1167		19.864620469044894		1.1434714794158936		1.5890876991462708		0.3381444056034088		0.6762888112068176
1168		19.811934788012877		1.1234010457992554		1.5757353044128417		0.3464269738793373		0.6928539477586746
1169		19.67287041898817		1.1458983421325684		1.5911084532070159		0.3411082831978798		0.6822165663957596
1170		19.680845308990683		1.1574716567993164		1.6072667435836792		0.3378158187508583		0.6756316375017166
1171		19.759065660997294		1.1500723361968994		1.5922216986370086		0.3431966057538986		0.6863932115077972
1172		19.74648925004294		1.151417851448059		1.605048422832489		0.3397746715545654		0.6795493431091308
1173		19.79493089299649		1.1321617364883423		1.5761075415229797		0.3383210213303566		0.6766420426607131
1174		19.823129307013005		1.143204927444458		1.5829391591930388		0.3390933103442192		0.6781866206884384
1175		19.808334607980214		1.1429088115692139		1.6117043188285827		0.337422262442112		0.674844524884224
1176		19.73791450698627		1.1263446807861328		1.5772940835952758		0.3377431644678116		0.6754863289356232
1177		19.688245602010284		1.1284189224243164		1.5759105260372162		0.33750929431915283		0.6750185886383057
1178		19.638826643989887		1.1319409608840942		1.587804392976761		0.35598160042762755		0.7119632008552551
1179		19.550667061004788		1.1396262645721436		1.5855085752010345		0.3376792307972908		0.6753584615945816
1180		19.643568371015135		1.1340577602386475		1.5808214254379271		0.3380121954798698		0.6760243909597397
1181		19.622701661952306		1.134918451309204		1.5872018674945831		0.33750075694322584		0.6750015138864517
1182		19.680557443003636		1.1506779193878174		1.5941434767246245		0.3386546559691429		0.6773093119382858
1183		19.857740531035233		1.1356528997421265		1.5812203885936738		0.33907444738149645		0.6781488947629929
1184		19.877975407987833		1.1321438550949097		1.5865751453781127		0.34035332065820695		0.6807066413164139
1185		19.948534817027394		1.124667763710022		1.5808457573318482		0.35418903081417086		0.7083780616283417
1186		19.739406060951296		1.1393846273422241		1.5974549024486542		0.33918141704797744		0.6783628340959549
1187		19.72642048599664		1.1345911026000977		1.5810632267951965		0.3444629885673523		0.6889259771347046
1188		19.703718341013882		1.1468054056167603		1.5899592203330994		0.33974289591312407		0.6794857918262481
1189		19.75909802102251		1.1335361003875732		1.5930614566898347		0.3375819994688034		0.6751639989376068
1190		19.71605685999384		1.1306575536727905		1.5900510633850098		0.3454910630106926		0.6909821260213852
1191		19.75871999998344		1.1453489065170288		1.5886780155944824		0.3430057367444038		0.6860114734888076
1192		19.796963853004854		1.149605631828308		1.5754828795623779		0.33776221722364425		0.6755244344472885
1193		19.70227499800967		1.1180553436279297		1.5696625704193115		0.3372299363613129		0.6744598727226258
1194		19.773383310995996		1.1349546909332275		1.5889590082263947		0.33800084135532377		0.6760016827106475
1195		19.786685415019747		1.1430915594100952		1.5786134255886077		0.3443501465082169		0.6887002930164338
1196		19.62713319499744		1.1400383710861206		1.5800668240833282		0.33737624092102053		0.6747524818420411
1197		19.726567314006388		1.1299012899398804		1.5787995338916778		0.337614801132679		0.675229602265358
1198		19.78905688499799		1.137422800064087		1.5843212967014313		0.33901830632686614		0.6780366126537323
1199		19.898897245991975		1.1360340118408203		1.579251833600998		0.33773314341306687		0.6754662868261337
1200		19.849920248962007		1.1241549253463745		1.5845611349105835		0.34532614480257035		0.6906522896051407
1201		19.659324412990827		1.1324149370193481		1.592457676448822		0.34010500348806383		0.6802100069761277
1202		19.71117448603036		1.146624207496643		1.581913627462387		0.3397585493803024		0.6795170987606048
1203		19.741094482014887		1.1420015096664429		1.5812281992816926		0.33752358167171476		0.6750471633434295
1204		19.749609711987432		1.147149920463562		1.5984391555023194		0.3373839480757713		0.6747678961515426
1205		19.628502026956994		1.125259280204773		1.5789832240104675		0.3379739166021347		0.6759478332042694
1206		19.65251033299137		1.1153546571731567		1.565577252483368		0.34024596779346467		0.6804919355869293
1207		19.88364845997421		1.1326566934585571		1.581439203710556		0.34269901913404466		0.6853980382680893
1208		19.937034489004873		1.1133737564086914		1.5680388611221314		0.336787197458744		0.673574394917488
1209		20.00920962600503		1.1326673030853271		1.5802951959323883		0.34274537550210954		0.6854907510042191
1210		19.96290369797498		1.1340593099594116		1.5848483354568481		0.33689547669887543		0.6737909533977509
1211		19.918770759017207		1.1342800855636597		1.5776136640644074		0.337206496489048		0.674412992978096
1212		19.786073664959986		1.11259126663208		1.568405187177658		0.33811795644760134		0.6762359128952027
1213		19.746756350970827		1.1443887948989868		1.5714555117511748		0.3403046966314316		0.6806093932628632
1214		19.581185968010686		1.1404067277908325		1.5754905386543274		0.3423888316631317		0.6847776633262634
1215		19.726158631034195		1.1246896982192993		1.5722035979557036		0.3377401345849037		0.6754802691698074
1216		19.92709588201251		1.1304188966751099		1.5731492993450165		0.34922845792770385		0.6984569158554077
1217		80.33359487098642		1.1117076873779297		1.576671548614502		0.3402188150525093		0.6804376301050186
1218		19.69381455902476		1.125656008720398		1.580030685338974		0.33755471866130826		0.6751094373226165
1219		19.647902688011527		1.136257529258728		1.5772377451705932		0.3368990860104561		0.6737981720209122
1220		19.646462694974616		1.119027853012085		1.5696329204750061		0.33819762423038485		0.6763952484607697
1221		19.694425221008714		1.150404930114746		1.5760106027030945		0.3372507050037384		0.6745014100074768
1222		19.57445721194381		1.1344588994979858		1.5660519769191743		0.3394895161509514		0.6789790323019028
1223		19.710481801012065		1.1330292224884033		1.5836285671138763		0.3381505015730858		0.6763010031461716
1224		19.918347024009563		1.124254822731018		1.57072468873024		0.3363950060248375		0.672790012049675
1225		19.704500472988002		1.1433160305023193		1.5728609985160829		0.3368746311426163		0.6737492622852326
1226		19.55585627601249		1.1276265382766724		1.5802751910305024		0.3366888227701187		0.6733776455402374
1227		19.495228661980946		1.1328834295272827		1.5726180389118194		0.3367864224553108		0.6735728449106216
1228		19.57935955002904		1.1457560062408447		1.569988174638748		0.3373658976793289		0.6747317953586578
1229		19.473874519986566		1.1329749822616577		1.5699976735973358		0.35098038594722747		0.7019607718944549
1230		19.554313539003488		1.135599136352539		1.564329167327881		0.3374568648576736		0.6749137297153472
1231		19.576447275001556		1.125206470489502		1.5616827268886566		0.3361956105351448		0.6723912210702896
1232		19.580074858036824		1.1189223527908325		1.5605660103225707		0.3366829013228416		0.6733658026456832
1233		19.698373854975216		1.1230908632278442		1.5780109138298035		0.33946978560686114		0.6789395712137223
1234		19.623009858012665		1.1300688982009888		1.5614945292186737		0.33698327341079715		0.6739665468215943
1235		19.70714376802789		1.1307673454284668		1.5650235484600068		0.33701905785799025		0.6740381157159805
1236		19.60564974701265		1.1330499649047852		1.5698686390209198		0.3361789405465126		0.6723578810930252
1237		19.423489575041458		1.1256141662597656		1.571266723461151		0.33654269149303434		0.6730853829860687
1238		19.634304943028837		1.127168893814087		1.565875674905777		0.33911030386686325		0.6782206077337265
1239		19.698728301969822		1.118584156036377		1.566722827796936		0.3367506902694702		0.6735013805389404
1240		19.776579084980767		1.1330970525741577		1.570659009628296		0.3422230115413666		0.6844460230827332
1241		19.7323479509796		1.1387324333190918		1.5678455367565156		0.3364434544801712		0.6728869089603424
1242		19.781028207973577		1.1229183673858643		1.5748342510128022		0.33769513726234435		0.6753902745246887
1243		19.678361949976534		1.125615119934082		1.5630107641601563		0.3376778566122055		0.675355713224411
1244		19.643960636050906		1.1367015838623047		1.572070992412567		0.3362754417896271		0.6725508835792542
1245		19.706719507987145		1.13840913772583		1.569134213180542		0.33763722846508026		0.6752744569301605
1246		19.610230135032907		1.1263376474380493		1.5667627597522735		0.3394946231484413		0.6789892462968826
1247		19.850234331039246		1.1100600957870483		1.5721512375926971		0.3366085575580597		0.6732171151161194
1248		19.831146245996933		1.119078516960144		1.564311762075424		0.3368096660375595		0.673619332075119
1249		19.85835275996942		1.1338622570037842		1.5652519513320924		0.3433382092475891		0.6866764184951782
1250		19.884241836960427		1.1269243955612183		1.5741108959293366		0.33702648403644564		0.6740529680728913
1251		19.667944699001964		1.1318944692611694		1.5687420834541321		0.33804373087882994		0.6760874617576599
1252		19.63972150796326		1.1388007402420044		1.5803273795890809		0.3359213593125343		0.6718427186250686
1253		19.492714132997207		1.1212345361709595		1.5672501363277436		0.33634680017232893		0.6726936003446579
1254		19.51193036796758		1.116210699081421		1.5643633785820008		0.337174174284935		0.67434834856987
1255		19.559050852025393		1.1144970655441284		1.564466754541397		0.33631020176410675		0.6726204035282135
1256		19.60974276403431		1.1434544324874878		1.5672043267440796		0.3368605539560318		0.6737211079120636
1257		19.567189658991992		1.1315617561340332		1.5553365924930573		0.33743759961128234		0.6748751992225647
1258		19.62041287694592		1.1247563362121582		1.5640812099647523		0.337169006228447		0.674338012456894
1259		19.5192230019602		1.1223145723342896		1.5674692113018036		0.33613431595563886		0.6722686319112777
1260		19.653548945032526		1.1425797939300537		1.5677383487033845		0.3379809573054314		0.6759619146108627
1261		19.763958233001176		1.1127190589904785		1.5555869714069366		0.3419782967567444		0.6839565935134888
1262		19.81295945099555		1.1107553243637085		1.567782853384018		0.3376957860827446		0.6753915721654892
1263		19.813127618981525		1.1117199659347534		1.564268081407547		0.3384075619459152		0.6768151238918304
1264		19.796396475983784		1.1216453313827515		1.5634788544940947		0.33713360576629636		0.6742672115325927
1265		19.82840998400934		1.1106458902359009		1.55602414478302		0.33590958679914473		0.6718191735982895
1266		19.73888378601987		1.1227818727493286		1.5664301354503631		0.33811371842622756		0.6762274368524551
1267		19.578117967001162		1.1144604682922363		1.5536892723083495		0.3373096410155296		0.6746192820310593
1268		19.581268764974084		1.121408224105835		1.5617348885536193		0.33579337183237074		0.6715867436647415
1269		19.544308848970104		1.1262508630752563		1.5648901926612855		0.3357244725227356		0.6714489450454711
1270		19.513374534028117		1.121217131614685		1.5594094494628907		0.33581506160497665		0.6716301232099533
1271		19.683917763992213		1.1348364353179932		1.563689118757248		0.34151123592853544		0.6830224718570709
1272		19.63674925803207		1.117727518081665		1.558503932237625		0.335811966753006		0.671623933506012
1273		19.695877852966078		1.1201914548873901		1.56293857919693		0.33605383508205416		0.6721076701641083
1274		19.68561269302154		1.1316485404968262		1.5659591910171509		0.33615629180669787		0.6723125836133957
1275		19.69701229396742		1.1346197128295898		1.5621586793613433		0.34098511744737625		0.6819702348947525
1276		19.56832769297762		1.1153488159179688		1.5587309726715088		0.3371578289747238		0.6743156579494476
1277		19.523137476993725		1.1166688203811646		1.5651345037269593		0.3391607538104057		0.6783215076208114
1278		19.68003356998088		1.1261603832244873		1.5482836576461791		0.3392220187306404		0.6784440374612808
1279		19.644117009011097		1.1236158609390259		1.557225670595169		0.34534356186389925		0.6906871237277985
1280		19.776775838981848		1.1267575025558472		1.5591760703468323		0.335805238699913		0.671610477399826
1281		19.731023191008717		1.1285079717636108		1.5595463625144959		0.3359635308742523		0.6719270617485046
1282		19.877108834974933		1.111714482307434		1.5534659179592132		0.3371623494267464		0.6743246988534928
1283		19.781167855020612		1.1117606163024902		1.5571633107662202		0.33590769922733305		0.6718153984546661
1284		19.76409951399546		1.1094177961349487		1.5537278642463683		0.33594538811445235		0.6718907762289047
1285		19.776609402964823		1.129077672958374		1.5573294288635253		0.33607390304803847		0.6721478060960769
1286		19.629755355999805		1.12494695186615		1.551811708831787		0.33573681082725526		0.6714736216545105
1287		19.743221594020724		1.1068365573883057		1.5593661800765992		0.3371487612247467		0.6742975224494934
1288		19.676590143993963		1.1116842031478882		1.5544279514503478		0.3357399404168129		0.6714798808336258
1289		19.672668652958237		1.1142818927764893		1.5528760599136353		0.3359913076043129		0.6719826152086258
1290		19.67109999997774		1.1164875030517578		1.5527430450820923		0.3357083746433258		0.6714167492866516
1291		19.887140346050728		1.1020020246505737		1.5534758948898315		0.33586974602937697		0.6717394920587539
1292		19.67574340099236		1.1071293354034424		1.5585450326919557		0.3353932144880295		0.670786428976059
1293		19.648313746030908		1.1137137413024902		1.5572926542282104		0.3357722284317017		0.6715444568634034
1294		19.65890878799837		1.1139436960220337		1.5549422013568879		0.3353397532343864		0.6706795064687728
1295		19.69378951197723		1.1069591045379639		1.5537322987747193		0.3354416094660759		0.6708832189321517
1296		19.714177042013034		1.107513189315796		1.554686483001709		0.3356889261722565		0.671377852344513
1297		19.75323611800559		1.1204241514205933		1.5525781639575957		0.3357389742970467		0.6714779485940934
1298		19.65435292600887		1.1244628429412842		1.5580674218177795		0.335673984503746		0.671347969007492
1299		19.56602287403075		1.1059117317199707		1.5596785813331604		0.33610312430858613		0.6722062486171723
1300		19.452278768992983		1.1338438987731934		1.5523295412063598		0.3356872252702713		0.6713744505405426
1301		19.502236970991362		1.12106454372406		1.5581758662891387		0.33659322929382324		0.6731864585876465
1302		19.61657264898531		1.1139756441116333		1.5530654130458832		0.33636441302299497		0.6727288260459899
1303		19.619783445028588		1.1190379858016968		1.5525838865089416		0.33694413956403735		0.6738882791280747
1304		19.63122130697593		1.118391990661621		1.552943801765442		0.3364499059915543		0.6728998119831086
1305		19.66437113902066		1.126802921295166		1.5544101577091216		0.3384043823122978		0.6768087646245956
1306		19.687977496010717		1.1166867017745972		1.547615134525299		0.3359072276234627		0.6718144552469254
1307		19.693971775996033		1.1173391342163086		1.5477514735031128		0.335301149559021		0.670602299118042
1308		19.604452739993576		1.1130837202072144		1.5539472377967833		0.3357499944806099		0.6714999889612198
1309		19.58910838299198		1.1257812976837158		1.5492420793533326		0.33532079721689223		0.6706415944337845
1310		19.790805071999785		1.1117078065872192		1.555685830307007		0.33536784436702727		0.6707356887340545
1311		19.779461380036082		1.1263337135314941		1.5484298800086975		0.33545368485450744		0.6709073697090149
1312		19.74696459696861		1.1195886135101318		1.5508196018791198		0.33577613356113434		0.6715522671222687
1313		19.799782136979047		1.121219277381897		1.5580548823928833		0.3354492635369301		0.6708985270738602
1314		19.781506875995547		1.1247873306274414		1.5569588782691957		0.33537868918180463		0.6707573783636093
1315		19.772319064009935		1.1253530979156494		1.5483640471172333		0.3354267382621765		0.670853476524353
1316		19.748361086996738		1.1153316497802734		1.551410796022415		0.33531872518062594		0.6706374503612519
1317		19.86968694999814		1.139857292175293		1.5523941125202179		0.3385183627724648		0.6770367255449296
1318		19.802669303957373		1.1115978956222534		1.5479788255882263		0.3364550452232361		0.6729100904464722
1319		19.867251691990532		1.1048474311828613		1.549945993862152		0.33528954198360444		0.6705790839672089
1320		19.954397704976145		1.1079062223434448		1.54729772356987		0.3353371114253998		0.6706742228507996
1321		19.876292611006647		1.0994055271148682		1.5487341651058197		0.3355755122423172		0.6711510244846344
1322		19.870380226988345		1.1214247941970825		1.5499386581325532		0.3352112102150917		0.6704224204301834
1323		19.777214631962124		1.1058515310287476		1.552781437330246		0.3354626190662384		0.6709252381324768
1324		19.677103702968452		1.1220579147338867		1.5487990049362184		0.3360631152629852		0.6721262305259704
1325		19.5724695189856		1.1204023361206055		1.552712542448044		0.3353424732923508		0.6706849465847016
1326		19.623840410960838		1.1264294385910034		1.5493816471576691		0.33726313732862473		0.6745262746572495
1327		19.973356701026205		1.1128654479980469		1.5514442035865783		0.33516153423786166		0.6703230684757233
1328		19.740645250014495		1.1125385761260986		1.5499822687339784		0.3354624789237976		0.6709249578475952
1329		19.682131299981847		1.1063615083694458		1.5483020527362823		0.33524563051462175		0.6704912610292435
1330		19.746184071002062		1.129844307899475		1.5468735128688813		0.3351126151561737		0.6702252303123474
1331		19.670668246981222		1.1100811958312988		1.5485584743595124		0.3353703045248985		0.670740609049797
1332		19.793840819969773		1.111189842224121		1.5460257662963868		0.33583733929395676		0.6716746785879135
1333		19.87273255502805		1.1173259019851685		1.5466902661514281		0.33606471693515777		0.6721294338703155
1334		19.883497035014443		1.1246564388275146		1.5468755882740022		0.33605084894895554		0.6721016978979111
1335		19.911927903012838		1.119033694267273		1.5480857129001617		0.3353713291883469		0.6707426583766938
1336		19.87996001302963		1.1167917251586914		1.5488243808364868		0.33510859788656233		0.6702171957731247
1337		19.809916453028563		1.1042492389678955		1.5518755774116517		0.33508778468370437		0.6701755693674087
1338		19.92438488296466		1.118019938468933		1.5512112415885926		0.33510859488248823		0.6702171897649765
1339		19.78485143801663		1.122260332107544		1.5459573519611358		0.3358659092187882		0.6717318184375763
1340		19.60343678999925		1.1140886545181274		1.5458019689369202		0.33501702176332476		0.6700340435266495
1341		19.60983990697423		1.1096490621566772		1.5438246944141387		0.33507979216575623		0.6701595843315125
1342		19.598724457027856		1.1322139501571655		1.5479240581321716		0.3353555999279022		0.6707111998558044
1343		19.597832889994606		1.1179174184799194		1.5481385488128663		0.3351414900541306		0.6702829801082612
1344		19.542579143017065		1.1257244348526		1.54560638463974		0.3353178241729736		0.6706356483459472
1345		19.656526328995824		1.1003938913345337		1.5529870473766327		0.33543898495435714		0.6708779699087143
1346		19.63660028099548		1.1124107837677002		1.5424874781131745		0.33506351947784424		0.6701270389556885
1347		19.772633204003796		1.1145317554473877		1.5426942701148987		0.3351976677417755		0.670395335483551
1348		19.726006882963702		1.1037520170211792		1.5439190403556824		0.3352527155637741		0.6705054311275482
1349		19.503490253002383		1.0982177257537842		1.546765953950882		0.3349866220474243		0.6699732440948486
1350		19.564757538959384		1.1041743755340576		1.5427327967834472		0.33501104117631914		0.6700220823526383
1351		19.668477297003847		1.1001888513565063		1.545873332414627		0.3361316336989403		0.6722632673978806
1352		19.67583223199472		1.1107646226882935		1.5462218741130829		0.3350384279370308		0.6700768558740616
1353		19.793568452994805		1.121203899383545		1.5451413495349884		0.3351726555943489		0.6703453111886978
1354		19.8174918879522		1.1099073886871338		1.546403099269867		0.34033927470445635		0.6806785494089127
1355		19.707369602983817		1.1195493936538696		1.549049166946411		0.33510164469480513		0.6702032893896103
1356		19.662950880010612		1.0895496606826782		1.5454168070697785		0.33492871561050414		0.6698574312210083
1357		19.754842504975386		1.096961259841919		1.544486778087616		0.33510222491025926		0.6702044498205185
1358		19.636677579022944		1.1192034482955933		1.5423831275653839		0.3349009192109108		0.6698018384218216
1359		19.818780715053435		1.0986276865005493		1.5486444555664063		0.33491511827707293		0.6698302365541459
1360		19.948916410037782		1.1147053241729736		1.5463857863998414		0.3348642327785492		0.6697284655570984
1361		19.87282053398667		1.0940386056900024		1.5426408769130706		0.3348601848244667		0.6697203696489334
1362		19.866451251029503		1.1163643598556519		1.5464137170505523		0.3348987390875816		0.6697974781751632
1363		19.740475275029894		1.1241589784622192		1.5449091961860657		0.334934554207325		0.66986910841465
1364		19.830947222013492		1.1193794012069702		1.5418731677818298		0.33492024800777437		0.6698404960155487
1365		19.816809577983804		1.1098332405090332		1.5418613089561461		0.3351618392944336		0.6703236785888672
1366		19.916616850008722		1.116822600364685		1.5432217572975158		0.3349348477244377		0.6698696954488754
1367		19.75688216998242		1.112383484840393		1.5453272899627686		0.33493321940898896		0.6698664388179779
1368		19.9642117319745		1.107258677482605		1.5392455306911468		0.33528719582557676		0.6705743916511535
1369		19.821418020001147		1.087770938873291		1.5465462726402284		0.3349756407022476		0.6699512814044952
1370		19.749184082029387		1.1027417182922363		1.539622816839218		0.3351016422510147		0.6702032845020294
1371		19.69714559899876		1.1082078218460083		1.5476808647727966		0.334949456346035		0.66989891269207
1372		19.725723051000386		1.1117676496505737		1.5409628433990479		0.33494569463729856		0.6698913892745971
1373		19.545777518011164		1.127361536026001		1.542751027917862		0.3349442973256111		0.6698885946512222
1374		19.662805130006745		1.1129299402236938		1.539155573911667		0.33528598800897597		0.6705719760179519
1375		19.572881516010966		1.1009821891784668		1.542894374818802		0.33489329602718354		0.6697865920543671
1376		19.63035077904351		1.112109661102295		1.5408247900390626		0.33480906965732576		0.6696181393146515
1377		19.679788452980574		1.1192364692687988		1.5450205646324158		0.33492342410087583		0.6698468482017517
1378		19.71331410697894		1.0937155485153198		1.5389729007816315		0.33488905767202376		0.6697781153440475
1379		19.703946938971058		1.1022210121154785		1.5423134798908233		0.33483356196880343		0.6696671239376069
1380		19.54570652602706		1.107608437538147		1.5382255040168762		0.3350614470601082		0.6701228941202164
1381		19.550373304984532		1.1168267726898193		1.5408485206604003		0.3347572874546051		0.6695145749092102
1382		19.695229222008493		1.1116337776184082		1.542944331483841		0.33480489633083343		0.6696097926616669
1383		19.70354367699474		1.0856629610061646		1.5416845041942597		0.3349252649784088		0.6698505299568176
1384		19.64532735501416		1.0975719690322876		1.5368164477348327		0.33499351842403413		0.6699870368480683
1385		19.851471379050054		1.1197320222854614		1.5433949783802032		0.3347457141518593		0.6694914283037185
1386		19.74036381498445		1.123448133468628		1.5374341788959502		0.3349820899605751		0.6699641799211502
1387		19.716826444026083		1.1100826263427734		1.5421902347660064		0.33490246489048003		0.6698049297809601
1388		19.6677591970074		1.1025795936584473		1.544749255771637		0.3348379087567329		0.6696758175134658
1389		19.704985051008407		1.1088231801986694		1.5391639506912231		0.33487231001853945		0.6697446200370789
1390		19.721341855998617		1.10910964012146		1.5401487214279175		0.3348365037679672		0.6696730075359344
1391		19.741535845969338		1.1045255661010742		1.5401707999897003		0.33481507955789563		0.6696301591157913
1392		19.93468329095049		1.1026818752288818		1.5400822822952271		0.3348005896449089		0.6696011792898178
1393		19.97251456300728		1.1255624294281006		1.5346774730205537		0.33477622987031935		0.6695524597406387
1394		19.938273976033088		1.1021759510040283		1.534499555492401		0.33494998713731766		0.6698999742746353
1395		19.737403306993656		1.1073496341705322		1.538473215122223		0.33482798053026197		0.6696559610605239
1396		19.72547384799691		1.1161023378372192		1.5385025185966492		0.3348684431433678		0.6697368862867356
1397		19.71326480899006		1.1009743213653564		1.5409873225212096		0.33494671213626864		0.6698934242725373
1398		19.695396905008238		1.1091240644454956		1.5376377830982209		0.3347447719693184		0.6694895439386368
1399		19.814249959017616		1.108004093170166		1.5374814810466766		0.3348755055904388		0.6697510111808777
1400		19.719054346031044		1.1195273399353027		1.5383686566925048		0.33480805916786194		0.6696161183357239
1401		19.7900492620538		1.097243070602417		1.5382275199127198		0.33482881051301955		0.6696576210260391
1402		19.801961036981083		1.1229641437530518		1.5419526866340638		0.3347947070360184		0.6695894140720368
1403		19.79790182900615		1.116142749786377		1.5411161688804627		0.33491067146062853		0.6698213429212571
1404		19.78662045300007		1.1083587408065796		1.5393041664600373		0.33505095587968825		0.6701019117593765
1405		19.785685693030246		1.126229166984558		1.5403589555835724		0.3349899524331093		0.6699799048662186
1406		19.769290328025818		1.1046819686889648		1.5381340413093567		0.33477661100625994		0.6695532220125199
1407		19.791737466002814		1.1104627847671509		1.5409277767276763		0.3348387589693069		0.6696775179386139
1408		19.79067080898676		1.1083910465240479		1.539456363172531		0.3349303502321243		0.6698607004642486
1409		19.835003846965265		1.123971939086914		1.5364910291194915		0.33476187940835955		0.6695237588167191
1410		19.89474351599347		1.1106085777282715		1.5421413673591613		0.33479945032596586		0.6695989006519317
1411		19.8386167990393		1.1109232902526855		1.540132786064148		0.33482976096868516		0.6696595219373703
1412		19.864040398970246		1.0949344635009766		1.5367701540470122		0.33481135475635526		0.6696227095127105
1413		19.913185157987755		1.108477234840393		1.5363312060260772		0.33481986980438233		0.6696397396087647
1414		19.82292869198136		1.100829839706421		1.537761089143753		0.3347665655493736		0.6695331310987472
1415		19.81177170498995		1.1190937757492065		1.5401203798484802		0.3348216814160347		0.6696433628320694
1416		19.95069076999789		1.1106492280960083		1.5364665090370178		0.3347867117762566		0.6695734235525131
1417		19.847545030002948		1.0970253944396973		1.5395993977069855		0.3348155839800835		0.669631167960167
1418		19.96704202698311		1.0977675914764404		1.536633920316696		0.33475920157432554		0.6695184031486511
1419		19.876358960988		1.1137458086013794		1.5389030267333985		0.33474847576618194		0.6694969515323639
1420		19.732509537949227		1.0930291414260864		1.538362390565872		0.3347625877737999		0.6695251755475998
1421		19.671204015961848		1.1042519807815552		1.5377342335891724		0.3348028521418571		0.6696057042837142
1422		19.723932032007724		1.110958218574524		1.5365849521636963		0.3347466471910477		0.6694932943820954
1423		19.76569707004819		1.1141999959945679		1.535240062828064		0.3348032309412956		0.6696064618825912
1424		19.91650633997051		1.1119765043258667		1.5376477861881257		0.33477174867391585		0.6695434973478317
1425		19.932488878956065		1.0989450216293335		1.5349225856781006		0.3348212593793869		0.6696425187587738
1426		19.99408679001499		1.1079429388046265		1.5374999328899384		0.33475979558229446		0.6695195911645889
1427		19.802656577026937		1.1222585439682007		1.53792434466362		0.3347614906072617		0.6695229812145234
1428		19.74993352999445		1.1062771081924438		1.5372335805606843		0.33479053810834886		0.6695810762166977
1429		19.595601972017903		1.103718876838684		1.5368355044460296		0.33484139643907546		0.6696827928781509
1430		19.635532369022258		1.0959850549697876		1.5385498400211335		0.3348018118262291		0.6696036236524582
1431		19.742616704956163		1.1160537004470825		1.5373684307289124		0.3347545583605766		0.6695091167211532
1432		19.781940416956786		1.0992141962051392		1.5355086415958406		0.3347438595175743		0.6694877190351486
1433		19.89280705800047		1.1089134216308594		1.5391827168655396		0.3347625158905983		0.6695250317811966
1434		19.772633027052507		1.1044700145721436		1.535087891778946		0.3347787820339203		0.6695575640678406
1435		19.581568640016485		1.114278793334961		1.5382488088607789		0.33474369699954987		0.6694873939990997
1436		19.777106564026326		1.117134928703308		1.5366468604183197		0.334738839173317		0.669477678346634
1437		19.835062688973267		1.1108042001724243		1.5372633992767335		0.33475713666677476		0.6695142733335495
1438		19.79735211399384		1.0891408920288086		1.53638194521904		0.33469833934307097		0.6693966786861419
1439		19.71125175000634		1.1100355386734009		1.5377665737628936		0.33473983381986616		0.6694796676397323
1440		19.66759732295759		1.1169682741165161		1.5380512251758576		0.33475776563882825		0.6695155312776565
1441		19.836580608971417		1.1100447177886963		1.5344068702030182		0.3347253909230232		0.6694507818460464
1442		19.904962703003548		1.1049730777740479		1.5331793071174622		0.334756379365921		0.669512758731842
1443		19.98412888601888		1.1077202558517456		1.5334431356716156		0.3347359339356422		0.6694718678712844
1444		19.984091238002293		1.1270867586135864		1.5359046991634369		0.33482570122480393		0.6696514024496079
1445		19.96914012101479		1.1177998781204224		1.5402970993995666		0.3347496172070503		0.6694992344141006
1446		19.791744594986085		1.0936111211776733		1.5352633896541596		0.3347349997639656		0.6694699995279312
1447		19.895577653020155		1.1065664291381836		1.5409899252700805		0.33473257467746736		0.6694651493549347
1448		19.59927653800696		1.096152424812317		1.5363734742069244		0.3347366233468056		0.6694732466936112
1449		19.58800385700306		1.1080127954483032		1.5371755217456817		0.3347360971212387		0.6694721942424774
1450		19.622547651990317		1.12101149559021		1.5360478295898436		0.3347609909772873		0.6695219819545746
1451		19.837149935017806		1.0958257913589478		1.5351616629505158		0.33471417902708056		0.6694283580541611
1452		19.68789054604713		1.0912666320800781		1.5385924641513824		0.3347904880166054		0.6695809760332108
1453		19.754968081018887		1.1235905885696411		1.5338685009670256		0.33473197078704836		0.6694639415740967
1454		19.684993075963575		1.1115840673446655		1.536972528066635		0.33473514028787615		0.6694702805757523
1455		19.73020256595919		1.110748529434204		1.535861942243576		0.3347403318285942		0.6694806636571884
1456		19.8367102300399		1.1065441370010376		1.5355566933631897		0.3347225959539413		0.6694451919078827
1457		19.84062618704047		1.1183198690414429		1.5368171541213989		0.3347550988554954		0.6695101977109909
1458		19.794556294975337		1.1056628227233887		1.5334852682685851		0.3347306283712387		0.6694612567424774
1459		19.946913068008143		1.110211730003357		1.5368113204669953		0.33474750262498854		0.6694950052499771
1460		20.01864049397409		1.1195942163467407		1.5370488356494905		0.33472519141435625		0.6694503828287125
1461		19.815435631026048		1.1088294982910156		1.5348663004684449		0.3347277149915695		0.669455429983139
1462		19.778560246981215		1.114080548286438		1.5334904482173919		0.3347411142706871		0.6694822285413742
1463		19.815101862011943		1.106797218322754		1.5370862302970887		0.3347344867348671		0.6694689734697342
1464		19.933526272012386		1.1084766387939453		1.5341154455280304		0.3347487283706665		0.669497456741333
1465		19.855544959951658		1.0984700918197632		1.537367188949585		0.3347423548460007		0.6694847096920014
1466		19.881398491037544		1.117767095565796		1.5340010852241517		0.33473335028886797		0.6694667005777359
1467		19.88332972303033		1.100772500038147		1.5344923508262633		0.3347354624629021		0.6694709249258042
1468		19.893161147949286		1.1010105609893799		1.535869352493286		0.3347284901499748		0.6694569802999496
1469		19.958821654028725		1.1100609302520752		1.532390318107605		0.3347308743476868		0.6694617486953736
1470		19.813955586985685		1.1019381284713745		1.538228542356491		0.33472549999952317		0.6694509999990463
1471		19.663509945967235		1.1023415327072144		1.5356356518173218		0.3347355355143547		0.6694710710287094
1472		19.65024845500011		1.1023836135864258		1.5316592077732085		0.3347460500717163		0.6694921001434326
1473		19.660300629970152		1.1225985288619995		1.5354073124504088		0.3347284530520439		0.6694569061040878
1474		19.586290345003363		1.1092315912246704		1.533844485244751		0.33473675801754		0.66947351603508
1475		19.619349006039556		1.0993176698684692		1.532648040342331		0.33472460182905195		0.6694492036581039
1476		19.5772452649544		1.1113219261169434		1.5355882258224487		0.33473632613420484		0.6694726522684097
1477		19.80264165898552		1.1117057800292969		1.538299806547165		0.3347261127471924		0.6694522254943848
1478		19.76411383401137		1.1200973987579346		1.5358581441020966		0.33472974328994753		0.6694594865798951
1479		19.68806685996242		1.1081675291061401		1.5382908280467986		0.3347310696721077		0.6694621393442154
1480		19.614683335006703		1.0931235551834106		1.5360208621788025		0.3347317912459373		0.6694635824918747
1481		19.472641428001225		1.101669430732727		1.5381096626758575		0.3347353343963623		0.6694706687927247
1482		19.540908788039815		1.100742220878601		1.53668415391922		0.33473244327306745		0.6694648865461349
1483		19.53960936696967		1.1142477989196777		1.5304623777198791		0.3347353355646133		0.6694706711292266
1484		19.612886437040288		1.1230953931808472		1.5357952578353882		0.3347316511750221		0.6694633023500443
1485		19.731171060993802		1.1141211986541748		1.5365485143756867		0.33472846763134		0.66945693526268
1486		20.030040184035897		1.100114107131958		1.5397901100730895		0.33473288382291794		0.6694657676458359
1487		19.679103025002405		1.1135954856872559		1.5354682235908508		0.3347281967282295		0.669456393456459
1488		19.670173133024946		1.1043956279754639		1.535139820623398		0.33472889417409896		0.6694577883481979
1489		19.666117150045466		1.1132537126541138		1.5342453152561188		0.33472812629938126		0.6694562525987625
1490		19.65832736896118		1.108055830001831		1.534288283700943		0.33472865591049195		0.6694573118209839
1491		19.679356214997824		1.114452600479126		1.5376069021129608		0.3347288835287094		0.6694577670574188
1492		19.741717963013798		1.106392502784729		1.5354992182826996		0.33472895910739897		0.6694579182147979
1493		19.921607377997134		1.1150847673416138		1.5350536546325684		0.33472909836769105		0.6694581967353821
1494		19.804178909980692		1.1050931215286255		1.5327222743797302		0.33472930256128314		0.6694586051225663
1495		19.97530832904158		1.0822771787643433		1.5346595721912384		0.3347287269115448		0.6694574538230896
1496		19.824663219973445		1.1201722621917725		1.5366328372955322		0.3347286670088768		0.6694573340177536
1497		19.851367831986863		1.0977407693862915		1.5321189660072327		0.33472876220941544		0.6694575244188309
1498		19.828747225983534		1.0889941453933716		1.5306470695495606		0.3347287612080574		0.6694575224161148
1499		19.767700048047118		1.1106981039047241		1.535961951570511		0.3347288119196892		0.6694576238393783