Epoch	Duration				Loss Step Train			Loss Full Train			Loss Step Test			Loss Full Test
0		19.275462746008998		16.28913116455078		17.219565555419923		2.624317666053772		5.248635332107544
1		19.74013509901124		16.057605743408203		17.421516109085083		1.858129464149475		3.71625892829895
2		19.735199684015242		12.146669387817383		13.263009630928039		3.088864782142639		6.177729564285278
3		19.838954488019226		13.759258270263672		14.374656769371033		1.133830379295349		2.267660758590698
4		19.86331521201646		20.818016052246094		21.241182262001036		1.1627268898963927		2.3254537797927854
5		19.873701233009342		20.806772232055664		21.154130467300416		1.3774592136383057		2.7549184272766114
6		19.933893914014334		39.02845001220703		37.71212795528412		1.5643544849872588		3.1287089699745176
7		19.652852656989126		36.847530364990234		35.615334068984986		0.997861152458191		1.995722304916382
8		20.026075489993673		37.18826675415039		35.00407180183411		1.0586667094230653		2.1173334188461306
9		19.98940256901551		24.32129669189453		24.80248790458679		1.0120200901985168		2.0240401803970336
10		19.909746304998407		7.918449401855469		12.506880363121033		0.8162138048171997		1.6324276096343995
11		19.833270967996214		7.145755290985107		11.119788899669647		0.6585827665090561		1.3171655330181122
12		19.843161788012367		6.7708306312561035		10.475645992832185		0.8771390467405319		1.7542780934810638
13		19.866218267998192		6.593771934509277		10.070477645168305		0.6584344613552093		1.3168689227104187
14		19.822335809993092		6.18375301361084		9.515175881443025		0.5955593110561371		1.1911186221122743
15		19.90317795201554		5.256175994873047		8.182386636276245		0.5816465854406356		1.1632931708812713
16		19.774143610004103		3.963808059692383		6.323522050170898		0.5958643854618072		1.1917287709236144
17		78.55546053900616		3.195065975189209		5.116659450721741		0.5418233937501907		1.0836467875003815
18		19.94001468998613		2.954525947570801		4.66928520198822		0.500794119143486		1.001588238286972
19		77.09460161300376		3.007823944091797		4.617930420818329		0.5094116559028625		1.018823311805725
20		20.00551098800497		2.7041025161743164		4.242752579193115		0.5237826156854629		1.0475652313709258
21		20.003889898012858		2.6653342247009277		4.173167512340545		0.48313989667892454		0.9662797933578491
22		19.85693043199717		2.632500648498535		4.118498572845459		0.49502597517967223		0.9900519503593445
23		20.034488111006794		2.6307637691497803		4.091123189411164		0.47882850925922393		0.9576570185184479
24		19.824131202010904		2.576833724975586		3.998451809539795		0.573429593372345		1.14685918674469
25		19.76032239498454		2.6130106449127197		4.043886903057098		0.4778229351758957		0.9556458703517914
26		19.953362631000346		2.5162229537963867		3.9076239636039736		0.5250486998558045		1.050097399711609
27		19.86391654299223		2.523502826690674		3.9296470302581787		0.5080360516548157		1.0160721033096314
28		19.750442826974904		2.5191712379455566		3.9088050334358218		0.4901039157152176		0.9802078314304352
29		19.780494059988996		2.458754777908325		3.82037320772171		0.4894116932630539		0.9788233865261078
30		19.820497178006917		2.5482215881347656		3.9218551618003845		0.5081768144369125		1.016353628873825
31		19.88577031600289		2.516829252243042		3.8624250450134276		0.46802025496959687		0.9360405099391937
32		19.942316416010726		2.446078300476074		3.7890280028152468		0.45131764298677446		0.9026352859735489
33		20.063399300997844		2.456352710723877		3.8187306523895264		0.49004328033924105		0.9800865606784821
34		19.74265003099572		2.416334867477417		3.7408359285449984		0.49784299042224883		0.9956859808444977
35		19.74230171801173		2.4462597370147705		3.7712035013389587		0.4348690954446793		0.8697381908893586
36		19.882809328002622		2.4236931800842285		3.7550802768707277		0.4836171418905258		0.9672342837810516
37		19.846681619994342		2.388028144836426		3.6988975771331787		0.4327564900517464		0.8655129801034928
38		20.029166497988626		2.4020583629608154		3.73475516204834		0.5422150555610656		1.0844301111221313
39		19.87909795399173		2.380598306655884		3.707416256561279		0.4474429789066315		0.894885957813263
40		19.847095097997226		2.397449493408203		3.7090336827278136		0.580402690577507		1.160805381155014
41		19.899186197988456		2.3860342502593994		3.698236522941589		0.481552378487587		0.963104756975174
42		19.992418467008974		2.4360849857330322		3.751453235626221		0.4568652284383774		0.9137304568767548
43		19.869718389003538		2.3303210735321045		3.640582475223541		0.4168324543952942		0.8336649087905884
44		19.769140630000038		2.3244705200195312		3.612613173980713		0.44507072660923		0.89014145321846
45		19.78112370602321		2.3092002868652344		3.60453735124588		0.4689064051628113		0.9378128103256226
46		19.908092174009653		2.3783373832702637		3.685348612766266		0.4160168227672577		0.8320336455345154
47		19.795439718989655		2.3171017169952393		3.6033645736694337		0.4120180119276047		0.8240360238552094
48		19.89168160498957		2.3141250610351562		3.5921213222885133		0.4491034853219986		0.8982069706439972
49		19.87786959897494		2.314624071121216		3.622166440525055		0.5280054793834686		1.0560109587669373
50		20.012558862013975		2.315351724624634		3.595221961479187		0.44387298612594606		0.8877459722518921
51		19.844004549988313		2.314523935317993		3.585693701877594		0.4282222269296646		0.8564444538593292
52		19.894176856993		2.267247438430786		3.5194565756034852		0.4044955137729645		0.808991027545929
53		19.905151452985592		2.3111472129821777		3.5822331329536437		0.4010750393986702		0.8021500787973403
54		19.987172711000312		2.259063482284546		3.5142054582881928		0.42987743452787397		0.8597548690557479
55		20.064650415006327		2.2984468936920166		3.577586076154709		0.40201992739439013		0.8040398547887803
56		20.058574544993462		2.2796342372894287		3.556215892791748		0.4203695770025253		0.8407391540050506
57		19.942627111973707		2.2716269493103027		3.5415704843330382		0.47319072721004485		0.9463814544200897
58		19.817914546001703		2.2836484909057617		3.546937960090637		0.42499389533996584		0.8499877906799317
59		19.87212425697362		2.2381246089935303		3.4968109715366364		0.5457409025669098		1.0914818051338195
60		20.053532115998678		2.31298565864563		3.5842667254543303		0.41824453210830687		0.8364890642166137
61		19.982851342996582		2.2651355266571045		3.522250844888687		0.4422090916156769		0.8844181832313538
62		19.865955097979167		2.276648759841919		3.54149615650177		0.39249486954212187		0.7849897390842437
63		19.79368740299833		2.240769386291504		3.491800726118088		0.48996178357601167		0.9799235671520233
64		19.964996949012857		2.2674620151519775		3.527460365524292		0.4120176111340523		0.8240352222681046
65		19.884058588009793		2.247715473175049		3.510838187189102		0.4015214291453362		0.8030428582906723
66		19.799694454006385		2.233455181121826		3.4759905012893677		0.40525040689706804		0.8105008137941361
67		19.80651145099546		2.2371718883514404		3.481492572555542		0.409673588681221		0.819347177362442
68		20.140563238004688		2.222869873046875		3.466359547996521		0.4230985555887222		0.8461971111774444
69		20.02328194398433		2.201831817626953		3.4442195603847505		0.3891883829474449		0.7783767658948898
70		19.78807762998622		2.195805311203003		3.432782723741531		0.4046832764744759		0.8093665529489518
71		19.824810887977947		2.321986436843872		3.5838469318389894		0.3852311755657196		0.7704623511314392
72		19.782154744985746		2.194160223007202		3.438180537986755		0.4014997358560562		0.8029994717121124
73		19.91641054698266		2.211447238922119		3.4455835123348235		0.41443444085121156		0.8288688817024231
74		20.124221556005068		2.203423261642456		3.4456491467285155		0.5357058881282807		1.0714117762565614
75		20.092333787993994		2.203054666519165		3.434228281183243		0.48003029959201815		0.9600605991840363
76		19.86987369399867		2.164008855819702		3.3958476750850677		0.40522112927436826		0.8104422585487365
77		19.863621379015967		2.193539619445801		3.413092967424393		0.3874982215166092		0.7749964430332184
78		19.849190020002425		2.158012628555298		3.377969280166626		0.3821439012527466		0.7642878025054932
79		19.794034905004082		2.1911981105804443		3.4211170045471193		0.4698119165897369		0.9396238331794738
80		19.859036920999642		2.164534568786621		3.3845720814609526		0.5969212850570679		1.1938425701141357
81		19.918750418990385		2.1578829288482666		3.4023821865749357		0.3837886254072189		0.7675772508144378
82		20.025635216996307		2.1405482292175293		3.3561291381454468		0.46243971412181856		0.9248794282436371
83		19.89126512099756		2.161053419113159		3.381069446134567		0.4801748924255371		0.9603497848510743
84		19.972247605008306		2.1726958751678467		3.4007461940288546		0.47723980803489685		0.9544796160697937
85		19.886931348999497		2.1525514125823975		3.3848323587799074		0.3825946631669998		0.7651893263339996
86		19.860800286987796		2.1451103687286377		3.35695368393898		0.38355091767311095		0.7671018353462219
87		19.87575659097638		2.1321723461151123		3.340388362903595		0.3722219617128372		0.7444439234256744
88		19.882964782998897		2.1912124156951904		3.4187485016822814		0.37811711283922195		0.7562342256784439
89		20.054090357996756		2.177077531814575		3.389449061603546		0.4024782790660858		0.8049565581321716
90		19.981596077006543		2.1410398483276367		3.3553429739952088		0.3827597286343575		0.765519457268715
91		19.895876107999356		2.1420047283172607		3.3578192589092253		0.3744359062194824		0.7488718124389648
92		19.885014379018685		2.154630422592163		3.381182037372589		0.47180838034152983		0.9436167606830597
93		19.897541106998688		2.1354048252105713		3.3465646302127836		0.3942800092458725		0.788560018491745
94		19.90917434898438		2.1158618927001953		3.3195526085853575		0.4913653956770897		0.9827307913541794
95		20.003540436009644		2.1307809352874756		3.350379031839371		0.5912964116573334		1.1825928233146668
96		20.017359037999995		2.117548942565918		3.3229868548870085		0.4341148664951324		0.8682297329902648
97		19.89306022800156		2.1521010398864746		3.3626901592350005		0.3630013219833374		0.7260026439666748
98		19.859452511998825		2.1159508228302		3.3134776638317107		0.3828944813370705		0.765788962674141
99		20.03726917898166		2.1169915199279785		3.3344093307685854		0.38467254629135134		0.7693450925827027
100		19.86468130198773		2.1763458251953125		3.3894002625083925		0.37991664934158326		0.7598332986831665
101		19.89543707499979		2.1256446838378906		3.306102964334488		0.3718777022600174		0.7437554045200347
102		19.879852401005337		2.127816915512085		3.334373836631775		0.371859835934639		0.743719671869278
103		19.98413647597772		2.105463743209839		3.2950787224578857		0.3745684956431389		0.7491369912862778
104		20.01829991102568		2.0797119140625		3.289025044164658		0.3844364567875862		0.7688729135751724
105		19.9287667380122		2.1506357192993164		3.351166229839325		0.3652553642511368		0.7305107285022736
106		20.01396656598081		2.079648017883301		3.283451607837677		0.3678889941096306		0.7357779882192612
107		19.890903388994047		2.066840887069702		3.264796385974884		0.38864294875860217		0.7772858975172043
108		20.015723406977486		2.0936639308929443		3.2859140085697174		0.3743441583275795		0.748688316655159
109		20.028691931976937		2.066148281097412		3.2477940665626526		0.3639560384988785		0.727912076997757
110		19.997826636012178		2.0738425254821777		3.2479065693569185		0.36734446380138397		0.7346889276027679
111		20.021166842983803		2.106550455093384		3.288864832496643		0.3812183023095131		0.7624366046190262
112		20.01438737101853		2.067943811416626		3.263213220434189		0.5751712480068206		1.1503424960136412
113		20.082559772010427		2.0674636363983154		3.262873968448639		0.35872436888217923		0.7174487377643585
114		20.072954213013873		2.076183795928955		3.258129262447357		0.3860481631278992		0.7720963262557984
115		20.021907181013376		2.044320821762085		3.221208748626709		0.363974412715435		0.72794882543087
116		19.96561579799163		2.089733362197876		3.2803777284145355		0.37363667093515396		0.7472733418703079
117		19.930703269987134		2.0776286125183105		3.2528112438488006		0.3768862437129021		0.7537724874258042
118		19.944451256014872		2.0736684799194336		3.263922338027954		0.43946898617744445		0.8789379723548889
119		20.040076091012452		2.0607974529266357		3.243711055688858		0.37165770699977874		0.7433154139995575
120		20.15280238899868		2.093966245651245		3.2673020229148864		0.35640957251787186		0.7128191450357437
121		20.18863375901128		2.080800771713257		3.260723803548813		0.3620142426371574		0.7240284852743148
122		20.049686825979734		2.042288303375244		3.210346092643738		0.5524450842142105		1.104890168428421
123		20.26754402401275		2.0497167110443115		3.229147392253876		0.35978518010377886		0.7195703602075577
124		20.21727855099016		2.0403265953063965		3.203665615634918		0.35838588227033613		0.7167717645406723
125		20.051220605004346		2.0883607864379883		3.267511178035736		0.4144400759220123		0.8288801518440246
126		20.078208708000602		2.0585334300994873		3.240306580839157		0.35389409708976743		0.7077881941795349
127		20.04754964899621		2.100844621658325		3.267781939945221		0.4726860294818878		0.9453720589637756
128		20.089957084011985		2.04050612449646		3.2108469447803496		0.35975789431333544		0.7195157886266709
129		20.120452508999733		2.062027931213379		3.235412037830353		0.4002136918783188		0.8004273837566376
130		19.93684603399015		2.0476229190826416		3.216654796295166		0.3768261518716812		0.7536523037433625
131		20.023277316009626		2.036233425140381		3.210096257419586		0.3627852540612221		0.7255705081224442
132		20.189075430011144		2.0442686080932617		3.2090462079429627		0.3552175422787666		0.7104350845575332
133		20.195032959018135		2.0337612628936768		3.2144303883457184		0.3503241269826889		0.7006482539653778
134		20.14568049501395		2.036428689956665		3.191684137554169		0.4261237440228462		0.8522474880456924
135		20.075851436995436		2.04258131980896		3.207000484418869		0.3836984875202179		0.7673969750404358
136		19.999758669000585		1.9953657388687134		3.149161991491318		0.3516328375339508		0.7032656750679016
137		20.047245727997506		2.0265629291534424		3.1925693309307097		0.36045577096939085		0.7209115419387817
138		20.205995413998608		2.034879207611084		3.186224251174927		0.3747213298201561		0.7494426596403122
139		20.143650029000128		2.050086736679077		3.2259521232795714		0.3537277086734772		0.7074554173469544
140		20.059968811023282		2.049452543258667		3.1987129028224945		0.3575165810227394		0.7150331620454788
141		20.160427410999546		2.0431466102600098		3.1959900986099243		0.3769796287059784		0.7539592574119568
142		20.156860999006312		2.005014419555664		3.1558202214717865		0.414698223054409		0.829396446108818
143		20.09805217801477		2.0012102127075195		3.1286453724479677		0.38879129680395125		0.7775825936079025
144		20.085097128001507		2.0320465564727783		3.195551839942932		0.3616048050999641		0.7232096101999282
145		20.224231875006808		2.0138869285583496		3.1725369353485107		0.38104679034948347		0.7620935806989669
146		20.0715249349887		2.0200681686401367		3.178611639289856		0.35456356896162033		0.7091271379232407
147		20.150030839984538		2.026094913482666		3.1744588378238676		0.35936316106319427		0.7187263221263885
148		19.93874783901265		1.986452579498291		3.1237531974983215		0.5024292152166366		1.0048584304332733
149		19.99309353699209		2.0256848335266113		3.169587037153244		0.3537551997065544		0.7075103994131088
150		20.108865079004318		1.9764894247055054		3.1133242495250704		0.3738131472945213		0.7476262945890426
151		20.019982714002253		1.997362732887268		3.1502378288841246		0.36171453815698623		0.7234290763139725
152		20.094635565998033		1.9839160442352295		3.1305077989387513		0.362872161757946		0.725744323515892
153		20.160197680001147		2.000197410583496		3.137407202606201		0.34531148866415023		0.6906229773283005
154		20.111255452997284		1.994598388671875		3.1344883302116395		0.34304620596170426		0.6860924119234085
155		20.08467547199689		2.013408660888672		3.158017212162018		0.34179208775758746		0.6835841755151749
156		20.064130617014598		1.9744690656661987		3.0999261464691164		0.37124916826486587		0.7424983365297317
157		19.95428606099449		1.9717308282852173		3.108005299282074		0.36392835018634795		0.7278567003726959
158		20.213927304022945		1.9799284934997559		3.1074318494129183		0.3716397030711174		0.7432794061422348
159		20.14379762299359		2.005934715270996		3.1539809769821168		0.3729714442372322		0.7459428884744644
160		20.065512180008227		1.9866334199905396		3.1123148747825624		0.41717746073007583		0.8343549214601517
161		20.073563167010434		2.002540349960327		3.1324773215675354		0.5180474766492844		1.0360949532985688
162		20.073975362000056		2.005664587020874		3.154985291185379		0.35819341514110564		0.7163868302822113
163		20.19130182400113		1.969519019126892		3.106032855463028		0.42444303357601165		0.8488860671520233
164		20.225580029014964		1.991989016532898		3.111486255455017		0.38101609157323835		0.7620321831464767
165		20.243611426994903		1.9727251529693604		3.1100156047439573		0.35299943664073946		0.7059988732814789
166		20.222538502013776		2.0202226638793945		3.1490347849369047		0.3476858767986298		0.6953717535972596
167		20.06659210199723		2.031613349914551		3.167582598800659		0.3495407244205475		0.699081448841095
168		20.30999127900577		1.9643579721450806		3.086473185186386		0.35231483284235		0.7046296656847
169		20.179877388989553		1.9825607538223267		3.114843128414154		0.416808470249176		0.833616940498352
170		20.087131781008793		1.9808279275894165		3.1174208319854735		0.5792968247175216		1.1585936494350433
171		20.311691954004345		1.9795732498168945		3.1221692517375947		0.41804074704647065		0.8360814940929413
172		20.23848880402511		1.9757932424545288		3.1134594239902498		0.3784799223899841		0.7569598447799682
173		19.969979721994605		1.984336256980896		3.1078660702705383		0.40611173557043073		0.8122234711408615
174		20.222888085001614		1.9988118410110474		3.1185251433563232		0.3834573705434799		0.7669147410869598
175		20.008396844990784		1.9644980430603027		3.1097165371418		0.34740127415657046		0.6948025483131409
176		19.96045634098118		1.9557732343673706		3.091818687200546		0.42523578927516936		0.8504715785503387
177		20.088038060988765		1.9788860082626343		3.1167997158050538		0.36375372426509855		0.7275074485301971
178		20.108702956989873		1.9613699913024902		3.0883120209121704		0.34805637162923814		0.6961127432584763
179		20.134732105012517		1.9729630947113037		3.089427706489563		0.33656187698841095		0.6731237539768219
180		20.04714023298584		1.9637709856033325		3.085683030166626		0.36498989481925964		0.7299797896385193
181		20.035587491001934		1.9970805644989014		3.11995247551918		0.3433331151366234		0.6866662302732468
182		20.03797035399475		1.9525644779205322		3.090610637578964		0.35476736972332		0.70953473944664
183		20.100109721010085		1.9759550094604492		3.115593320636749		0.3459837443470955		0.691967488694191
184		20.25536255200859		1.9851760864257812		3.1151033735752107		0.3600551693081856		0.7201103386163712
185		20.241793826018693		1.9812321662902832		3.1141676589202882		0.3482688734769821		0.6965377469539642
186		20.01990403799573		1.9521018266677856		3.0683148413658143		0.3880396106958389		0.7760792213916778
187		20.01031779902405		1.9734845161437988		3.096410382680893		0.3390325590491295		0.678065118098259
188		20.108617228019284		1.9823511838912964		3.116956072626114		0.3375589695453644		0.6751179390907288
189		20.081576109980233		1.9686572551727295		3.1028661156368256		0.35099282072782517		0.7019856414556503
190		20.093743607983924		1.9809238910675049		3.094962684221268		0.43049170713424684		0.8609834142684937
191		20.12952875997871		1.9713119268417358		3.0964877579307557		0.4102259581208229		0.8204519162416458
192		20.173397253005533		1.9540513753890991		3.0834531835365295		0.357439074587822		0.714878149175644
193		20.142042099003447		2.0100743770599365		3.1366015704345704		0.3482215065956116		0.6964430131912231
194		20.08181734601385		1.9466485977172852		3.0634155242252348		0.34064667934179305		0.6812933586835861
195		20.162280188000295		1.9542696475982666		3.0667449175453187		0.3398364907622337		0.6796729815244674
196		20.15265384397935		1.9490197896957397		3.0654880548477172		0.3566832774758339		0.7133665549516678
197		20.251666538999416		1.9588221311569214		3.0734116477680207		0.34537138413190843		0.6907427682638169
198		20.156785758998012		1.9725100994110107		3.086417763261795		0.34193224723339083		0.6838644944667817
199		20.154603398987092		1.9706101417541504		3.0990510611915587		0.36959177819490435		0.7391835563898087
200		20.214038721984252		1.9510759115219116		3.0708545366859434		0.35863173174858093		0.7172634634971619
201		20.11729930600268		1.9746657609939575		3.091611328830719		0.3915735690236092		0.7831471380472184
202		20.2441013380012		1.9570133686065674		3.071495974998474		0.34157786880731583		0.6831557376146317
203		19.998501706984825		1.9309388399124146		3.0485806768512727		0.3418409939885139		0.6836819879770278
204		19.947095426992746		1.9661473035812378		3.090822975893021		0.438230896627903		0.876461793255806
205		20.025149148976197		1.9553577899932861		3.0804952565956114		0.34117100830078123		0.6823420166015625
206		20.177623997995397		1.966472864151001		3.0845919822216032		0.3335971630454063		0.6671943260908126
207		20.168187434988795		1.9526137113571167		3.073358514032364		0.34819383397102355		0.6963876679420471
208		20.20813747300417		1.940643548965454		3.062909392118454		0.368715482711792		0.737430965423584
209		20.058511072973488		1.9453303813934326		3.0675400548267366		0.3378038439869881		0.6756076879739762
210		19.93180411600042		1.949489951133728		3.062396081762314		0.3329203959107399		0.6658407918214798
211		20.00712499700603		1.9872238636016846		3.103785241689682		0.34560795292854307		0.6912159058570861
212		20.032894714997383		1.9712750911712646		3.087477697315216		0.34647367768287657		0.6929473553657531
213		20.180253255995922		1.9502266645431519		3.068445817308426		0.34088901851177217		0.6817780370235443
214		19.958097183989594		2.035576105117798		3.16098356303215		0.3384690986633301		0.6769381973266602
215		20.014956533996155		1.9648661613464355		3.078298832769394		0.3369744795084		0.6739489590168
216		20.12463618000038		1.929336667060852		3.040555789604187		0.3745650175690651		0.7491300351381301
217		20.140713400003733		1.9573802947998047		3.075579712219238		0.456926394033432		0.913852788066864
218		20.201344804023392		1.984490156173706		3.1185051135349275		0.35287746490240096		0.7057549298048019
219		20.130138401000295		1.9160449504852295		3.0126990347099305		0.394200844669342		0.788401689338684
220		20.136654719011858		1.9605716466903687		3.0861679294490814		0.4382086980938911		0.8764173961877822
221		20.21838142198976		1.9367011785507202		3.054991382341385		0.4231347354054451		0.8462694708108902
222		20.1730314049928		1.9370853900909424		3.0624221464824677		0.3479780225992203		0.6959560451984406
223		20.11510079400614		1.9560283422470093		3.069840371208191		0.40563612828254697		0.8112722565650939
224		19.990636289992835		1.972693681716919		3.107014574508667		0.33892493485212327		0.6778498697042465
225		19.968018974992447		1.9321284294128418		3.053962214727402		0.349559281873703		0.699118563747406
226		19.986678009008756		1.940300464630127		3.052031939306259		0.35534147617816925		0.7106829523563385
227		20.084522609977284		1.9834052324295044		3.09533972946167		0.36908449853658676		0.7381689970731735
228		20.12685786600923		1.9315361976623535		3.038193641471863		0.3457209453701973		0.6914418907403946
229		19.98771728097927		1.9887621402740479		3.095912388906479		0.3346888727426529		0.6693777454853058
230		20.187114554981235		1.9780285358428955		3.0874861649227143		0.340868491756916		0.681736983513832
231		20.093806896999013		1.9594874382019043		3.0888975279140474		0.36315136321783065		0.7263027264356613
232		20.207811314990977		1.9829550981521606		3.095835258617401		0.34636457639932633		0.6927291527986527
233		20.10550242397585		1.9297605752944946		3.0413140401172636		0.338404376912117		0.676808753824234
234		19.918165804003365		1.9591355323791504		3.0662754555797576		0.33139756544828414		0.6627951308965683
235		19.975433838990284		1.9318101406097412		3.039100215930939		0.36067079445123673		0.7213415889024735
236		20.202324748999672		1.944663405418396		3.072814872932434		0.3382182649493217		0.6764365298986434
237		20.244574814016232		1.9359136819839478		3.061509939403534		0.33658201575279234		0.6731640315055847
238		20.28343643801054		1.9309444427490234		3.058829129228592		0.36934265483617784		0.7386853096723557
239		20.235027520975564		1.9514230489730835		3.0788306410980226		0.33821276457309724		0.6764255291461945
240		20.011214394005947		1.940085768699646		3.064129047212601		0.36187575784921644		0.7237515156984329
241		20.022897313028807		1.954326868057251		3.064549677906036		0.3909512305259705		0.781902461051941
242		19.897585400991375		1.940261960029602		3.0574911250400545		0.3350115653514862		0.6700231307029724
243		20.137958697014255		1.9776997566223145		3.0851504607582094		0.5080109212636947		1.0160218425273895
244		20.183477620012127		1.9355368614196777		3.0567770852851868		0.3492504695773125		0.698500939154625
245		20.245495076000225		1.9561458826065063		3.0697770390892027		0.33877319880723955		0.6775463976144791
246		20.24970651397598		1.9576013088226318		3.072746886634827		0.43977612538337707		0.8795522507667541
247		20.279281664988957		1.9351617097854614		3.034088327302933		0.3326755480647087		0.6653510961294175
248		20.31345887298812		1.951995849609375		3.0625466590213777		0.3342149053096771		0.6684298106193542
249		20.239525932993274		1.9451556205749512		3.0516658812522888		0.33861530845165255		0.6772306169033051
250		20.115236893005203		1.9633909463882446		3.076743837556839		0.36814726238250733		0.7362945247650147
251		20.014722232997883		1.942459225654602		3.045310971021652		0.3369611882686615		0.673922376537323
252		20.085267534013838		1.9741218090057373		3.0930055927371978		0.3459771140098572		0.6919542280197144
253		20.037183318985626		1.9426243305206299		3.048107530965805		0.3655177519083023		0.7310355038166046
254		19.919634457008215		1.9384983777999878		3.056952716770172		0.3444126958847046		0.6888253917694092
255		19.87813764400198		1.9527325630187988		3.0721864166259767		0.3410710577726364		0.6821421155452728
256		19.878382914001122		1.9277952909469604		3.0382054639053346		0.353888706099987		0.707777412199974
257		20.008792570995865		1.9549058675765991		3.074994247112274		0.33208876415491106		0.6641775283098221
258		20.088634232000913		1.9461348056793213		3.055815360212326		0.3480155029654503		0.6960310059309006
259		19.996770244993968		1.9684945344924927		3.084597656908035		0.3588438084602356		0.7176876169204712
260		19.94264352499158		1.9563729763031006		3.066465263566971		0.3442758554339409		0.6885517108678818
261		20.069155681994744		1.918238878250122		3.029637544898987		0.4194071842908859		0.8388143685817718
262		20.11494780299836		1.9942286014556885		3.1031515726470946		0.3308921628832817		0.6617843257665634
263		19.877372623974225		1.9272085428237915		3.0348132019138334		0.33213360902071		0.66426721804142
264		20.00555731798522		1.9744776487350464		3.0822780508613588		0.529535858464241		1.059071716928482
265		19.967487267014803		1.9386180639266968		3.0599432852554322		0.329903171813488		0.659806343626976
266		20.01697473000968		1.9302202463150024		3.0569149376201628		0.345973900949955		0.69194780189991
267		19.98884858400561		1.9440580606460571		3.0486181304359437		0.37187511131763457		0.7437502226352691
268		19.972864602983464		1.935327172279358		3.04699667593956		0.36475482861995695		0.7295096572399139
269		20.024585457984358		1.9397355318069458		3.0474531594371794		0.38115220971107483		0.7623044194221497
270		20.11931672898936		1.9428757429122925		3.060625175895691		0.42455992914438245		0.8491198582887649
271		20.163586759997997		1.9332033395767212		3.0430379146957396		0.3562223671197891		0.7124447342395782
272		20.15517836197978		1.937044620513916		3.052098906650543		0.33518003113269806		0.6703600622653961
273		20.107441975007532		1.9374035596847534		3.049794659900665		0.40862073196172716		0.8172414639234543
274		20.15640477501438		1.9550457000732422		3.0704788440513613		0.3445630735039711		0.6891261470079422
275		20.17234554499737		1.943248987197876		3.0614768338108065		0.3577068146467209		0.7154136292934418
276		20.22374873101944		1.9313275814056396		3.0207205735206606		0.33288468990325926		0.6657693798065185
277		20.084074798971415		1.9614514112472534		3.0702458848285676		0.347130411028862		0.694260822057724
278		20.22192506500869		1.946384310722351		3.06269305480957		0.34676109043359754		0.6935221808671951
279		20.260983347019646		1.939294695854187		3.0358118909835814		0.43713512952327727		0.8742702590465545
280		20.16546232701512		1.9100275039672852		3.018325268154144		0.35523262547254564		0.7104652509450913
281		19.990617267991183		1.9825392961502075		3.1011349017906187		0.32793266332149507		0.6558653266429901
282		20.05095906299539		1.9305341243743896		3.040368694934845		0.3330535609722137		0.6661071219444274
283		20.10101602098439		1.926672339439392		3.0402914573383333		0.3331545778274536		0.6663091556549072
284		19.985423934005667		1.9176266193389893		3.0270763880348204		0.34421180773973464		0.6884236154794693
285		19.967653008992784		1.9421985149383545		3.059490414171219		0.33264685736894606		0.6652937147378921
286		19.96795715400367		1.9215317964553833		3.0403638551235197		0.36231365319490433		0.7246273063898087
287		19.99160948698409		1.9499152898788452		3.0671979560947418		0.33247619240283965		0.6649523848056793
288		19.98207322601229		1.9398428201675415		3.042843629961014		0.3450807216525078		0.6901614433050156
289		19.944462245010072		1.973366618156433		3.0855013989639284		0.37146456532478334		0.7429291306495667
290		20.00809220399242		1.918300986289978		3.0174958308887483		0.3684091743707657		0.7368183487415314
291		19.972080172010465		1.9060672521591187		3.0061529148578643		0.34188027019500733		0.6837605403900147
292		20.006040270993253		1.921005368232727		3.0237232846164703		0.338813727915287		0.677627455830574
293		20.03337505500531		1.9105160236358643		3.0185290445041657		0.3612359973311424		0.7224719946622848
294		19.988734102982562		1.951244592666626		3.0681071508693694		0.3448089084148407		0.6896178168296814
295		20.186710615002085		1.914676547050476		3.0271451409721375		0.3547712011575699		0.7095424023151398
296		20.018352592014708		1.934141993522644		3.0446170832538604		0.36691869336366656		0.7338373867273331
297		20.038853770005517		1.952199935913086		3.057754707136154		0.34809483902454375		0.6961896780490875
298		20.084588174999226		1.9547399282455444		3.066061632566452		0.33326295129060746		0.6665259025812149
299		20.186528933991212		1.9420214891433716		3.046908868894577		0.4583652091026306		0.9167304182052612
300		20.20083942101337		1.9493165016174316		3.062557801370621		0.3363200838685036		0.6726401677370072
301		20.14614512299886		1.9229227304458618		3.0209596845817566		0.33134313144683836		0.6626862628936767
302		19.92837589199189		1.925626516342163		3.0323609022426603		0.35301431374549863		0.7060286274909973
303		19.993276798981242		1.9276012182235718		3.0403507311916353		0.43481125342845917		0.8696225068569183
304		19.903824262990383		1.9200637340545654		3.026112536687851		0.3259250115990639		0.6518500231981278
305		19.938846814999124		1.9284499883651733		3.0370398492622375		0.4282953551769257		0.8565907103538514
306		20.02135340499808		1.9371732473373413		3.0586160703945158		0.34046060106754306		0.6809212021350861
307		20.103371658013202		1.9420268535614014		3.057966794233322		0.36649106283187866		0.7329821256637573
308		20.049681154981954		1.9474537372589111		3.054059458217621		0.34746605439186096		0.6949321087837219
309		20.005618677008897		1.9112087488174438		3.0254135369873048		0.3296373341202736		0.6592746682405471
310		20.09618329501245		1.9353108406066895		3.0446483728408813		0.3554373867750168		0.7108747735500336
311		20.06690214300761		1.9588145017623901		3.0736221834182738		0.3291011327624321		0.6582022655248642
312		20.013868445006665		1.9211313724517822		3.0151651652145386		0.32980903327465055		0.6596180665493011
313		19.94292373402277		1.9255616664886475		3.0247824717998504		0.3785892565727234		0.7571785131454468
314		20.141918793990044		1.9464529752731323		3.0471532938480377		0.393447936296463		0.786895872592926
315		20.13912807300221		1.924591302871704		3.03769253575325		0.3335669334411621		0.6671338668823242
316		20.184362612024415		1.8999313116073608		2.998939665222168		0.3570618527531624		0.7141237055063248
317		19.999475830001757		1.9379606246948242		3.057627747974396		0.38418115919828416		0.7683623183965683
318		20.090520410012687		1.9209153652191162		3.034073322725296		0.39091580200195314		0.7818316040039063
319		20.101012439990882		1.9256796836853027		3.020518269472122		0.3462510766506195		0.692502153301239
320		20.118636814993806		1.9411221742630005		3.0413235035610198		0.3414869078397751		0.6829738156795502
321		19.987663017993327		1.9168471097946167		3.0279730305290222		0.36076633019447324		0.7215326603889465
322		19.89728381400346		1.8924205303192139		3.000230409030914		0.3290264816045761		0.6580529632091522
323		20.029703852982493		1.9099351167678833		3.0185066252803803		0.3311129815340042		0.6622259630680084
324		20.145371541992063		1.9287551641464233		3.0396580314159394		0.32322495460510253		0.6464499092102051
325		20.182157647010172		1.9447917938232422		3.0478476181793215		0.3929071504473686		0.7858143008947372
326		20.146724666003138		1.9636138677597046		3.077294642686844		0.3336981054663658		0.6673962109327316
327		19.974671542004216		1.9095920324325562		3.0077618649196625		0.35428907363414763		0.7085781472682953
328		20.04651003400795		1.9158374071121216		3.0238130860424044		0.388568568277359		0.777137136554718
329		20.130467755981954		1.9385108947753906		3.0605010866737365		0.34501036454439166		0.6900207290887833
330		19.9624698710104		1.9184130430221558		3.0303967388153077		0.515122550034523		1.030245100069046
331		19.924169040983543		1.913451075553894		3.0208090553474425		0.3830054040670395		0.766010808134079
332		19.892918716999702		1.905936360359192		3.013209303560257		0.32964680646657946		0.6592936129331589
333		19.947245913004735		1.9115362167358398		3.0309552657794954		0.36960407967567444		0.7392081593513489
334		20.061120458994992		1.8997992277145386		3.0006929422950743		0.38712263362407684		0.7742452672481537
335		20.134288520988775		1.9050889015197754		3.0154751579380035		0.32921834945678713		0.6584366989135743
336		20.04418426702614		1.904868721961975		3.008020253582001		0.3329680934071541		0.6659361868143082
337		20.213266812002985		1.9007648229599		3.0030612570953368		0.3602631998300552		0.7205263996601105
338		19.980185094987974		1.9152772426605225		3.0037824831199647		0.32562540422677994		0.6512508084535599
339		19.872853705019224		1.9479204416275024		3.06276204202652		0.3372472048997879		0.6744944097995758
340		19.94764165999368		1.8826662302017212		2.9865306825637816		0.3344147001028061		0.6688294002056122
341		20.009642769000493		1.9132699966430664		3.0234152558517455		0.33497010116577147		0.6699402023315429
342		19.895585580001352		1.9310417175292969		3.03978613615036		0.32532900784015656		0.6506580156803131
343		19.959541914984584		1.9130468368530273		3.0050399008369446		0.32126050000190737		0.6425210000038147
344		20.140250909986207		1.9215890169143677		3.030229296579361		0.325232944893837		0.650465889787674
345		20.161163544020383		1.9101051092147827		3.014009853839874		0.3221315990924835		0.644263198184967
346		20.19264619698515		1.9400088787078857		3.047797606201172		0.3691256049394607		0.7382512098789215
347		20.184612190001644		1.912919521331787		3.01389533864975		0.3350192717432976		0.6700385434865952
348		20.14311730398913		1.9131247997283936		3.0147703926086424		0.3602507622241974		0.7205015244483948
349		19.969504439010052		1.9128869771957397		3.0027421416568756		0.33310000121593475		0.6662000024318695
350		20.167846665979596		1.9160767793655396		3.0111622549438475		0.34130819034576415		0.6826163806915283
351		19.974842702999013		1.9337894916534424		3.037048795413971		0.3385067925930023		0.6770135851860046
352		20.0188675840036		1.9189468622207642		3.029374398851395		0.38232201001644134		0.7646440200328827
353		20.10258911899291		1.9059518575668335		3.010872340888977		0.3191341177940369		0.6382682355880738
354		20.140120725991437		1.9280498027801514		3.0294181024360656		0.41941960361003877		0.8388392072200775
355		20.139214377995813		1.929438829421997		3.044164526948929		0.346060264647007		0.692120529294014
356		20.17308172400226		1.9266281127929688		3.0314017540836335		0.33888368604183194		0.6777673720836639
357		20.241178983997088		1.9066236019134521		3.0151842701244354		0.33154577889442444		0.6630915577888489
358		20.10033850002219		1.893410086631775		3.00246967625618		0.3731631880044937		0.7463263760089874
359		19.962296275014523		1.9225093126296997		3.0239402023983		0.3427725785970688		0.6855451571941376
360		19.90781057300046		1.9286140203475952		3.026977542629242		0.33918833943605425		0.6783766788721085
361		20.052529389009578		1.908442735671997		2.999582748718262		0.3503445582866669		0.7006891165733338
362		20.205054873018526		1.9014196395874023		2.9878848536777496		0.38007108405828477		0.7601421681165695
363		20.113008389016613		1.9320722818374634		3.036921528959274		0.328687623155117		0.657375246310234
364		20.154717817000346		1.89541757106781		2.99722347577095		0.3219821277856827		0.6439642555713654
365		19.954835186013952		1.8956804275512695		2.984543483057022		0.3350993410110474		0.6701986820220948
366		19.949242514994694		1.9256213903427124		3.0341965518569944		0.35689194778203964		0.7137838955640793
367		19.959200258017518		1.8967851400375366		2.9939713419914247		0.43251944036483764		0.8650388807296753
368		19.918557413009694		1.927189826965332		3.038160997772217		0.3471508196592331		0.6943016393184662
369		20.18589277699357		1.9252201318740845		3.032181400203705		0.3601116727590561		0.7202233455181122
370		20.170641887001693		1.9429148435592651		3.046416745080948		0.3282013828039169		0.6564027656078338
371		19.913826443022117		1.9266489744186401		3.0266981459331515		0.36823306560516356		0.7364661312103271
372		20.10865448199911		1.8964074850082397		2.980766937541962		0.431904928791523		0.863809857583046
373		20.136166790005518		1.898706078529358		2.9871399507045746		0.5265792257070542		1.0531584514141084
374		20.17504309301148		1.893766164779663		2.991557552499771		0.34200755676031114		0.6840151135206223
375		20.172873089002678		1.9041578769683838		2.998348530244827		0.31949552932977676		0.6389910586595535
376		20.125853259989526		1.8906556367874146		2.984344678249359		0.3293244917631149		0.6586489835262298
377		20.00588250599685		1.9136508703231812		3.011000179376602		0.3398133057951927		0.6796266115903854
378		20.096833718998823		1.976981520652771		3.0835149277210236		0.3204221192121506		0.6408442384243012
379		20.195860506995814		1.903302550315857		2.991480934047699		0.3310791297316551		0.6621582594633102
380		20.128246040985687		1.9561076164245605		3.046720198364258		0.32597575752735136		0.6519515150547027
381		20.191770223987987		1.881650686264038		2.96719183760643		0.3376097250938416		0.6752194501876831
382		20.197409142012475		1.8880857229232788		2.9841040506076815		0.3248542381286621		0.6497084762573242
383		20.065167696011486		1.9009071588516235		3.019153434314728		0.3942938933849335		0.788587786769867
384		20.091207869001664		1.9091814756393433		3.007381811237335		0.32866649363040923		0.6573329872608185
385		20.01471709299949		1.902398705482483		2.998785928106308		0.327889257645607		0.655778515291214
386		20.01374077401124		1.9424800872802734		3.049787962837219		0.35060761836767196		0.7012152367353439
387		20.085310513997683		1.913095235824585		3.000773130979538		0.33674020582437514		0.6734804116487503
388		20.026910835003946		1.9154434204101562		3.023665467643738		0.38656101496219636		0.7731220299243927
389		20.00048657201114		1.9259374141693115		3.0234715147304536		0.32774727210998533		0.6554945442199707
390		19.96986833200208		1.920220136642456		3.0062174206638335		0.3291410585641861		0.6582821171283721
391		19.873330175003503		1.8874461650848389		2.980672856941223		0.3412859222054482		0.6825718444108964
392		19.978681684995536		1.9060722589492798		3.0196645857715607		0.33496685625314715		0.6699337125062943
393		20.05450722601381		1.899600863456726		3.0088630870056154		0.320144929420948		0.640289858841896
394		19.968218174995854		1.8910129070281982		2.9850861540412903		0.39105357216596603		0.7821071443319321
395		19.955172604997642		1.9301401376724243		3.043165960187912		0.322781172311306		0.645562344622612
396		20.053084790997673		1.9155138731002808		3.0171557554244997		0.32227278769016265		0.6445455753803253
397		19.980485410022084		1.896665096282959		2.997084433345795		0.33211966906785967		0.6642393381357193
398		19.91667647199938		1.9279981851577759		3.025124022369385		0.3440033632516861		0.6880067265033722
399		20.069372757017845		1.8844435214996338		2.9647132947921753		0.37302158625125886		0.7460431725025177
400		19.963094417995308		1.887131929397583		2.9966612067604066		0.32711845531463624		0.6542369106292725
401		20.006355232995702		1.9062306880950928		2.9998081821250917		0.3368242490768433		0.6736484981536865
402		20.02488379899296		1.9013721942901611		2.9940906761169432		0.3225438505291939		0.6450877010583878
403		20.208602211001562		1.8967047929763794		2.9873420625305176		0.3480444573521614		0.6960889147043228
404		19.983041044994025		1.8994650840759277		3.003426945285797		0.3762853748321533		0.7525707496643066
405		19.933983652997995		1.9262076616287231		3.0295656370258333		0.33751468986272815		0.6750293797254563
406		19.95476583900745		1.9559326171875		3.0617098833751677		0.3877440283536911		0.7754880567073822
407		19.944898164016195		1.913390874862671		3.02615931681633		0.3297659268021584		0.6595318536043168
408		20.006644063978456		1.9112075567245483		3.005125886449814		0.34122050700187684		0.6824410140037537
409		19.972169023996685		1.9034532308578491		2.994782505903244		0.35072144565582275		0.7014428913116455
410		19.943187824013876		1.9308658838272095		3.019207607889175		0.3179763941526413		0.6359527883052826
411		19.94064648699714		1.8723891973495483		2.9592381779193877		0.334833570587635		0.66966714117527
412		20.114294070983306		1.8887028694152832		2.9811062132549284		0.3157402924537659		0.6314805849075318
413		20.144314557983307		1.9212766885757446		3.0119378764247893		0.44111370708942416		0.8822274141788483
414		20.06234322997625		1.916966199874878		3.0056415811252593		0.3322390622377396		0.6644781244754792
415		19.96344968798803		1.8949596881866455		2.981854071807861		0.3774233822822571		0.7548467645645142
416		20.02466481900774		1.8867586851119995		2.9896404757022856		0.35775093463659285		0.7155018692731857
417		19.98556065498269		1.8967299461364746		2.9868266994285584		0.32427287509441377		0.6485457501888275
418		20.042391105002025		1.8913075923919678		2.9843252910900118		0.34573564745187757		0.6914712949037551
419		20.001072101993486		1.9033374786376953		2.983931609535217		0.32563673927783965		0.6512734785556793
420		20.08217676600907		1.8886213302612305		2.9879681005573273		0.3321266790628433		0.6642533581256866
421		20.03880238698912		1.88517427444458		2.976264816570282		0.3200901401042938		0.6401802802085876
422		20.09775034399354		1.8859894275665283		2.9769349654102326		0.3857720259666443		0.7715440519332886
423		20.141733092983486		1.9124459028244019		3.006827804956436		0.35646488914489743		0.7129297782897949
424		20.192805400991347		1.8840327262878418		2.9869732286930084		0.34394694520235064		0.6878938904047013
425		20.199316155019915		1.9062395095825195		3.0145965995502473		0.3452371236920357		0.6904742473840714
426		20.193787355005043		1.898322343826294		2.990204683609009		0.31979612922668454		0.6395922584533691
427		20.178919956990285		1.902186393737793		2.989469539670944		0.3787320523262024		0.7574641046524048
428		20.14552886202		1.9020518064498901		3.0039939768505097		0.3280385801792145		0.656077160358429
429		20.107353332976345		1.884622573852539		2.975656873703003		0.3294564391732216		0.6589128783464432
430		19.90200040099444		1.9086543321609497		3.0033808549118044		0.3313783522725105		0.662756704545021
431		19.895414702012204		1.883089542388916		2.958741609354019		0.33634252789020536		0.6726850557804107
432		19.925560228002723		1.9009053707122803		2.998829783849716		0.3549099503278732		0.7098199006557464
433		19.925408670998877		1.8977669477462769		2.9772788943862913		0.3504481629371643		0.7008963258743286
434		19.934156713978155		1.9174730777740479		2.9989671632099153		0.32004127770662305		0.6400825554132461
435		20.051195050997194		1.891895055770874		2.980957668943405		0.3481076420903206		0.6962152841806412
436		20.068106743012322		1.9246747493743896		3.0209180615997315		0.3335037498354912		0.6670074996709824
437		20.083271464012796		1.8748749494552612		2.9636546120738982		0.3474085314750671		0.6948170629501342
438		19.87704996901448		1.9012717008590698		2.9970259915542603		0.32994176678657533		0.6598835335731507
439		19.843676681019133		1.8909058570861816		2.987601127872467		0.32240734885931016		0.6448146977186203
440		20.078180895012338		1.8980393409729004		2.9920079374217985		0.3192382133722305		0.638476426744461
441		20.17288714199094		1.9062477350234985		2.999578734464645		0.32030872068405153		0.6406174413681031
442		20.12912203799351		1.8820396661758423		2.96569950422287		0.33029503738880156		0.6605900747776031
443		20.180917446006788		1.9193507432937622		3.0041416496753692		0.3276513857126236		0.6553027714252472
444		20.198397993983235		1.8664252758026123		2.938381720342636		0.34638811078071596		0.6927762215614319
445		20.200984953000443		1.8899006843566895		2.9867561244487764		0.33362303647994995		0.6672460729598999
446		20.13975210400531		1.8700389862060547		2.971480320520401		0.35657768881320956		0.7131553776264191
447		20.082161764992634		1.889251947402954		2.983476026945114		0.31888898795843124		0.6377779759168625
448		20.034735691006063		1.889295220375061		2.9837532855415345		0.33331268608570097		0.6666253721714019
449		20.063739854987944		1.888424038887024		2.9810755777168274		0.3525509669423103		0.7051019338846206
450		20.016020318988012		1.86491060256958		2.955053555088043		0.38107136592864993		0.7621427318572999
451		19.94837838501553		1.8909916877746582		2.9710530678749083		0.33235124804973604		0.6647024960994721
452		19.942268844984937		1.8929851055145264		2.9726526191520692		0.3380154009461403		0.6760308018922806
453		20.02290645398898		1.9029659032821655		3.0112503092098235		0.4306636981487274		0.8613273962974548
454		20.06547200900968		1.864505410194397		2.9593667004966737		0.373595675611496		0.747191351222992
455		20.003727512987098		1.8881642818450928		2.9767684866142274		0.3180396043419838		0.6360792086839676
456		20.124774964002427		1.905211329460144		2.9917502722454072		0.3306625333428383		0.6613250666856766
457		20.17406908000703		1.8776639699935913		2.9636805013370515		0.3398169757604599		0.6796339515209198
458		20.159448179008905		1.917112946510315		3.007453132314682		0.33745722905397413		0.6749144581079483
459		20.128186638990883		1.901742935180664		2.9918543382453917		0.32246054968833926		0.6449210993766785
460		20.105150858988054		1.904722809791565		2.9972622050571442		0.3195166929483414		0.6390333858966828
461		20.026485935988603		1.885414958000183		2.9699183652877807		0.31687479479312897		0.6337495895862579
462		20.10611831099959		1.891126036643982		2.9763243389701843		0.3337997277855873		0.6675994555711746
463		20.151507001020946		1.8915479183197021		2.9872320791625975		0.3144465788602829		0.6288931577205658
464		20.114916514983634		1.8792544603347778		2.9731824061107637		0.32021106231212615		0.6404221246242523
465		20.024136499007		1.873336672782898		2.9687310381507874		0.3293356276512146		0.6586712553024292
466		20.02966319900588		1.8789445161819458		2.9561614368915556		0.3545934708237648		0.7091869416475296
467		19.995555800007423		1.8846708536148071		2.9804678857326508		0.31496510360240937		0.6299302072048187
468		20.058112406986766		1.8881657123565674		2.979060741853714		0.35171599794626235		0.7034319958925247
469		20.101248506980482		1.8907252550125122		2.9638613427448273		0.3949242974758148		0.7898485949516296
470		19.96357498699217		1.9161964654922485		3.0019276312541963		0.345715003323555		0.69143000664711
471		20.020762832980836		1.9084821939468384		2.9881021600437165		0.31507753810882566		0.6301550762176513
472		20.11159976600902		1.867025375366211		2.9490459916591645		0.31824067937135697		0.6364813587427139
473		20.06932019299711		1.8972322940826416		2.9913112269973756		0.3264235156536102		0.6528470313072204
474		19.987428141990677		1.909998893737793		2.989561855010986		0.3376520707011223		0.6753041414022446
475		19.908724007982528		1.862664818763733		2.939951230592728		0.3332209151864052		0.6664418303728104
476		19.90854886098532		1.8708137273788452		2.9477201599788665		0.318856835269928		0.637713670539856
477		19.892297440004768		1.8999053239822388		2.9886776321220396		0.4311170651912689		0.8622341303825378
478		19.92682576100924		1.8912849426269531		2.9720187913513185		0.38668793313503264		0.7733758662700653
479		19.985787306999555		1.8955763578414917		2.978291291036606		0.38185169937610625		0.7637033987522125
480		19.87871967299725		1.884598970413208		2.9731946294116973		0.3331765452027321		0.6663530904054642
481		19.910235796007328		1.8833054304122925		2.9792740347480775		0.40616214216947555		0.8123242843389511
482		19.980442240979755		1.8843437433242798		2.963675108804703		0.32426344331502915		0.6485268866300583
483		19.938725544983754		1.883699655532837		2.976291835632324		0.3363575874567032		0.6727151749134064
484		20.11010662498302		1.8878921270370483		2.9853303606796264		0.31977698148489		0.63955396296978
485		20.004588743991917		1.8902913331985474		2.967807541332245		0.32910131828784944		0.6582026365756989
486		19.97898838997935		1.8978252410888672		2.992064603471756		0.319847343480587		0.639694686961174
487		19.90218389898655		1.9047187566757202		2.990610921869278		0.31479388703107836		0.6295877740621567
488		19.89955709100468		1.8668204545974731		2.96027037940979		0.33184532932043076		0.6636906586408615
489		19.901659924013074		1.8811771869659424		2.978829708585739		0.3145989867210388		0.6291979734420776
490		20.07772357700742		1.8796783685684204		2.974506850423813		0.3353849962115288		0.6707699924230576
491		20.250991776003502		1.8631685972213745		2.9364739974117278		0.3376370644330978		0.6752741288661956
492		20.322194603009848		1.8913888931274414		2.985671945924759		0.36889850779771804		0.7377970155954361
493		20.176744733005762		1.878452181816101		2.9702476755046843		0.349825308072567		0.699650616145134
494		20.189408361009555		1.882670283317566		2.9757406070518493		0.31421563214063647		0.6284312642812729
495		20.16231414300273		1.8803316354751587		2.953244491109848		0.3187545666694641		0.6375091333389282
496		20.06666910200147		1.8899506330490112		2.9857913952827455		0.31555447314977647		0.6311089462995529
497		20.047043214988662		1.8917592763900757		2.988216005630493		0.32214586356878283		0.6442917271375657
498		20.067250315012643		1.8892617225646973		2.98805675198555		0.3133445098519325		0.626689019703865
499		20.062596211995697		1.8689732551574707		2.966900837402344		0.3331106018900871		0.6662212037801742
500		19.99472583201714		1.8892951011657715		2.979117554483414		0.32496044466495516		0.6499208893299103
501		19.86081752300379		1.88572359085083		2.972086114768982		0.3422657493710518		0.6845314987421036
502		19.956616145995213		1.8924667835235596		2.971309792394638		0.4525479177236557		0.9050958354473114
503		20.079779688996496		1.870432734489441		2.9489838773918153		0.3327943673372269		0.6655887346744538
504		20.165887476003263		1.8703229427337646		2.956212693872452		0.39556609967947004		0.7911321993589401
505		20.12814796701423		1.8674505949020386		2.9501924247074127		0.3146302860856056		0.6292605721712112
506		20.23410524998326		1.86996328830719		2.968942102394104		0.3261216497302055		0.652243299460411
507		20.13410329198814		1.8905349969863892		2.995031780128479		0.3185003938317299		0.6370007876634598
508		20.165204096003436		1.8731549978256226		2.9548745522117614		0.33030066711902617		0.6606013342380523
509		20.092491390998475		1.8909586668014526		2.975347229347229		0.3331517477154732		0.6663034954309464
510		20.243019009009004		1.871549129486084		2.9468330228328705		0.3118785603880882		0.6237571207761764
511		20.09285543000442		1.8743809461593628		2.954196435050964		0.3366182393670082		0.6732364787340164
512		20.190914371982217		1.854318380355835		2.932435975112915		0.3243847515463829		0.6487695030927658
513		20.044885701005114		1.8665454387664795		2.958676992750168		0.3320628879904747		0.6641257759809494
514		20.12016224200488		1.881750226020813		2.9611914635276793		0.3130150612354279		0.6260301224708558
515		20.196759804995963		1.875988245010376		2.947142045621872		0.3638936857104301		0.7277873714208603
516		20.249038156005554		1.8909056186676025		2.977334347581863		0.3309284622192383		0.6618569244384765
517		20.194251714012353		1.8505610227584839		2.936121837501526		0.3104959955096245		0.620991991019249
518		20.22061845101416		1.8603787422180176		2.9352575389671327		0.3307634137392044		0.6615268274784089
519		20.027678347978508		1.8578013181686401		2.9317951714992523		0.3267100754499435		0.653420150899887
520		20.016903331008507		1.8822691440582275		2.964105711326599		0.3547403029680252		0.7094806059360504
521		20.058302081015427		1.8716856241226196		2.9675460377025606		0.3099056768536568		0.6198113537073136
522		20.084440513979644		1.904639482498169		3.00248671081543		0.32026891481876374		0.6405378296375275
523		19.89648979800404		1.8750700950622559		2.95252570728302		0.34164566494226456		0.6832913298845291
524		20.041324480989715		1.8759355545043945		2.9489021164035796		0.31538694987297056		0.6307738997459411
525		20.11447767401114		1.859833836555481		2.9383071258831026		0.31227377382516863		0.6245475476503373
526		20.05457252598717		1.8659354448318481		2.9503884171772		0.32402657713890076		0.6480531542778015
527		20.21384111599764		1.866208553314209		2.944768187046051		0.3711038072347641		0.7422076144695282
528		20.106633830990177		1.8669413328170776		2.9600132994937898		0.3131039608955383		0.6262079217910766
529		20.14844411399099		1.8629651069641113		2.9357914971733092		0.30981638859510424		0.6196327771902085
530		20.21235239302041		1.860701560974121		2.935395458211899		0.31325532842874526		0.6265106568574905
531		20.04360256899963		1.878201961517334		2.965336637763977		0.32228405603170396		0.6445681120634079
532		20.041917521011783		1.8905247449874878		2.964024574203491		0.3157600848674774		0.6315201697349548
533		20.288369353977032		1.8697502613067627		2.9561253622817993		0.31795785183906555		0.6359157036781311
534		20.257373020984232		1.8859919309616089		2.976430635290146		0.3608827671766281		0.7217655343532562
535		20.215073325001867		1.8606847524642944		2.945750926799774		0.3300702171087265		0.660140434217453
536		20.123733401007485		1.8680245876312256		2.939329251689911		0.3156646713256836		0.6313293426513672
537		20.1436953410157		1.8734006881713867		2.9521438970947265		0.33131577228307724		0.6626315445661545
538		20.181759536993923		1.9031167030334473		2.991152911529541		0.31222675702571867		0.6244535140514373
539		20.226957589999074		1.8625775575637817		2.939459822435379		0.32390884850025176		0.6478176970005035
540		20.17213638901012		1.8540759086608887		2.9335553395843506		0.4322168141126633		0.8644336282253265
541		20.011884718987858		1.9016757011413574		2.9962341474151613		0.4666558574080467		0.9333117148160934
542		20.051632201997563		1.905961036682129		2.997538010444641		0.3132034192085266		0.6264068384170532
543		19.99859333600034		1.8563754558563232		2.915624072446823		0.36458092302083966		0.7291618460416793
544		20.18056035300833		1.8481073379516602		2.9158500976753237		0.3163894551753998		0.6327789103507996
545		20.221122676011873		1.8768483400344849		2.9601624901485444		0.33191778064966204		0.6638355612993241
546		20.215984440990724		1.8825374841690063		2.9685838134288787		0.3597768175721168		0.7195536351442336
547		20.232956415973604		1.8574146032333374		2.940401797466278		0.3922552073717117		0.7845104147434234
548		20.28738943298231		1.8527122735977173		2.932149066400528		0.33452186231613157		0.6690437246322631
549		20.080307237018133		1.8807916641235352		2.9669242071437836		0.31176184643507004		0.6235236928701401
550		20.196378730994184		1.8599228858947754		2.93156296875		0.3228587543129921		0.6457175086259842
551		20.118080492014997		1.8706421852111816		2.9526044661045074		0.359324840259552		0.718649680519104
552		20.137233285990078		1.8892934322357178		2.972226311120987		0.3188416843175888		0.6376833686351776
553		20.06100515302387		1.8718714714050293		2.948831020345688		0.3131493440747261		0.6262986881494522
554		20.133910339005524		1.888390064239502		2.97905081328392		0.3236593195796013		0.6473186391592026
555		20.19766789599089		1.8664971590042114		2.955002949848175		0.4483950747966766		0.8967901495933532
556		20.263327916996786		1.8470770120620728		2.924321009569168		0.31338818517923356		0.6267763703584671
557		20.029075554019073		1.8752378225326538		2.9526420610141755		0.36735295592546463		0.7347059118509293
558		20.186667740985285		1.8596771955490112		2.949184522514343		0.3184613599658012		0.6369227199316024
559		20.222944485023618		1.8578112125396729		2.9340463972854613		0.31058964087963103		0.6211792817592621
560		20.026771434000693		1.8675220012664795		2.9416306733322144		0.32903343962430953		0.6580668792486191
561		20.075755333004054		1.8814934492111206		2.971031057186127		0.3138118279695511		0.6276236559391022
562		20.127621546998853		1.8687456846237183		2.945081438026428		0.3082470713376999		0.6164941426753998
563		20.02888918798999		1.88716459274292		2.9772929101276397		0.3144891614198685		0.628978322839737
564		20.023948567017214		1.86788010597229		2.9439631984806063		0.33013059624433516		0.6602611924886703
565		20.004325971996877		1.8515459299087524		2.92767179060936		0.31596839528083803		0.6319367905616761
566		19.997938262007665		1.8599002361297607		2.9370602642822266		0.3332016101837158		0.6664032203674316
567		20.0683409429912		1.8828418254852295		2.974357270679474		0.31317744448184964		0.6263548889636993
568		20.151449705008417		1.855733871459961		2.935185926437378		0.3657166776895523		0.7314333553791046
569		20.095787677011685		1.9039697647094727		2.9867375238513945		0.32800131927728654		0.6560026385545731
570		20.204364940989763		1.8686902523040771		2.9556300955486297		0.313272988653183		0.626545977306366
571		20.066789675998734		1.8742960691452026		2.9583822160434723		0.3512666636943817		0.7025333273887634
572		20.046517815004336		1.8843616247177124		2.9640016620922087		0.36098168284893034		0.7219633656978607
573		20.096975277992897		1.869913101196289		2.9478110716724397		0.31749088983535767		0.6349817796707153
574		20.067925152019598		1.8843854665756226		2.9701444540309905		0.3176048610687256		0.6352097221374512
575		20.12869382399367		1.871693730354309		2.950634602432251		0.33164742037057876		0.6632948407411575
576		20.21502458699979		1.8534537553787231		2.923872985191345		0.34254212720394134		0.6850842544078827
577		20.05459381401306		1.887346863746643		2.9568643084812165		0.3168480998158455		0.633696199631691
578		20.066222411987837		1.8547106981277466		2.9319189486789705		0.34348637591600417		0.6869727518320083
579		20.178018582984805		1.8653953075408936		2.9424785491847993		0.3124993097305298		0.6249986194610596
580		20.12852852701326		1.8552812337875366		2.931807665166855		0.3092503522872925		0.618500704574585
581		20.12343687901739		1.8748854398727417		2.95176652797699		0.30849668065309527		0.6169933613061905
582		20.231909037014702		1.8636428117752075		2.9352497042751313		0.3163575049996376		0.6327150099992752
583		20.09087875499972		1.854066014289856		2.943076275424957		0.3136641920924187		0.6273283841848374
584		20.014270322979428		1.8709778785705566		2.948543785648346		0.32224455258846285		0.6444891051769257
585		20.117247485002736		1.862648367881775		2.942453615884781		0.44189365389347074		0.8837873077869415
586		20.07071625199751		1.8597580194473267		2.9378384276485443		0.30804912230968473		0.6160982446193695
587		20.102783385984367		1.8766205310821533		2.9618948966598513		0.31484985500574114		0.6296997100114823
588		20.139121130021522		1.859115719795227		2.9427020306301115		0.30826068423986436		0.6165213684797287
589		20.135761560988612		1.8401597738265991		2.9314531706428526		0.3132586125254631		0.6265172250509262
590		20.20791378899594		1.8491429090499878		2.9205379264450073		0.32214218825101854		0.6442843765020371
591		20.106762939016335		1.862267255783081		2.936265613565445		0.35393793144226077		0.7078758628845215
592		20.13215293601388		1.8855854272842407		2.9642425557899474		0.4339726419448853		0.8679452838897705
593		20.372947516007116		1.8510551452636719		2.9373231054210662		0.3086057756781578		0.6172115513563156
594		20.190992386982543		1.8925938606262207		2.972051332025528		0.4703986925125122		0.9407973850250244
595		20.087058244011132		1.8658519983291626		2.947057853603363		0.322381508910656		0.644763017821312
596		20.12761648601736		1.8670443296432495		2.954237697353363		0.33651164063215255		0.6730232812643051
597		20.156989937007893		1.871126651763916		2.9469253704071043		0.34905111002922057		0.6981022200584411
598		20.22155252599623		1.8627619743347168		2.9332279259586334		0.3102303246617317		0.6204606493234635
599		20.27531392200035		1.8693711757659912		2.9411784966468812		0.3125956690907478		0.6251913381814956
600		19.97709895099979		1.8804855346679688		2.957178501300812		0.3829213172912598		0.7658426345825196
601		19.988428209995618		1.8703620433807373		2.947905233001709		0.31315204727649687		0.6263040945529937
602		20.07613478502026		1.8557605743408203		2.9404208858394623		0.31622089173793794		0.6324417834758759
603		20.071708697010763		1.853859305381775		2.9372001690483094		0.35470067796707155		0.7094013559341431
604		20.156990886986023		1.8709346055984497		2.9639915266704557		0.31211630772352217		0.6242326154470443
605		20.166737635998288		1.8495628833770752		2.936746769952774		0.3138639595270157		0.6277279190540314
606		20.202555289986776		1.8584645986557007		2.944347621355057		0.3428098143577576		0.6856196287155152
607		20.297169530007523		1.85273015499115		2.931607680416107		0.3490288649916649		0.6980577299833298
608		20.26332422500127		1.8705848455429077		2.9571608272266388		0.30943942395448687		0.6188788479089737
609		20.16844402300194		1.86166250705719		2.9422284139156343		0.3125346409082413		0.6250692818164826
610		20.300381641980493		1.8680685758590698		2.9403869758319856		0.35523220846652986		0.7104644169330597
611		20.15012132099946		1.8533786535263062		2.9219473243522645		0.4484905712604523		0.8969811425209046
612		19.952994881983614		1.878878116607666		2.9491420903873444		0.3538437067985535		0.707687413597107
613		20.034559093997814		1.8577332496643066		2.9390734091854096		0.3595468932032585		0.719093786406517
614		20.272155092010507		1.8498338460922241		2.9305888631057737		0.3229570889592171		0.6459141779184342
615		20.226467968983343		1.8751418590545654		2.9453897014427186		0.3188168620467186		0.6376337240934372
616		20.189124518015888		1.8518191576004028		2.9405049041748046		0.36735390877723695		0.7347078175544739
617		20.09934127901215		1.8697476387023926		2.9425604615592955		0.3128860803127289		0.6257721606254578
618		20.157678143004887		1.870457410812378		2.9416196369838716		0.32620032954216005		0.6524006590843201
619		20.18735169802676		1.8645261526107788		2.94252794593811		0.3069477900862694		0.6138955801725388
620		20.249522856989643		1.8535736799240112		2.917454856376648		0.34779655829668044		0.6955931165933609
621		20.137055639992468		1.8540899753570557		2.932969052324295		0.31889213826656343		0.6377842765331269
622		20.135376971011283		1.8490417003631592		2.9287197820568083		0.3071578982591629		0.6143157965183258
623		20.13534072798211		1.8696110248565674		2.953589950056076		0.3455780884027481		0.6911561768054962
624		20.229245138005354		1.8567719459533691		2.9401362571430205		0.3093372541189194		0.6186745082378388
625		20.1391967300151		1.8596054315567017		2.9337757311058046		0.3345504509091377		0.6691009018182754
626		20.13603905797936		1.892267107963562		2.9604625259017943		0.32018276273012164		0.6403655254602433
627		20.101045791991055		1.8523417711257935		2.921807521314621		0.3282198119163513		0.6564396238327026
628		20.07138825498987		1.8632146120071411		2.928196799621582		0.33300855209827424		0.6660171041965485
629		20.033220352983335		1.8433454036712646		2.909834821996689		0.3185605319738388		0.6371210639476776
630		20.057248810015153		1.8636983633041382		2.9595988330745695		0.316773482131958		0.633546964263916
631		20.1114543590229		1.8636707067489624		2.918654012508392		0.31293767776489256		0.6258753555297851
632		20.28320900700055		1.862105131149292		2.9271882973003387		0.31589062786102295		0.6317812557220459
633		20.167515834997175		1.8471827507019043		2.9296688128566744		0.30912897428274155		0.6182579485654831
634		20.070136395981535		1.8503351211547852		2.923794076137543		0.31428536961078646		0.6285707392215729
635		20.092767586989794		1.850567102432251		2.9186469233703614		0.31617035512924196		0.6323407102584839
636		20.202364219992887		1.8319423198699951		2.9021650395298004		0.3165789234042168		0.6331578468084336
637		20.035510933987098		1.866254448890686		2.948928052816391		0.3067641951084137		0.6135283902168274
638		20.183684302988695		1.855554223060608		2.92379986948967		0.3417330822825432		0.6834661645650864
639		20.167556344997138		1.8639317750930786		2.94152224029541		0.31692987345457074		0.6338597469091415
640		20.109408083022572		1.8605432510375977		2.9276830545425416		0.4155958748102188		0.8311917496204376
641		20.063450816000113		1.8514691591262817		2.9217144516181945		0.3131528714299202		0.6263057428598404
642		20.132385179022094		1.841251254081726		2.9114753870487213		0.31380463448762896		0.6276092689752579
643		20.41692584901466		1.8674756288528442		2.933525594396591		0.3215176248073578		0.6430352496147156
644		20.19335114597925		1.847694993019104		2.923819609518051		0.3291319842457771		0.6582639684915542
645		20.140400007978315		1.8550126552581787		2.927092556772232		0.3115818876981735		0.623163775396347
646		20.160597928013885		1.8714241981506348		2.945262828588486		0.3175327712655067		0.6350655425310134
647		84.5957177040109		1.8841838836669922		2.9639834048748015		0.31201272130012514		0.6240254426002503
648		20.328268432989717		1.8500746488571167		2.9354087306594847		0.3158663394570351		0.6317326789140701
649		20.344463815010386		1.852791666984558		2.9411301173973086		0.30964900671243667		0.6192980134248733
650		20.315571621002164		1.8553417921066284		2.912243244609833		0.33969408674240115		0.6793881734848023
651		20.319895831984468		1.8491870164871216		2.9183685301113127		0.36120181769132614		0.7224036353826523
652		20.11008498299634		1.8790090084075928		2.943662306985855		0.319441826069355		0.63888365213871
653		20.154498628980946		1.8408243656158447		2.907369036140442		0.30918719922304155		0.6183743984460831
654		20.156285317003494		1.8535348176956177		2.927083049621582		0.30932099895477294		0.6186419979095459
655		20.20055978599703		1.8647655248641968		2.949156999254227		0.3128128192186356		0.6256256384372711
656		20.08863967799698		1.845909595489502		2.9116942951869964		0.3248439264655113		0.6496878529310226
657		20.102423238015035		1.8409206867218018		2.913104000225067		0.3300745725750923		0.6601491451501846
658		20.24472240000614		1.846908688545227		2.911605184326172		0.34997615159749984		0.6999523031949997
659		20.290088891983032		1.842918872833252		2.925081052942276		0.3281628602743149		0.6563257205486298
660		20.274678370013135		1.8473210334777832		2.907883339223862		0.3076356583833694		0.6152713167667389
661		20.2491545350058		1.8546737432479858		2.9317054413318635		0.30763082984685897		0.6152616596937179
662		20.226083821005886		1.8746689558029175		2.94691827170372		0.32209603481292726		0.6441920696258545
663		20.257973458006745		1.8412548303604126		2.9207817782402037		0.3078045121908188		0.6156090243816376
664		20.204202788008843		1.8454861640930176		2.9126009350395203		0.32295369255542755		0.6459073851108551
665		20.086183670005994		1.861157774925232		2.929639860191345		0.319723402774334		0.639446805548668
666		20.14433355300571		1.8682682514190674		2.94415100522995		0.32833312093019484		0.6566662418603897
667		20.054481588013005		1.83193838596344		2.896053624095917		0.31849205474853515		0.6369841094970703
668		20.145706343988422		1.8555721044540405		2.9187417174339294		0.349902928853035		0.69980585770607
669		20.152584516006755		1.846678376197815		2.912541412563324		0.3283621527552605		0.656724305510521
670		20.14468898199266		1.8524341583251953		2.926872231426239		0.4488407879829407		0.8976815759658814
671		20.171163649996743		1.8449829816818237		2.919014001636505		0.35567983911037443		0.7113596782207489
672		20.11796961101936		1.8540977239608765		2.9168890902519227		0.3292393366932869		0.6584786733865738
673		20.069057425978826		1.8398213386535645		2.909016598081589		0.3428161394357681		0.6856322788715362
674		20.092922876006924		1.850752353668213		2.9064221366882323		0.3120897274374962		0.6241794548749924
675		20.11634397500893		1.8588459491729736		2.9259859967327118		0.3087319239377975		0.617463847875595
676		20.191550784016727		1.839314341545105		2.904985502691269		0.30693680893182756		0.6138736178636551
677		20.216903462976916		1.8712347745895386		2.955093971672058		0.30861343039274214		0.6172268607854843
678		20.09543662701617		1.844641089439392		2.9072878053760527		0.31719150813817976		0.6343830162763595
679		20.067865393997636		1.8581488132476807		2.932288274278641		0.30748285053968427		0.6149657010793685
680		20.07562952299486		1.8603498935699463		2.9176509657382965		0.33474446822404863		0.6694889364480973
681		20.1342679419904		1.8549041748046875		2.9300961384868622		0.3095858773231506		0.6191717546463013
682		20.29700520602637		1.8517366647720337		2.9199647240543367		0.3192192478895187		0.6384384957790374
683		20.221161060995655		1.8381222486495972		2.916405534524918		0.3322051649451256		0.6644103298902512
684		20.269064706983045		1.8414978981018066		2.9002298413181307		0.32082624133825305		0.6416524826765061
685		20.323247381980764		1.8447977304458618		2.906464473438263		0.3450834246277809		0.6901668492555618
686		20.349918366002385		1.8466455936431885		2.8973643421363833		0.33781727061271666		0.6756345412254333
687		20.388921604986535		1.8373717069625854		2.910482399234772		0.33855125225782395		0.6771025045156479
688		77.43229415098904		1.8479409217834473		2.9174608963489534		0.3309865019917488		0.6619730039834976
689		20.136282888997812		1.8523119688034058		2.9208335267257692		0.4001696319460869		0.8003392638921738
690		79.31901641600416		1.8521037101745605		2.9244069334888456		0.32371207731962204		0.6474241546392441
691		20.2313295660133		1.8547337055206299		2.917909185991287		0.32743123191595075		0.6548624638319015
692		20.282735924003646		1.8612403869628906		2.9379026539421083		0.3106504058122635		0.621300811624527
693		20.31604010699084		1.8427152633666992		2.919792985725403		0.3662271460413933		0.7324542920827866
694		20.436750868015224		1.8638747930526733		2.924138699207306		0.426370662689209		0.852741325378418
695		20.32994766300544		1.8481857776641846		2.9154876170539854		0.3130059117436409		0.6260118234872818
696		20.321715211990522		1.8558332920074463		2.9258898870754244		0.3083624978542328		0.6167249957084656
697		20.23703608199139		1.852569818496704		2.9275928166007996		0.31782415833473204		0.6356483166694641
698		20.025429375993554		1.8335685729980469		2.899141820383072		0.30560443402528764		0.6112088680505753
699		19.981352936010808		1.8429279327392578		2.9039961868286133		0.3054242052555084		0.6108484105110168
700		20.10471751599107		1.8505253791809082		2.9201451161670686		0.33611071971654893		0.6722214394330979
701		19.996437410998624		1.8728212118148804		2.9559856821537016		0.32076371548175814		0.6415274309635163
702		20.0635734910029		1.8458938598632812		2.921773083114624		0.3209265408277512		0.6418530816555024
703		20.07400908099953		1.851190447807312		2.9146338365459443		0.3333335387945175		0.666667077589035
704		20.146270975994412		1.8538250923156738		2.928592772483826		0.3116251858830452		0.6232503717660904
705		20.261828596994746		1.8558695316314697		2.9337637844944		0.31265039166212083		0.6253007833242417
706		20.15367709301063		1.8407138586044312		2.90131689207077		0.3708504377603531		0.7417008755207062
707		20.041845495987218		1.8719885349273682		2.944369510831833		0.3212400728702545		0.642480145740509
708		20.088305215002038		1.8423038721084595		2.906305398988724		0.30456838936805725		0.6091367787361145
709		20.23713777802186		1.8551009893417358		2.923447132806778		0.31648940502405165		0.6329788100481033
710		20.105557838018285		1.8498294353485107		2.918552149076462		0.32199472442865373		0.6439894488573075
711		20.24871483599418		1.8394005298614502		2.8980940153884887		0.315910383605957		0.631820767211914
712		20.17256187199382		1.8382930755615234		2.916787705812454		0.3185990619421005		0.637198123884201
713		20.259025796985952		1.8533895015716553		2.9116766182994844		0.32044900307655333		0.6408980061531067
714		20.201772593980422		1.8404045104980469		2.913370623998642		0.31951325852870943		0.6390265170574189
715		20.224872616992798		1.8463960886001587		2.91012218665123		0.36445581641197206		0.7289116328239441
716		20.2266039380047		1.8584426641464233		2.9272251990032196		0.31059026327133177		0.6211805265426635
717		20.29576906102011		1.8479703664779663		2.9170891405487063		0.3150939410567284		0.6301878821134568
718		20.266894583997782		1.8354120254516602		2.906653994102478		0.3229056716322899		0.6458113432645798
719		20.180430272012018		1.8466250896453857		2.916523581991196		0.3134714848279953		0.6269429696559906
720		20.41129024300608		1.8387324810028076		2.911670717411041		0.30827643951177597		0.6165528790235519
721		20.254348969989223		1.852158546447754		2.9133015553188324		0.3241358524441719		0.6482717048883438
722		20.218312212993624		1.845838189125061		2.931819929971695		0.3223913428783417		0.6447826857566834
723		20.337213302991586		1.8360131978988647		2.8920201536560057		0.31336228983402253		0.6267245796680451
724		20.340023345983354		1.8495346307754517		2.9134217128276827		0.35203677026033403		0.7040735405206681
725		20.16562141000759		1.8411972522735596		2.910467372312546		0.3059653331041336		0.6119306662082672
726		20.24243562601623		1.8470863103866577		2.915199447917938		0.318491507768631		0.636983015537262
727		20.33881485799793		1.845542550086975		2.9120249428939817		0.3422210374832153		0.6844420749664306
728		20.304274889000226		1.848950743675232		2.9143433359527586		0.3446056681275368		0.6892113362550736
729		20.24966306000715		1.8407361507415771		2.90332838177681		0.31606290919780733		0.6321258183956147
730		20.280209680000553		1.8404018878936768		2.899593893547058		0.3104525096893311		0.6209050193786622
731		20.321599006012548		1.8293027877807617		2.8850379146671297		0.3044501497387886		0.6089002994775772
732		77.25701805599965		1.834873914718628		2.8874704920101166		0.3067615845799446		0.6135231691598892
733		19.991658031998668		1.841506838798523		2.9023697546386718		0.3110134035468102		0.6220268070936203
734		20.25151873700088		1.852107286453247		2.9181793834972383		0.30992444165945054		0.6198488833189011
735		20.325451313023223		1.8505038022994995		2.915932674074173		0.3098567822933197		0.6197135645866394
736		20.312496066006133		1.8307803869247437		2.881779207344055		0.303926832151413		0.607853664302826
737		20.236700195004232		1.8296035528182983		2.8996196339035034		0.31261732465028763		0.6252346493005753
738		20.156952777004335		1.8481513261795044		2.9184957945346834		0.3076197570204735		0.615239514040947
739		20.30657591301133		1.8390573263168335		2.8977378451156617		0.33474585419893266		0.6694917083978653
740		20.255488898983458		1.826032042503357		2.884223998041153		0.3140253759026527		0.6280507518053055
741		20.246218402986415		1.835516095161438		2.8942758143138887		0.34867800315618513		0.6973560063123703
742		20.229292948992224		1.85702383518219		2.9217168669891356		0.3067826926112175		0.613565385222435
743		20.091685076011345		1.841706395149231		2.9167046376895907		0.3135494946360588		0.6270989892721176
744		20.032758818008006		1.8384099006652832		2.9040334878349303		0.3469212740659714		0.6938425481319428
745		20.133715811010916		1.8520346879959106		2.918245586156845		0.3150444955825806		0.6300889911651611
746		20.14959809600259		1.8431531190872192		2.9065624461269377		0.339802922475338		0.679605844950676
747		20.18725640399498		1.840404987335205		2.9191986666584016		0.3082423273444176		0.6164846546888352
748		20.330169605003903		1.834514856338501		2.8944341479301454		0.30727792171239854		0.6145558434247971
749		20.37329632602632		1.8443330526351929		2.9042140762519835		0.30831005845069887		0.6166201169013977
750		20.10078271999373		1.844335675239563		2.9227283682632446		0.31287909475564957		0.6257581895112991
751		20.2075286990148		1.8491520881652832		2.930752136259079		0.307041787981987		0.614083575963974
752		20.208715952001512		1.8453034162521362		2.918899600944519		0.317169674539566		0.634339349079132
753		20.18298159301048		1.8498408794403076		2.931571222047806		0.3329331313252449		0.6658662626504898
754		20.064125924021937		1.8308435678482056		2.8917068591690063		0.3092987991929054		0.6185975983858109
755		20.074244485003874		1.8400636911392212		2.914437206888199		0.31377865344285966		0.6275573068857193
756		20.200205525005003		1.8406556844711304		2.914764776792526		0.30558683322668073		0.6111736664533615
757		20.2746117170027		1.8620922565460205		2.930641792860031		0.32809564992189405		0.6561912998437881
758		20.213137576007284		1.841829538345337		2.9180381029701232		0.31912640620470045		0.6382528124094009
759		20.338589652994415		1.842972755432129		2.906839195690155		0.3255451580762863		0.6510903161525726
760		20.279226509010186		1.8548517227172852		2.909287694673538		0.35328336066007615		0.7065667213201523
761		20.22787826502463		1.8374402523040771		2.8979809970378874		0.3075641385912895		0.615128277182579
762		20.09273072698852		1.8358455896377563		2.9113549999809267		0.3103310467362404		0.6206620934724808
763		20.16063994698925		1.8418982028961182		2.91741040435791		0.30521471223831176		0.6104294244766235
764		20.02567619801266		1.8411508798599243		2.90457955324173		0.30588699737787245		0.6117739947557449
765		19.995185759995366		1.840017318725586		2.9117865459918977		0.30563714208602905		0.6112742841720581
766		20.192359520995524		1.8490574359893799		2.910082020406723		0.30670006591081617		0.6134001318216323
767		20.332544687989866		1.8433641195297241		2.903359229927063		0.3653609152913094		0.7307218305826187
768		20.262974874989595		1.8371410369873047		2.8967523220920564		0.32055505917072297		0.6411101183414459
769		20.198777462006547		1.835890769958496		2.891112604999542		0.31943345984220506		0.6388669196844101
770		20.240434359991923		1.8422741889953613		2.910494762516022		0.3068205834031105		0.613641166806221
771		20.163302906003082		1.8389946222305298		2.896511544265747		0.3068643389940262		0.6137286779880524
772		20.187399848015048		1.8430231809616089		2.910527636060715		0.3066588210105896		0.6133176420211792
773		20.08100237697363		1.842073678970337		2.9045573552703856		0.3051797331213951		0.6103594662427902
774		20.042323002999183		1.8279255628585815		2.8839713788318635		0.3263106159567833		0.6526212319135666
775		20.007407630997477		1.8353725671768188		2.8984300005054475		0.32092796235084536		0.6418559247016907
776		20.056452049000654		1.8388941287994385		2.904762315340042		0.32888849368095396		0.6577769873619079
777		20.13052072399296		1.8307998180389404		2.883903749475479		0.3074842741966248		0.6149685483932495
778		20.19876880198717		1.8455473184585571		2.9200799397659303		0.30735958778858186		0.6147191755771637
779		20.35078825399978		1.833137035369873		2.90176934343338		0.30715038018226626		0.6143007603645325
780		20.199629509006627		1.8379429578781128		2.900832267398834		0.3122809230685234		0.6245618461370468
781		20.180039689003024		1.840678334236145		2.9045028683567047		0.3177037104010582		0.6354074208021164
782		20.231280365987914		1.8294706344604492		2.8831800757217407		0.310791049861908		0.621582099723816
783		20.337418192997575		1.856536865234375		2.9258921248054506		0.3349761214017868		0.6699522428035736
784		20.339109010994434		1.8326470851898193		2.8887920683288573		0.31869013855457307		0.6373802771091461
785		20.15311879600631		1.8365823030471802		2.902265906238556		0.3165034946203232		0.6330069892406464
786		20.105240010016132		1.833909273147583		2.900848789167404		0.3149804984688759		0.6299609969377518
787		20.269055184995523		1.8473691940307617		2.911182733039856		0.3074926540493965		0.614985308098793
788		20.3143847649917		1.8504170179367065		2.907932484111786		0.3108014536976814		0.6216029073953628
789		20.351559325004928		1.8424631357192993		2.9214515912151335		0.3344991091489792		0.6689982182979584
790		20.378429998992942		1.8382272720336914		2.8904184452819823		0.33500029730796815		0.6700005946159363
791		20.28985618200386		1.8395495414733887		2.9208732640075685		0.328684692299366		0.657369384598732
792		20.183172065997496		1.8466155529022217		2.920357310876846		0.30888538587093356		0.6177707717418671
793		20.201651545998175		1.8424267768859863		2.902389020214081		0.3399724720954895		0.679944944190979
794		20.017739208997227		1.8353303670883179		2.89162093665123		0.30498710975646975		0.6099742195129395
795		19.97908407598152		1.8357349634170532		2.9001465465641023		0.3216107127547264		0.6432214255094528
796		19.959002653020434		1.8388476371765137		2.9057433070468903		0.3157853342175484		0.6315706684350968
797		20.17450918900431		1.8431898355484009		2.911533355035782		0.3210419432878494		0.6420838865756988
798		20.23892668201006		1.8378489017486572		2.8944866210174562		0.3054039027929306		0.6108078055858612
799		20.24311632401077		1.8537672758102417		2.917016711645126		0.30792532218694685		0.6158506443738937
800		20.298854797991225		1.827384114265442		2.8889451225280762		0.32317348427772524		0.6463469685554505
801		20.07341262299451		1.8455899953842163		2.893066808080673		0.33183010351657866		0.6636602070331573
802		20.155242999986513		1.8390307426452637		2.903864679965973		0.3270041325926781		0.6540082651853562
803		20.193009273993084		1.8260483741760254		2.883970973768234		0.36720040426254275		0.7344008085250855
804		20.147579224023502		1.8377448320388794		2.9135037535858155		0.30892884508371354		0.6178576901674271
805		20.086811947985552		1.840307354927063		2.8973891527843474		0.304512184047699		0.609024368095398
806		20.079787516006036		1.8302292823791504		2.891776797657013		0.3241837301850319		0.6483674603700638
807		20.004634861979866		1.8336989879608154		2.8937450130367277		0.30581007553339007		0.6116201510667801
808		20.082699518010486		1.829239010810852		2.8888240170383455		0.3083908429980278		0.6167816859960557
809		20.157992019987432		1.8255163431167603		2.8830677088069914		0.30600482523441314		0.6120096504688263
810		20.347201622993452		1.8267549276351929		2.8884851537323		0.30743591141700743		0.6148718228340149
811		20.188964344008127		1.8219770193099976		2.872134538593292		0.32317179423570636		0.6463435884714127
812		20.345074323995505		1.8402143716812134		2.8966895367813112		0.3048590723633766		0.6097181447267532
813		20.249907117016846		1.835188865661621		2.8989695417690275		0.30673745472431185		0.6134749094486237
814		20.252040078979917		1.8264591693878174		2.8759684032535553		0.3081003958821297		0.6162007917642593
815		20.17501926602563		1.8287744522094727		2.8915526173686983		0.3078752961158752		0.6157505922317504
816		20.166129616991384		1.8323205709457397		2.881052970600128		0.3108359768629074		0.6216719537258149
817		20.069846183003392		1.8328766822814941		2.9034132592964172		0.3049278189063072		0.6098556378126144
818		20.197094905975973		1.8261042833328247		2.895097518558502		0.3047581106185913		0.6095162212371826
819		20.230476717988495		1.8164254426956177		2.874514751996994		0.3066079013824463		0.6132158027648926
820		20.307474639994325		1.8337351083755493		2.8964082879161834		0.3241224203824997		0.6482448407649994
821		20.227642714016838		1.8312128782272339		2.8839973372268677		0.31133925787210465		0.6226785157442093
822		20.25680117099546		1.827512502670288		2.886262409439087		0.30607163296937945		0.6121432659387589
823		20.144638153986307		1.8292038440704346		2.897073493804932		0.3437523248434067		0.6875046496868134
824		20.245582360978005		1.8427695035934448		2.9040068704223634		0.30472878757715227		0.6094575751543045
825		20.112283647002187		1.8503340482711792		2.910578204660416		0.30588940579891205		0.6117788115978241
826		20.098430963000283		1.835793375968933		2.8914586171913146		0.30723429864645		0.6144685972929
827		20.145225835003657		1.8195070028305054		2.871090845222473		0.32421145502328874		0.6484229100465775
828		20.0845021159912		1.8325780630111694		2.89691682800293		0.3088229172945023		0.6176458345890046
829		19.97938657697523		1.8325914144515991		2.8854589912605286		0.331599994456768		0.663199988913536
830		19.995538657996804		1.828250527381897		2.8920780179977417		0.3049943323969841		0.6099886647939682
831		20.276891137007624		1.8259482383728027		2.8764388462638855		0.332608588886261		0.665217177772522
832		20.174384600977646		1.8409019708633423		2.8932340030384065		0.3056448254466057		0.6112896508932114
833		20.319410058989888		1.8333796262741089		2.889891622686386		0.30827673872709277		0.6165534774541855
834		20.39833372400608		1.8419886827468872		2.906339744501114		0.34666757184267044		0.6933351436853409
835		20.401100735994987		1.839922308921814		2.9009566605854036		0.30760790942907335		0.6152158188581467
836		20.31139841102413		1.8452502489089966		2.9075874881362913		0.32116870194673536		0.6423374038934707
837		20.10788316099206		1.8392473459243774		2.909938862762451		0.3052530643224716		0.6105061286449432
838		20.043850350019056		1.8316060304641724		2.8859676652240753		0.31588122351169584		0.6317624470233917
839		20.16432914402685		1.8330662250518799		2.8855049658679963		0.3283784452676773		0.6567568905353546
840		20.05905339101446		1.8333618640899658		2.893074081630707		0.3097583886384964		0.6195167772769928
841		20.196585616999073		1.8314343690872192		2.898281839723587		0.3053202977180481		0.6106405954360962
842		20.160341212991625		1.834411382675171		2.8856716794395445		0.30409752913713456		0.6081950582742691
843		20.296591966995038		1.8300431966781616		2.8829494614601137		0.3055358081102371		0.6110716162204742
844		20.321440443978645		1.8272289037704468		2.888225166969299		0.31786109646558763		0.6357221929311753
845		20.401587714994093		1.8275443315505981		2.885575506429672		0.3173494527220726		0.6346989054441452
846		20.27074628000264		1.829563021659851		2.8969546393966676		0.30632641543149947		0.6126528308629989
847		20.296743073995458		1.8325001001358032		2.889663162841797		0.3085437021613121		0.6170874043226242
848		20.286292044009315		1.8354542255401611		2.8865872891139985		0.3769572238087654		0.7539144476175308
849		20.240683520998573		1.8249263763427734		2.886812319984436		0.34983145155906675		0.6996629031181335
850		20.346151225006906		1.839156985282898		2.8865664597797394		0.31321116921901704		0.6264223384380341
851		20.104302491992712		1.839229941368103		2.9015095958518984		0.304430526971817		0.608861053943634
852		20.116255956992973		1.826223373413086		2.8906352714157104		0.31451986882686617		0.6290397376537323
853		20.162936137989163		1.8344321250915527		2.895727842569351		0.3622044277429581		0.7244088554859162
854		20.29933464800706		1.8195669651031494		2.880020699939728		0.30517814950942995		0.6103562990188599
855		20.296374033001484		1.8361881971359253		2.8969764838027956		0.3073999498128891		0.6147998996257782
856		20.117392990010558		1.832241415977478		2.88255533908844		0.30482636375427247		0.6096527275085449
857		20.0809637849743		1.8335742950439453		2.888341501874924		0.31791687750816344		0.6358337550163269
858		20.094327223981963		1.8318341970443726		2.8818340090847014		0.3227344294309616		0.6454688588619232
859		20.227249109972036		1.8239011764526367		2.8915748862934114		0.30413334407806397		0.6082666881561279
860		20.1509329630062		1.8296514749526978		2.8810453044223787		0.3055553016066551		0.6111106032133102
861		20.147038802999305		1.832398533821106		2.875133065137863		0.30430378255844115		0.6086075651168823
862		20.127098962984746		1.8288501501083374		2.8796100399303435		0.33120876594781873		0.6624175318956375
863		20.256372520991135		1.8257818222045898		2.8739941124248505		0.31083954685926435		0.6216790937185287
864		20.27408955799183		1.834210753440857		2.8826903061008453		0.3071505753278732		0.6143011506557464
865		20.154371690994594		1.8239643573760986		2.8827088032817842		0.30394199179410936		0.6078839835882187
866		20.330677660997026		1.8215734958648682		2.8898283248710634		0.3298786495923996		0.6597572991847992
867		20.231090768997092		1.8183618783950806		2.8880829256248473		0.3173843758106232		0.6347687516212464
868		20.147283650992904		1.8305271863937378		2.887030759162903		0.3063953510046005		0.612790702009201
869		20.13036441800068		1.8238548040390015		2.879726744337082		0.3037847393512726		0.6075694787025452
870		20.088523490994703		1.8267030715942383		2.876588347167969		0.3038907055616379		0.6077814111232758
871		20.16234533098759		1.8166016340255737		2.8591278662395476		0.33444879138469696		0.6688975827693939
872		20.336681280023186		1.8284486532211304		2.8864684455299376		0.31860144799947737		0.6372028959989547
873		19.991365925990976		1.8250236511230469		2.879476591911316		0.314533476126194		0.629066952252388
874		20.042261176015018		1.8112282752990723		2.867263861694336		0.30647733895778656		0.6129546779155731
875		20.163850991986692		1.8189620971679688		2.8719178626060486		0.30685420091152193		0.6137084018230439
876		20.11753580000368		1.8270527124404907		2.8817203721141813		0.30427014026641847		0.6085402805328369
877		20.13071977198706		1.8219428062438965		2.8685334254837036		0.30718050973415373		0.6143610194683075
878		20.28305123699829		1.825197458267212		2.8737994772052766		0.30545951617956163		0.6109190323591233
879		20.37952142598806		1.8239718675613403		2.8698115655612946		0.315216396355629		0.630432792711258
880		20.387055429979227		1.8261927366256714		2.8898182017326355		0.31364802232980726		0.6272960446596145
881		20.204553239018423		1.8297334909439087		2.887145710926056		0.32504203763008116		0.6500840752601623
882		20.205246297991835		1.8324296474456787		2.888052420196533		0.3054686622619629		0.6109373245239258
883		20.134129156998824		1.8365203142166138		2.886516427116394		0.3061151855945587		0.6122303711891174
884		20.086972885008436		1.8264557123184204		2.880709655389786		0.3023942739009857		0.6047885478019714
885		20.1540396999917		1.8219760656356812		2.886826472530365		0.344033234333992		0.688066468667984
886		20.25006414297968		1.820082664489746		2.8699700692272185		0.3067524731874466		0.6135049463748932
887		20.102232727018418		1.838014006614685		2.8960610145282746		0.325989742398262		0.651979484796524
888		20.11572428100044		1.8205862045288086		2.8672978682422636		0.32024465699195864		0.6404893139839173
889		20.13778851501411		1.8169618844985962		2.8677455912208556		0.3231482637286186		0.6462965274572372
890		20.21504904900212		1.834089756011963		2.89483443608284		0.3065202599644661		0.6130405199289322
891		20.235419806005666		1.812427282333374		2.8611446522140502		0.3045246044754982		0.6090492089509963
892		20.07101354500628		1.828428864479065		2.8848289855289457		0.35587598419189453		0.7117519683837891
893		20.191868368012365		1.820077657699585		2.8737446169376373		0.3043165639400482		0.6086331278800964
894		20.27831126502133		1.8248097896575928		2.879100999031067		0.3034555733323097		0.6069111466646194
895		20.28887951100478		1.823094367980957		2.8740017915058136		0.3631680263161659		0.7263360526323318
896		20.336229467007797		1.8173211812973022		2.8850309419822695		0.30349016300439835		0.6069803260087967
897		20.339483143994585		1.8265553712844849		2.8787233336162568		0.31225561610460284		0.6245112322092057
898		20.193133927998133		1.8154569864273071		2.8539481438064573		0.31244542305469514		0.6248908461093903
899		20.246041661011986		1.8296434879302979		2.877028082361221		0.3032421878695488		0.6064843757390976
900		20.290224877011497		1.817082405090332		2.8740427476215364		0.3377705426692963		0.6755410853385926
901		20.30404844399891		1.8212978839874268		2.8698467481994627		0.30439107761383055		0.6087821552276611
902		20.11499607001315		1.823154330253601		2.8859112056446077		0.3057066375136375		0.611413275027275
903		20.14909794999403		1.8288317918777466		2.8786064935493467		0.3030237267971039		0.6060474535942078
904		20.203123282000888		1.8330978155136108		2.8902354984378813		0.31753666656017304		0.6350733331203461
905		20.12435807401198		1.8278179168701172		2.895516917963028		0.31071765682697294		0.6214353136539459
906		20.276358128990978		1.821306824684143		2.8628204808425903		0.3045103574156761		0.6090207148313522
907		20.34091708701453		1.8174716234207153		2.866334233760834		0.3092525559902191		0.6185051119804382
908		20.35386049700901		1.8328957557678223		2.8813812872505187		0.30480577166080475		0.6096115433216095
909		20.139234469999792		1.8267533779144287		2.8791913098812105		0.304183891248703		0.608367782497406
910		20.239204662007978		1.8194197416305542		2.8634964558792113		0.3575708230853081		0.7151416461706162
911		20.214123537007254		1.829193115234375		2.8853679499721525		0.31331030212640765		0.6266206042528153
912		20.208829037990654		1.8250913619995117		2.8895523898029327		0.3040752765893936		0.6081505531787872
913		20.277663234010106		1.8385019302368164		2.8932228499126436		0.3048848439216614		0.6097696878433227
914		20.149714665021747		1.8288700580596924		2.88010705786705		0.3187454699754715		0.637490939950943
915		20.11348212597659		1.819332480430603		2.8788655672454833		0.30661078613996506		0.6132215722799301
916		20.09292116999859		1.8224321603775024		2.868090306186676		0.30397495270967484		0.6079499054193497
917		20.25874999098596		1.8280014991760254		2.879451348142624		0.3027038005709648		0.6054076011419296
918		20.307813140010694		1.8230705261230469		2.8705939199829102		0.3177238825917244		0.6354477651834488
919		20.16528819798259		1.8261865377426147		2.8799205369663237		0.308625962972641		0.617251925945282
920		20.217179589992156		1.8234108686447144		2.865084615974426		0.3027677012324333		0.6055354024648666
921		20.17271495400928		1.8300166130065918		2.877894104337692		0.3096538705587387		0.6193077411174774
922		20.14539341701311		1.8156416416168213		2.8711045622062685		0.303299653673172		0.606599307346344
923		20.10176663598395		1.8160604238510132		2.860947170267105		0.33704836193323134		0.6740967238664627
924		20.287041141011287		1.8110584020614624		2.863496173391342		0.3055616640686989		0.6111233281373978
925		20.27837825100869		1.8295789957046509		2.8772153764533996		0.30694936084747315		0.6138987216949463
926		20.313654655008577		1.8211594820022583		2.8571615425205232		0.3167296364426613		0.6334592728853226
927		20.332505344005767		1.8197389841079712		2.869171677570343		0.33416524794101715		0.6683304958820343
928		20.26802977899206		1.8200782537460327		2.8689479421424866		0.30372024726867675		0.6074404945373535
929		20.349708570021903		1.8181366920471191		2.8706846481704713		0.30873497838974		0.61746995677948
930		20.307008480012883		1.8204814195632935		2.8723751502609254		0.3185834685087204		0.6371669370174408
931		20.34036539401859		1.8209385871887207		2.8604342092895507		0.30916692142486574		0.6183338428497315
932		20.272613007982727		1.8177577257156372		2.8619749995613097		0.31741644138097763		0.6348328827619553
933		20.176093868998578		1.8188514709472656		2.8575343195915224		0.3030356635928154		0.6060713271856308
934		20.10824425701867		1.8236440420150757		2.8822916640853884		0.3120942145109177		0.6241884290218354
935		20.0037239639787		1.822694182395935		2.8660246339702606		0.30576548837423323		0.6115309767484665
936		20.09421740399557		1.8259514570236206		2.864517657251358		0.30286930080652236		0.6057386016130447
937		20.207621152017964		1.8207138776779175		2.8700566437911985		0.31645915083885195		0.6329183016777039
938		20.270306213002186		1.808292031288147		2.8494903331661225		0.30400618761777876		0.6080123752355575
939		20.309802373027196		1.8189473152160645		2.8757547483730317		0.3026678311228752		0.6053356622457504
940		20.3289045279962		1.8241217136383057		2.8715553606700897		0.3380552917122841		0.6761105834245682
941		20.29601033500512		1.8232301473617554		2.8606732047653196		0.3021377165555954		0.6042754331111908
942		20.33652326601441		1.8324095010757446		2.898025590419769		0.3056471316099167		0.6112942632198334
943		20.206871476984816		1.8251787424087524		2.8699556111240385		0.3038666432142258		0.6077332864284516
944		20.078412900998956		1.8085869550704956		2.851448640651703		0.3023278618574142		0.6046557237148285
945		20.219353805994615		1.821998119354248		2.873128253889084		0.3197491661310196		0.6394983322620392
946		20.04233106400352		1.8182398080825806		2.8641533070087433		0.31047237048149107		0.6209447409629821
947		20.08726198601653		1.822651982307434		2.863155600185394		0.3033514541745186		0.6067029083490372
948		20.17664504700224		1.830197811126709		2.873912249956131		0.31148833026885986		0.6229766605377197
949		20.326364417007426		1.8196183443069458		2.8663881460666656		0.30285593098402025		0.6057118619680405
950		20.36519348199363		1.8215728998184204		2.8656758627986907		0.3087216385960579		0.6174432771921158
951		20.281681488006143		1.829248070716858		2.89489554441452		0.3183844485163689		0.6367688970327378
952		20.09487194698886		1.8222864866256714		2.875049540205002		0.30853508965969084		0.6170701793193817
953		20.172636698000133		1.8176164627075195		2.8482877917671203		0.3077760313749313		0.6155520627498626
954		20.116141609003535		1.8148651123046875		2.86484163435936		0.31848953108787537		0.6369790621757507
955		20.119374153000535		1.8068063259124756		2.8439263248443605		0.3025357328534126		0.6050714657068252
956		20.266392856981838		1.8325872421264648		2.865371478891373		0.3046252409219742		0.6092504818439484
957		20.247025867021875		1.8314733505249023		2.8640826934814454		0.30921722557544706		0.6184344511508941
958		20.24545946798753		1.8051252365112305		2.8416782833766936		0.30388890789747236		0.6077778157949447
959		20.092485012020916		1.8232030868530273		2.87060101603508		0.32118843405246733		0.6423768681049347
960		20.100694162014406		1.81880521774292		2.860957448720932		0.31328910719156267		0.6265782143831253
961		20.12285667899414		1.8161863088607788		2.8681759164714813		0.3026191015481949		0.6052382030963898
962		20.209153986012097		1.8220999240875244		2.8520257548618315		0.34921469551324846		0.6984293910264969
963		20.254050975025166		1.818056344985962		2.8661935918712618		0.3085562287569046		0.6171124575138092
964		20.24091450800188		1.826202630996704		2.865433309354782		0.3086901999950409		0.6173803999900818
965		20.194090878998395		1.8232414722442627		2.865667758321762		0.31485122640132907		0.6297024528026581
966		20.17304769498878		1.8132679462432861		2.866637065153122		0.30278326451778415		0.6055665290355683
967		20.202498422004282		1.8178184032440186		2.8665114627933503		0.3179177957415581		0.6358355914831162
968		20.141749523987528		1.8169090747833252		2.863950862035751		0.3037569608449936		0.6075139216899872
969		20.237159276002785		1.8102210760116577		2.861016317396164		0.30308196412324906		0.6061639282464981
970		20.15738409399637		1.8178340196609497		2.8553570492839815		0.31174720170497894		0.6234944034099579
971		20.180269118980505		1.8164761066436768		2.84872945602417		0.31055541117191315		0.6211108223438263
972		20.27871791398502		1.823598027229309		2.8729062553024294		0.31158640241622926		0.6231728048324585
973		20.26681381999515		1.8238646984100342		2.861810331172943		0.302967762029171		0.605935524058342
974		20.243612418009434		1.8221229314804077		2.8651046440696715		0.30267335007190704		0.6053467001438141
975		20.262141958985012		1.8214869499206543		2.872433346157074		0.3032032816529274		0.6064065633058549
976		20.232256931019947		1.8143019676208496		2.864257885875702		0.31334368125200274		0.6266873625040055
977		20.191342609992716		1.8182952404022217		2.859262822179794		0.30456357526779176		0.6091271505355835
978		20.224389117996907		1.817718267440796		2.864194478702545		0.3047693618774414		0.6095387237548828
979		20.19961958998465		1.8036447763442993		2.840456052732468		0.3103787742495537		0.6207575484991074
980		20.183133230981184		1.8175705671310425		2.8643639240550995		0.30658326852321627		0.6131665370464325
981		20.098892293986864		1.8176759481430054		2.8659373229694367		0.30987975429296494		0.6197595085859299
982		20.17743499201606		1.8128163814544678		2.8505620048999787		0.30871550369262696		0.6174310073852539
983		20.26982714701444		1.8217825889587402		2.8646541367816925		0.3372581137895584		0.6745162275791168
984		20.242094234999968		1.8104568719863892		2.8569552408599854		0.30253043761253356		0.6050608752250671
985		20.134598703996744		1.8222570419311523		2.8626600303554537		0.31115217150449753		0.6223043430089951
986		20.095799470989732		1.807698369026184		2.840074244184494		0.3093213868021965		0.618642773604393
987		20.089222381007858		1.816741943359375		2.8647430163288115		0.3021804406404495		0.604360881280899
988		20.110110676992917		1.8244175910949707		2.8662375430583955		0.3215505905866623		0.6431011811733246
989		20.260843124997336		1.8079073429107666		2.850665124502182		0.3023260409832001		0.6046520819664002
990		20.311343698995188		1.8211385011672974		2.8783726921081545		0.30767559379339215		0.6153511875867843
991		20.315605320996838		1.812619924545288		2.861742509803772		0.3019911636710167		0.6039823273420334
992		20.39507006399799		1.8266483545303345		2.8779580920696257		0.30706771955490114		0.6141354391098023
993		20.433703293994768		1.8229401111602783		2.8611959602165222		0.30233496766090395		0.6046699353218079
994		20.34292598499451		1.8173613548278809		2.857518402643204		0.3052774312376976		0.6105548624753953
995		20.245764537976356		1.8185596466064453		2.856945136137009		0.3108088745832443		0.6216177491664886
996		20.24160384599236		1.8166025876998901		2.8648492461013793		0.3181894374847412		0.6363788749694824
997		20.118443401006516		1.8128646612167358		2.8442899340438843		0.3107871227145195		0.621574245429039
998		20.188981444982346		1.8129498958587646		2.8521124863147738		0.316531685769558		0.633063371539116
999		20.28865545601002		1.8140144348144531		2.851095942850113		0.3127486043810844		0.6254972087621689
1000		20.170203147019492		1.8201888799667358		2.862750432949066		0.30146225301027296		0.6029245060205459
1001		20.28079230998992		1.8167002201080322		2.8669248143196104		0.3070875277042389		0.6141750554084778
1002		20.44146660901606		1.8115687370300293		2.860072496366501		0.3039804953813553		0.6079609907627106
1003		20.402743269019993		1.8110146522521973		2.8459733788013457		0.30714861084222794		0.6142972216844559
1004		20.293148620025022		1.8186200857162476		2.8651495910072327		0.3160330131292343		0.6320660262584686
1005		20.409171194012742		1.8161417245864868		2.8679585234737397		0.3147768221139908		0.6295536442279815
1006		20.23598959200899		1.8171480894088745		2.860754346790314		0.3015070461034775		0.603014092206955
1007		20.13299491800717		1.8039734363555908		2.843264377040863		0.30222945204973223		0.6044589040994645
1008		20.081193974008784		1.8108510971069336		2.8604743658065797		0.30290338830947877		0.6058067766189575
1009		20.067623309005285		1.8169876337051392		2.858925002403259		0.30478403980731966		0.6095680796146393
1010		20.06269500500639		1.8097935914993286		2.845878729515076		0.3486843454957008		0.6973686909914016
1011		20.176897805009503		1.8149683475494385		2.860553580493927		0.3054061403751373		0.6108122807502746
1012		20.129799440997886		1.8184245824813843		2.8750235146903993		0.3052206527233124		0.6104413054466248
1013		20.227593566989526		1.8101913928985596		2.851959302377701		0.304014009642601		0.608028019285202
1014		20.06782341498183		1.8142240047454834		2.8581584182929993		0.3059705524802208		0.6119411049604416
1015		20.29144543898292		1.8134262561798096		2.8557778627872468		0.3146160931825638		0.6292321863651276
1016		20.264412435994018		1.8091113567352295		2.8363226558303833		0.3033671096086502		0.6067342192173004
1017		20.42219882097561		1.8151682615280151		2.8601930034542082		0.3036392087817192		0.6072784175634384
1018		20.20443618801073		1.8118382692337036		2.8432056114482878		0.3030453496336937		0.6060906992673873
1019		20.123452736996114		1.8129714727401733		2.870812333688736		0.3098843144774437		0.6197686289548874
1020		20.066192294994835		1.8094061613082886		2.8490218797302247		0.3031302141666412		0.6062604283332824
1021		20.326116401993204		1.8178132772445679		2.858751701040268		0.3199028804063797		0.6398057608127594
1022		20.364379121980164		1.8036381006240845		2.8406541569042205		0.303617933678627		0.607235867357254
1023		20.299049338995246		1.8252861499786377		2.863413651857376		0.3107405802845955		0.621481160569191
1024		20.1610172590008		1.8123865127563477		2.8519054234409333		0.3029301664352417		0.6058603328704834
1025		20.3362792560074		1.8146859407424927		2.860990481491089		0.3007713683128357		0.6015427366256714
1026		20.42740780202439		1.811313271522522		2.8378527213287352		0.30970141659975053		0.6194028331995011
1027		20.327617661998374		1.8165041208267212		2.848166989183426		0.3028728028655052		0.6057456057310104
1028		20.23514348399476		1.8168083429336548		2.8642575709629057		0.3025284295320511		0.6050568590641022
1029		20.30305150800268		1.809019684791565		2.8389379766464233		0.30479559532403944		0.6095911906480789
1030		20.160854262998328		1.8105570077896118		2.8557894587707517		0.3018559830069542		0.6037119660139084
1031		20.249057209992316		1.818129539489746		2.8624726992607115		0.3041640054345131		0.6083280108690262
1032		20.109521884995047		1.8148425817489624		2.8450753218364717		0.30232531300783155		0.6046506260156631
1033		20.200581607990898		1.8121869564056396		2.841573757286072		0.3022307616353035		0.604461523270607
1034		20.233056192984805		1.8106645345687866		2.853304694070816		0.30391858320236204		0.6078371664047241
1035		20.378125190007268		1.8126415014266968		2.8522215888786318		0.30607107090950014		0.6121421418190003
1036		20.317621941008838		1.820896029472351		2.8518767552757263		0.30409839618206025		0.6081967923641205
1037		20.27698357598274		1.8152358531951904		2.8506039665794374		0.3027622593998909		0.6055245187997818
1038		20.119372307002777		1.820365071296692		2.8558183726501465		0.31156438151597976		0.6231287630319595
1039		20.1604493400082		1.8132450580596924		2.8587987469959257		0.3019269534826279		0.6038539069652558
1040		20.286586789006833		1.8174136877059937		2.85646559176445		0.3023538215637207		0.6047076431274414
1041		20.224605697003426		1.8093701601028442		2.840800024175644		0.30139982742071153		0.6027996548414231
1042		20.078706628002692		1.8098607063293457		2.8438100299835205		0.3018386593937874		0.6036773187875748
1043		20.059715688985307		1.8112907409667969		2.855864872045517		0.30466976786851885		0.6093395357370377
1044		20.120909403980477		1.81365966796875		2.842881847038269		0.30114886528253554		0.6022977305650711
1045		20.30067329001031		1.8061171770095825		2.8377565226745607		0.30288348311185836		0.6057669662237167
1046		20.3605481289851		1.8041796684265137		2.8448842637348175		0.3017217102766037		0.6034434205532074
1047		20.364966728986474		1.8090825080871582		2.8504474344062807		0.3022766616940498		0.6045533233880996
1048		20.362338691978948		1.8191579580307007		2.852802449350357		0.31839726877212526		0.6367945375442505
1049		20.35136825000518		1.8109383583068848		2.8474899304676056		0.30470934302806857		0.6094186860561371
1050		20.47494712099433		1.8155595064163208		2.8622022742938995		0.3063988676309586		0.6127977352619172
1051		20.266097230021842		1.8097999095916748		2.8469808504772187		0.302085163974762		0.604170327949524
1052		20.352024335996248		1.8185969591140747		2.8564280017852783		0.3029523246526718		0.6059046493053436
1053		20.19896265800344		1.8188127279281616		2.862873076210022		0.3014426695227623		0.6028853390455245
1054		20.342153639998287		1.8173028230667114		2.8624163595676424		0.3024639833807945		0.604927966761589
1055		20.19226883898955		1.8104665279388428		2.8444412021255494		0.3123181897878647		0.6246363795757294
1056		20.211381795001216		1.8114269971847534		2.8441807107734682		0.3011883145928383		0.6023766291856766
1057		20.19166666700039		1.8109188079833984		2.8473112086009977		0.3050702481508255		0.610140496301651
1058		20.2912062619871		1.8154047727584839		2.8529115947151182		0.30212329398393634		0.6042465879678727
1059		20.332613221020438		1.8131910562515259		2.841190192270279		0.3342754935860634		0.6685509871721268
1060		20.319268544990337		1.810430884361267		2.8478919581508637		0.3030931421399117		0.6061862842798234
1061		20.16882327699568		1.810628056526184		2.8387371918487547		0.30304067865610124		0.6060813573122025
1062		20.276514184020925		1.8127557039260864		2.849597126646042		0.3019298565149307		0.6038597130298614
1063		20.261801810993347		1.8016868829727173		2.84139108792305		0.3043025312900543		0.6086050625801086
1064		20.17344403199968		1.814329743385315		2.8317107878017427		0.30516936041116716		0.6103387208223343
1065		20.34307332499884		1.8089263439178467		2.843496221675873		0.30098128505945204		0.6019625701189041
1066		20.357265033002477		1.8116997480392456		2.8479947704029085		0.30181977857351305		0.6036395571470261
1067		20.18877175700618		1.8061450719833374		2.8395126686668397		0.30442195558547974		0.6088439111709595
1068		20.40546426299261		1.8128753900527954		2.8591492388057707		0.30192208231687545		0.6038441646337509
1069		20.511314718984067		1.8117483854293823		2.848786990594864		0.3061452282190323		0.6122904564380646
1070		20.36949949999689		1.805478811264038		2.851021594133377		0.3025642123579979		0.6051284247159958
1071		20.350675408000825		1.809657335281372		2.8382024380779267		0.3027345202684402		0.6054690405368804
1072		20.34609120999812		1.805795431137085		2.848759188642502		0.3062058858156204		0.6124117716312408
1073		20.194658111024182		1.8089133501052856		2.8362521335029602		0.30146900124549864		0.6029380024909973
1074		20.299236610007938		1.8106155395507812		2.8385803633594513		0.31568330643177034		0.6313666128635407
1075		20.283124006004073		1.8113480806350708		2.8475812695503233		0.30246807297468187		0.6049361459493637
1076		20.170910343003925		1.8112345933914185		2.843742363204956		0.32958623851537705		0.6591724770307541
1077		20.06495431700023		1.8122835159301758		2.8458123404598235		0.3017701232433319		0.6035402464866638
1078		20.224974349024706		1.8085161447525024		2.8383399193382264		0.3009803487300873		0.6019606974601746
1079		20.335353978996864		1.8074839115142822		2.8414505630779265		0.3069188668370247		0.6138377336740494
1080		20.300088407006115		1.8111701011657715		2.8559973951148985		0.30397014298439023		0.6079402859687805
1081		20.224727166001685		1.8065130710601807		2.846967579393387		0.30698356878757477		0.6139671375751495
1082		20.246369100001175		1.8125842809677124		2.8577523811340333		0.3015821457505226		0.6031642915010452
1083		20.177103367983364		1.812828540802002		2.850251477680206		0.3021815309047699		0.6043630618095398
1084		20.16721361898817		1.8095754384994507		2.8457733061599733		0.30368408881425857		0.6073681776285171
1085		20.140524449991062		1.8040672540664673		2.8352655493927004		0.31817967821359633		0.6363593564271927
1086		20.194163553009275		1.8080503940582275		2.847145084257126		0.3014589036226273		0.6029178072452546
1087		20.25897262900253		1.8156968355178833		2.845458773641586		0.30183072601556776		0.6036614520311355
1088		20.227326797001297		1.8079583644866943		2.8365657877254487		0.30641857237815856		0.6128371447563171
1089		20.35495925100986		1.8071390390396118		2.83915530166626		0.30154092626571655		0.6030818525314331
1090		20.24929255299503		1.8144934177398682		2.848470846118927		0.30249535930156707		0.6049907186031341
1091		20.195706548984163		1.818891167640686		2.858908063325882		0.30826944645643234		0.6165388929128647
1092		20.242896294017555		1.8080366849899292		2.843646674718857		0.3005991663455963		0.6011983326911926
1093		20.18308650801191		1.8078322410583496		2.8405071726417543		0.3019551497101784		0.6039102994203568
1094		20.151912308996543		1.8152949810028076		2.85331145195961		0.30135058451890945		0.6027011690378189
1095		20.32540820899885		1.8081294298171997		2.8446292181301116		0.30069367746114734		0.6013873549222947
1096		20.138744316005614		1.803788423538208		2.8472598428058626		0.30107680631875994		0.6021536126375199
1097		20.085590808012057		1.8044885396957397		2.8419022776126863		0.3006438988685608		0.6012877977371216
1098		20.124913372012088		1.80277681350708		2.8388150522232056		0.30089210283756257		0.6017842056751251
1099		20.337286377995042		1.8126312494277954		2.8570307255458833		0.31031093695163725		0.6206218739032745
1100		20.36692958601634		1.8072152137756348		2.8334334197330473		0.30266431856155396		0.6053286371231079
1101		20.383328724012244		1.8066976070404053		2.844923347024918		0.30564298092126846		0.6112859618425369
1102		20.537611197010847		1.824964165687561		2.857380677175522		0.30094540261030195		0.6018908052206039
1103		20.352383005985757		1.8057626485824585		2.8415762236881257		0.301236016869545		0.60247203373909
1104		20.30271629500203		1.8066905736923218		2.846647072496414		0.3045669524431229		0.6091339048862457
1105		20.154416853998555		1.80929696559906		2.8492151428699493		0.30439325207471846		0.6087865041494369
1106		20.107211007998558		1.8081704378128052		2.83403910071373		0.3031574701786041		0.6063149403572082
1107		20.155999560985947		1.8140136003494263		2.8380849656963347		0.30124339644908904		0.6024867928981781
1108		20.206181638001		1.8153520822525024		2.857770243835449		0.30105624345541		0.60211248691082
1109		20.254313897021348		1.804984450340271		2.8380480860996244		0.3081863684058189		0.6163727368116378
1110		20.310174810991157		1.810113549232483		2.8388271437644956		0.304569195663929		0.609138391327858
1111		20.143481578998035		1.807909369468689		2.8412424310588835		0.30109284979104994		0.6021856995820999
1112		20.113055630004965		1.8029834032058716		2.8248726210975645		0.30164333939552307		0.6032866787910461
1113		20.176607261993922		1.8081629276275635		2.843519173259735		0.30079516075849533		0.6015903215169907
1114		20.166180647007423		1.8093661069869995		2.8517567541122437		0.3016607030034065		0.603321406006813
1115		20.161153613997158		1.8071633577346802		2.8369458598327637		0.300884240937233		0.601768481874466
1116		20.12228699802654		1.8166160583496094		2.8487316398906706		0.3004827067375183		0.6009654134750366
1117		20.181235523021314		1.8089666366577148		2.85033734082222		0.34636152013540267		0.6927230402708053
1118		20.21213727700524		1.8106577396392822		2.843860799264908		0.30152284840345384		0.6030456968069077
1119		20.19660931598628		1.8032032251358032		2.8274639806079866		0.30093699589967726		0.6018739917993545
1120		20.14225574900047		1.8028934001922607		2.833884066133499		0.3001131649851799		0.6002263299703599
1121		20.308793939999305		1.8101177215576172		2.8437642290210725		0.3017548800945282		0.6035097601890564
1122		20.18040683300933		1.8105133771896362		2.847684518585205		0.30163819407224657		0.6032763881444931
1123		20.255600164004136		1.812149167060852		2.841811699485779		0.30041419543027875		0.6008283908605575
1124		20.40794963799999		1.8110121488571167		2.838908071193695		0.30040003591775893		0.6008000718355179
1125		20.26468908501556		1.8039644956588745		2.8413890006542206		0.2999068477153778		0.5998136954307556
1126		20.123127261991613		1.8088171482086182		2.8499419466590883		0.30384101914167405		0.6076820382833481
1127		20.126296686998103		1.8040097951889038		2.8411188170433044		0.30186164246797564		0.6037232849359513
1128		20.173012921994086		1.806420922279358		2.841789808664322		0.3004024738430977		0.6008049476861954
1129		20.33153416099958		1.8079044818878174		2.8364739003276824		0.30105178903341295		0.6021035780668259
1130		20.121365897008218		1.8006551265716553		2.8268782221603392		0.30396800919771194		0.6079360183954239
1131		20.122925439005485		1.8131721019744873		2.8445689488220216		0.30028772608041765		0.6005754521608353
1132		20.19694630498998		1.8078691959381104		2.84320528881073		0.3018815460920334		0.6037630921840668
1133		20.324699101998704		1.807041883468628		2.8327759243106843		0.30020006918907166		0.6004001383781433
1134		20.11854800299625		1.808083415031433		2.835438361301422		0.3006316121339798		0.6012632242679596
1135		20.142473416985013		1.809293508529663		2.8351197096824645		0.33024274649620056		0.6604854929924011
1136		20.14946419399348		1.8156096935272217		2.853695788002014		0.3032727733254433		0.6065455466508866
1137		20.1777211780136		1.8016942739486694		2.826842352256775		0.30045039356946945		0.6009007871389389
1138		20.276326115010306		1.8055305480957031		2.841060411605835		0.3000184868454933		0.6000369736909866
1139		20.29854537002393		1.8094810247421265		2.839361270170212		0.3035616794466972		0.6071233588933944
1140		20.286914547992637		1.799178123474121		2.8151104079055784		0.30238753248453143		0.6047750649690629
1141		20.23486636899179		1.8111847639083862		2.8519835771465303		0.31544159148931505		0.6308831829786301
1142		20.34602951700799		1.806179165840149		2.8386364881420136		0.300714314520359		0.601428629040718
1143		20.421007171011297		1.8002766370773315		2.824524738149643		0.313299682867527		0.626599365735054
1144		20.25672748699435		1.817021369934082		2.8328970464992524		0.3005701342463493		0.6011402684926986
1145		20.220376515004318		1.8108025789260864		2.830512735300064		0.3236780687093735		0.647356137418747
1146		20.35856466498808		1.8098112344741821		2.841820680103302		0.30072425826787946		0.6014485165357589
1147		20.338459297985537		1.800287127494812		2.8350287821865083		0.30100141113996504		0.6020028222799301
1148		20.465773753996473		1.8041144609451294		2.8340929638385775		0.3002560966849327		0.6005121933698654
1149		20.50963101099478		1.8118892908096313		2.851765316438675		0.300505821287632		0.601011642575264
1150		20.494976493006106		1.8097033500671387		2.8479127400112154		0.3030538758635521		0.6061077517271042
1151		20.492190513003152		1.8014594316482544		2.837705365524292		0.30047433643341065		0.6009486728668213
1152		20.36599347201991		1.8103485107421875		2.847545403251648		0.3000929365515709		0.6001858731031418
1153		20.328512926003896		1.8090420961380005		2.836880636692047		0.3158332020163536		0.6316664040327072
1154		20.185472982993815		1.795851230621338		2.8191603335475923		0.30155249000787737		0.6031049800157547
1155		20.149819721991662		1.8063949346542358		2.8324887774181366		0.3028088898897171		0.6056177797794342
1156		20.312524974986445		1.8047040700912476		2.8350496843624113		0.3002248304009438		0.6004496608018876
1157		20.40411294499063		1.8129528760910034		2.8423694847488403		0.30069570668935774		0.6013914133787155
1158		20.454473395016976		1.809316873550415		2.8314508665370943		0.3040192528486252		0.6080385056972504
1159		20.396147816005396		1.8072813749313354		2.8366368471717833		0.30004369037151335		0.6000873807430267
1160		20.199342354986584		1.8016655445098877		2.816719266023636		0.30008992801904677		0.6001798560380935
1161		20.373531096003717		1.8013306856155396		2.832955660133362		0.30400645689964295		0.6080129137992859
1162		20.213567180995597		1.8026896715164185		2.8331984493255615		0.299830407512188		0.599660815024376
1163		20.307593196019297		1.812103509902954		2.8500936848735807		0.2997929745554924		0.5995859491109848
1164		20.183904207020532		1.807541012763977		2.8425568291950225		0.30228792036771773		0.6045758407354355
1165		20.248477682995144		1.8101718425750732		2.829496779203415		0.2997562867283821		0.5995125734567642
1166		20.25226315902546		1.8046936988830566		2.8329278348731997		0.30002010040283206		0.6000402008056641
1167		20.304609237995464		1.8131877183914185		2.8553374236392974		0.3009154393672943		0.6018308787345886
1168		20.452250289003132		1.8068243265151978		2.835414483613968		0.3131225120306015		0.626245024061203
1169		20.20941182601382		1.8070309162139893		2.834349898815155		0.30191604412794115		0.6038320882558823
1170		20.45328674299526		1.8076550960540771		2.8458400223731997		0.3032452453017235		0.606490490603447
1171		20.284680345997913		1.806575059890747		2.8252633638572693		0.3020809363722801		0.6041618727445602
1172		20.3772733110236		1.8012287616729736		2.8281042561244965		0.3010320552110672		0.6020641104221344
1173		20.39881755001261		1.8068797588348389		2.8420199842739104		0.3007351395249367		0.6014702790498734
1174		20.192573237000033		1.8006060123443604		2.824703183374405		0.2996446900129318		0.5992893800258636
1175		20.36541841100552		1.8098974227905273		2.832190160741806		0.30079809066057206		0.6015961813211441
1176		20.304486869019456		1.7989068031311035		2.8288363936710357		0.3005560129165649		0.6011120258331298
1177		20.207578534987988		1.8110530376434326		2.838785068206787		0.2999155457139015		0.599831091427803
1178		20.325538361998042		1.8090580701828003		2.832048159942627		0.2995653730869293		0.5991307461738586
1179		20.38658319800743		1.8069549798965454		2.8305906608200075		0.2999593928217888		0.5999187856435776
1180		20.499724897992564		1.7988625764846802		2.815872818603516		0.30026201101541516		0.6005240220308303
1181		20.31913369198446		1.804273247718811		2.840059606990814		0.30336264610290525		0.6067252922058105
1182		20.223133002989925		1.7976350784301758		2.818596398639679		0.2997569431066513		0.5995138862133026
1183		20.37687033598195		1.7976399660110474		2.814622470378876		0.29988494819402695		0.5997698963880539
1184		20.479765528987627		1.8109147548675537		2.84226928150177		0.30086348571777344		0.6017269714355469
1185		20.37813193301554		1.796960711479187		2.823107806863785		0.30506735159158704		0.6101347031831741
1186		20.224358356994344		1.8019866943359375		2.8307485075855254		0.29976233623027804		0.5995246724605561
1187		20.191941302007763		1.7939820289611816		2.8219654197978974		0.30074625197649		0.60149250395298
1188		20.40074572499725		1.8039987087249756		2.8288242090702056		0.3005772114396095		0.601154422879219
1189		20.480433798016747		1.806673526763916		2.827828146209717		0.3028553524017334		0.6057107048034668
1190		20.347147677995963		1.8096227645874023		2.8476145436954496		0.3000660259246826		0.6001320518493652
1191		20.4246545569913		1.797898530960083		2.8212445819854737		0.3006480315208435		0.601296063041687
1192		20.270554966002237		1.804753065109253		2.8202934860229494		0.30974017503261564		0.6194803500652313
1193		20.36450043399236		1.8059241771697998		2.823995704250336		0.3104949085474014		0.6209898170948028
1194		20.17583487299271		1.7996090650558472		2.825328910446167		0.29931951848268507		0.5986390369653701
1195		20.254212407016894		1.8139009475708008		2.8350227002239228		0.3023048321604729		0.6046096643209458
1196		20.153807640017476		1.809089183807373		2.8317986257457735		0.3025260723590851		0.6050521447181701
1197		20.360563599009765		1.8002020120620728		2.8276484391975405		0.29995893665552137		0.5999178733110427
1198		20.150937263999367		1.8036959171295166		2.8294996136665342		0.30452401610612867		0.6090480322122573
1199		20.1149348889885		1.817136526107788		2.8449370477199554		0.29921818225383756		0.5984363645076751
1200		20.14609787199879		1.800864815711975		2.828485683450699		0.30125357372760775		0.6025071474552155
1201		20.2060588549939		1.8043407201766968		2.8375395734214783		0.30630890710353853		0.6126178142070771
1202		20.395920533017488		1.8162846565246582		2.848705911035538		0.2996434223532677		0.5992868447065354
1203		20.40523987301276		1.8026918172836304		2.832857712926865		0.3007897279620171		0.6015794559240342
1204		20.483306356996763		1.8050148487091064		2.8309620133018494		0.2999611969947815		0.599922393989563
1205		20.47355101199355		1.8087635040283203		2.8255769586753847		0.2998715982079506		0.5997431964159012
1206		20.249712001997977		1.8014063835144043		2.8310487609672546		0.3005972746729851		0.6011945493459702
1207		20.16746864799643		1.8101156949996948		2.833388284320831		0.3008502225875854		0.6017004451751709
1208		20.18834821099881		1.8006855249404907		2.823818872461319		0.3236862626552582		0.6473725253105164
1209		20.21079158500652		1.8057818412780762		2.8352148280239104		0.3004267893433571		0.6008535786867142
1210		20.234105816023657		1.8071277141571045		2.840306631765366		0.29955196256637573		0.5991039251327515
1211		20.25113687600242		1.804860234260559		2.837849248342514		0.3055147665858269		0.6110295331716538
1212		20.23256213698187		1.8053910732269287		2.8340652214336397		0.3022492403149605		0.604498480629921
1213		20.44026431097882		1.8112040758132935		2.8445355020713805		0.299774569940567		0.599549139881134
1214		20.451437649026047		1.8103638887405396		2.840461252965927		0.3055651627540588		0.6111303255081176
1215		20.35545153100975		1.8063650131225586		2.844203498916626		0.3009064289331436		0.6018128578662872
1216		20.295313617010834		1.8079859018325806		2.827651097679138		0.3000647719025612		0.6001295438051224
1217		20.32352309898124		1.7923583984375		2.8212847635936735		0.30000097683668137		0.6000019536733627
1218		20.40792317900923		1.7985749244689941		2.827988353614807		0.3004035033226013		0.6008070066452026
1219		20.384144696989097		1.8020950555801392		2.825914764547348		0.3022873984217644		0.6045747968435288
1220		20.35671429699869		1.8167363405227661		2.845229981689453		0.3051592543244362		0.6103185086488724
1221		20.143328002974158		1.8109749555587769		2.8396742451477053		0.2999506108045578		0.5999012216091156
1222		20.20950476298458		1.8050376176834106		2.8335720994853975		0.3014451659798622		0.6028903319597244
1223		20.17968112201197		1.8025480508804321		2.829026301755905		0.2999649672746658		0.5999299345493316
1224		20.27901451001526		1.7937171459197998		2.8129097744083404		0.30000669338703156		0.6000133867740631
1225		20.253180336003425		1.8020813465118408		2.8202356790351866		0.300579916369915		0.60115983273983
1226		20.30343115000869		1.8099223375320435		2.8281998167324067		0.29933734397888184		0.5986746879577637
1227		20.375500958005432		1.8088834285736084		2.8217112836456297		0.2998436956167221		0.5996873912334442
1228		20.167441601020982		1.8025790452957153		2.8274647828388213		0.3007324969649315		0.601464993929863
1229		20.287301420990843		1.803663969039917		2.8309529872512815		0.3101610119462013		0.6203220238924027
1230		20.374282639997546		1.8047475814819336		2.82053150431633		0.3005191929936409		0.6010383859872818
1231		20.361173220007913		1.8056942224502563		2.828892087984085		0.2994099179148674		0.5988198358297347
1232		20.146481863979716		1.8018157482147217		2.825945442428589		0.2996972955346108		0.5993945910692215
1233		20.28430246602511		1.7973612546920776		2.821436355705261		0.29950570740699767		0.5990114148139953
1234		20.36879071898875		1.803189754486084		2.820128279838562		0.2992833715200424		0.5985667430400848
1235		20.422381170996232		1.7965574264526367		2.814346154117584		0.3023219736933708		0.6046439473867417
1236		20.348226892994717		1.8046938180923462		2.825823884534836		0.2998537273168564		0.5997074546337128
1237		20.320909345988184		1.801414966583252		2.8258230505275725		0.2995072116732597		0.5990144233465194
1238		77.68859674502164		1.8028279542922974		2.826939664373398		0.30062190873622896		0.6012438174724579
1239		20.383497657981934		1.804758071899414		2.83047255068779		0.3008568185687065		0.601713637137413
1240		20.488885216997005		1.797615885734558		2.812126623649597		0.29963774470090865		0.5992754894018173
1241		20.47063460701611		1.7993674278259277		2.8261260667514803		0.2996441419363022		0.5992882838726044
1242		20.44842809601687		1.8031864166259766		2.845194737768173		0.2999351533651352		0.5998703067302704
1243		20.337702760996763		1.8060970306396484		2.825848754901886		0.29981727734804153		0.5996345546960831
1244		20.332071866985643		1.8015050888061523		2.819146018047333		0.2995960079431534		0.5991920158863068
1245		20.29868874300155		1.8098137378692627		2.8421349820423125		0.3016207817077637		0.6032415634155274
1246		20.327662917989073		1.8057684898376465		2.838924525604248		0.3010974022746086		0.6021948045492173
1247		20.382338277995586		1.802361011505127		2.822652965040207		0.29945071955919267		0.5989014391183853
1248		20.200499769998714		1.810960054397583		2.8379384921360016		0.30045835241079333		0.6009167048215867
1249		20.129308361007133		1.8044071197509766		2.825495778913498		0.3028872371077537		0.6057744742155075
1250		20.14471853201394		1.804159164428711		2.8291896318244936		0.29971648302078246		0.5994329660415649
1251		20.252485806995537		1.8051131963729858		2.8280336685466767		0.3001393164873123		0.6002786329746246
1252		20.257205449976027		1.7984707355499268		2.825395066623688		0.299445757830143		0.598891515660286
1253		20.259252112009563		1.805439829826355		2.8347771252727507		0.2995668874263763		0.5991337748527527
1254		20.22095823098789		1.8042255640029907		2.819261033182144		0.30094751669168474		0.6018950333833695
1255		20.18100774497725		1.798933744430542		2.8262635024261473		0.29937197805643084		0.5987439561128617
1256		20.297293890995206		1.8022921085357666		2.822030575532913		0.2997289300084114		0.5994578600168228
1257		20.259823090978898		1.8015652894973755		2.822980604772568		0.3007480898022652		0.6014961796045304
1258		20.425255968002602		1.805463194847107		2.8330795285224917		0.29948883590698244		0.5989776718139649
1259		20.41414525100845		1.7988831996917725		2.8191087410163878		0.2993766386628151		0.5987532773256302
1260		20.42997113498859		1.8047901391983032		2.8192492998409273		0.29916538219451905		0.5983307643890381
1261		20.385665959998732		1.7948249578475952		2.823990763244629		0.3014482432961464		0.6028964865922928
1262		20.440317050000886		1.8050131797790527		2.8247664245033266		0.29910122179985044		0.5982024435997009
1263		20.415919502993347		1.8096548318862915		2.835108799352646		0.3002610598921776		0.6005221197843552
1264		20.299356654984877		1.801255464553833		2.836538605670929		0.2993271758556366		0.5986543517112732
1265		20.309897058992647		1.7909352779388428		2.807564994535446		0.3000488131761551		0.6000976263523102
1266		20.160710803000256		1.8013862371444702		2.8185640904426577		0.3025133810520172		0.6050267621040344
1267		20.207647506991634		1.7998661994934082		2.8171566739845275		0.300785902428627		0.601571804857254
1268		20.081929820007645		1.802159070968628		2.823363159990311		0.29952704080343245		0.5990540816068649
1269		77.39117550299852		1.8059864044189453		2.830685790882111		0.30056019335985185		0.6011203867197037
1270		20.362557882006513		1.7971845865249634		2.8113834105682374		0.3023891842484474		0.6047783684968948
1271		20.414814402989578		1.8038121461868286		2.8262994286346435		0.29956648876667025		0.5991329775333405
1272		20.18813209698419		1.796860694885254		2.8118821116542816		0.2991844118952751		0.5983688237905502
1273		20.372625252988655		1.7913844585418701		2.8076334477233886		0.29925313093662265		0.5985062618732453
1274		20.21451494700159		1.806247353553772		2.833802521972656		0.29950843938589095		0.5990168787717819
1275		20.202468600007705		1.800462007522583		2.8116298873710632		0.29886189749240877		0.5977237949848175
1276		20.4018086240103		1.8038508892059326		2.832444124107361		0.2990844989657402		0.5981689979314804
1277		20.14803461698466		1.8002965450286865		2.814832822561264		0.30098594284057617		0.6019718856811523
1278		20.198564880003687		1.8081138134002686		2.8283708913993837		0.29899668672084806		0.5979933734416961
1279		20.150586970994482		1.8087860345840454		2.8265704603767396		0.29952710402011873		0.5990542080402375
1280		20.229734589986037		1.8021777868270874		2.8217181634902953		0.2992703525543213		0.5985407051086425
1281		20.361856832983904		1.8075357675552368		2.830842271194458		0.2994385425567627		0.5988770851135254
1282		20.234427862014854		1.79957914352417		2.8154074804878233		0.2990106321811676		0.5980212643623352
1283		20.15701190000982		1.7922810316085815		2.8213481023788454		0.29893573578596117		0.5978714715719223
1284		20.24810014400282		1.7953301668167114		2.8133651631355288		0.29888728736639025		0.5977745747327805
1285		20.20751823700266		1.7999329566955566		2.822956254558563		0.2990283716201782		0.5980567432403564
1286		20.22321280799224		1.802687168121338		2.822357575454712		0.30030186562538147		0.6006037312507629
1287		20.254979720979463		1.80166757106781		2.8257903629875183		0.29937205851078036		0.5987441170215607
1288		20.08348644999205		1.8047740459442139		2.823947197303772		0.29924138624668123		0.5984827724933625
1289		20.086505036015296		1.8009408712387085		2.82812939453125		0.29897601093053816		0.5979520218610763
1290		20.20782863002387		1.8014724254608154		2.82903084359169		0.2992988868355751		0.5985977736711502
1291		20.269598660001066		1.8013215065002441		2.8282796642303465		0.2988402310967445		0.597680462193489
1292		20.229941882018466		1.797295093536377		2.8220376482868192		0.29965696188211444		0.5993139237642289
1293		20.297349757980555		1.7966995239257812		2.819972056751251		0.2995877104997635		0.599175420999527
1294		20.307325762987603		1.798250436782837		2.8117510592365265		0.2990712033867836		0.5981424067735672
1295		20.324290418007877		1.8028974533081055		2.8275667244529723		0.29959784504175185		0.5991956900835037
1296		20.226190993998898		1.7969248294830322		2.829749960708618		0.3039895202279091		0.6079790404558182
1297		20.240645468002185		1.8001734018325806		2.8294449565601347		0.29891541426181795		0.5978308285236359
1298		20.202481986983912		1.7990907430648804		2.815988034362793		0.29972460786104205		0.5994492157220841
1299		20.211392045981484		1.7932069301605225		2.8160273372650146		0.2988382199764252		0.5976764399528504
1300		20.13677133800229		1.800405740737915		2.8236676749229432		0.29900146799087524		0.5980029359817505
1301		20.20649923000019		1.8053377866744995		2.823993273162842		0.2994128700375557		0.5988257400751114
1302		20.26240809902083		1.7991373538970947		2.8190758105182647		0.30040681928396223		0.6008136385679245
1303		20.313076470978558		1.8062037229537964		2.8341631716442106		0.29938266695737836		0.5987653339147567
1304		20.465282955003204		1.8015966415405273		2.8235933137893676		0.29910293649435044		0.5982058729887009
1305		20.46999152499484		1.801127552986145		2.817293455314636		0.29912358785867693		0.5982471757173539
1306		20.146101049002027		1.795761227607727		2.8129844517230986		0.299158484685421		0.598316969370842
1307		20.131529762002174		1.8030381202697754		2.8285842281246185		0.29918480587005614		0.5983696117401123
1308		20.248738163005328		1.796399474143982		2.8138996143054964		0.29886767002344133		0.5977353400468827
1309		20.25400562401046		1.8072291612625122		2.8212314437961576		0.2994499302864075		0.598899860572815
1310		20.235825538024073		1.7959413528442383		2.8146067998981477		0.2990446632742882		0.5980893265485764
1311		20.316769622004358		1.8037282228469849		2.8262767327880858		0.2989405554652214		0.5978811109304428
1312		20.27723143901676		1.795493245124817		2.8149913267421725		0.2990926867008209		0.5981853734016418
1313		20.417604832007783		1.8043019771575928		2.829821864681244		0.2987809057474136		0.5975618114948272
1314		20.381372744013788		1.7955520153045654		2.8193801201820374		0.30026947716474534		0.6005389543294907
1315		20.427037090004887		1.8070273399353027		2.8126212558841703		0.30046797395944597		0.6009359479188919
1316		20.413630956987618		1.7900460958480835		2.8163250688934327		0.2991514613389969		0.5983029226779938
1317		20.351037720014574		1.800374150276184		2.8148000337409975		0.29919003159999846		0.5983800631999969
1318		20.194271728018066		1.802544355392456		2.825057364501953		0.29935772240161895		0.5987154448032379
1319		20.29866232801578		1.8027480840682983		2.8219701693534853		0.29924971311092374		0.5984994262218475
1320		20.25136141999974		1.8029638528823853		2.831541669845581		0.2989146824121475		0.597829364824295
1321		20.081508910021512		1.796464443206787		2.806998027057648		0.2990181268453598		0.5980362536907196
1322		20.051750644983258		1.7990992069244385		2.819168117046356		0.299706463098526		0.599412926197052
1323		20.158498306991532		1.8020923137664795		2.831943218383789		0.29882051476240157		0.5976410295248031
1324		20.214416107017314		1.7938212156295776		2.821241275835037		0.2991330715537071		0.5982661431074142
1325		20.33229304998531		1.807636022567749		2.821904417886734		0.29902327995300293		0.5980465599060059
1326		20.43288427000516		1.8015453815460205		2.8301884402751925		0.29917588745355606		0.5983517749071121
1327		20.407960826996714		1.795714020729065		2.809099165830612		0.2990353344798088		0.5980706689596176
1328		20.262503157980973		1.8052170276641846		2.8301460383987425		0.2990024871110916		0.5980049742221832
1329		20.378986472991528		1.8012547492980957		2.8158150676441194		0.2991481334447861		0.5982962668895722
1330		20.168022408004617		1.8026574850082397		2.8199764848327638		0.29884380207061767		0.5976876041412353
1331		20.29746469599195		1.7952966690063477		2.8239971884441375		0.2988715046525002		0.5977430093050004
1332		20.31622698000865		1.801059365272522		2.819254456396103		0.2988283532619476		0.5976567065238952
1333		20.324778880021768		1.8001741170883179		2.8303797072029115		0.2994638233780861		0.5989276467561722
1334		20.327282065001782		1.800112009048462		2.817990548658371		0.2988129489183426		0.5976258978366852
1335		20.334468597982777		1.809126615524292		2.8307545231437685		0.2989003573775291		0.5978007147550582
1336		20.31824432098074		1.7984470129013062		2.818236710205078		0.2992199185490608		0.5984398370981217
1337		20.295605496008648		1.797865629196167		2.8115124531650544		0.29880748351812364		0.5976149670362473
1338		20.3330377569946		1.8008453845977783		2.8127325253105164		0.29899450830221175		0.5979890166044235
1339		20.179345075011952		1.7978508472442627		2.8087206902980806		0.29898337078094483		0.5979667415618897
1340		20.133457521005766		1.7964493036270142		2.810519851398468		0.2987289670586586		0.5974579341173172
1341		20.260538100003032		1.8050445318222046		2.8242600936317444		0.29875462926626206		0.5975092585325241
1342		20.24256730999332		1.8046090602874756		2.820176194343567		0.29895515438318254		0.5979103087663651
1343		20.125879084022017		1.7993462085723877		2.8132426857089996		0.2989858549118042		0.5979717098236084
1344		20.26291912700981		1.7976665496826172		2.8092297746276857		0.30031870493888857		0.6006374098777771
1345		20.29782668800908		1.7954604625701904		2.8179523638153077		0.2993185640454292		0.5986371280908585
1346		20.249474454991287		1.8026790618896484		2.819803521928787		0.2994530379295349		0.5989060758590699
1347		20.427739627019037		1.8010938167572021		2.8121999287986754		0.29903600540161135		0.5980720108032227
1348		20.414830379013438		1.8022252321243286		2.8112193247318267		0.29876861852407455		0.5975372370481491
1349		20.3917310499819		1.797621250152588		2.8269533718776705		0.29900888593196867		0.5980177718639373
1350		20.42775720800273		1.7931867837905884		2.8155118398666383		0.2990569550275803		0.5981139100551606
1351		20.29753997901571		1.80161452293396		2.8188995236587524		0.2987194552540779		0.5974389105081558
1352		20.1697547280055		1.8089998960494995		2.8279339398574828		0.29883917018175127		0.5976783403635025
1353		20.23162703300477		1.7978651523590088		2.8106530631256104		0.29881179621219633		0.5976235924243927
1354		20.424711255007423		1.798478364944458		2.812614985437393		0.2988044774532318		0.5976089549064636
1355		20.37951769499341		1.7928460836410522		2.795629715986252		0.2987445076584816		0.5974890153169632
1356		20.30809196899645		1.7967644929885864		2.8164802805900573		0.29909594061374667		0.5981918812274933
1357		20.305842097004643		1.7999459505081177		2.8129239321136477		0.29885244287252427		0.5977048857450485
1358		20.367433567007538		1.7914175987243652		2.819399579515457		0.298894530248642		0.597789060497284
1359		20.338184107997222		1.8029682636260986		2.8295923377132417		0.29919243528842926		0.5983848705768585
1360		20.28776996099623		1.8069415092468262		2.8322924086570738		0.2988140929698944		0.5976281859397888
1361		20.29391621099785		1.8008549213409424		2.8207062171649935		0.298549020588398		0.597098041176796
1362		20.296224927995354		1.796981930732727		2.817276619634628		0.298764910364151		0.597529820728302
1363		20.136115544999484		1.8047239780426025		2.819029679136276		0.29889564652442935		0.5977912930488587
1364		20.247779328987235		1.8036938905715942		2.8158034889411927		0.29921139096021654		0.5984227819204331
1365		20.324135417991783		1.800002098083496		2.811814677314758		0.2995347344875336		0.5990694689750672
1366		20.172306120977737		1.8067278861999512		2.809290254983902		0.29957306768894193		0.5991461353778839
1367		20.164650468999753		1.7997581958770752		2.8169348111629486		0.29867707827091217		0.5973541565418243
1368		20.22005508298753		1.7972279787063599		2.8090853442764283		0.29901944063901903		0.5980388812780381
1369		20.169622123998124		1.7966200113296509		2.8054806624412536		0.2988525358200073		0.5977050716400146
1370		20.21464583501802		1.7942560911178589		2.8165941660118103		0.2987643012404442		0.5975286024808883
1371		20.38038263199269		1.8012962341308594		2.8166891221141817		0.29894896856546405		0.5978979371309281
1372		20.198646595003083		1.7981362342834473		2.813635509805679		0.29947854503393173		0.5989570900678635
1373		20.092564679012867		1.8024874925613403		2.8134580106925964		0.2997601840376854		0.5995203680753708
1374		20.084010118007427		1.8053219318389893		2.825717186574936		0.29960246456861495		0.5992049291372299
1375		20.137359635002213		1.8033519983291626		2.822718963479996		0.29885903871059416		0.5977180774211883
1376		20.32456297101453		1.801490306854248		2.8198650519943236		0.29908517116308214		0.5981703423261643
1377		20.34767902799649		1.8018585443496704		2.8281051628398894		0.29914251644611356		0.5982850328922271
1378		20.366543557989644		1.7960258722305298		2.8201180312633514		0.2988424892425537		0.5976849784851074
1379		20.314232594013447		1.80160391330719		2.8151111406707763		0.2990052717447281		0.5980105434894561
1380		20.326255744992523		1.807734489440918		2.8274289782047273		0.29885835114717485		0.5977167022943497
1381		20.338090734003345		1.8033716678619385		2.820650888834		0.29877027539014817		0.5975405507802963
1382		20.125141183991218		1.797800064086914		2.812426824092865		0.2992998138308525		0.598599627661705
1383		20.206739451998146		1.7987977266311646		2.8236754205703734		0.29890474997758865		0.5978094999551773
1384		20.31371368598775		1.800005316734314		2.8086374421310425		0.2989055925250053		0.5978111850500106
1385		20.371868254995206		1.7969273328781128		2.8133399076938628		0.29868596225976946		0.5973719245195389
1386		20.378126516996417		1.7973426580429077		2.8107116589069365		0.29899938144683835		0.5979987628936767
1387		20.32657656900119		1.7932153940200806		2.8015322813606263		0.298669328045845		0.59733865609169
1388		20.188676330988528		1.7998696565628052		2.8251771279811857		0.2986841796994209		0.5973683593988418
1389		20.341791225015186		1.7979791164398193		2.822955333471298		0.29871166123151777		0.5974233224630355
1390		20.347503245982807		1.79421865940094		2.8174571363925933		0.2987462368607521		0.5974924737215042
1391		20.37648510298459		1.8029388189315796		2.834458901786804		0.2989216790795326		0.5978433581590652
1392		20.368686202011304		1.7977057695388794		2.815582604227066		0.29880041419267656		0.5976008283853531
1393		20.240342075005174		1.798781394958496		2.825700730524063		0.2988359689950943		0.5976719379901886
1394		20.19566289600334		1.7901687622070312		2.809700621023178		0.2988227400660515		0.597645480132103
1395		20.2254446639854		1.7979613542556763		2.8261467631816863		0.29884235206842424		0.5976847041368485
1396		20.27412653400097		1.8084303140640259		2.823318307943344		0.29889134100675585		0.5977826820135117
1397		20.424405945988838		1.8007043600082397		2.8203872943973542		0.2989183653831482		0.5978367307662964
1398		20.394610356976045		1.803702473640442		2.8162353313541413		0.29888152664899825		0.5977630532979965
1399		20.19063585702679		1.7975913286209106		2.8072344877147675		0.29885347565412523		0.5977069513082505
1400		20.207010651996825		1.8005396127700806		2.808645108385086		0.2988149089217186		0.5976298178434372
1401		20.335082740988582		1.8038480281829834		2.8085084184455873		0.2987254846096039		0.5974509692192078
1402		20.305504543997813		1.7967815399169922		2.836756324491501		0.29868459860086444		0.5973691972017289
1403		20.418895476002945		1.796345591545105		2.815357282457352		0.29868195221424104		0.5973639044284821
1404		20.405798174004303		1.8025248050689697		2.8174823743629456		0.29901642537117007		0.5980328507423401
1405		20.13839234400075		1.803969383239746		2.8128687992954253		0.29877161264419555		0.5975432252883911
1406		20.169355179008562		1.794918417930603		2.8156717545223238		0.29867461475133894		0.5973492295026779
1407		20.21441060397774		1.7989342212677002		2.8178131361579895		0.29872063537836074		0.5974412707567215
1408		20.271363621985074		1.807885766029358		2.8228058060264587		0.2988010360956192		0.5976020721912384
1409		20.27152317200671		1.8022680282592773		2.816893952522278		0.29861176455020905		0.5972235291004181
1410		20.207148351008072		1.795459270477295		2.8140679114723204		0.2988175877094269		0.5976351754188538
1411		20.240716080006678		1.7861751317977905		2.803008315258026		0.2987424475550652		0.5974848951101304
1412		20.28375755198067		1.7995555400848389		2.822462853088379		0.29877834959030153		0.5975566991806031
1413		20.251585001009516		1.7990164756774902		2.8259987327098846		0.2988430074453354		0.5976860148906707
1414		20.271608996001305		1.8014377355575562		2.8229445997428892		0.2986303777933121		0.5972607555866242
1415		20.31559469702188		1.7954943180084229		2.809839988412857		0.29887536981105806		0.5977507396221161
1416		20.35943729398423		1.7937488555908203		2.814328775348663		0.29900436865091323		0.5980087373018265
1417		20.348067473008996		1.7920279502868652		2.8043144713687895		0.29882192783355715		0.5976438556671143
1418		20.462474119995022		1.8078839778900146		2.8191235624504087		0.2987631893992424		0.5975263787984848
1419		20.349022874986986		1.7965861558914185		2.8208208182430266		0.2987929928660393		0.5975859857320786
1420		20.278963764983928		1.7951149940490723		2.813390105171204		0.2988364394664764		0.5976728789329528
1421		20.34104201401351		1.796741247177124		2.8138556628704072		0.29866651089191437		0.5973330217838287
1422		20.36420008400455		1.8075408935546875		2.8286358143234254		0.29879736223220826		0.5975947244644165
1423		20.33211776902317		1.790995717048645		2.8125669435977936		0.2988208898425102		0.5976417796850204
1424		20.263671332999365		1.7967321872711182		2.82224967086792		0.2987128421783447		0.5974256843566894
1425		20.243716341996333		1.802397608757019		2.8253209063720703		0.2986678532958031		0.5973357065916062
1426		20.1998381089943		1.7969509363174438		2.8090459650325776		0.2987965939879417		0.5975931879758835
1427		20.177462763007497		1.7928541898727417		2.8003737562942503		0.2987552334308624		0.5975104668617248
1428		20.242459367989795		1.8007558584213257		2.8197315844154356		0.2987442782878876		0.5974885565757752
1429		20.251108700002078		1.7953569889068604		2.798011473045349		0.29867391024827955		0.5973478204965591
1430		20.245053755003028		1.7908406257629395		2.809022324781418		0.2987638224363327		0.5975276448726654
1431		20.185227916983422		1.8027094602584839		2.8287256893730164		0.29875251264572145		0.5975050252914429
1432		20.19694506499218		1.7846189737319946		2.8048069312763215		0.29875058139562605		0.5975011627912521
1433		20.17300655200961		1.799106240272522		2.815395121164322		0.29868832218647		0.59737664437294
1434		20.309324271976948		1.802087426185608		2.8136025299263		0.2987985552549362		0.5975971105098724
1435		20.224743348982884		1.7975682020187378		2.815195660333633		0.298761035490036		0.597522070980072
1436		20.256610790995182		1.7987185716629028		2.8114770414829255		0.29872945345640184		0.5974589069128037
1437		20.282349250017432		1.8026416301727295		2.813170049676895		0.298705074095726		0.597410148191452
1438		20.28196914299042		1.800230860710144		2.8220739930629732		0.2987314289212227		0.5974628578424453
1439		20.135716025019065		1.7983264923095703		2.812742372159958		0.2987944929599762		0.5975889859199524
1440		20.253379482019227		1.7993707656860352		2.8152133406066895		0.2986707690238953		0.5973415380477906
1441		20.22419399098726		1.8000938892364502		2.81671222741127		0.2988167874217033		0.5976335748434066
1442		20.36044040802517		1.787024974822998		2.806492059841156		0.2986672238945961		0.5973344477891922
1443		20.53740907800966		1.7967920303344727		2.8156693414592744		0.29874969201087953		0.5974993840217591
1444		20.195119740994414		1.800225853919983		2.824980150680542		0.2987703888297081		0.5975407776594162
1445		20.206032512011006		1.7984369993209839		2.813157800035477		0.2987534840106964		0.5975069680213928
1446		20.19344714799081		1.8022985458374023		2.8112860972976685		0.29875106245279315		0.5975021249055863
1447		20.133655601006467		1.797288417816162		2.8160303735637666		0.2989086574077606		0.5978173148155213
1448		20.124527300999034		1.8038127422332764		2.8232664744091034		0.29874387340545655		0.5974877468109131
1449		20.274029249005252		1.7986418008804321		2.8194664556598665		0.29874986406564713		0.5974997281312943
1450		20.303688137995778		1.793923258781433		2.8100755996131896		0.29878190146684647		0.5975638029336929
1451		20.27857446100097		1.8056379556655884		2.8358470040225985		0.2987264259815216		0.5974528519630432
1452		20.210938723990694		1.794877290725708		2.80557903758049		0.29873344215154646		0.5974668843030929
1453		20.22007673801272		1.7977879047393799		2.815938934469223		0.2987614981651306		0.5975229963302612
1454		20.203196596005		1.7925891876220703		2.7965124375152586		0.298754679608345		0.59750935921669
1455		20.30135512497509		1.794830083847046		2.8087080817222594		0.29875459337234495		0.5975091867446899
1456		20.21152178198099		1.7972838878631592		2.820084414129257		0.2987470703840256		0.5974941407680512
1457		20.207509255007608		1.810525894165039		2.8287707659721373		0.29874677469730376		0.5974935493946075
1458		20.339934390009148		1.7929513454437256		2.809985217552185		0.29874397702217104		0.5974879540443421
1459		20.44064586199238		1.7947672605514526		2.810162211380005		0.2987302573442459		0.5974605146884918
1460		20.274434261024		1.798585057258606		2.8140628336143494		0.29872953847646716		0.5974590769529343
1461		20.269947434979258		1.7975883483886719		2.812012033996582		0.29872713705301285		0.5974542741060257
1462		20.125569600000745		1.7958338260650635		2.8100106078529357		0.29872598291635516		0.5974519658327103
1463		20.26687084400328		1.794234275817871		2.8071201882457735		0.29874037203788756		0.5974807440757751
1464		20.48066397398361		1.7977852821350098		2.8136415580463408		0.29870526489019394		0.5974105297803879
1465		20.375397985975724		1.798852562904358		2.8198793302345275		0.2987311945438385		0.597462389087677
1466		20.19920435998938		1.7916902303695679		2.8057440845489503		0.29869871039390566		0.5973974207878113
1467		20.49360339899431		1.7970060110092163		2.815073034467697		0.2987361611366272		0.5974723222732544
1468		20.369489780976437		1.806029200553894		2.8204086878299712		0.2987685522437096		0.5975371044874191
1469		20.343545426992932		1.7952909469604492		2.812865313510895		0.2987725508451462		0.5975451016902924
1470		20.265855677978834		1.7870560884475708		2.8033377626895906		0.2987174222230911		0.5974348444461822
1471		20.190093465993414		1.794573426246643		2.808015775642395		0.29870740332603457		0.5974148066520691
1472		20.308177116006846		1.798042893409729		2.8227428788757325		0.29879838910102846		0.5975967782020569
1473		20.495590528007597		1.7998307943344116		2.8097678885173796		0.2987398160934448		0.5974796321868896
1474		20.406502416008152		1.8033021688461304		2.82346523560524		0.2987539094924927		0.5975078189849854
1475		20.483969808992697		1.794203281402588		2.8163491581439972		0.298734552526474		0.597469105052948
1476		20.3092062479991		1.800566554069519		2.8139222393131256		0.2987374359846115		0.597474871969223
1477		20.44380912699853		1.7929859161376953		2.8125051023864747		0.2987554454088211		0.5975108908176422
1478		20.419652286014752		1.799133539199829		2.8170808195495605		0.29872083913087843		0.5974416782617569
1479		20.4580278909998		1.8036777973175049		2.818086220149994		0.2987307147264481		0.5974614294528962
1480		20.422474380990025		1.802432656288147		2.822817076511383		0.29873895211219786		0.5974779042243957
1481		20.63455246097874		1.7964304685592651		2.816508937749863		0.298738327896595		0.59747665579319
1482		20.567331747995922		1.806050419807434		2.8205958674144744		0.2987302100777626		0.5974604201555253
1483		20.282641301018884		1.800687313079834		2.812004057531357		0.29873964269161224		0.5974792853832245
1484		20.352585707005346		1.8002924919128418		2.802001837949753		0.2987317382693291		0.5974634765386582
1485		20.382250775990542		1.7972971200942993		2.8072819696140288		0.29872941398620606		0.5974588279724121
1486		20.703772554988973		1.7914016246795654		2.8096867530536653		0.2987480281472206		0.5974960562944412
1487		20.680381451995345		1.79159677028656		2.817573277130127		0.2987324747562408		0.5974649495124816
1488		20.55980691401055		1.8025087118148804		2.826831889820099		0.29874234194755556		0.5974846838951111
1489		20.576507982012117		1.8027933835983276		2.83144825881958		0.2987374605298042		0.5974749210596084
1490		20.404562687996076		1.7987247705459595		2.8210792562961577		0.2987281261920929		0.5974562523841858
1491		20.355804836988682		1.8067057132720947		2.8251371474933626		0.29873559455871584		0.5974711891174317
1492		20.47960441498435		1.8022632598876953		2.8213308628559113		0.29873617169857025		0.5974723433971405
1493		20.36115793301724		1.7995002269744873		2.81892990404129		0.2987293516278267		0.5974587032556534
1494		20.322100557998056		1.798743724822998		2.81157964094162		0.2987344880819321		0.5974689761638642
1495		20.309082070016302		1.800804853439331		2.830082774934769		0.2987358769536018		0.5974717539072036
1496		20.453497693000827		1.7975842952728271		2.807484700517654		0.29873340663909914		0.5974668132781983
1497		20.46936039501452		1.7960031032562256		2.81631972694397		0.2987334034204483		0.5974668068408966
1498		20.38710705700214		1.7934107780456543		2.8108143298721315		0.29873348726034166		0.5974669745206833
1499		20.432855335995555		1.8018704652786255		2.8157153068256378		0.29873377379179		0.59746754758358