Epoch	Duration				Loss Step Train			Loss Full Train			Loss Step Test			Loss Full Test
0		19.93099423102103		30.450847625732422		31.372150059318543		1.900754238319397		3.801508476638794
1		19.628013476962224		36.62841033935547		31.49103622215271		1.8391225374221802		3.6782450748443605
2		19.956954142078757		16.69614028930664		14.79242493478775		2.6531488061904906		5.306297612380981
3		19.632253812160343		16.634119033813477		14.863202134590148		1.1615783851623536		2.323156770324707
4		19.67103744717315		19.244596481323242		17.16476173482895		1.7203670938491822		3.4407341876983644
5		19.816686758073047		15.3149995803833		13.670989553909301		1.1794462789535523		2.3588925579071045
6		19.768310806015506		19.43477439880371		17.056812237854004		1.416135991859436		2.832271983718872
7		19.740416611079127		27.28364372253418		23.158352466049195		1.3742746124267577		2.7485492248535155
8		19.63957521598786		31.180728912353516		26.15199127368927		1.2078946701049804		2.415789340209961
9		19.862047041067854		25.712688446044922		22.12595424697876		1.0303426935195923		2.0606853870391846
10		19.74923902307637		25.031322479248047		25.830219047012328		1.18089393825531		2.36178787651062
11		19.799976444104686		8.433728218078613		11.963004850769043		3.138654555130005		6.27730911026001
12		19.662109444849193		6.108884811401367		8.204055724449157		1.1348905720710754		2.2697811441421507
13		19.664602137869224		2.842660903930664		3.282607918701172		0.8219515591621399		1.6439031183242798
14		19.686288692988455		2.6184561252593994		2.9995915112686156		0.8620134680747986		1.7240269361495972
15		19.669633340090513		2.6624584197998047		2.919328390083313		0.7543982474327088		1.5087964948654176
16		19.73033915180713		3.2895472049713135		3.515112922782898		0.9000743183135986		1.8001486366271973
17		19.869971083011478		2.588951349258423		2.854096864204407		0.7997648577213288		1.5995297154426575
18		19.92655168310739		2.6121649742126465		2.9992280130004882		0.6498541165828705		1.299708233165741
19		19.949424313846976		2.214858293533325		2.51681007856369		0.5768584834098816		1.153716966819763
20		19.88226681179367		2.239969253540039		2.536293059234619		0.668952392578125		1.33790478515625
21		19.63601258210838		2.165919780731201		2.472684875564575		0.6413030812740326		1.2826061625480651
22		19.638542967149988		2.2566728591918945		2.5216716719436647		0.6266000277996063		1.2532000555992127
23		19.611224093008786		2.5501623153686523		2.7701780137062073		1.0331192265033722		2.0662384530067444
24		19.70876484690234		2.0834765434265137		2.3071516595840453		0.4359625865459442		0.8719251730918884
25		19.78288087202236		2.128974676132202		2.3537333034324646		1.8949571058273316		3.789914211654663
26		19.72139072790742		2.4568564891815186		2.6326187519073487		0.5771995941162109		1.1543991882324218
27		19.66776199801825		2.075516939163208		2.2724465287590028		2.130630320930481		4.261260641860962
28		19.818380510201678		1.994214653968811		2.2307142105293276		0.3692575929403305		0.738515185880661
29		19.816594960866496		1.9549928903579712		2.224399553928375		0.7001095053434372		1.4002190106868744
30		19.920612128917128		2.0895769596099854		2.309455035209656		0.6133765393257141		1.2267530786514282
31		19.91292315116152		2.3124918937683105		2.456817953157425		0.3396015444517136		0.6792030889034272
32		19.821648170938715		1.8190655708312988		2.0711117636013032		0.3803667738199234		0.7607335476398468
33		19.845046159112826		2.3702800273895264		2.5020455384922027		0.34841921191215514		0.6968384238243103
34		19.742538772057742		1.6868685483932495		1.9491020212173462		0.31890989673137665		0.6378197934627533
35		19.78885470586829		2.1255946159362793		2.300023692302704		0.4069535570859909		0.8139071141719818
36		19.774020362179726		1.9748272895812988		2.1662273079013823		0.3645848016500473		0.7291696033000946
37		19.751423228997737		1.9774606227874756		2.1881736523056032		1.597934453201294		3.195868906402588
38		19.723985895048827		1.8249293565750122		2.04453905837059		0.27842591984272		0.55685183968544
39		19.729044932872057		1.8620917797088623		2.092851041469574		0.29915657403469087		0.5983131480693817
40		19.698421338107437		2.2382850646972656		2.3634423063087464		0.3393464314222336		0.6786928628444672
41		19.76063444488682		2.099384069442749		2.2703607039928437		0.3088623672246933		0.6177247344493866
42		19.838411167031154		1.7135555744171143		1.9680753428459168		1.3979211110830307		2.7958422221660615
43		19.74179484997876		2.289243459701538		2.4247959243297577		0.6071854471683502		1.2143708943367004
44		19.7080245858524		1.727585792541504		1.963067499485016		0.37818728845119476		0.7563745769023895
45		19.87218893901445		2.0299465656280518		2.2229839132499696		0.31062624176740644		0.6212524835348129
46		19.849313042825088		2.523263454437256		2.5722599140834808		0.2544160224199295		0.508832044839859
47		19.817013388033956		1.4913134574890137		1.770645595254898		0.23875938467979432		0.47751876935958865
48		19.76255106017925		1.6987898349761963		1.9459983843040467		0.6200658663511276		1.2401317327022552
49		19.716355931013823		1.7852082252502441		2.018378578119278		0.25813412313461304		0.5162682462692261
50		19.96696731308475		1.8534332513809204		2.0868688205432893		0.2668167317152023		0.5336334634304046
51		19.975948211969808		2.075880765914917		2.250789077205658		0.5539286293268204		1.1078572586536408
52		19.98591442592442		1.837470293045044		2.0376119441699982		0.2533623556137085		0.506724711227417
53		19.93350396398455		1.584630012512207		1.8341625044345855		0.252782115650177		0.505564231300354
54		19.774617522023618		1.7827184200286865		2.0029786383628845		0.2463407717347145		0.492681543469429
55		19.96867921296507		1.7187713384628296		1.9380582019710542		0.4724592256546021		0.9449184513092042
56		19.893133986042812		1.981209635734558		2.1699505310726166		0.2861046689391136		0.5722093378782273
57		19.878124822163954		1.7478892803192139		1.983167089061737		0.6073270893573761		1.2146541787147522
58		19.774420198984444		1.820042610168457		2.011750842151642		0.40582168624401094		0.8116433724880219
59		19.83907450409606		1.9196629524230957		2.1117784208869934		0.23864227793216705		0.4772845558643341
60		19.81338067119941		1.8188046216964722		2.0048729078674317		0.31189211603403094		0.6237842320680619
61		19.79731256281957		1.7708635330200195		1.99917019033432		0.48999577736854555		0.9799915547370911
62		19.926630306988955		1.8849295377731323		2.087595219678879		1.3245011709213257		2.6490023418426514
63		19.864915090147406		1.6700254678726196		1.909227294397354		0.2308608857512474		0.4617217715024948
64		19.936770824948326		1.876671314239502		2.0667623814678193		0.32484528871774676		0.6496905774354935
65		19.94187325099483		1.7739006280899048		1.9849269122695923		0.3758914682984352		0.7517829365968705
66		19.968483445001766		1.9959139823913574		2.163923655166626		0.8241261522293091		1.6482523044586181
67		19.986123068025336		1.7113308906555176		1.9394640913438796		0.6551551222801208		1.3103102445602417
68		19.854475147789344		1.8654989004135132		2.0735880754089355		0.3131273829102516		0.6262547658205032
69		19.866417805897072		1.893829345703125		2.067084420957565		0.7704989983558654		1.5409979967117309
70		19.823747640941292		1.6707309484481812		1.9168145190525054		0.5828486109256744		1.1656972218513488
71		19.973391029052436		2.352097988128662		2.416418751449585		0.47222400856018065		0.9444480171203613
72		19.96846360899508		1.716342568397522		1.9314056483650208		0.34178197174072267		0.6835639434814453
73		19.89802585891448		1.840760588645935		2.033289197053909		0.21039231323003768		0.42078462646007536
74		19.89096219604835		1.734479546546936		1.9255055619812012		0.27029427905082704		0.5405885581016541
75		19.910888785030693		1.7187809944152832		1.95897693192482		0.2311357847094536		0.4622715694189072
76		19.825183616019785		1.9388788938522339		2.11863224612236		0.3011453604459763		0.6022907208919526
77		19.886487275827676		2.0094120502471924		2.191398618631363		0.3292743622303009		0.6585487244606018
78		19.834436867153272		1.8376588821411133		2.016947524638176		0.2583832778930664		0.5167665557861328
79		19.955153711140156		1.8146090507507324		2.0083734445667267		1.0599643194437027		2.1199286388874055
80		19.948369131190702		2.0064244270324707		2.1809798126745226		0.2960254454493523		0.5920508908987046
81		19.93988538812846		1.8128618001937866		2.00615344438076		0.23447667070627212		0.46895334141254424
82		19.920959560899064		1.8867223262786865		2.072610742702484		0.43718959262371065		0.8743791852474213
83		19.9285230319947		1.8046785593032837		2.016093498272896		1.561717243385315		3.12343448677063
84		19.822378044947982		1.8527017831802368		2.0344723151779176		0.20130962688922882		0.40261925377845764
85		20.02166195283644		1.7465951442718506		1.957566366314888		0.2883376007080078		0.5766752014160156
86		20.066485564922914		1.689337134361267		1.9297148644447326		0.18366797612905503		0.36733595225811005
87		20.02457512402907		2.097714900970459		2.236923441505432		0.21934301805496215		0.4386860361099243
88		20.089252915000543		2.0220186710357666		2.1653969212388993		1.0772868547677994		2.154573709535599
89		20.01231003808789		1.7150213718414307		1.9400698527288436		0.2000721606016159		0.4001443212032318
90		20.042813824955374		1.6837401390075684		1.9320402365398408		0.30325560940504076		0.6065112188100815
91		20.095165591919795		1.5675524473190308		1.819380831580162		0.18551926008462905		0.3710385201692581
92		20.065965251997113		1.813897728919983		2.000110188689232		0.31707411596775054		0.6341482319355011
93		20.091556808911264		2.0275895595550537		2.218652780981064		0.20623366671800614		0.4124673334360123
94		20.035573427099735		1.6207332611083984		1.8539209910964967		0.2494834014415741		0.4989668028831482
95		19.971844567917287		3.1181464195251465		3.023020150551796		0.19246018368005752		0.38492036736011503
96		19.97073309402913		1.4792110919952393		1.737140116171837		0.24398824385404586		0.4879764877080917
97		20.028747723903507		1.6374119520187378		1.864579444270134		0.4283201680421829		0.8566403360843658
98		19.810180985135958		1.989259958267212		2.152481965675354		1.0807387724399566		2.1614775448799133
99		19.9666274539195		1.6837077140808105		1.9063407503175736		0.21820880920886992		0.43641761841773985
100		19.78610205394216		1.6423097848892212		1.8646056314754487		0.7392491090297699		1.4784982180595398
101		19.931288867956027		1.6491763591766357		1.8854867334890366		0.2556425019741058		0.5112850039482116
102		19.741153076058254		1.7167996168136597		1.9248680047369002		0.4732820721745491		0.9465641443490982
103		19.826799946138635		1.7496942281723022		1.9568737676143646		0.2530776056647301		0.5061552113294602
104		19.865679811919108		1.8271596431732178		2.004008841819763		0.22905689883232117		0.45811379766464233
105		19.844925038982183		1.7981289625167847		2.0041325078344343		0.4922325842142105		0.984465168428421
106		19.90831981692463		1.8237587213516235		2.0311390605926514		0.21946188405752182		0.43892376811504363
107		20.00252400105819		2.5520429611206055		2.6117919458055496		0.326219754076004		0.652439508152008
108		19.98410106310621		1.7858891487121582		1.986044530043602		0.21442412738800048		0.42884825477600097
109		19.96966243814677		1.5991679430007935		1.8481640816354752		0.2526857102274895		0.505371420454979
110		20.068297937046736		1.636902928352356		1.8530722980117798		0.19839983042478562		0.39679966084957125
111		19.887499986216426		1.7006299495697021		1.9089626608610153		0.35904745020866397		0.7180949004173279
112		19.889092882862315		1.6128252744674683		1.8556583280754089		0.7188812564849854		1.4377625129699707
113		19.791806642198935		2.1679787635803223		2.3141120898532868		0.2939982088923454		0.5879964177846908
114		19.913486445788294		1.6115505695343018		1.8488168491077424		0.48475403460264205		0.9695080692052841
115		20.013159496942535		1.5925925970077515		1.832429265666008		0.1729873719394207		0.3459747438788414
116		19.975028984015808		2.1724276542663574		2.3155654278707503		0.7126473052978516		1.4252946105957032
117		19.985544537892565		1.532371163368225		1.774537507328987		0.1903550490140915		0.380710098028183
118		19.972623558947816		1.9408360719680786		2.118097272977829		0.20697760239839555		0.4139552047967911
119		20.046142081031576		1.923251986503601		2.130022930827141		0.31606308532953264		0.6321261706590653
120		19.928616459015757		1.6445785760879517		1.8678767559194565		0.3739693371295929		0.7479386742591858
121		20.033488098997623		1.902015209197998		2.0735383704566956		1.0478414441108703		2.0956828882217406
122		20.035286928061396		1.897599458694458		2.0832490248870847		0.2491661738395691		0.4983323476791382
123		20.03143544890918		1.8616758584976196		2.07661309109211		0.3158171787500382		0.6316343575000763
124		20.056398456916213		1.7645024061203003		1.955360751299858		1.8013888972759247		3.6027777945518493
125		19.981728353071958		1.9035753011703491		2.090202246179581		0.28588849976062775		0.5717769995212555
126		19.986792471958324		1.8574347496032715		2.051672616696358		0.19226992874741555		0.3845398574948311
127		19.98589603905566		1.8335695266723633		2.0131727631092073		0.3512520844578743		0.7025041689157486
128		19.932649359107018		1.7327492237091064		1.984702172665596		0.529931545805931		1.059863091611862
129		19.953941626939923		1.9036535024642944		2.114140931305885		0.7550420992612838		1.5100841985225677
130		19.931894578039646		1.7396219968795776		1.9438109012413025		1.0785198123812676		2.157039624762535
131		19.96180485212244		1.6571406126022339		1.886170952038765		0.16727859954833985		0.3345571990966797
132		19.89514817111194		1.9692449569702148		2.157764168076515		0.2655295998811722		0.5310591997623444
133		19.86543661192991		1.5696426630020142		1.7963534335184097		0.18951241776943206		0.3790248355388641
134		19.91668601706624		1.7560969591140747		1.9601743372249603		0.8737364789605141		1.7474729579210282
135		19.81205818289891		1.9838989973068237		2.170851293363571		0.18712306146621704		0.3742461229324341
136		19.854759472887963		1.409101963043213		1.6872431858873367		0.21504356124401092		0.43008712248802183
137		20.12146951816976		1.5744155645370483		1.808857126326561		0.1834944165825844		0.3669888331651688
138		20.094725804869086		1.682120442390442		1.9123842304849625		0.25504837737083436		0.5100967547416687
139		20.07274686684832		2.4135398864746094		2.5292375730514527		0.1817349934220314		0.3634699868440628
140		20.091870795935392		1.6441218852996826		1.8747813771915436		0.2960561349153519		0.5921122698307038
141		20.155327877029777		1.9284541606903076		2.109612985239029		0.3770254930019379		0.7540509860038758
142		20.118304904084653		1.6833701133728027		1.9124921251821518		0.17454578310251237		0.34909156620502474
143		20.19622685108334		2.3974854946136475		2.4638712089920043		0.24874275126457215		0.4974855025291443
144		20.151470767101273		1.6034497022628784		1.8306826434993744		0.455835449385643		0.911670898771286
145		20.177468829089776		1.855031967163086		2.0331132653474806		0.43635980101823807		0.8727196020364761
146		20.20850456901826		2.3347065448760986		2.456059690823555		0.3332773537635803		0.6665547075271606
147		20.150363470893353		1.7011786699295044		1.9229887275934219		0.2592870726943016		0.5185741453886032
148		20.0252540379297		1.8303688764572144		2.0076743393182754		0.3554607251048088		0.7109214502096176
149		20.078835502965376		1.7034212350845337		1.9173916316127777		0.16263471015691758		0.32526942031383516
150		20.012238233117387		1.6127619743347168		1.8190819054841996		0.15470285996198654		0.3094057199239731
151		19.99939618888311		1.592355728149414		1.829021434416771		0.6342153857946395		1.268430771589279
152		20.03395200194791		1.8108911514282227		2.0056521643161775		0.17892866759896278		0.35785733519792556
153		20.205268535995856		2.23544979095459		2.367800701432228		0.6331843436956406		1.2663686873912812
154		20.169641954125836		1.7707163095474243		1.9678973211622237		0.8697381517410279		1.7394763034820557
155		20.10182983498089		1.6189771890640259		1.8452092539978027		0.5324348460435867		1.0648696920871734
156		20.098431036109105		1.4755042791366577		1.738930898499489		0.1616483079612255		0.323296615922451
157		20.086412233067676		1.7223013639450073		1.9113342423343658		0.3006785685658455		0.601357137131691
158		20.07398151117377		2.0587236881256104		2.2258888234901426		2.3520934546470644		4.704186909294129
159		20.040876808110625		1.9067716598510742		2.100072935986519		0.37650517535209654		0.7530103507041931
160		20.05780974193476		1.469884991645813		1.7394945326519013		0.23129420056343078		0.46258840112686156
161		20.025680009974167		1.901759386062622		2.0888665131902693		0.25921138890981676		0.5184227778196335
162		20.11988862999715		1.842286467552185		2.033324936041832		0.15959382841587066		0.31918765683174133
163		20.101889265934005		1.9029637575149536		2.075419735350609		0.536335814678669		1.072671629357338
164		20.05228186189197		1.661756157875061		1.8602979021072388		0.29167629488706587		0.5833525897741317
165		20.00995427905582		1.449696660041809		1.7022871078062058		0.2844067740917206		0.5688135481834412
166		19.865623238962144		1.904131531715393		2.1013239765644074		0.15232831773161887		0.30465663546323773
167		20.038364419946447		1.558148980140686		1.8043432047510146		0.17950834134817123		0.35901668269634246
168		20.195425724145025		1.596483826637268		1.8413690294504166		0.7017242645740509		1.4034485291481018
169		20.22683145594783		1.8235071897506714		2.0089328970623015		0.7147323223590851		1.4294646447181703
170		20.18091656686738		1.7100579738616943		1.9205850419569015		1.2179277997970581		2.4358555995941162
171		20.208355761133134		1.7157320976257324		1.9231591916704178		0.5495392856240272		1.0990785712480544
172		20.170758093940094		2.0132226943969727		2.1595588536024093		1.5090239966869354		3.018047993373871
173		20.16201229998842		1.8156765699386597		2.0097080421066282		0.16237357048392295		0.3247471409678459
174		19.933854379924014		1.5382999181747437		1.7990172633123398		0.42858278093338015		0.8571655618667603
175		19.836804568069056		1.6812474727630615		1.9113387313604355		0.2576827483177185		0.515365496635437
176		19.944620348978788		1.4480502605438232		1.709747593216896		0.427244945192337		0.854489890384674
177		19.93917805282399		1.8111883401870728		1.9939402935552597		0.1615684792280197		0.3231369584560394
178		19.934966078959405		1.8518723249435425		2.0489648632240294		0.441012167429924		0.882024334859848
179		19.94060623808764		1.5866098403930664		1.8193271030664444		0.24934278123378753		0.49868556246757506
180		19.886659197043628		1.9265623092651367		2.082086700196266		0.24039804981946944		0.4807960996389389
181		20.007137208944187		1.6950626373291016		1.9185037969303131		0.1961247546672821		0.3922495093345642
182		20.01249412004836		1.7651745080947876		1.981590900812149		0.14464828199744226		0.2892965639948845
183		19.943654261995107		1.5595793724060059		1.803352372879982		0.33172032227516174		0.6634406445503235
184		19.984297891147435		2.0451343059539795		2.191941428389549		0.34728859263658524		0.6945771852731705
185		19.965712380129844		1.5300116539001465		1.7854986982297898		0.1570486587166786		0.3140973174333572
186		20.12722040899098		1.604362964630127		1.8343158283138274		0.17466847506761551		0.34933695013523103
187		20.122288080165163		1.5993341207504272		1.842635602054596		0.6091383651018143		1.2182767302036286
188		20.115015106042847		1.6377413272857666		1.860312531952858		1.294509911251068		2.589019822502136
189		20.175556082976982		1.9165979623794556		2.0660470459795		0.44331306068897247		0.8866261213779449
190		20.12167630996555		1.4415678977966309		1.7124716609859467		0.3084808492898941		0.6169616985797882
191		19.95215021003969		1.517189860343933		1.7509169296598435		0.45741074843406676		0.9148214968681335
192		19.890294465003535		1.7263779640197754		1.9422644993400573		0.156555938655138		0.313111877310276
193		19.924850369105116		1.6137889623641968		1.8256694783830643		0.1798063939154148		0.3596127878308296
194		19.941599878948182		1.5706672668457031		1.8113799871349334		0.6912509030699729		1.3825018061399459
195		20.086620250949636		1.7248663902282715		1.9290054274129869		0.5354177856802941		1.0708355713605882
196		20.037679836852476		1.584099531173706		1.8225031183958054		0.3010562381863594		0.6021124763727188
197		19.96495260996744		1.6612765789031982		1.9054446467876434		0.25546756738424303		0.5109351347684861
198		20.07372581306845		1.774845838546753		1.9998428277492524		0.1446870807826519		0.2893741615653038
199		20.026410748017952		1.5820478200912476		1.807290362291336		0.15462227903604508		0.30924455807209017
200		19.997500608908013		1.9258086681365967		2.1027899333620073		0.16184319509267808		0.32368639018535617
201		20.065147930989042		1.531943678855896		1.772905651755333		0.47273503803014755		0.9454700760602951
202		20.185818346915767		1.691773533821106		1.8948932481956482		0.41986086938381195		0.8397217387676239
203		20.185374725144356		1.7459146976470947		1.9416167219781875		0.20722668846845627		0.41445337693691253
204		20.118204179918393		1.8389850854873657		2.07678891456604		0.36713316085338593		0.7342663217067719
205		20.144411067012697		1.6770269870758057		1.8815216360521316		0.20734882428646087		0.41469764857292174
206		20.038396194810048		1.5716335773468018		1.7988701805543899		0.17421321697235106		0.34842643394470213
207		19.994724235031754		1.736250400543213		1.948420181274414		0.16926711633205413		0.33853423266410826
208		19.960664465092123		1.705187201499939		1.9254367417764664		0.18714940386414528		0.37429880772829055
209		20.140653057023883		1.6851730346679688		1.9124472586917878		0.2383732399225235		0.476746479845047
210		19.930541780078784		1.8370463848114014		2.0237253137731552		0.9429737916946411		1.8859475833892823
211		20.143422045046464		1.9773823022842407		2.1566601364898683		0.14361371712088586		0.2872274342417717
212		20.07761598797515		1.610276222229004		1.823194206571579		0.4037465049386024		0.8074930098772048
213		20.14634388196282		1.7391201257705688		1.9362365512037276		0.18756321116685867		0.37512642233371735
214		20.04401957290247		1.7773661613464355		1.9984571313095092		1.7397052653312683		3.4794105306625367
215		20.10915185790509		2.100114345550537		2.2573436039829256		0.1629398115515709		0.3258796231031418
216		20.054812195012346		1.3955025672912598		1.6511257707452773		0.932085641336441		1.864171282672882
217		20.07557825301774		1.6585406064987183		1.8767031085634232		0.18886070523262025		0.3777214104652405
218		20.131218987051398		1.5854116678237915		1.822514953274727		0.17009781322479248		0.34019562644958495
219		20.01021690107882		1.454833984375		1.725237076034546		0.3702589361667633		0.7405178723335266
220		20.18490322609432		1.766600251197815		1.9611094261646271		0.1392012391924858		0.2784024783849716
221		20.093686605105177		1.6121906042099		1.8310086810016633		0.13231766400933265		0.2646353280186653
222		20.08183579798788		1.6863391399383545		1.9082842600297927		0.22264670001268386		0.4452934000253677
223		20.073089546058327		1.685352087020874		1.9138733396530152		0.29271992107629774		0.5854398421525955
224		19.97010731813498		1.6942858695983887		1.9060759424591065		0.2126071506023407		0.4252143012046814
225		19.966583827976137		2.006641387939453		2.198537452726364		0.40961715852022174		0.8192343170404435
226		20.090288415085524		1.4738637208938599		1.7276178368997575		0.5529262261033058		1.1058524522066115
227		20.269545385846868		1.7131448984146118		1.9274218845272064		0.13934089425206184		0.2786817885041237
228		20.240499729989097		1.9659061431884766		2.1356013598251344		0.4005643165946007		0.8011286331892014
229		20.212138653965667		1.431917667388916		1.6891927826833726		0.23673460240364075		0.4734692048072815
230		20.156042780028656		1.775713562965393		2.0048883056211473		0.1826359984278679		0.3652719968557358
231		20.03187683993019		1.5244845151901245		1.7589806327915192		0.1483274780035019		0.2966549560070038
232		20.1749604139477		1.7456679344177246		1.955473118944168		0.14630161920785903		0.29260323841571806
233		20.00910038105212		1.768904209136963		1.9694995716953279		0.1374431399524212		0.2748862799048424
234		20.280223270878196		1.7012594938278198		1.8932896773052215		0.1698033680140972		0.3396067360281944
235		20.11023051198572		1.809929370880127		1.994693302936554		0.7946527152776718		1.5893054305553436
236		20.03406514902599		1.742246389389038		1.9595120883703232		0.15368963192105292		0.30737926384210584
237		20.061192783992738		1.7609851360321045		1.9383247680997848		0.40880309443473817		0.8176061888694763
238		20.010705274064094		1.6106387376785278		1.8502410908031464		0.18371091800928116		0.3674218360185623
239		19.938719421159476		1.6415886878967285		1.836320107860565		0.18373218334913255		0.3674643666982651
240		20.096445931121707		1.7073241472244263		1.9110762332057953		0.3173266990661621		0.6346533981323242
241		20.202116398140788		1.6708683967590332		1.890620227546692		0.5500152510643005		1.100030502128601
242		20.186921611893922		1.4056154489517212		1.6638135107898713		0.16723512744307517		0.33447025488615034
243		20.077562264865264		1.7199516296386719		1.9029531641960145		0.25649233150482176		0.5129846630096435
244		19.96701945690438		1.6430950164794922		1.851812571964264		0.34801300494670867		0.6960260098934173
245		19.983699197880924		1.7411510944366455		1.948804785618782		0.15068177856206894		0.30136355712413787
246		20.03654815000482		1.631426215171814		1.8628030638980866		0.525472190952301		1.050944381904602
247		20.008124011103064		1.8211965560913086		2.00183438167572		0.1439429443180561		0.2878858886361122
248		20.07781618507579		1.5507426261901855		1.7994343002414703		0.29159834530353546		0.5831966906070709
249		20.057908707065508		1.6638227701187134		1.8891361457300186		0.8424316298007966		1.684863259601593
250		20.034858928993344		1.5177266597747803		1.7674587348127364		0.3144102018237114		0.6288204036474228
251		20.066984991775826		1.5755921602249146		1.8076589871692657		0.16626999139785767		0.33253998279571534
252		20.05677298619412		1.7868064641952515		1.9947827278232575		0.16921268790960312		0.33842537581920623
253		19.959146147128195		1.5818413496017456		1.8031995305490494		0.16009498810172082		0.32018997620344164
254		19.873131302185357		1.650084376335144		1.8657780847787857		0.14680952497720717		0.29361904995441435
255		19.909881780156866		1.6670392751693726		1.8836061850214005		0.2238149636387825		0.447629927277565
256		19.97265674592927		1.5194807052612305		1.7721730948209762		0.15266652825474739		0.30533305650949477
257		20.048428887035698		1.7331024408340454		1.941503867430687		0.6105440261244773		1.2210880522489547
258		20.07711792201735		1.5922842025756836		1.8186280086326598		0.1875862338781357		0.3751724677562714
259		19.954653051914647		1.4660773277282715		1.7114805550813674		0.12628300585746766		0.2525660117149353
260		19.918162361951545		1.7396920919418335		1.9547950727701187		0.1371432978093624		0.2742865956187248
261		19.921037588035688		1.7511372566223145		1.9548541793346406		0.124445970672369		0.248891941344738
262		20.18105440097861		1.6922813653945923		1.9067590149497986		0.13766325795650483		0.27532651591300966
263		20.278876177966595		1.8542829751968384		2.0425384403467177		0.34476755117177965		0.6895351023435593
264		20.26846253988333		1.4026871919631958		1.6739880573654176		0.1249365743458271		0.2498731486916542
265		20.319706208072603		1.7270091772079468		1.9412761543655395		0.27284643462896346		0.5456928692579269
266		20.19964413996786		1.5835684537887573		1.8141548245811463		0.1433632815539837		0.2867265631079674
267		20.15330152399838		1.673670768737793		1.8795053826904298		0.19119223062992097		0.38238446125984193
268		20.102760325185955		1.9826738834381104		2.170449344153404		0.1470982545733452		0.2941965091466904
269		19.829462421126664		1.56781804561615		1.80263746986866		0.19452638733386993		0.38905277466773985
270		19.960473268991336		1.7247458696365356		1.919868528394699		0.28560112332105636		0.5712022466421127
271		20.07688239705749		1.5225110054016113		1.7739454742050171		0.39388518285751345		0.7877703657150269
272		20.0737365859095		1.324453592300415		1.6064994602108003		0.3119183626651764		0.6238367253303528
273		20.06883694510907		1.6026597023010254		1.8215957740688324		0.2100590320825577		0.4201180641651154
274		20.109768504975364		1.8259941339492798		2.0202411791849135		0.6145015503287315		1.229003100657463
275		20.007288646884263		1.6889359951019287		1.892107497010231		0.15090820682644845		0.3018164136528969
276		19.98710599495098		1.7127593755722046		1.8936920308160783		0.16067017736434935		0.3213403547286987
277		19.960671490989625		1.7018544673919678		1.9095751298952102		0.26704470937252045		0.5340894187450409
278		20.03930036397651		1.4857641458511353		1.735872401356697		0.1362054858982563		0.2724109717965126
279		20.159203730057925		1.6027836799621582		1.8420194392585754		0.13414973363280297		0.26829946726560594
280		20.120095291174948		2.0204858779907227		2.1681142159318925		0.3476640471458435		0.695328094291687
281		20.130844028899446		1.4718255996704102		1.728124817662239		0.35441756261587143		0.7088351252317429
282		20.179585094098		1.3930699825286865		1.6560573371076583		0.17045524494051933		0.34091048988103867
283		20.203083656029776		1.7339818477630615		1.912966315779686		0.15829263736009597		0.31658527472019193
284		19.956696846988052		2.1736810207366943		2.2859866730213163		0.1498663807630539		0.2997327615261078
285		19.980363770853728		1.3269965648651123		1.605490749950409		0.43630464631319044		0.8726092926263809
286		19.997501477831975		1.6572076082229614		1.881000717215538		0.13920396699309348		0.27840793398618696
287		20.14851119578816		1.5685133934020996		1.8115605033016204		0.36680951480865476		0.7336190296173095
288		19.984217106131837		1.4948803186416626		1.7618655578660964		0.29573570516109465		0.5914714103221893
289		20.092402443056926		1.9171063899993896		2.105264387578964		0.14382333254814147		0.28764666509628295
290		20.117858313024044		1.470064640045166		1.715499868030548		0.220065976023674		0.440131952047348
291		20.141350409947336		1.5488231182098389		1.7823341632199288		0.2647591383099556		0.5295182766199112
292		20.080816472880542		1.8003727197647095		1.995527882246971		0.18045271636247634		0.3609054327249527
293		20.15478652017191		1.460244059562683		1.7185993223142624		0.12170402100682258		0.24340804201364516
294		20.229028204921633		1.5906107425689697		1.8246227090406417		0.38383318403959277		0.7676663680791855
295		20.150451991939917		1.486818552017212		1.7219269131660462		0.9007476853609085		1.801495370721817
296		20.1472100650426		1.7441320419311523		1.9349338585376739		0.1234691998898983		0.2469383997797966
297		20.11486473493278		1.6511645317077637		1.8626220810222627		0.19241140767931939		0.38482281535863877
298		19.98535899608396		1.5901165008544922		1.80972910946846		0.14321667364835738		0.28643334729671477
299		19.925036353059113		1.6349310874938965		1.8607710021734238		0.43712974387407305		0.8742594877481461
300		19.898415923817083		1.6286956071853638		1.849345337471962		0.1428984125494957		0.2857968250989914
301		20.014341849833727		1.3978266716003418		1.6616042051362991		0.1260572778224945		0.252114555644989
302		20.07284331996925		1.783154010772705		1.9683999285125733		0.12399105501770973		0.24798211003541945
303		19.98688635788858		1.8484392166137695		2.034392368884087		0.8573531768083572		1.7147063536167144
304		19.950243070954457		1.4017724990844727		1.6711885277891159		0.12021020624637603		0.24042041249275206
305		19.94776218291372		1.3565704822540283		1.6307809363985062		0.134919508767128		0.269839017534256
306		19.941416698973626		1.615738034248352		1.8423364551258088		0.14863105491399764		0.2972621098279953
307		19.996249488089234		1.6314162015914917		1.8399012412023543		0.15208308579921723		0.30416617159843445
308		19.96323146787472		1.6200058460235596		1.8447775268745423		0.1901353245139122		0.3802706490278244
309		20.064926403108984		1.57620108127594		1.8392304091978073		0.28824528234004976		0.5764905646800995
310		20.015586498891935		1.3928697109222412		1.6785167589950563		0.22729122424125672		0.45458244848251345
311		20.108568255091086		1.8469457626342773		2.027148116259575		0.15085621398091317		0.30171242796182635
312		20.141309377970174		1.506954550743103		1.7636458085250855		0.8454823192119598		1.6909646384239196
313		20.100845626089722		1.558502197265625		1.7808898939800262		0.37694408168792726		0.7538881633758545
314		19.983795240987092		1.6592910289764404		1.897005756072998		0.4898759741306305		0.979751948261261
315		19.92812961898744		1.6067103147506714		1.830277430510521		1.423478400850296		2.846956801700592
316		20.025304129114375		1.7848892211914062		1.9839435618305206		0.13600908280014992		0.27201816560029984
317		20.041962227085605		1.5666911602020264		1.8074518961620332		0.1443771415412426		0.2887542830824852
318		20.099088998977095		1.5256096124649048		1.7754368968153		0.23840626056194306		0.4768125211238861
319		20.04054914508015		1.6297088861465454		1.8534125856351853		0.1389068519949913		0.2778137039899826
320		20.070420782081783		1.6684480905532837		1.8688580520915985		0.16605771021842958		0.33211542043685915
321		19.972786077996716		1.4017006158828735		1.6727653636074067		0.1717168047964573		0.3434336095929146
322		20.10620674607344		1.329154133796692		1.6194338514614106		0.1670239474773407		0.3340478949546814
323		20.311667545931414		1.7185618877410889		1.9408667009735108		0.15437047733664513		0.30874095467329027
324		20.278591084992513		1.7934154272079468		1.9989399617624284		0.17115417357683183		0.34230834715366365
325		20.170759940054268		1.3032485246658325		1.5962478804254532		0.29802005010843274		0.5960401002168655
326		20.070626063039526		1.4683669805526733		1.7127339172124862		0.9034388378620147		1.8068776757240295
327		20.100848427042365		1.2579401731491089		1.5523505905675887		0.1271719827771187		0.2543439655542374
328		20.043231589952484		1.3933449983596802		1.67069849193573		0.15340385036468507		0.30680770072937014
329		20.142419532174245		1.3367903232574463		1.6103607597494125		0.2641964935421944		0.5283929870843888
330		20.068134682020172		1.4113346338272095		1.6670685960674285		0.15951070192456246		0.3190214038491249
331		20.100400493014604		1.5271621942520142		1.7889769244003295		0.23055779243707658		0.46111558487415316
332		20.147178100887686		1.5845307111740112		1.8314693356704712		0.6597221825599671		1.3194443651199341
333		20.172422092873603		1.4249733686447144		1.6743182945394517		0.11433912733793258		0.22867825467586517
334		20.266985778929666		1.4807076454162598		1.7353917163038253		0.12526090525388717		0.25052181050777433
335		20.142907717032358		1.6016939878463745		1.8486624518632888		0.1507810424029827		0.3015620848059654
336		19.99764133593999		1.3526843786239624		1.6318111685705186		0.15410446788668633		0.30820893577337266
337		20.014024717034772		1.495593547821045		1.7375862080335618		0.19412546935081482		0.38825093870162963
338		20.083270499948412		1.6641792058944702		1.8941728198575973		0.13585893395543097		0.27171786791086194
339		20.074428508989513		1.5225189924240112		1.7648497190856933		0.11598885329365731		0.23197770658731462
340		20.193107375176623		1.7444438934326172		1.947939680314064		0.3119450701832771		0.6238901403665542
341		20.114693781128153		1.4750571250915527		1.7084068582630156		0.16345333565473558		0.32690667130947115
342		20.156424483982846		1.521328091621399		1.7678560440206528		0.5367850377082825		1.073570075416565
343		20.132856524083763		1.5617313385009766		1.7955268490123748		0.37154918653964997		0.7430983730792999
344		20.12837405805476		1.590599775314331		1.8033231700849532		0.32796966992616655		0.6559393398523331
345		20.168764033121988		1.673090934753418		1.8690081027269363		0.5333484549760819		1.0666969099521637
346		20.265448424965143		1.4985926151275635		1.7756697585606576		0.21936009633541106		0.43872019267082213
347		20.285829867934808		1.540314793586731		1.7830511689949036		0.15057083224058151		0.30114166448116303
348		20.351129072951153		1.7328895330429077		1.91461485052824		2.2262395308017733		4.452479061603547
349		20.091545355971903		1.6573269367218018		1.8640825638246536		0.3087447618126869		0.6174895236253738
350		20.139053950086236		1.5718942880630493		1.808957431333065		0.25322361063957216		0.5064472212791443
351		20.123782814014703		1.351245641708374		1.6354833814787864		0.31338554961681364		0.6267710992336273
352		20.053984253900126		1.582622766494751		1.820916271340847		0.11378628142476081		0.22757256284952163
353		20.128319354029372		1.4648038148880005		1.7144167877721785		0.1943801584124565		0.388760316824913
354		20.21048541786149		1.8305890560150146		1.9986866276597977		0.21189981886148454		0.4237996377229691
355		20.243765176972374		1.538895606994629		1.7938352443265915		0.1850820077896118		0.3701640155792236
356		20.291427553165704		1.5547541379928589		1.760692347984314		0.5147082018733025		1.029416403746605
357		20.263427320867777		1.6384782791137695		1.8640044384288788		0.13070249878168105		0.2614049975633621
358		20.296887625940144		1.6653488874435425		1.8846633024311066		0.3466349833011627		0.6932699666023254
359		20.217120416928083		1.6560028791427612		1.8633276993894576		0.1118557976782322		0.2237115953564644
360		20.122638625791296		1.3624632358551025		1.6241311439943313		0.168992067527771		0.337984135055542
361		20.151247225003317		1.9417786598205566		2.078602595081329		0.2058600061416626		0.4117200122833252
362		20.141449689865112		1.4215904474258423		1.6951257607316972		0.29801621819734575		0.5960324363946915
363		20.133328735129908		1.524644136428833		1.7727103413105012		0.19485512541532515		0.3897102508306503
364		20.143063868163154		1.860519528388977		2.044172907714844		0.21188731179237366		0.4237746235847473
365		20.09348115697503		1.421146273612976		1.6707970218229293		0.2081626137971878		0.4163252275943756
366		20.0899624270387		1.4387279748916626		1.7031423894548416		0.18537876378297805		0.3707575275659561
367		20.02875215210952		1.6245778799057007		1.8423210480070114		0.28674783692359923		0.5734956738471985
368		20.110637322999537		1.542979121208191		1.7793370480155946		0.6509610757946968		1.3019221515893935
369		20.112775560002774		1.6291093826293945		1.844920312757492		0.6175886038780213		1.2351772077560426
370		20.122515553142875		1.5552442073822021		1.799760137257576		0.1306314190506935		0.261262838101387
371		20.26137496298179		1.708232045173645		1.916366856818199		0.20995651043653488		0.41991302087306975
372		20.305722747929394		1.5415356159210205		1.7674350712394715		0.14307346146702765		0.2861469229340553
373		20.284827292896807		1.6125221252441406		1.8433863163018227		0.11610880568027496		0.2322176113605499
374		20.09294444299303		1.474466323852539		1.736792043375969		0.17302868443131447		0.34605736886262894
375		20.084232409019023		1.540014624595642		1.7940763197946548		0.7147733638525009		1.4295467277050018
376		20.285569282947108		1.482759952545166		1.737373478589058		0.15919144293665885		0.3183828858733177
377		20.30829814518802		1.4562768936157227		1.7152396365118028		0.3840649108886719		0.7681298217773438
378		20.29713011207059		1.543223261833191		1.7757551974201202		0.3743201259851456		0.7486402519702912
379		20.31073116394691		1.7964533567428589		1.9823411381196976		0.14447005324959755		0.2889401064991951
380		20.196346818003803		1.6689248085021973		1.8614814353609086		0.5221806691050529		1.0443613382101058
381		20.155891626840457		1.2944096326828003		1.580751888036728		0.3628677444219589		0.7257354888439178
382		20.27321574999951		1.5713701248168945		1.8058504441022873		0.25321882592439654		0.5064376518487931
383		20.043828030116856		1.387121319770813		1.6589632127380372		0.4870907627105713		0.9741815254211426
384		20.15433017187752		1.4542665481567383		1.7254311675453187		0.48596392941474914		0.9719278588294983
385		20.157224787864834		1.753369688987732		1.9557846831274033		0.5909196155786515		1.181839231157303
386		20.202629598090425		1.4814252853393555		1.7188566283226012		0.1812556587278843		0.3625113174557686
387		20.210373990004882		1.4891117811203003		1.7226168853664399		0.15169366179704666		0.3033873235940933
388		20.22736253007315		1.393446683883667		1.6681369087076188		0.14235013408660888		0.28470026817321775
389		20.024875261820853		1.6253808736801147		1.839468426733017		0.13547262554764747		0.27094525109529494
390		20.241787765175104		1.6878275871276855		1.926911199684143		0.27082353518009183		0.5416470703601837
391		20.251660438952968		1.3446608781814575		1.6293279061365127		0.3109283274531364		0.6218566549062728
392		20.315809233114123		1.6359450817108154		1.855833092339039		0.1831579085469246		0.3663158170938492
393		20.29908291809261		1.600821852684021		1.8256080480623245		0.3335318094134331		0.6670636188268662
394		20.291695008985698		1.3503451347351074		1.6275606389856339		0.724428826212883		1.448857652425766
395		20.236640531104058		1.744888424873352		1.9609284949493409		0.15971360298395157		0.31942720596790314
396		20.205713205970824		1.2666348218917847		1.5479998639440538		0.39080247324705125		0.7816049464941025
397		20.252806189004332		1.4724477529525757		1.7205577886629104		0.11308797361254692		0.22617594722509385
398		20.275998417986557		1.2023998498916626		1.4933084787678719		0.1443956163764		0.2887912327528
399		20.33743651304394		1.3897877931594849		1.6624389301300049		0.2868629463195801		0.5737258926391602
400		20.305666110944003		1.451944351196289		1.7144388453722		0.380734742128849		0.761469484257698
401		20.313296226086095		1.4704513549804688		1.727598123164177		0.1843822753071785		0.368764550614357
402		20.349812967004254		1.436556100845337		1.7007303216362		0.15949231203794478		0.31898462407588957
403		20.346710904035717		1.3341701030731201		1.6126771026706697		0.9570067290544509		1.9140134581089019
404		20.21353235701099		1.475652813911438		1.7312551693296432		0.22456367762088775		0.4491273552417755
405		20.087745505850762		1.3395757675170898		1.6331573182940482		0.1328479446709156		0.2656958893418312
406		20.197125812992454		1.4183117151260376		1.6943961698770522		0.2010399980545044		0.4020799961090088
407		20.323967309203		1.3818546533584595		1.6616444866514206		0.6465477129340171		1.2930954258680343
408		20.094713935162872		1.6255440711975098		1.8403552362298965		0.13291659101247788		0.26583318202495576
409		20.33074000501074		1.624305248260498		1.8260434325408936		0.14027623366117478		0.28055246732234956
410		20.099579382920638		1.2920812368392944		1.5672525266599655		0.30263260431289674		0.6052652086257935
411		20.106790975900367		1.5469003915786743		1.8060693813323974		0.11556699073910713		0.23113398147821426
412		20.036279872991145		1.5161901712417603		1.7739496898031235		0.22700985278487207		0.45401970556974414
413		20.080637535080314		1.5613056421279907		1.800452677128315		0.8502016808152199		1.7004033616304397
414		20.067585800075904		1.3275059461593628		1.592223920068741		0.6199341623425484		1.2398683246850968
415		20.102899537188932		1.4637590646743774		1.7186754466295242		0.15761726709008217		0.31523453418016434
416		20.15431424882263		1.4390740394592285		1.7065317568206788		0.1295424670100212		0.2590849340200424
417		20.1235109239351		1.772210717201233		1.973251910955906		0.18696549916267394		0.3739309983253479
418		20.228431921917945		1.384502649307251		1.6440860807704925		0.11189424886107445		0.2237884977221489
419		20.163901195162907		1.342193365097046		1.619370084414482		0.2844494187116623		0.5688988374233246
420		20.238021495984867		1.7330336570739746		1.9451638655853272		0.12676452615857126		0.2535290523171425
421		20.093851184938103		1.4544271230697632		1.7123711099982262		0.12976657517552376		0.2595331503510475
422		20.194083623820916		1.395976185798645		1.6690006320261954		0.1149766342818737		0.2299532685637474
423		20.279071626951918		1.6032750606536865		1.8453156756591798		0.2161799647629261		0.4323599295258522
424		20.241477829869837		1.2391153573989868		1.5294755549621581		0.11188443562984467		0.22376887125968933
425		20.179645880125463		1.333174467086792		1.610451207523346		0.13874942193627357		0.27749884387254714
426		20.147582846926525		1.7350738048553467		1.9661031675839424		0.10828075582385063		0.21656151164770127
427		20.180544982198626		1.4116333723068237		1.6800727178287507		0.12967952451705933		0.25935904903411866
428		20.16756274900399		1.3134491443634033		1.5850123960590363		0.1100858242571354		0.2201716485142708
429		20.176753296051174		1.5471432209014893		1.7984561039018632		0.15664051852226257		0.31328103704452515
430		20.186954902950674		1.3327101469039917		1.626410000538826		0.4189399691820145		0.837879938364029
431		20.23658905411139		1.2889119386672974		1.5758380991125107		0.12846855636239052		0.25693711272478104
432		20.251790130976588		1.4564160108566284		1.7207357042074203		0.3439189896941185		0.687837979388237
433		20.316460228990763		1.248388409614563		1.5417771320009233		0.18633047597408295		0.3726609519481659
434		20.302552834153175		1.639744520187378		1.8579564724683761		0.4176534225463867		0.8353068450927734
435		20.160260687815025		1.488412618637085		1.7366617993068696		0.22397951786518097		0.44795903573036194
436		20.202689103083685		1.366324543952942		1.63176449280262		0.15093183851838113		0.30186367703676226
437		20.194511546986178		1.2719992399215698		1.560973935651779		0.3060044287443161		0.6120088574886322
438		20.281673420919105		1.5843874216079712		1.8265592179632186		0.10538574011325837		0.21077148022651673
439		20.295550692128018		1.3408381938934326		1.6155691468834876		0.23872977551221847		0.47745955102443693
440		20.313219858100638		1.245498776435852		1.5418999980306625		0.3364053119719028		0.6728106239438056
441		20.18466638191603		1.4487884044647217		1.7171724927330017		0.13293755820989608		0.26587511641979217
442		20.20572415087372		1.2591427564620972		1.547182831776142		0.17633725867271424		0.3526745173454285
443		20.2756540060509		1.4456751346588135		1.7122358911561966		0.3638849769949913		0.7277699539899826
444		20.24222331517376		1.5287559032440186		1.7638226687407494		0.19567630376815795		0.3913526075363159
445		20.09617697703652		1.3067809343338013		1.593066330010891		0.24964594388008118		0.49929188776016237
446		20.382660068105906		1.3244496583938599		1.6030986610221862		0.2588752956867218		0.5177505913734436
447		20.337857333011925		1.6666902303695679		1.8921937146306038		0.12052754837870598		0.24105509675741196
448		20.341997165000066		1.2944351434707642		1.5883442752027512		0.13090666801333428		0.26181333602666856
449		20.32229499402456		1.4330216646194458		1.6996551705694198		0.6776419105529785		1.355283821105957
450		20.14646682795137		1.7869422435760498		1.9813657829809188		0.2182031227707863		0.4364062455415726
451		20.250773024978116		1.3133254051208496		1.5980129323363303		0.13402813468575478		0.26805626937150956
452		20.035442342981696		1.440487265586853		1.717251450586319		0.2204119556427002		0.4408239112854004
453		19.986442737979814		1.2785003185272217		1.5683851561784745		0.11951177222132683		0.23902354444265367
454		20.204462048131973		1.4235368967056274		1.697208011240959		0.12935135795474054		0.2587027159094811
455		20.178311267867684		1.2471476793289185		1.5519592992448807		0.18383445572853088		0.36766891145706176
456		20.14936555805616		1.421817660331726		1.6825990176081658		0.178903424090147		0.357806848180294
457		20.178030397044495		1.377890944480896		1.6585452913951875		0.22000548954606056		0.4400109790921211
458		20.208041443955153		1.5091537237167358		1.733332016339302		0.298465962433815		0.59693192486763
459		20.094959012931213		1.368991494178772		1.6310616247344016		0.12788138765096665		0.2557627753019333
460		20.080103925894946		1.6092102527618408		1.833311678402424		0.10887161373496056		0.2177432274699211
461		20.12791855400428		1.4252623319625854		1.69724086666584		0.11229146443009376		0.22458292886018752
462		20.179803168866783		1.568859338760376		1.7854097509479523		0.12692073652744293		0.25384147305488586
463		20.23742787190713		1.3901132345199585		1.672663545794487		0.10413846157193184		0.20827692314386367
464		20.184571265941486		1.2979505062103271		1.5774439063930512		0.44718484947681425		0.8943696989536285
465		20.130492290947586		1.4821854829788208		1.721124497909546		0.3284781636834145		0.656956327366829
466		20.154910678975284		1.3222323656082153		1.6039179016876222		0.11021238836050033		0.22042477672100066
467		20.33406202495098		1.2597930431365967		1.5492697953176497		0.10511942485570908		0.21023884971141815
468		20.225675045046955		1.261776328086853		1.5379919660639763		0.10427973241209984		0.20855946482419968
469		20.208014889154583		1.5740433931350708		1.8053737709331512		0.16609065840244294		0.3321813168048859
470		20.346433728933334		1.546189308166504		1.806904197947979		0.10156117197275162		0.20312234394550324
471		20.271791911916807		1.2232693433761597		1.5168076904129981		0.13150636323690415		0.2630127264738083
472		20.152215506182984		1.3846290111541748		1.64793002358675		0.18296139094233513		0.36592278188467026
473		20.11506475904025		1.2798664569854736		1.5673115720891952		0.1672047339439392		0.3344094678878784
474		20.08849662891589		1.4797725677490234		1.7340075775504111		0.1242944011747837		0.2485888023495674
475		20.020620921859518		1.2382129430770874		1.5377335150933267		0.2310872838437557		0.4621745676875114
476		20.04821435804479		1.6563652753829956		1.893048962869644		0.1490052026450634		0.2980104052901268
477		20.058348352089524		1.3354039192199707		1.6008117667007447		0.11803940750360489		0.23607881500720979
478		20.146810778882354		1.387524962425232		1.6554877092409135		0.21816921445131301		0.43633842890262603
479		20.22510766913183		1.4967204332351685		1.751413129711151		0.4387826709151268		0.8775653418302536
480		20.223649054998532		1.7169595956802368		1.9168797560310364		0.10166924796700477		0.20333849593400954
481		20.230862015858293		1.2350988388061523		1.5345425564098358		0.20772001007795335		0.4154400201559067
482		20.212186879012734		1.5246119499206543		1.783684236228466		0.11311618874669074		0.2262323774933815
483		20.09383232006803		1.405478835105896		1.6822354219532012		0.50382849650383		1.00765699300766
484		20.16714696213603		1.4268163442611694		1.6673049062490464		0.14422677070498466		0.2884535414099693
485		20.246970186941326		1.3339787721633911		1.619635716457367		0.6968517252981663		1.3937034505963326
486		20.166802264051512		1.2937110662460327		1.591096516149044		0.19549534490704537		0.39099068981409074
487		20.25084737292491		1.4199994802474976		1.6730388200831414		0.7332421378850937		1.4664842757701875
488		20.213634198065847		1.6791019439697266		1.9039408997869491		0.1148718111217022		0.2297436222434044
489		20.13916970905848		1.273917317390442		1.5628066836237908		0.10201320326924324		0.20402640653848647
490		20.118769332999364		1.3480876684188843		1.621550545756817		0.14463332674503326		0.2892666534900665
491		20.15584032004699		1.221745252609253		1.5192846188426017		0.41622107067108155		0.8324421413421631
492		20.04177084285766		1.4861371517181396		1.7219914067149162		0.3910039863705635		0.782007972741127
493		20.171476939925924		1.4625483751296997		1.717518687286377		0.19910154464244842		0.39820308928489684
494		20.20440072682686		1.7778974771499634		1.9360747027540206		0.11057079300284385		0.2211415860056877
495		20.16330502484925		1.402040719985962		1.6628161750388146		0.14614052427411078		0.29228104854822157
496		20.26947603095323		1.26326322555542		1.5599316160511971		0.11719398982524871		0.23438797965049743
497		20.065507845021784		1.4804657697677612		1.7296900977897645		0.1118271054983139		0.2236542109966278
498		20.21233814000152		1.3009310960769653		1.5958226549768448		0.10567189413905144		0.21134378827810288
499		20.25905498699285		1.2840808629989624		1.5717412863326072		0.11387786116600036		0.22775572233200073
500		20.102879869984463		1.29153573513031		1.5901314786815643		0.20774903141260148		0.41549806282520296
501		20.21688398718834		1.3701001405715942		1.6389426731014252		0.5763004558086395		1.152600911617279
502		20.12536531081423		1.339690089225769		1.6179129161405563		0.23228327125906945		0.4645665425181389
503		20.252812742022797		1.514819860458374		1.7518331837129593		0.3124398033618927		0.6248796067237854
504		20.144668793072924		1.3586655855178833		1.621805403380394		0.14590748267173767		0.29181496534347534
505		20.264083380112424		1.2186897993087769		1.5250067277932167		0.10339365129470825		0.2067873025894165
506		20.21360684512183		1.2493739128112793		1.538473712668419		1.0037391865968703		2.0074783731937407
507		20.271454048110172		1.2860419750213623		1.5666919388389586		0.11465357608795167		0.22930715217590333
508		20.30473915906623		1.2199938297271729		1.5207763607883453		0.10113377332091332		0.20226754664182664
509		20.311085670022294		1.4671201705932617		1.718435881500244		0.47557645411491395		0.9511529082298279
510		20.1316775418818		1.1634355783462524		1.4715905225086212		0.13400541524291038		0.26801083048582075
511		20.14065590989776		1.3316508531570435		1.6007476901006699		0.10798673262000084		0.2159734652400017
512		20.13538067904301		1.4289826154708862		1.6881647161912918		0.11041588653326034		0.2208317730665207
513		20.10087442700751		1.2770506143569946		1.5787445050430298		0.12206735743880272		0.24413471487760544
514		20.112831393955275		1.2814967632293701		1.5780753008174897		0.12358964151144028		0.24717928302288056
515		20.084670200943947		1.3976401090621948		1.6646787461829184		0.1035644937813282		0.2071289875626564
516		20.243261880008504		1.2706106901168823		1.5523662781620025		1.0495060130476952		2.0990120260953904
517		20.380616090958938		1.2106951475143433		1.5186457335686683		0.21386357856988908		0.42772715713977816
518		20.446098812157288		1.3756004571914673		1.652845203204155		0.14984042329788208		0.29968084659576416
519		20.371321154991165		1.4588483572006226		1.7171996817374229		0.461828156042099		0.923656312084198
520		20.414247398963198		1.2580301761627197		1.5449321522164345		0.25110649020671844		0.5022129804134369
521		20.387206153944135		1.3760449886322021		1.6351549748539924		0.10812825281023979		0.21625650562047957
522		20.345540090929717		1.1725215911865234		1.4856245654892921		0.24414425135850906		0.4882885027170181
523		20.32142115291208		1.3188903331756592		1.5791597249102594		0.10170508233904839		0.20341016467809678
524		20.366135826101527		1.1403582096099854		1.4464817144942284		0.10790997305512429		0.21581994611024857
525		20.29754914692603		1.2578860521316528		1.5538104804491997		0.19223155695199967		0.38446311390399934
526		20.404615408042446		1.2911614179611206		1.5830803518557548		0.1912472429573536		0.3824944859147072
527		20.420943217817694		1.2187988758087158		1.5100535575723648		0.2537769749045372		0.5075539498090744
528		20.369562697131187		1.149773120880127		1.4581404426050186		0.11631586341261864		0.23263172682523728
529		20.423638741951436		1.1689351797103882		1.471733794155121		0.12332208667397498		0.24664417334794997
530		20.421578628011048		1.2263801097869873		1.5162258333730698		0.40650085850954054		0.8130017170190811
531		20.36437829793431		1.3963004350662231		1.6707608562850953		0.17907259031534195		0.3581451806306839
532		20.325142940040678		1.3172708749771118		1.6137557952022552		0.25153301917910575		0.5030660383582115
533		20.285675305873156		1.288358211517334		1.5722858537507056		0.20822830913066864		0.4164566182613373
534		20.108557384926826		1.1417895555496216		1.4551980409312248		0.09604895182847976		0.19209790365695953
535		20.12295326893218		1.3695067167282104		1.633956740293503		0.5218174119710922		1.0436348239421844
536		20.273167290957645		1.3097989559173584		1.5996477849531174		0.2324929820537567		0.4649859641075134
537		20.302022906951606		1.1937438249588013		1.492562175385952		0.09908912252783775		0.1981782450556755
538		20.298197126947343		1.2096267938613892		1.5103898069167137		0.29022624302506445		0.5804524860501289
539		20.106321964180097		1.1513688564300537		1.4642680847358704		0.10617542968392372		0.21235085936784745
540		20.119190134108067		1.3148976564407349		1.599975216846466		0.2391339378774166		0.4782678757548332
541		20.03477814886719		1.3460915088653564		1.6235231283879281		0.10828468252420426		0.2165693650484085
542		19.973499454092234		1.1360307931900024		1.4452883791589737		0.43887585654258726		0.8777517130851745
543		20.04411778994836		1.2967333793640137		1.5843034228563309		0.14110539352297782		0.28221078704595565
544		20.02123236609623		1.4265086650848389		1.7081017653846742		0.14330842717885972		0.28661685435771944
545		20.106857466045767		1.1466825008392334		1.4700259257340431		0.16692455247044563		0.33384910494089126
546		20.10399396205321		1.4008485078811646		1.6417763283276559		0.10138480514287948		0.20276961028575896
547		19.99603675212711		1.2188459634780884		1.519736980266571		0.13068412195444107		0.26136824390888214
548		20.12280586315319		1.2414195537567139		1.5429038391542436		0.10640307072997093		0.21280614145994187
549		20.17088255798444		1.2219743728637695		1.5191786529183389		0.12439468094110488		0.24878936188220976
550		20.101301705930382		1.1408345699310303		1.4628172842240335		0.13452089459896088		0.26904178919792177
551		20.188347023911774		1.4599772691726685		1.7139520006155968		0.16167824010849		0.32335648021698
552		20.188192588975653		1.4162198305130005		1.6669093570804596		0.2054054674267769		0.4108109348535538
553		20.17218391993083		1.2437342405319214		1.528945681772232		0.4830207050681114		0.9660414101362228
554		20.16132986592129		1.249412178993225		1.5428754603767394		0.11127116819024085		0.2225423363804817
555		20.17726768506691		1.2475299835205078		1.5427332703089713		0.4180052589893341		0.8360105179786682
556		20.092460540123284		1.2286559343338013		1.5572138627696037		0.10846475625634193		0.21692951251268386
557		20.07976059592329		1.220487117767334		1.5297348775863648		0.17610952891111373		0.35221905782222745
558		20.17653509392403		1.3557188510894775		1.6165694127035142		0.49910353548526765		0.9982070709705353
559		20.214283826062456		1.368003249168396		1.6274547925567626		0.19230856314897538		0.38461712629795075
560		20.240605846978724		1.3120964765548706		1.5941046324849129		0.29037218235731127		0.5807443647146225
561		20.243588819867		1.1616861820220947		1.4613428666138648		0.17531200001835823		0.35062400003671645
562		20.11243543610908		1.2218143939971924		1.5193091872310638		0.1803343610227108		0.3606687220454216
563		20.083379640011117		1.153115153312683		1.4664438557338715		0.10683760358095169		0.21367520716190339
564		20.09875578689389		1.2447175979614258		1.5466360797524452		0.1019990238726139		0.2039980477452278
565		20.06268790503964		1.2442506551742554		1.5431877841377257		0.1585460176706314		0.3170920353412628
566		20.141432830831036		1.2282726764678955		1.523697911131382		0.14461454280614852		0.28922908561229704
567		20.15771039109677		1.183263897895813		1.4884566593384743		0.16031810799241067		0.32063621598482134
568		20.217731124954298		1.2343961000442505		1.537508950521946		0.72876036080122		1.45752072160244
569		20.213317475980148		1.256834864616394		1.5477756395697593		0.1393721669077873		0.2787443338155746
570		20.084706839872524		1.2188118696212769		1.5140882180523871		0.15854653913974762		0.31709307827949523
571		20.1354535180144		1.1727672815322876		1.484421455991268		0.7486363495230675		1.497272699046135
572		20.18173105479218		1.353233814239502		1.6327017812561988		0.49222952526807784		0.9844590505361557
573		20.16999287903309		1.2322331666946411		1.5332409646677971		0.13974558447003366		0.2794911689400673
574		20.13449983485043		1.1903685331344604		1.498601620745659		0.16377026795744895		0.3275405359148979
575		20.131533888867125		1.3048269748687744		1.5863886716151236		0.14927564132213592		0.29855128264427183
576		20.282955680042505		1.1986427307128906		1.48838310765028		0.4779649294674396		0.9559298589348793
577		20.257080436917022		1.2373915910720825		1.542477350833416		0.15260166556835175		0.3052033311367035
578		20.286618346115574		1.1635615825653076		1.477104878602028		0.11393545498847961		0.22787090997695922
579		20.289811260066926		1.1043205261230469		1.426756397922039		0.2095422800540924		0.4190845601081848
580		20.266039800830185		1.2840776443481445		1.5915466818928719		0.3436595975518227		0.6873191951036454
581		20.19140349398367		1.287946343421936		1.586183629193306		0.09328061386346817		0.18656122772693634
582		20.189878882141784		1.0846445560455322		1.4052466177940368		0.15539771184921264		0.3107954236984253
583		19.894334696931764		1.149661660194397		1.4602587798810005		0.11473708858489991		0.22947417716979981
584		19.93054613703862		1.1333751678466797		1.4450346677446366		0.10582083658576012		0.21164167317152024
585		19.979711272986606		1.3949840068817139		1.6636179902791977		0.1151402357161045		0.230280471432209
586		20.10172465001233		1.1041761636734009		1.422553670089245		0.27413452833890917		0.5482690566778183
587		20.10705227497965		1.2255815267562866		1.523642847635746		0.6950117839455604		1.3900235678911208
588		20.173985815839842		1.3253463506698608		1.5954246223521233		0.12929399682283402		0.25858799364566804
589		20.09245756198652		1.1585427522659302		1.468739832086563		0.09786135889887809		0.19572271779775618
590		20.201520164962858		1.1577057838439941		1.4616882145118713		0.20015568512678147		0.40031137025356295
591		20.18095788010396		1.191048264503479		1.48982197671175		0.09509885329008103		0.19019770658016205
592		20.2095198079478		1.190497636795044		1.4984402457642556		0.19282304425835609		0.38564608851671217
593		20.27625399106182		1.1659072637557983		1.488791430606842		0.6163476145863533		1.2326952291727067
594		20.13959758193232		1.3337125778198242		1.6243397883510589		0.10151851705908775		0.2030370341181755
595		20.121755667962134		1.0805401802062988		1.4009306695199013		0.09221403746902943		0.18442807493805885
596		20.316069655818865		1.2535654306411743		1.5455598522520064		0.21738489468097688		0.43476978936195376
597		20.278047126950696		1.2840464115142822		1.5711033846378326		0.14042405478954315		0.2808481095790863
598		20.29855335294269		1.1242088079452515		1.4454842138576507		0.32590374443531034		0.6518074888706207
599		20.287435116944835		1.061972737312317		1.389180350368023		0.1023234754562378		0.2046469509124756
600		19.976354165934026		1.1772003173828125		1.4941962371730804		0.10796518409848213		0.21593036819696426
601		20.033774740993977		1.1427001953125		1.4562157989239692		0.10497017671465873		0.20994035342931747
602		19.950217589968815		1.1966239213943481		1.5006703517127038		0.09353296901881694		0.18706593803763388
603		20.216019367799163		1.2310765981674194		1.5353776766371727		0.2216639864206314		0.4433279728412628
604		20.164678594097495		1.2410404682159424		1.540406595225334		0.37036193536520007		0.7407238707304001
605		20.262901754118502		1.2830097675323486		1.5609453700590135		0.11419771947264672		0.22839543894529343
606		20.192088601877913		1.294645071029663		1.5814425096201896		0.4310897162079811		0.8621794324159622
607		20.184204254997894		1.2114312648773193		1.5148406607818603		0.09513247291743755		0.1902649458348751
608		20.147523628082126		1.2882423400878906		1.5728631609582902		0.22182270166873932		0.44364540333747865
609		20.078951695933938		1.2015520334243774		1.5077602979183198		0.1708859066903591		0.3417718133807182
610		20.124973842175677		1.1173815727233887		1.4362266730880737		0.10305132884383202		0.20610265768766403
611		20.20596015290357		1.138852834701538		1.4539555110788345		0.24089239938259124		0.4817847987651825
612		20.15889143687673		1.2257699966430664		1.5195417716360091		0.40600028277635575		0.8120005655527115
613		20.242854855023324		1.1094928979873657		1.4228614374995232		0.11286915225386619		0.22573830450773238
614		20.19694160600193		1.1039197444915771		1.4319014513111115		0.15002240136861802		0.30004480273723605
615		20.070368407061324		1.3281495571136475		1.6028051700472832		0.24302614384293555		0.4860522876858711
616		20.163313201162964		1.087252140045166		1.4034457254314423		0.17335685294866562		0.34671370589733125
617		20.093213699990883		1.126492977142334		1.4296527782726287		0.09117562882006168		0.18235125764012336
618		20.036531151039526		1.3489128351211548		1.6086480713653564		0.27048556821942327		0.5409711364388465
619		20.037921452894807		1.1066930294036865		1.4225553934168815		0.09448654446899891		0.18897308893799783
620		20.08214474702254		1.1463626623153687		1.4561275492835044		0.11609426608681679		0.23218853217363358
621		20.09780957410112		1.2160695791244507		1.4963623839783669		0.16168881858587264		0.3233776371717453
622		20.05123087996617		1.1679500341415405		1.468372752161026		0.15094301725625991		0.30188603451251983
623		20.09999836003408		1.1719940900802612		1.4796593608736992		0.09425512598454952		0.18851025196909904
624		19.999514495022595		1.102810263633728		1.4122774125671387		0.2328783505678177		0.4657567011356354
625		20.03817621502094		1.1792547702789307		1.4830154823708535		0.10775814599990845		0.2155162919998169
626		20.100279805948958		1.213001012802124		1.5106820931982994		0.10187173521518707		0.20374347043037414
627		20.064612593967468		1.082395076751709		1.40795027312994		0.14839217967987062		0.29678435935974123
628		20.22901930916123		1.2197811603546143		1.5054643654870987		0.11275632867813111		0.22551265735626222
629		20.139794582966715		1.0714683532714844		1.397589704940319		0.49818538419008257		0.9963707683801651
630		20.263899957994		1.0824382305145264		1.4012650855612754		0.7392495005846024		1.4784990011692047
631		20.192256381968036		1.3213117122650146		1.5977197304344177		0.08929949722588063		0.17859899445176125
632		20.0902268209029		1.0955909490585327		1.4105062191820146		0.16278565178513527		0.32557130357027053
633		20.106590687995777		1.2616759538650513		1.551558369231224		0.091401530367136		0.182803060734272
634		20.142789447912946		1.1214778423309326		1.4318033327269555		0.1259078300654888		0.2518156601309776
635		20.197718462208286		1.1746017932891846		1.4781133653664589		0.4833247426390648		0.9666494852781295
636		20.26133100898005		1.1206401586532593		1.437750473818779		0.10539402103424073		0.21078804206848145
637		20.175419623963535		1.1042397022247314		1.419653159019947		0.09448111773133278		0.18896223546266555
638		20.08854184485972		1.1361815929412842		1.4385600515890122		0.10609888582229614		0.21219777164459228
639		20.08836149610579		1.1538200378417969		1.4754737943530083		0.10053671873211861		0.20107343746423723
640		20.047817542916164		1.181107521057129		1.483120890469551		0.43400329837799073		0.8680065967559815
641		20.05825753393583		1.135144829750061		1.445385092408657		0.1722409292638302		0.3444818585276604
642		20.070924843894318		1.0896320343017578		1.4131491117239		0.09116313943564892		0.18232627887129785
643		20.02599952998571		1.2076753377914429		1.5213753932571412		0.0945493722975254		0.1890987445950508
644		20.038212687009946		1.1399422883987427		1.4555573225331306		0.09059541423022748		0.18119082846045495
645		20.06051622214727		1.0864287614822388		1.4093510136508942		0.13162714343070983		0.26325428686141966
646		20.06114128814079		1.1882688999176025		1.4887105366396904		0.12647891812324524		0.2529578362464905
647		20.034190580016002		1.2346880435943604		1.5362780543470382		0.6928986690759659		1.3857973381519317
648		19.985694761853665		1.148513674736023		1.4585425451993943		0.09523676376640797		0.19047352753281593
649		20.008077227976173		1.0289866924285889		1.367393370141983		0.08955448838174343		0.17910897676348686
650		20.04342196905054		1.140039086341858		1.4538711735749246		0.24116239693164826		0.4823247938632965
651		20.121005506021902		1.1273514032363892		1.4429014690303803		0.11616785500645638		0.23233571001291276
652		20.05089769884944		1.1763522624969482		1.4819253618645667		0.16477177696228026		0.32954355392456053
653		20.056742667919025		1.0249381065368652		1.3703703924918176		0.09876088538765908		0.19752177077531816
654		19.963777757016942		1.1630152463912964		1.473114917728901		0.3019352180361748		0.6038704360723496
655		20.083715663058683		1.0990121364593506		1.4117814991140365		0.353673185890913		0.707346371781826
656		19.99125641793944		1.2479171752929688		1.547272700059414		0.10071568016409874		0.20143136032819747
657		20.01287766895257		1.017857313156128		1.3455525870895386		0.09267450540661812		0.18534901081323624
658		20.116835294058546		1.1305464506149292		1.459730875468254		0.2142947073161602		0.4285894146323204
659		20.11094680498354		1.0362166166305542		1.3737814049625396		0.11416881338953971		0.22833762677907943
660		20.082741297082976		1.1080271005630493		1.4279263271498681		0.09759828069210053		0.19519656138420105
661		20.023126624990255		1.1455801725387573		1.4522910272073746		0.10150249581336974		0.2030049916267395
662		20.00513314898126		1.0801072120666504		1.4048575711750984		0.11907731372714042		0.23815462745428084
663		20.033164805965498		1.1087990999221802		1.4292587893128395		0.14239489070177078		0.28478978140354155
664		20.028779917862266		1.1065332889556885		1.4299761697292328		0.2932687560796738		0.5865375121593476
665		20.056197572033852		1.1679620742797852		1.4806746849107741		0.0859513359427452		0.1719026718854904
666		20.097205141093582		1.0108063220977783		1.3490491784906387		0.23498975219726562		0.46997950439453123
667		20.026142380200326		1.0997775793075562		1.4282246915197372		0.14127672716379167		0.28255345432758333
668		20.02871287614107		1.0496364831924438		1.3800475854921341		0.1294545721411705		0.258909144282341
669		20.003740210086107		1.1087857484817505		1.42893219912529		0.11252707353830338		0.22505414707660676
670		20.034824444912374		1.1353130340576172		1.4576127043819427		0.1464302085876465		0.292860417175293
671		19.948766375891864		1.1533416509628296		1.4545291475629807		0.11147126616239547		0.22294253232479094
672		19.959162038052455		1.0486325025558472		1.3753204911637307		0.08952279733419419		0.17904559466838837
673		20.063291711965576		1.3004063367843628		1.5842603183460235		0.1431020523071289		0.2862041046142578
674		20.08804634702392		1.151984691619873		1.470839861433506		0.08686692989170551		0.17373385978341102
675		19.98015085910447		1.0206726789474487		1.350313719072342		0.09020090973973274		0.1804018194794655
676		20.105779665056616		1.0886276960372925		1.412397575457096		0.09882213403582572		0.19764426807165145
677		20.02489300002344		1.058203935623169		1.3826432449150086		0.09004257676005363		0.18008515352010726
678		19.968053982127458		1.0317912101745605		1.369713825650215		0.08546224476397038		0.17092448952794076
679		19.933733800891787		1.170582890510559		1.4711769181680678		0.12128026025891304		0.2425605205178261
680		19.925153763964772		1.0139127969741821		1.352146301279068		0.25635406213998796		0.5127081242799759
681		20.003039967035875		1.0629570484161377		1.3850530437850952		0.1281621855556965		0.256324371111393
682		20.009491608012468		1.0774110555648804		1.4009601805210115		0.08685466525256634		0.17370933050513268
683		19.98812263412401		1.142868161201477		1.4448682826423644		0.20297744306921958		0.40595488613843916
684		20.021600409876555		1.0853825807571411		1.4133461031794547		0.09598306536972523		0.19196613073945046
685		20.016903372015804		1.2050877809524536		1.5098002803230286		0.12938432354927062		0.25876864709854125
686		20.093414447037503		1.0218722820281982		1.3505136495161056		0.15488039973974227		0.30976079947948454
687		20.117272980045527		1.0770007371902466		1.3934238165068626		0.2170960798740387		0.4341921597480774
688		20.136785812908784		1.1178606748580933		1.4314027535152436		0.3420951184332371		0.6841902368664742
689		20.23827583808452		1.0084534883499146		1.3468434259080886		0.09949511608481407		0.19899023216962813
690		20.235459223156795		1.0345728397369385		1.3706172736287117		0.11209376072883606		0.22418752145767212
691		20.200013514840975		1.0900160074234009		1.4084992483639718		0.0849028481066227		0.1698056962132454
692		20.048422909108922		1.1185604333877563		1.435308273704052		0.5615306891560554		1.1230613783121108
693		19.996921925107017		1.063254714012146		1.3905017028689384		0.08527534904778003		0.17055069809556006
694		20.036554258083925		1.0124603509902954		1.3442134533309937		0.08582788089513779		0.17165576179027559
695		20.005904708988965		1.1916296482086182		1.4877103155374527		0.2888855665564537		0.5777711331129074
696		20.06788966897875		1.078554630279541		1.39427067892313		0.0886562564432621		0.1773125128865242
697		20.11561098182574		0.9653506278991699		1.3071808977007866		0.0862022419989109		0.1724044839978218
698		20.148254228988662		1.011561393737793		1.3491274533271789		0.08790257903337478		0.17580515806674957
699		20.11719416012056		1.035441279411316		1.3657443418693542		0.11669189530611038		0.23338379061222075
700		20.104748984100297		1.0167815685272217		1.3553573486351966		0.08768496955037117		0.17536993910074233
701		20.183202140033245		1.069367527961731		1.3984917912077903		0.3154224001228809		0.6308448002457618
702		20.12457439210266		1.072309136390686		1.3934412346696854		0.18439156982898713		0.36878313965797427
703		20.109867541119456		1.0322962999343872		1.3724143846416474		0.7767554245829582		1.5535108491659164
704		20.073169835144654		0.9678935408592224		1.313613072669506		0.21296234954595566		0.42592469909191133
705		20.013573083095253		1.0350706577301025		1.365419524857998		0.0883484017521143		0.1766968035042286
706		20.027853359933943		1.0780329704284668		1.395194595732689		0.17297145529985428		0.34594291059970855
707		20.155114919878542		1.0673670768737793		1.3935417548227311		0.3160967000722885		0.632193400144577
708		20.10774392890744		1.027790904045105		1.3620837018370628		0.09626769280433654		0.1925353856086731
709		20.128581838915125		0.9887414574623108		1.326535994758606		0.08679308233559131		0.17358616467118262
710		19.984721377957612		1.0918481349945068		1.413884649372101		0.08735004747509956		0.17470009495019911
711		20.08669311599806		1.0681030750274658		1.391836844768524		0.2785737701177597		0.5571475402355194
712		20.058997980086133		1.0812877416610718		1.399945343632698		0.09900566622018814		0.19801133244037628
713		20.08741996786557		0.970414400100708		1.3090482945632935		0.09026696121990681		0.18053392243981362
714		20.186137419892475		0.9509131908416748		1.2966145350885392		0.09879701642394066		0.19759403284788132
715		20.202882862184197		1.0392322540283203		1.3638266233634948		0.08888052944242954		0.17776105888485907
716		20.218251205980778		0.979943037033081		1.3128270878624917		0.19045473487377168		0.38090946974754336
717		20.047553586773574		1.086319088935852		1.4116352346873284		0.362361862885952		0.724723725771904
718		20.027140480000526		1.078547477722168		1.3937956309270858		0.1499764704287052		0.2999529408574104
719		20.051659087184817		1.0681257247924805		1.3895373447537422		0.08880556670725345		0.1776111334145069
720		20.03547068289481		0.9932395815849304		1.3376716824460029		0.265916194486618		0.531832388973236
721		20.010997624136508		0.9728088974952698		1.3110866147875786		0.08528723731040955		0.1705744746208191
722		20.011297667166218		0.9865813255310059		1.3227826515889167		0.1855396278500557		0.3710792557001114
723		20.049547066912055		1.0100390911102295		1.3463157883548738		0.13293658424019814		0.26587316848039627
724		20.086604272946715		0.9744394421577454		1.3106149044680595		0.09743306021094322		0.19486612042188645
725		20.035408465191722		1.0106312036514282		1.349470590274334		0.10660248628258705		0.2132049725651741
726		20.111889387015253		1.1009125709533691		1.4146317700052262		0.08820102447569371		0.17640204895138742
727		20.036368831060827		0.988987147808075		1.3239705340981482		0.15688743705153466		0.3137748741030693
728		19.9384707310237		1.0345582962036133		1.368402974448204		0.10260807301998139		0.20521614603996277
729		20.028518251841888		1.0144639015197754		1.3561781122803689		0.08387571903467178		0.16775143806934356
730		20.08086814195849		1.0073751211166382		1.344052761015892		0.12822899133563043		0.25645798267126085
731		20.07341076200828		0.9548365473747253		1.3041385160946846		0.10118379388451576		0.20236758776903152
732		20.105886423960328		1.1105254888534546		1.435472578663826		0.08643817146122455		0.1728763429224491
733		20.07810337212868		1.034132957458496		1.362525856051445		0.1003365495145321		0.2006730990290642
734		20.193776461062953		1.0119991302490234		1.3496085967826843		0.14109354509711267		0.28218709019422533
735		20.118991452967748		0.9840251207351685		1.3228275640535354		0.15595434671640396		0.3119086934328079
736		20.11127395601943		1.0906554460525513		1.4059791090393066		0.10142636323869228		0.20285272647738456
737		20.194976554019377		0.9722155928611755		1.3152454807019234		0.1278973087131977		0.2557946174263954
738		20.2263376400806		1.0023236274719238		1.3330316449975967		0.08233386557400227		0.16466773114800454
739		20.203421750105917		0.9629420042037964		1.3133486398100853		0.36625397473573684		0.7325079494714737
740		20.237738766008988		1.015170693397522		1.34415544434309		0.11276703479886055		0.2255340695977211
741		20.183932980056852		1.0126774311065674		1.352540079574585		0.08203164717853069		0.16406329435706138
742		20.184260125970468		0.979006290435791		1.3193209750533104		0.3298367828607559		0.6596735657215118
743		20.040947393979877		1.1209627389907837		1.434482580215931		0.20408677108883858		0.40817354217767715
744		19.96043264097534		0.9867923259735107		1.3268448502326011		0.20098788218498229		0.40197576436996457
745		20.003451412077993		0.9468308091163635		1.2998286364388465		0.1351723648905754		0.2703447297811508
746		20.059896118938923		0.9757122993469238		1.3177056276035308		0.0831486444056034		0.1662972888112068
747		20.152356215985492		0.9098115563392639		1.2668434651589393		0.10206415430903434		0.2041283086180687
748		20.13875680603087		0.9331473708152771		1.2862978893613815		0.3711903770983219		0.7423807541966438
749		20.04833328910172		1.0183687210083008		1.349467645125389		0.14012602014541625		0.2802520402908325
750		19.974052113015205		0.9843212962150574		1.3212129172778129		0.09818931949734688		0.19637863899469377
751		19.976327526848763		1.0687012672424316		1.4072711863160134		0.1500370961666107		0.3000741923332214
752		20.084870185004547		0.9984503388404846		1.3327814030957221		0.08091434526741505		0.1618286905348301
753		20.010012644110247		1.0080955028533936		1.3503651147842408		0.08619346584677696		0.17238693169355393
754		20.10658116498962		0.9512146711349487		1.2892133265709877		0.09127378517091274		0.18254757034182548
755		20.11736926389858		0.9374420642852783		1.28863843575716		0.08506347776055335		0.1701269555211067
756		20.083479749038815		1.0291904211044312		1.3592401547145843		0.1432863480746746		0.2865726961493492
757		20.068270687945187		1.0099490880966187		1.350706749510765		0.10263737123608589		0.20527474247217178
758		20.02914824313484		1.010347843170166		1.3340125100827218		0.18231900186538696		0.36463800373077393
759		20.072126813000068		0.9923577308654785		1.3258813191723824		0.08157773919403553		0.16315547838807107
760		20.020721833920106		0.9479809403419495		1.2915614996051787		0.08079099441468715		0.1615819888293743
761		20.05902518797666		1.011229395866394		1.3423985233473779		0.08316715443134308		0.16633430886268616
762		20.029786020051688		0.9446011185646057		1.2947488241505622		0.37043909249305723		0.7408781849861145
763		20.07834063307382		0.9379016160964966		1.2853690955495833		0.08983561601042747		0.17967123202085494
764		20.091671518981457		1.0397142171859741		1.363389867181778		0.13406708701848985		0.2681341740369797
765		20.00374245014973		1.0435922145843506		1.3770851120185852		0.07992495904266834		0.1598499180853367
766		20.025527911027893		0.9404162764549255		1.2805994602370263		0.31381726918816566		0.6276345383763313
767		20.131854753941298		0.9362866282463074		1.2871479540157318		0.07985620910525322		0.15971241821050644
768		20.138755857013166		1.0218003988265991		1.3660011642313004		0.11854477654695511		0.23708955309391022
769		20.123722593998536		0.9764313697814941		1.3173504503083229		0.13821171915531158		0.27642343831062316
770		20.119740440975875		1.0276556015014648		1.3589591669225694		0.3595697964668274		0.7191395929336548
771		20.133139601908624		0.9580557346343994		1.2983135933399201		0.21308671178817748		0.42617342357635496
772		20.035292765125632		0.9528230428695679		1.2969464041328431		0.08746501705050469		0.17493003410100938
773		20.133590393001214		0.9734455943107605		1.3175404168295861		0.08147023125886917		0.16294046251773833
774		20.22169305686839		0.9714856743812561		1.3170663728785514		0.11162763016819954		0.2232552603363991
775		19.970075000077486		0.9231417775154114		1.27222196185112		0.11358592837452888		0.22717185674905777
776		20.036510419100523		0.9903771877288818		1.3359158571600913		0.11092780885696411		0.22185561771392823
777		20.038993403082713		0.9846345782279968		1.3274580420851707		0.09581670531630516		0.19163341063261033
778		20.101715659955516		0.9941744208335876		1.3283335977268218		0.0972363928347826		0.1944727856695652
779		20.123286440968513		0.8979909420013428		1.2499772575998307		0.07924585092365742		0.15849170184731484
780		20.125143730081618		1.0114191770553589		1.340176640188694		0.1163428368985653		0.2326856737971306
781		20.10201235488057		0.920491635799408		1.2706907861113548		0.15086568870544434		0.3017313774108887
782		19.975900983903557		0.9810394048690796		1.3253711912083626		0.08244777864515782		0.16489555729031563
783		19.9553191580344		0.9130621552467346		1.2609250549435616		0.08328295967578887		0.16656591935157775
784		19.953629694879055		0.9765231013298035		1.3115362065172196		0.08027163859307766		0.16054327718615533
785		20.013038990087807		0.9532086253166199		1.301898734498024		0.1527374086678028		0.3054748173356056
786		20.038994105998427		0.9602042436599731		1.304688407611847		0.11140408161282539		0.22280816322565078
787		20.0686999859754		0.9727479219436646		1.3147346954250336		0.19698438808917998		0.39396877617835996
788		20.06794232293032		0.9604661464691162		1.3080443232107162		0.08948981581032277		0.17897963162064554
789		20.110398794990033		0.9042416214942932		1.2610185238075255		0.08348667698204518		0.16697335396409035
790		20.064160384936258		0.9619184136390686		1.3022404440665245		0.15338008208274842		0.30676016416549684
791		20.050555871101096		0.9497557282447815		1.2971519952869415		0.43024440032243727		0.8604888006448745
792		20.142477464862168		1.008811116218567		1.3422659818673135		0.07929865354597569		0.15859730709195138
793		20.15604650788009		0.9326378703117371		1.2884268378567696		0.13031447407007218		0.26062894814014437
794		20.130690031917766		0.9404506087303162		1.2879262563347817		0.08876848465204239		0.17753696930408477
795		20.12892138096504		1.0434796810150146		1.3802217879772187		0.17658926537036895		0.3531785307407379
796		20.08100263401866		0.9459913969039917		1.285063477575779		0.07781873559355736		0.1556374711871147
797		20.200045688077807		0.936423659324646		1.2835408529496193		0.20832720482349396		0.4166544096469879
798		20.166503810090944		0.949050784111023		1.2948125466799736		0.07976559313833713		0.15953118627667426
799		20.042371708899736		0.8843713998794556		1.2382078167271615		0.11012507377266884		0.22025014754533767
800		20.056950205937028		0.9534731507301331		1.2921263645148278		0.0855071866363287		0.1710143732726574
801		20.192731566959992		0.9011219143867493		1.2514006151866912		0.14486309419870377		0.28972618839740755
802		20.208224622067064		0.8847198486328125		1.2385403364944458		0.08147971126735211		0.16295942253470422
803		20.12517933198251		1.0380855798721313		1.3844418827986718		0.078234243029356		0.156468486058712
804		20.22506277798675		0.8992084264755249		1.2518789950466156		0.08264171851873398		0.16528343703746795
805		20.259352039080113		0.9429726600646973		1.2948816266226768		0.09146827061772346		0.18293654123544692
806		20.109453016892076		0.9241845607757568		1.2700799344873428		0.10129836693406105		0.2025967338681221
807		20.134896249044687		0.9199063181877136		1.2690603196573258		0.08788973865509034		0.17577947731018068
808		20.113868209067732		0.9615396857261658		1.3068222480535507		0.09936856465339661		0.19873712930679321
809		19.87748321890831		0.9654658436775208		1.3130982777619362		0.07760082978308201		0.15520165956616402
810		19.98935675388202		0.9244452118873596		1.274770517873764		0.09155368893742562		0.18310737787485123
811		20.040829470846802		0.9313175678253174		1.2733383712601662		0.09974706383049488		0.19949412766098976
812		20.127495013875887		0.9223434329032898		1.2730319474887848		0.0982102571964264		0.1964205143928528
813		19.997341298963875		0.9322018623352051		1.288593170993328		0.13796928582191467		0.27593857164382934
814		19.95496448292397		0.9209176301956177		1.275790336933136		0.07696287146508694		0.1539257429301739
815		20.047314272029325		0.8874132037162781		1.2400314737796783		0.08899754744172096		0.17799509488344192
816		20.17788107180968		0.8941320180892944		1.2473464042687417		0.08112197285294533		0.16224394570589065
817		20.204896375071257		0.9101706147193909		1.2603651726222038		0.09552263085246086		0.19104526170492173
818		20.15061449399218		0.9383909702301025		1.2885381125473976		0.15477672173976897		0.30955344347953795
819		20.10876150196418		0.9099717736244202		1.253383459508419		0.1225650948047638		0.2451301896095276
820		20.135765505954623		0.9377276301383972		1.293295927875042		0.08171995422542096		0.16343990845084191
821		20.166055406909436		0.972412109375		1.311938890659809		0.166381644231081		0.332763288462162
822		19.934985810192302		0.8944904208183289		1.2522047179293632		0.09825131281614304		0.19650262563228607
823		20.090751376003027		0.9039468765258789		1.2548908543753623		0.10423835967779159		0.20847671935558318
824		20.064933121902868		0.9218939542770386		1.2773030279397966		0.1626226577937603		0.3252453155875206
825		20.038030492840335		0.901090681552887		1.2534057757806778		0.127995140427351		0.255990280854702
826		20.152898982167244		0.9029181003570557		1.2651965200829507		0.19309809942245484		0.3861961988449097
827		20.087876738980412		0.8946118354797363		1.2504185684609412		0.169936340457201		0.339872680914402
828		20.01269370294176		0.8660377264022827		1.2230028517103195		0.08450990197062493		0.16901980394124985
829		19.962267310125753		0.899324893951416		1.2567891918611527		0.10950229129195213		0.21900458258390426
830		19.954861510079354		0.9197145700454712		1.2707456262731551		0.08973715440034866		0.1794743088006973
831		19.890592482872307		0.9059168696403503		1.2563720026397704		0.10407648274302482		0.20815296548604964
832		19.89943631296046		0.9236348867416382		1.2733813050556182		0.07723218625187873		0.15446437250375747
833		19.95484257512726		0.9317613840103149		1.2832885682582855		0.0787000867933035		0.157400173586607
834		19.97599198599346		0.8966156840324402		1.2497968692326547		0.08404252477288246		0.16808504954576492
835		20.02713933889754		0.9391002058982849		1.2938744478654862		0.07640394703149796		0.1528078940629959
836		20.005827208980918		0.8937872648239136		1.2420280054450035		0.07744897214472293		0.15489794428944587
837		20.06588233495131		0.8810867667198181		1.2396038431668281		0.10168029992580414		0.2033605998516083
838		20.035040115006268		0.859983503818512		1.2177714566731452		0.07803871617615223		0.15607743235230445
839		20.224311990197748		0.9132087826728821		1.2565701071977615		0.07663951014578342		0.15327902029156684
840		20.03701407602057		0.8737686276435852		1.234713428375721		0.08954519520998001		0.17909039041996003
841		20.0189900258556		0.9702635407447815		1.3162403204298019		0.12122681840062141		0.24245363680124282
842		20.031599276931956		0.91831374168396		1.2718227070260049		0.09794692223072052		0.19589384446144104
843		19.997821019031107		0.8927444219589233		1.2470028500580788		0.12906919339895248		0.25813838679790496
844		19.980176369892433		0.8567536473274231		1.210530219771862		0.17237720111012458		0.34475440222024917
845		20.02134090801701		0.9100152254104614		1.2543829293370248		0.0782945554703474		0.1565891109406948
846		20.098321727011353		0.9207376837730408		1.2677186142873764		0.08015531554222106		0.16031063108444213
847		20.112541151000187		0.8935539722442627		1.245372344007492		0.07702248823642731		0.15404497647285462
848		20.083161913091317		0.9182558655738831		1.2665025636291505		0.09986499328017234		0.19972998656034469
849		20.1067015749868		0.8769665360450745		1.2351102460837364		0.07632522049546242		0.15265044099092484
850		20.109081248985603		0.913883626461029		1.2632919840860366		0.09489628156721593		0.18979256313443185
851		20.20854031899944		0.8661013841629028		1.225136410882473		0.19083483344316482		0.38166966688632964
852		20.110303832916543		0.8904714584350586		1.243915853073597		0.07766442022323608		0.15532884044647216
853		19.941695525078103		0.9061024785041809		1.2559611899757386		0.07634956789314747		0.15269913578629493
854		19.96515274606645		0.8550118803977966		1.2109004408240318		0.07611953168213367		0.15223906336426735
855		19.97159834811464		0.8724741339683533		1.2265586764073373		0.07593432804644108		0.15186865609288216
856		20.077280189841986		0.9219374656677246		1.2613120916748046		0.08553741860687733		0.17107483721375466
857		20.10121361608617		0.888127863407135		1.2451746592521666		0.07706336782276631		0.15412673564553261
858		20.08443050389178		0.8657897710800171		1.227433327999115		0.09929756966531277		0.19859513933062553
859		20.049036215990782		0.9011683464050293		1.2524961439299584		0.08389854356944561		0.16779708713889122
860		20.214534820988774		0.9046796560287476		1.2509692405605317		0.17265597108006478		0.34531194216012956
861		20.285109884105623		0.8982757329940796		1.251772267897129		0.07417006416618824		0.14834012833237648
862		20.14137245505117		0.849315345287323		1.2077242593193054		0.16726023416519165		0.3345204683303833
863		20.059170816093683		0.871172308921814		1.2299468073916435		0.23096339418292045		0.4619267883658409
864		20.029887217096984		0.890717089176178		1.2490441310548783		0.11954283955097199		0.23908567910194398
865		19.995568211888894		0.8891791105270386		1.24580195735693		0.14963901070952415		0.2992780214190483
866		20.075015967013314		0.8520380854606628		1.2109935804915428		0.07583439039289952		0.15166878078579904
867		20.17876091087237		0.8922988176345825		1.2420589819931984		0.07606883149147034		0.15213766298294068
868		20.159050676971674		0.8551152348518372		1.2106058524441718		0.08180514495074749		0.16361028990149498
869		20.095183997880667		0.8565434217453003		1.2176647372746467		0.07796935668289662		0.15593871336579324
870		20.01557442196645		0.8492072224617004		1.210576697602272		0.11487659614682198		0.22975319229364397
871		20.023128651082516		0.8628701567649841		1.2161824237823486		0.08211362728476525		0.1642272545695305
872		20.167725102975965		0.8379817605018616		1.202535780875683		0.10481571919322014		0.20963143838644027
873		20.076215273933485		0.8864285945892334		1.2374668417525292		0.11412738562226296		0.22825477124452592
874		20.102832139935344		0.8658925294876099		1.2196679656362535		0.11053402116894721		0.22106804233789443
875		20.03547749714926		0.8478782773017883		1.2045154556250572		0.1676868813574314		0.3353737627148628
876		20.139375659869984		0.8669595122337341		1.2227124724793434		0.09148746500611306		0.18297493001222612
877		20.19389660609886		0.8333008885383606		1.1990359066939353		0.07987294730842114		0.15974589461684227
878		20.08627342293039		0.8804023861885071		1.232624774618149		0.07982085026800632		0.15964170053601265
879		19.980683685978875		0.8987340331077576		1.2561042773532867		0.07518735920488834		0.15037471840977668
880		20.053863712819293		0.8625714778900146		1.2219933563017844		0.0764139520138502		0.1528279040277004
881		20.047567321918905		0.8762854337692261		1.234512300646305		0.083818139564991		0.167636279129982
882		20.12859680992551		0.8427239060401917		1.2056852139377594		0.09366006398797035		0.1873201279759407
883		20.111193798016757		0.8387067914009094		1.2011447267270088		0.08970550914108753		0.17941101828217507
884		20.040339721133932		0.865097165107727		1.2227125462985038		0.07440706963539123		0.14881413927078246
885		20.076631525997072		0.9113257527351379		1.2539687588858603		0.07600271372497082		0.15200542744994164
886		19.97427511587739		0.8720728754997253		1.2278016558647156		0.07381039387881756		0.14762078775763512
887		20.057839921908453		0.8436681032180786		1.2013534662890435		0.12867231447696686		0.25734462895393373
888		20.054414585931227		0.8752523064613342		1.229778344066143		0.07414155630469323		0.14828311260938645
889		20.25547763798386		0.8547717928886414		1.2158166133475303		0.07794026902318		0.15588053804636
890		20.192368273157626		0.8337687253952026		1.1942211997532846		0.07612438940405845		0.1522487788081169
891		20.07271444099024		0.8738333582878113		1.2291665946316719		0.11759490994811057		0.23518981989622115
892		20.064721334027126		0.8784122467041016		1.237919183061123		0.08160543037354946		0.16321086074709892
893		20.03040919918567		0.8709673285484314		1.2292168932271004		0.1004580909460783		0.2009161818921566
894		19.976764241000637		0.8492128849029541		1.2093105900430678		0.08636785470545291		0.17273570941090582
895		20.091124181170017		0.8493889570236206		1.2122018944525719		0.07330990796089172		0.14661981592178344
896		20.123619213933125		0.8468379974365234		1.2079632604265214		0.09433484238982201		0.18866968477964402
897		20.047881749924272		0.8315528035163879		1.19310625903368		0.07743360006511212		0.15486720013022423
898		20.07396905706264		0.8281394839286804		1.1878538392066955		0.07277620645463467		0.14555241290926935
899		20.040579858003184		0.8475074768066406		1.207698787637949		0.15038656315803528		0.30077312631607056
900		20.01916008302942		0.8461689352989197		1.2082852433490754		0.07323109965920448		0.14646219931840895
901		20.006010766141117		0.8431532382965088		1.2016955314135551		0.0929284473478794		0.1858568946957588
902		19.92033519013785		0.8882123827934265		1.2480606924962998		0.08657829838395119		0.17315659676790238
903		19.999473707051948		0.8342496752738953		1.198604858341217		0.09296849055290222		0.18593698110580445
904		20.036158956121653		0.8506078124046326		1.2090229397702217		0.12945725899338723		0.25891451798677445
905		20.063268094090745		0.8245881795883179		1.1850726096367836		0.17774159440398216		0.3554831888079643
906		20.09764218283817		0.8204588890075684		1.183016955907345		0.07336278094649315		0.1467255618929863
907		20.1255555851385		0.8434617519378662		1.201924258852005		0.07793300274312497		0.15586600548624993
908		20.047928877873346		0.8334811329841614		1.1962016123938561		0.08172833031117917		0.16345666062235834
909		20.048901877133176		0.8546679615974426		1.212615464091301		0.07789373894035816		0.1557874778807163
910		20.117993812076747		0.8581244945526123		1.227259298262596		0.10020329363644123		0.20040658727288246
911		20.110739109106362		0.829247236251831		1.191122627058029		0.11591255371570587		0.23182510743141174
912		20.134758573025465		0.8219441175460815		1.184352308359146		0.07510911410450935		0.1502182282090187
913		20.136431307066232		0.8225624561309814		1.1908841659235954		0.08042762360870838		0.16085524721741676
914		20.170927691971883		0.8260974884033203		1.1852033545279503		0.12576252379417419		0.25152504758834837
915		20.17970457696356		0.8405890464782715		1.206191307914257		0.1263519146978855		0.252703829395771
916		20.157318538986146		0.8189942836761475		1.1810517090916635		0.07202928298413754		0.14405856596827507
917		20.117479929002002		0.8345174193382263		1.1928032238411903		0.07571219415664673		0.15142438831329347
918		20.13475782913156		0.8383827805519104		1.1949503178429604		0.07414939091801644		0.14829878183603287
919		20.31731117796153		0.8485202789306641		1.206207438135147		0.07266673895716667		0.14533347791433335
920		20.14794730884023		0.8165295124053955		1.1745810525679587		0.08174520753920078		0.16349041507840156
921		20.133371564093977		0.819591760635376		1.1797251912879945		0.07234414751529694		0.14468829503059388
922		20.258907653857023		0.8367924094200134		1.1944055707502366		0.12965061406493186		0.2593012281298637
923		20.228384230984375		0.8379704356193542		1.1932521094369888		0.07147532282471657		0.14295064564943313
924		20.23123344196938		0.8276033401489258		1.190028448460102		0.07325733488500118		0.14651466977000235
925		20.11106027686037		0.8230850696563721		1.1815155837726592		0.07175345972776413		0.14350691945552826
926		20.17293666792102		0.8438941240310669		1.1986696721506118		0.08768752241134643		0.17537504482269287
927		20.21577468304895		0.8341107368469238		1.189937540950775		0.07553699259459973		0.15107398518919946
928		20.32814465695992		0.8233163356781006		1.188958004244566		0.15041894100904465		0.3008378820180893
929		20.320304401917383		0.8189290165901184		1.1828677054452896		0.07866582042872906		0.15733164085745813
930		20.30259585706517		0.8153238296508789		1.1808165523982048		0.08666538616418838		0.17333077232837676
931		20.189886652864516		0.8345590233802795		1.195757724647522		0.08855171782970428		0.17710343565940856
932		20.136406257981434		0.8146274089813232		1.1764780642318726		0.07868683456778526		0.15737366913557052
933		20.179418785031885		0.8338990211486816		1.191655038919449		0.08342484278678894		0.16684968557357788
934		20.129390174988657		0.8143430352210999		1.1752008961820601		0.074422708517313		0.148845417034626
935		20.245372507022694		0.8265689015388489		1.1888292689108848		0.0866551706135273		0.1733103412270546
936		20.258389489958063		0.8089824914932251		1.1785335969352722		0.08553540763258934		0.17107081526517867
937		20.318792186910287		0.8326244950294495		1.184797048356533		0.07130876031816005		0.1426175206363201
938		20.16525027505122		0.8183457851409912		1.1812251682543755		0.1672495274424553		0.3344990548849106
939		20.287737694801763		0.8237935900688171		1.1845180012106895		0.22617539717555046		0.4523507943511009
940		20.087696775095537		0.8282604217529297		1.1852671803283692		0.07119513485729695		0.1423902697145939
941		20.149490857031196		0.8224796652793884		1.1820110297369957		0.08248925196826458		0.16497850393652916
942		20.191587954061106		0.816800594329834		1.171865256024599		0.07063414677679539		0.14126829355359077
943		20.29080044804141		0.8059760928153992		1.1672508896160125		0.0913030590236187		0.1826061180472374
944		20.281832528067753		0.8284803628921509		1.1885601995372772		0.07284906943440438		0.14569813886880875
945		20.31057932204567		0.8183378577232361		1.1734235742902757		0.0863100702136755		0.172620140427351
946		20.24853791296482		0.8041952848434448		1.1691672213840485		0.11936944183111191		0.23873888366222382
947		20.261415413115174		0.7955040335655212		1.1584043567562103		0.07083467973768712		0.14166935947537423
948		20.132337108021602		0.8354531526565552		1.18943429677248		0.07178685528337955		0.1435737105667591
949		20.16464996081777		0.814885139465332		1.178232203233242		0.07473509894311428		0.14947019788622856
950		20.052365627139807		0.8461416363716125		1.1991676669168472		0.07522923702299594		0.15045847404599189
951		20.195073013892397		0.8078668713569641		1.1691943158531188		0.07039185146987438		0.14078370293974876
952		20.067303525051102		0.7930993437767029		1.1594834954941273		0.07078772842586041		0.14157545685172082
953		20.231415804009885		0.8055047988891602		1.1706234655237198		0.07131466301977635		0.1426293260395527
954		20.285099435131997		0.8102527260780334		1.1729988032388687		0.07576556535959243		0.15153113071918486
955		20.303695275913924		0.8239666819572449		1.1796675408792496		0.13077276406288146		0.2615455281257629
956		20.23615513392724		0.7946521639823914		1.1606465722632409		0.24534723457694055		0.4906944691538811
957		20.165506116114557		0.8313640356063843		1.184730944905281		0.1001149348795414		0.2002298697590828
958		20.212636152049527		0.805878758430481		1.1655492827248572		0.10356997321248054		0.20713994642496109
959		20.173368423013017		0.7886004447937012		1.1538062818431853		0.07759103325009346		0.15518206650018693
960		20.209905267925933		0.8230956196784973		1.1810218862414361		0.07050130584537984		0.14100261169075967
961		20.27084196987562		0.7979633212089539		1.1593541311454774		0.16186889898777007		0.32373779797554014
962		20.245931912912056		0.7962200045585632		1.1633519768190383		0.10841244954764843		0.21682489909529687
963		20.287015332840383		0.8227177262306213		1.1784665950632096		0.07332657897770405		0.1466531579554081
964		20.229240549029782		0.8076303005218506		1.1730898550486564		0.08097936723828315		0.1619587344765663
965		20.29153292090632		0.8091500401496887		1.1746165300250053		0.08472319345772267		0.16944638691544534
966		20.284351946087554		0.7929292917251587		1.159271502072811		0.07051219458580017		0.14102438917160035
967		20.27939928113483		0.7877938151359558		1.1567605652689934		0.08323925039470195		0.1664785007894039
968		20.249438890023157		0.8012378215789795		1.1611920569634437		0.07440664830207824		0.1488132966041565
969		20.395963090937585		0.8018748760223389		1.1637222781491279		0.07144737359583378		0.14289474719166756
970		20.302910197991878		0.7839429378509521		1.153021757285595		0.07023762432336807		0.14047524864673613
971		20.291892709909007		0.795127272605896		1.1598863644361497		0.07077313129603863		0.14154626259207725
972		20.25075065996498		0.806602954864502		1.1693261844694613		0.0776902031570673		0.1553804063141346
973		20.322855850914493		0.8069943785667419		1.1690829556560516		0.06984761846065521		0.13969523692131042
974		20.235915527911857		0.7930219173431396		1.1484734807515145		0.06978017263710498		0.13956034527420996
975		20.160309596918523		0.7929351329803467		1.1548091331148147		0.07019648050367833		0.14039296100735665
976		20.18091804906726		0.7948002815246582		1.1553564423561096		0.07055407724380493		0.14110815448760985
977		20.240524938097224		0.7833234071731567		1.1463524072432518		0.19585139902234078		0.39170279804468155
978		20.229287974070758		0.7987359762191772		1.162270155928135		0.07782921017110347		0.15565842034220695
979		20.245861770119518		0.8070615530014038		1.1719529533743858		0.07701869883835316		0.15403739767670632
980		20.37239235918969		0.7942745089530945		1.1552079639720916		0.07135252094268799		0.14270504188537597
981		20.347748512169346		0.798758864402771		1.162718104480505		0.07061636100709438		0.14123272201418877
982		20.23422638513148		0.7814892530441284		1.1447510581755638		0.07571499765813351		0.15142999531626702
983		20.31377482181415		0.7830028533935547		1.1444812034869194		0.06960551498532296		0.1392110299706459
984		20.23788299690932		0.8062665462493896		1.167142305957079		0.10148340726196765		0.2029668145239353
985		20.191981677897274		0.7881909012794495		1.1491793054461479		0.07089566024243832		0.14179132048487664
986		20.278034043032676		0.7889434695243835		1.1516999909889698		0.07182211723327636		0.14364423446655272
987		20.206047442974523		0.8049120306968689		1.168411099060774		0.06970366029441356		0.13940732058882713
988		20.21358822309412		0.8001678586006165		1.1610441473007203		0.069515056219697		0.139030112439394
989		20.23414007597603		0.7861290574073792		1.1519946772027017		0.07167471204698085		0.1433494240939617
990		20.213337801862508		0.7801752090454102		1.1433664041280747		0.07508878017663956		0.15017756035327912
991		20.17169996513985		0.7943531274795532		1.154498381100893		0.06975776860117912		0.13951553720235824
992		20.276715983869508		0.7965884208679199		1.154231113679409		0.0694966049939394		0.1389932099878788
993		20.159920925972983		0.7781619429588318		1.1423185271501541		0.10954725365638733		0.21909450731277466
994		20.239935314049944		0.7864134311676025		1.1516331887555122		0.07022858856916428		0.14045717713832856
995		20.207828251179308		0.7816696763038635		1.1473173165071011		0.07124550271332264		0.14249100542664528
996		20.173256783979014		0.7966181635856628		1.160038944388628		0.10038836439847947		0.20077672879695893
997		20.18040227284655		0.7846581339836121		1.1472320664525033		0.06975742916166783		0.13951485832333566
998		20.097739273915067		0.7907068729400635		1.149121145477295		0.06933089507222176		0.13866179014444352
999		20.16858607600443		0.7830585837364197		1.1466163476812838		0.08228928210437297		0.16457856420874595
1000		20.26741142803803		0.7909490466117859		1.150330845656395		0.07531470105946064		0.15062940211892129
1001		20.205854936037213		0.7773685455322266		1.1427316524159907		0.07497566272616386		0.14995132545232773
1002		20.38514990499243		0.7928383350372314		1.1544740330290795		0.0707514921337366		0.1415029842674732
1003		20.37800188199617		0.7831497192382812		1.1462573369443416		0.07271089342534542		0.14542178685069085
1004		20.326010364107788		0.7785537242889404		1.1436358349633218		0.06922554526925087		0.13845109053850174
1005		20.05757556692697		0.7823370099067688		1.1470456839048861		0.07605780768692494		0.15211561537384988
1006		20.22720696707256		0.7823918461799622		1.1455764571094513		0.06924217901229858		0.13848435802459716
1007		20.20768544706516		0.7763883471488953		1.1350770529091359		0.0737641090452671		0.1475282180905342
1008		20.114665054017678		0.7789009213447571		1.1395766236674785		0.08042912153601646		0.16085824307203292
1009		20.236181141110137		0.7776345610618591		1.1382779413294792		0.06997162434458733		0.13994324868917465
1010		20.272323936922476		0.7812830805778503		1.1488698679542542		0.07997130568027497		0.15994261136054994
1011		20.34262773906812		0.7753764390945435		1.140048454413414		0.0692581702888012		0.1385163405776024
1012		20.295288517838344		0.7740007638931274		1.1329522963297367		0.07213362320661545		0.1442672464132309
1013		20.193134549073875		0.8023905754089355		1.161269091243744		0.06897561127841473		0.13795122255682946
1014		20.36462773499079		0.7844491004943848		1.1391217254841328		0.06941528101563453		0.13883056203126906
1015		20.110578399151564		0.7781343460083008		1.1391154374432564		0.07647931279540061		0.15295862559080123
1016		20.09559860615991		0.7848621606826782		1.1468492202472687		0.06909415453672409		0.13818830907344817
1017		20.237860450986773		0.7855023741722107		1.1429944442725182		0.07309522801339627		0.14619045602679254
1018		20.19785738410428		0.7786155343055725		1.1425040940487385		0.0701001629292965		0.140200325858593
1019		20.324999945005402		0.7902173399925232		1.1500727245116233		0.07043398876786232		0.14086797753572464
1020		20.248925913125277		0.7773357033729553		1.1389291497910023		0.06890519134998321		0.13781038269996643
1021		20.322805534116924		0.7717995047569275		1.1296557069182396		0.09718477918505669		0.19436955837011338
1022		20.226099661085755		0.7760323286056519		1.1369695386075973		0.07388550358116627		0.14777100716233255
1023		20.259125333977863		0.7785974144935608		1.1428025717306136		0.07353685804307461		0.14707371608614922
1024		20.273829512065277		0.7753952145576477		1.1374486406064033		0.08142841930389404		0.16285683860778807
1025		20.17836315697059		0.7792140245437622		1.1421087939834595		0.06902429945170879		0.13804859890341759
1026		20.212478030007333		0.7760527729988098		1.1414895231819153		0.07068588837981224		0.14137177675962448
1027		20.269952767062932		0.7857635021209717		1.1443417587065696		0.08870195887982846		0.17740391775965692
1028		20.31081379693933		0.7733147740364075		1.1357310700583458		0.10771183564066887		0.21542367128133774
1029		20.148425193037838		0.7744106650352478		1.137180799946785		0.0691816139727831		0.1383632279455662
1030		20.08398038498126		0.7705867886543274		1.1303976786780356		0.06883722031116486		0.13767444062232972
1031		20.093614703044295		0.7702292203903198		1.1307541489648818		0.0834512191593647		0.1669024383187294
1032		20.052119081141427		0.7730777263641357		1.1323996155285836		0.07223731207847595		0.1444746241569519
1033		20.13730711909011		0.7719643712043762		1.1320110988509655		0.06871373498737812		0.13742746997475624
1034		20.09064699499868		0.7774323225021362		1.136506217366457		0.06871702028214932		0.13743404056429864
1035		20.242967220954597		0.7751361727714539		1.1387219677329063		0.06919421232938766		0.13838842465877532
1036		20.233287261100486		0.7754263877868652		1.1371920975875855		0.06849910903871059		0.13699821807742119
1037		20.301332612056285		0.7696874737739563		1.1307202468788624		0.10834575340747833		0.21669150681495666
1038		20.18774597090669		0.7710431814193726		1.1289454634308815		0.06857087005674839		0.13714174011349678
1039		20.239144886145368		0.7724320888519287		1.1356499661183357		0.06859506730735301		0.13719013461470603
1040		20.08523872704245		0.7763282060623169		1.138312689166069		0.12740763686299325		0.2548152737259865
1041		20.106191255850717		0.7722699642181396		1.135407277508974		0.06857680490016937		0.13715360980033875
1042		20.20884512295015		0.7692496180534363		1.1278874213802814		0.09159757043421268		0.18319514086842537
1043		20.268750856863335		0.7722244262695312		1.1333661154150962		0.1171338616669178		0.2342677233338356
1044		20.350522455060855		0.7743158340454102		1.131150405689478		0.0739348367869854		0.1478696735739708
1045		20.317209271946922		0.7725995779037476		1.1319664391887188		0.08095388648211956		0.1619077729642391
1046		20.326895479112864		0.7703423500061035		1.1322800299727918		0.06934026128947735		0.1386805225789547
1047		20.290578064043075		0.7709872722625732		1.1282502904844285		0.068823314255476		0.137646628510952
1048		20.26091902004555		0.7698536515235901		1.1267488389515876		0.09528474317789078		0.19056948635578155
1049		20.284216579049826		0.7722224593162537		1.1347512662124635		0.06913255355060101		0.13826510710120202
1050		20.193440267117694		0.7633962035179138		1.1236272265231608		0.06891751146316528		0.13783502292633057
1051		20.298211234854534		0.7687750458717346		1.1297294862771035		0.06868980435729027		0.13737960871458055
1052		20.438466311898082		0.7672663927078247		1.1283682441580296		0.06848577038347721		0.13697154076695442
1053		20.16688747704029		0.7707196474075317		1.1335617972862722		0.06860013203918934		0.13720026407837868
1054		20.120564693119377		0.7686010003089905		1.126290113056898		0.06848429914414883		0.13696859828829766
1055		20.165564805967733		0.7699235081672668		1.1305841939902306		0.0745034393519163		0.1490068787038326
1056		20.32373617682606		0.7663333415985107		1.1244097512698175		0.08424247722923756		0.1684849544584751
1057		20.304528238018975		0.7645537853240967		1.1246230432045459		0.0684888982206583		0.1369777964413166
1058		20.39555055112578		0.7686022520065308		1.127211699359417		0.07155182549953461		0.14310365099906922
1059		20.389555441914126		0.7681834101676941		1.124127859377861		0.07162697473466396		0.14325394946932793
1060		20.336630353005603		0.7700163125991821		1.1286492935454846		0.06838040242791175		0.1367608048558235
1061		20.318442406132817		0.7682083249092102		1.1287631521999837		0.07004475700855255		0.1400895140171051
1062		20.337301386985928		0.7639721632003784		1.121779154407978		0.06840879285633564		0.13681758571267127
1063		20.324412241810933		0.7818347215652466		1.1325229849362373		0.06831126844286918		0.13662253688573836
1064		20.31670849607326		0.7637906670570374		1.1211196838581563		0.06815198014080524		0.1363039602816105
1065		20.232812519883737		0.765516996383667		1.122400470430851		0.06817338692843913		0.13634677385687827
1066		20.359587782993913		0.7689495086669922		1.1293033783757687		0.06810609615147113		0.13621219230294226
1067		20.376088120043278		0.7628686428070068		1.1173833668398858		0.06971994814872742		0.13943989629745485
1068		20.404947699978948		0.7624680399894714		1.1202005864453315		0.06814505961537361		0.13629011923074721
1069		20.249246158869937		0.7673322558403015		1.1265206127870082		0.06845079255402088		0.13690158510804176
1070		20.441264242865145		0.7672867774963379		1.123401201131344		0.06811057820618152		0.13622115641236304
1071		20.496433943975717		0.7671906352043152		1.1231756828987598		0.07039953299760819		0.14079906599521638
1072		20.343903636094183		0.7674356698989868		1.1251983000802994		0.07012771551012993		0.14025543102025986
1073		20.208052654983476		0.765099823474884		1.1214070524561406		0.06803515819609166		0.1360703163921833
1074		20.157721373951063		0.7651215195655823		1.1259621227681638		0.0680527162194252		0.1361054324388504
1075		20.103594108950347		0.7650472521781921		1.1221673677098751		0.0681962245285511		0.1363924490571022
1076		20.215021551121026		0.7693058252334595		1.1278843184566498		0.06921308084726334		0.13842616169452668
1077		20.3309371068608		0.7606710195541382		1.1180361492180824		0.06875591933727264		0.13751183867454528
1078		20.385129339993		0.7609323263168335		1.1235016899192334		0.0679006326854229		0.1358012653708458
1079		20.285872139967978		0.7685215473175049		1.1264881299901008		0.0681374003559351		0.1362748007118702
1080		20.257119956891984		0.7652314901351929		1.1224859462845325		0.0752996419608593		0.1505992839217186
1081		20.211229133885354		0.7664517164230347		1.1233747109484673		0.07469288111627102		0.14938576223254205
1082		20.22438805992715		0.7627416253089905		1.120293765324354		0.0698687285065651		0.1397374570131302
1083		20.20746085094288		0.7604114413261414		1.1179779347801209		0.07476380983293056		0.14952761966586112
1084		20.223638305906206		0.7654816508293152		1.120499325144291		0.06812463726699353		0.13624927453398705
1085		20.158806452993304		0.7635905146598816		1.1186374510669708		0.0691674187719822		0.1383348375439644
1086		20.15699472092092		0.7630720734596252		1.1216089328348637		0.0680444016456604		0.1360888032913208
1087		20.32605694187805		0.7663820385932922		1.121353854137659		0.06795943911373616		0.1359188782274723
1088		20.328504011966288		0.7627105116844177		1.1213206309866905		0.06787008984982967		0.13574017969965935
1089		20.398597227875143		0.7650349736213684		1.1189132888185978		0.06898058271408081		0.13796116542816161
1090		20.401100869989023		0.7672666907310486		1.1214919564890862		0.06808671714365483		0.13617343428730966
1091		20.378559469012544		0.7626700401306152		1.1176638273286819		0.06833176358640194		0.1366635271728039
1092		20.209645989118144		0.764380931854248		1.1203025286626815		0.06790493260920048		0.13580986521840097
1093		20.288674504030496		0.7675615549087524		1.1182219450199604		0.06808896052241326		0.1361779210448265
1094		20.258654278004542		0.7635577917098999		1.121214156615734		0.06809777140915393		0.13619554281830787
1095		20.27463461505249		0.7613552808761597		1.1144373954093456		0.06796061456501484		0.13592122913002969
1096		20.32453893800266		0.7626176476478577		1.1175467706954478		0.06785324443876743		0.13570648887753486
1097		20.221556666772813		0.7629085779190063		1.1188567835748195		0.07099653924703599		0.14199307849407197
1098		20.16271035000682		0.7619619965553284		1.1176719178557395		0.06789060086905956		0.1357812017381191
1099		20.118201801087707		0.7664351463317871		1.1211186366271972		0.06806979462504387		0.13613958925008773
1100		20.111003780039027		0.7599080801010132		1.117652245746851		0.06783144505918026		0.13566289011836052
1101		20.242526025045663		0.7642210721969604		1.1183843237376212		0.06778490662276745		0.1355698132455349
1102		20.31924691912718		0.7634547352790833		1.119127181084156		0.06789311743080616		0.13578623486161231
1103		20.373927434906363		0.7631018757820129		1.1177681322669983		0.07795269606113434		0.15590539212226867
1104		20.406334701925516		0.7627535462379456		1.1151891819274427		0.06793718079328537		0.13587436158657074
1105		20.414022013079375		0.7607197761535645		1.1161866391670703		0.06771029028594494		0.13542058057188988
1106		20.348304582061246		0.7631791830062866		1.1203771273303031		0.06775064372718334		0.13550128745436668
1107		20.2644856760744		0.7597324252128601		1.1135131460225582		0.06775957577526569		0.13551915155053137
1108		20.239237498957664		0.7639206647872925		1.115655958263874		0.0677969928920269		0.1355939857840538
1109		20.335190675919876		0.7649641036987305		1.1180272814309598		0.08064470667541027		0.16128941335082053
1110		20.397660468006507		0.762722373008728		1.1178368241357803		0.07186485764384269		0.14372971528768538
1111		20.43088067579083		0.7611422538757324		1.1141525038814544		0.0677439005702734		0.1354878011405468
1112		20.319224065169692		0.7577783465385437		1.113042945278883		0.06774033231437206		0.1354806646287441
1113		20.329783549997956		0.7622910141944885		1.114314743320942		0.07942042426168919		0.15884084852337838
1114		20.24966229009442		0.7593348026275635		1.1154102272105217		0.06784298222064972		0.13568596444129943
1115		20.16669073398225		0.7634806036949158		1.119225065151453		0.06776941809058189		0.13553883618116377
1116		20.29748175595887		0.7623860836029053		1.113550374673605		0.06772305301129818		0.13544610602259635
1117		20.306948194047436		0.7625983953475952		1.1186508640491963		0.06772037336528301		0.13544074673056603
1118		20.344908572966233		0.7616280913352966		1.116033699696064		0.06768539878427983		0.13537079756855966
1119		20.21903546806425		0.7592865228652954		1.1130832478177548		0.06947474344968796		0.13894948689937592
1120		20.380486601032317		0.7623113989830017		1.116065901232958		0.06765035203397274		0.13530070406794548
1121		20.322426998987794		0.7614622712135315		1.1129719110167027		0.06772012448310852		0.13544024896621704
1122		20.271250449121		0.7619273066520691		1.1175086851096154		0.06776336725950241		0.13552673451900482
1123		20.198284280020744		0.760278582572937		1.115153118530512		0.07274502702951431		0.14549005405902862
1124		20.312729438068345		0.762010931968689		1.1155914787805081		0.06765383675992488		0.13530767351984976
1125		20.160600068047643		0.7627081871032715		1.1138552440273761		0.06765954339802265		0.1353190867960453
1126		20.3800586508587		0.7608832120895386		1.1135486913228034		0.06772545000314713		0.13545090000629426
1127		20.22031296393834		0.7609602212905884		1.1177998716545106		0.06765654671192169		0.13531309342384337
1128		20.27686829888262		0.7616552114486694		1.1138785910320281		0.06770902977585792		0.13541805955171585
1129		20.462202694034204		0.7628722190856934		1.1150853635239601		0.06769151066243649		0.13538302132487298
1130		20.20648348890245		0.7617427706718445		1.1163799048542977		0.06780902156233788		0.13561804312467576
1131		20.149000287987292		0.7588585615158081		1.1131187686371804		0.06761991722583771		0.13523983445167542
1132		20.220972990151495		0.7620201110839844		1.1115072471928598		0.06812899417281151		0.13625798834562303
1133		20.21119286096655		0.760600209236145		1.1129714207077026		0.0676693138897419		0.1353386277794838
1134		20.21814936818555		0.7584581971168518		1.107908873462677		0.06761643754541874		0.13523287509083748
1135		20.272510457085446		0.7580662369728088		1.1124998793661593		0.06790008465051652		0.13580016930103303
1136		20.237995280185714		0.7591464519500732		1.1126764077973366		0.06761230997741223		0.13522461995482446
1137		20.296666698064655		0.7602744102478027		1.113255217255354		0.06756688402295112		0.13513376804590224
1138		20.161828960990533		0.7636070847511292		1.1146834283554554		0.06761962708234787		0.13523925416469573
1139		20.095961624989286		0.760134756565094		1.1111571505510807		0.06756399272680283		0.13512798545360566
1140		20.146688046865165		0.7609658241271973		1.1118301018083097		0.06756652225255966		0.13513304450511932
1141		20.188821552088484		0.7576740384101868		1.1112504548358917		0.06761722600460053		0.13523445200920106
1142		20.23915360099636		0.7585362792015076		1.1105813879489899		0.06758430806100368		0.13516861612200737
1143		20.220405482919887		0.7581031322479248		1.1111228990006448		0.06754922161400319		0.13509844322800638
1144		20.360324854031205		0.7582261562347412		1.1123568623006344		0.06759873552024365		0.1351974710404873
1145		20.234478869009763		0.7586714625358582		1.1123807751989365		0.06757968516349792		0.13515937032699585
1146		20.103015959030017		0.7602879405021667		1.1116761946487426		0.06757162515819072		0.13514325031638144
1147		20.201907580019906		0.7600324153900146		1.1126908406686782		0.06760973043441773		0.13521946086883546
1148		20.146079454105347		0.7611967921257019		1.1143279253125191		0.06757077488899231		0.13514154977798462
1149		20.281472091097385		0.7629010081291199		1.1132438634622097		0.06785663455426692		0.13571326910853385
1150		20.208009425085038		0.7626169919967651		1.1116657370901109		0.06759592876434325		0.1351918575286865
1151		20.350888370070606		0.759326159954071		1.1100203004145621		0.06782561190724373		0.13565122381448746
1152		20.358944666106254		0.7585163116455078		1.1089685882902145		0.06762556169331074		0.13525112338662149
1153		20.25373593904078		0.7609031200408936		1.1119252310633658		0.06763720933198929		0.13527441866397857
1154		20.154587872093543		0.7606525421142578		1.1114961583042144		0.06825596117079258		0.13651192234158516
1155		20.12161404406652		0.7606492638587952		1.1123067667651176		0.06764597171247005		0.1352919434249401
1156		20.20767578901723		0.7567890286445618		1.1102432650148868		0.06759102389514446		0.13518204779028892
1157		20.407371677923948		0.7597759962081909		1.112902654929161		0.06762858771085739		0.13525717542171478
1158		20.315196665003896		0.7603341937065125		1.1114079565775394		0.06758229102492333		0.13516458204984666
1159		20.223781076958403		0.759166955947876		1.1103079911494256		0.06763200202584267		0.13526400405168534
1160		20.1711867460981		0.7594524025917053		1.111282698454857		0.06755590970516205		0.1351118194103241
1161		20.19046404096298		0.7627995610237122		1.11411761882782		0.0675583072245121		0.1351166144490242
1162		20.108706790953875		0.7596569061279297		1.111290918674469		0.06757417291402817		0.13514834582805635
1163		20.138106293044984		0.7610817551612854		1.1102079926288129		0.0675182382017374		0.1350364764034748
1164		20.29218845604919		0.7632967829704285		1.1129021898460387		0.0675405798971653		0.1350811597943306
1165		20.347953230841085		0.7606260776519775		1.1118502840518951		0.06755788394808769		0.13511576789617538
1166		20.236496513942257		0.7593052387237549		1.1083845196461677		0.06755768083631992		0.13511536167263985
1167		20.33238304592669		0.7624553442001343		1.1121026341211795		0.0675557138890028		0.1351114277780056
1168		20.373985527083278		0.7624994516372681		1.1148981394124031		0.06755440230071545		0.1351088046014309
1169		20.360590077005327		0.7645848989486694		1.1119735470438004		0.06757075112462044		0.13514150224924087
1170		20.294613507110626		0.7599096894264221		1.1111479279506207		0.06755367662906647		0.13510735325813295
1171		20.272182550048456		0.7601699233055115		1.112337793416977		0.06754589275419712		0.13509178550839424
1172		20.22798020299524		0.7624596953392029		1.110322437169552		0.06753360023200512		0.13506720046401025
1173		20.290579481050372		0.7587028741836548		1.1117244020915031		0.06752730597257614		0.13505461194515228
1174		20.382459537824616		0.7598129510879517		1.1116786737203599		0.0675448768466711		0.1350897536933422
1175		20.19669605093077		0.7586327195167542		1.1107370513367654		0.06753527668714523		0.13507055337429047
1176		20.241645500063896		0.7578570246696472		1.1081399056196213		0.06752967201769353		0.13505934403538705
1177		20.251414550933987		0.7574954628944397		1.1107710663819312		0.06754415226876735		0.1350883045375347
1178		20.314145131967962		0.759771466255188		1.1124985716319085		0.06753635754287243		0.13507271508574487
1179		20.240217013983056		0.7612534165382385		1.1105738679385184		0.06754243178069591		0.13508486356139182
1180		20.20340460911393		0.7564125061035156		1.109768113721609		0.06754929702281952		0.13509859404563904
1181		20.336662493878976		0.7628688812255859		1.1119933440351486		0.06754553877413273		0.13509107754826546
1182		20.388763312017545		0.7606256604194641		1.111759763766527		0.06754237216114999		0.13508474432229997
1183		20.337078195996583		0.7632917165756226		1.1118891260457038		0.0675394426137209		0.1350788852274418
1184		20.34643654106185		0.7609423398971558		1.1108833673608303		0.06753787247240543		0.13507574494481087
1185		20.347340394975618		0.7621568441390991		1.110131034990549		0.06754319748580456		0.13508639497160913
1186		20.304451558971778		0.7611324191093445		1.1102949504721165		0.06753678737282753		0.13507357474565507
1187		20.28712370991707		0.7627219557762146		1.1134741047668457		0.06753445658683777		0.13506891317367553
1188		20.255183787085116		0.7660500407218933		1.112848257638216		0.06753988136351109		0.13507976272702218
1189		20.369483307003975		0.7612821459770203		1.1112286267721654		0.06754180953800679		0.13508361907601357
1190		20.399013842921704		0.7564900517463684		1.108473271023035		0.06753921885490417		0.13507843770980835
1191		20.3972284658812		0.7604464888572693		1.1108219261920451		0.06753998005390167		0.13507996010780335
1192		20.26192198204808		0.7604207396507263		1.1118395599520206		0.06753874953091145		0.1350774990618229
1193		20.298188830027357		0.7616044282913208		1.1102663516819478		0.06753900810182095		0.1350780162036419
1194		20.29728262894787		0.7581397294998169		1.1084484978330136		0.06753837999105454		0.13507675998210908
1195		20.247395183891058		0.7626921534538269		1.1135432972335815		0.06753859467506408		0.13507718935012816
1196		20.30926631903276		0.7587885856628418		1.1104986968290806		0.06753841798305511		0.13507683596611023
1197		20.271272665122524		0.7610384225845337		1.110989644523859		0.06753848167359829		0.13507696334719657
1198		20.216225458076224		0.762453556060791		1.111436804857254		0.06753849166035653		0.13507698332071305
1199		20.345891966018826		0.7608363628387451		1.1142897553646565		0.06753849884271622		0.13507699768543244